boleta_id,fecha,Tienda,producto,Categoria,cantidad,precio_unit,Monto
1,10-8-2026, Tienda Centro ,Agua mineral  ,Bebidas,,900,900
2,2026-06-07,Tienda Centro,Azúcar,Café/Té,1,1300,1300
2,07-06-2026,Tienda Centro  ,Cerveza,ALCOHOL,1,3500,3500
2,2026/06/07,Tienda Centro,Croissant,panadería,1,900,900
2,2026-06-07,Tienda Centro,Pañales,Bebé,1,8000,8000
2,2026-06-07,Tienda Centro,Toallitas húmedas,Bebé,1,2200,2200
3,2026-07-29,Tienda Mall,  Agua mineral,BEBIDAS,2,900,1800
3,29/7/2026,Tienda Mall,Cerveza,Alcohol,1,3500,3500
3,29-7-2026,Tienda Mall  ,Pañales,BEBÉ,1,8000,8000
4,2026/06/09,Tienda Norte  ,Cerveza,Alcohol,1,3500,3500
4,2026-06-09,Tienda Norte,  Croissant,Panadería,2,900,1800
4,09-06-2026,Tienda Norte,Leche,Lácteos,2,1200,2400
4,2026-06-09,Tienda Norte,Papas fritas,Snacks,1,1800,1800
5,2026-07-08,Tienda Centro,Detergente  ,limpieza,1,5500,5500
5,2026-07-08,Tienda Centro,Toallitas húmedas  ,Bebé,1,2200,2200
6,13/8/2026, Tienda Norte ,Bebida cola,BEBIDAS,1,1500,1500
6,13/8/2026,Tienda Norte,Croissant,Panadería,2,900,1800
6,2026-08-13, Tienda Norte ,Leche,LÁCTEOS,1,1200,1200
7,5/7/2026,  Tienda Norte,Cloro,limpieza,1,1400,1400
7,5/7/2026,Tienda Norte,Detergente  ,Limpieza,1,5500,5500
7,2026/07/05,Tienda Norte, Esponjas ,Limpieza,1,1200,1200
8,2026-06-24,Tienda Norte,Bebida cola,bebidas,1,1500,1500
8,24-6-2026,Tienda Norte,  Cerveza,Alcohol,1,3500,3500
8,24-06-2026,Tienda Norte,Maní,Snacks,2,1200,2400
8,2026-06-24,Tienda Norte,Pan hallulla,Panadería,1,1500,1500
8,2026-06-24,Tienda Norte  ,Papas fritas,snacks,1,1800,1800
9,2026-06-07,Tienda Norte  ,Agua mineral,Bebidas,1,900,900
9,2026/06/07,Tienda Norte, Azúcar ,Café/Té,3,1300,3900
9,7/6/2026, Tienda Norte ,Pañales,bebé,1,8000,8000
9,2026-06-07,Tienda Norte,Toallitas húmedas  ,Bebé,1,2200,2200
10,2026/05/27,  Tienda Centro, Yogurt ,Lácteos,2,800,1600
11,14-07-2026,Tienda Centro,  Galletas,SNACKS,1,1000,1000
11,2026-07-14,Tienda Centro,Toallitas húmedas,Bebé,3,2200,6600
12,22-5-2026,Tienda Centro,Agua mineral,Bebidas,1,900,900
12,2026-05-22,Tienda Centro,Azúcar,CAFÉ/TÉ,1,1300,1300
12,22/5/2026,Tienda Centro, Cloro ,Limpieza,2,1400,2800
12,22-05-2026,Tienda Centro,  Detergente,Limpieza,2,5500,11000
12,2026-05-22,Tienda Centro  ,Esponjas,Limpieza,3,1200,3600
13,12-6-2026,Tienda Centro,Cloro,Limpieza,1,1400,1400
13,2026/06/12,Tienda Centro,Detergente,Limpieza,2,5500,11.000
13,12-06-2026,Tienda Centro, Jugo naranja ,Bebidas,1,1600,1600
13,2026-06-12,Tienda Centro,Té,Café/Té,1,2500,2500
14,2026-07-01,Tienda Mall,Vino tinto,ALCOHOL,2,5000,10.000
15,2026-06-29,Tienda Norte,Cerveza,Alcohol,1,3500,3500
15,2026-06-29,Tienda Norte,Pañales  ,Bebé,1,8000,8000
16,2026-07-28,Tienda Norte,Café,Café/Té,1,4000,4000
16,2026-07-28,Tienda Norte,Galletas,Snacks,1,1000,1000
17,2026-06-17,Tienda Norte,  Cloro,Limpieza,1,1400,1400
17,17-06-2026,Tienda Norte,Detergente,Limpieza,1,5500,5500
17,2026-06-17,Tienda Norte, Papas fritas ,Snacks,1,1800,1800
18,2026/05/23,Tienda Norte,Croissant,Panadería,1,900,900
18,23-05-2026,  Tienda Norte, Pan molde ,Panadería,1,1800,1800
18,2026-05-23,Tienda Norte,Queso,Lácteos,,4500,4500
19,25/7/2026,Tienda Norte,Azúcar  ,Café/Té,2,1300,2600
19,2026-07-25,Tienda Norte  ,Café,Café/Té,1,4000,4000
19,25-7-2026,Tienda Norte  ,Queso,lácteos,,4500,4500
20,2026-07-20,  Tienda Mall,  Leche,Lácteos,1,1200,1200
21,5/7/2026,Tienda Mall,Cloro,Limpieza,1,1400,1400
21,2026/07/05,Tienda Mall, Pan hallulla ,Panadería,2,1500,3000
22,2026-06-03,Tienda Norte,Azúcar,café/té,1,1300,1300
23,14-7-2026,Tienda Norte,Bebida cola,Bebidas,2,1500,3000
23,2026/07/14,Tienda Norte,Croissant,Panadería,1,900,900
24,27-5-2026,Tienda Centro,Azúcar,Café/Té,1,1300,1300
24,27-05-2026,Tienda Centro,Bebida cola,BEBIDAS,1,1500,1500
24,27-05-2026,Tienda Centro  ,Café,Café/Té,1,4000,4000
24,27-05-2026,Tienda Centro,Maní,snacks,3,1200,3600
24,2026/05/27,Tienda Centro,Yogurt,Lácteos,2,800,1600
25,2026-06-26,Tienda Mall,Azúcar,café/té,1,1300,1300
25,2026/06/26,Tienda Mall,Cloro,Limpieza,1,1400,1400
25,2026/06/26,Tienda Mall,Esponjas,Limpieza,1,1200,1200
26,2026/05/28,Tienda Centro,Azúcar,Café/Té,1,1300,1300
26,2026-05-28,Tienda Centro,Café,Café/Té,1,4000,4000
26,28-5-2026,Tienda Centro,Galletas,snacks,1,1000,1000
26,2026-05-28,Tienda Centro,Mantequilla,Lácteos,1,2500,2500
26,28/5/2026,Tienda Centro,Pan hallulla,Panadería,2,1500,3000
26,2026-05-28,Tienda Centro,  Pañales,BEBÉ,1,8000,8000
26,2026-05-28,Tienda Centro,Toallitas húmedas,Bebé,1,2200,2200
27,8-8-2026, Tienda Centro ,Azúcar,Café/Té,1,1300,1300
27,08-08-2026,Tienda Centro,Pañales,Bebé,1,8000,8000
27,2026-08-08,Tienda Centro,Toallitas húmedas,Bebé,1,2200,2200
27,2026-08-08,Tienda Centro,Té,Café/Té,1,2500,2500
28,2026-07-18,Tienda Sur,Croissant,Panadería,1,900,900
28,2026-07-18,Tienda Sur,  Galletas,Snacks,1,1000,1000
28,2026-07-18,  Tienda Sur,  Pan molde,PANADERÍA,1,1800,1800
28,2026-07-18,Tienda Sur,Toallitas húmedas,Bebé,3,2200,6600
29,29-05-2026,  Tienda Norte,Galletas,SNACKS,2,1000,2000
29,2026/05/29,Tienda Norte, Yogurt ,Lácteos,2,800,1600
30,2026/08/07,Tienda Centro,  Azúcar,Café/Té,1,1300,1300
30,7-8-2026,Tienda Centro,Cloro,Limpieza,2,1400,2800
30,2026-08-07, Tienda Centro ,Jugo naranja,Bebidas,1,1600,1600
31,2026/06/03,Tienda Norte,  Queso,Lácteos,2,4500,9000
31,2026-06-03,Tienda Norte,Toallitas húmedas,Bebé,1,2200,2200
32,2026-08-10,Tienda Sur,Agua mineral,Bebidas,1,900,900
32,2026-08-10,Tienda Sur  ,Mantequilla  ,Lácteos,1,2500,2500
32,2026-08-10,Tienda Sur,Pan hallulla,Panadería,2,1500,3000
33,2026-08-10,Tienda Sur,Galletas,Snacks,1,1000,1000
34,2026-07-14,Tienda Centro,Esponjas,Limpieza,2,1200,2400
35,2026-07-29,Tienda Centro,Azúcar,Café/Té,1,1300,1300
35,29-7-2026,Tienda Centro,Cerveza,alcohol,,3500,10500
35,29-7-2026,Tienda Centro  ,Mantequilla,Lácteos,3,2500,7500
35,2026-07-29,Tienda Centro,Pañales,BEBÉ,1,8000,8000
35,2026-07-29,Tienda Centro,Toallitas húmedas,Bebé,1,2200,2200
36,2026-08-16, Tienda Norte ,Azúcar,Café/Té,2,1300,2600
36,2026/08/16,Tienda Norte,Maní,snacks,3,1200,3600
36,16-8-2026,Tienda Norte,Vino tinto,ALCOHOL,1,5000,5000
37,2026/06/10,Tienda Norte,Cerveza,Alcohol,1,3500,3500
37,2026-06-10,Tienda Norte,Pan molde  ,Panadería,1,1800,1800
37,2026-06-10,Tienda Norte,Yogurt,Lácteos,2,800,1600
38,08-07-2026,Tienda Centro,Bebida cola,Bebidas,2,1500,3000
38,2026-07-08,Tienda Centro,Galletas  ,SNACKS,2,1000,2000
38,08-07-2026, Tienda Centro ,Papas fritas,Snacks,1,1800,1800
38,08-07-2026,Tienda Centro,Queso,Lácteos,1,4500,4500
39,2026-07-11,  Tienda Sur,Agua mineral,Bebidas,1,900,900
39,2026-07-11,Tienda Sur,Croissant,Panadería,1,900,900
40,15-8-2026,Tienda Sur,Agua mineral,Bebidas,1,900,900
40,15-8-2026,Tienda Sur,Leche,Lácteos,1,1200,1200
40,15-8-2026,Tienda Sur,  Pañales,Bebé,2,8000,16.000
40,2026-08-15, Tienda Sur , Yogurt ,Lácteos,1,800,800
41,6/8/2026,  Tienda Centro,Pañales,Bebé,1,8000,8000
41,2026-08-06,Tienda Centro,Queso,Lácteos,3,4500,13500
41,6/8/2026,Tienda Centro,Toallitas húmedas,Bebé,1,2200,2200
42,2026/08/14,  Tienda Norte,Cloro,Limpieza,3,1400,4200
42,2026/08/14,Tienda Norte,Croissant,Panadería,1,900,900
43,2026/08/13,Tienda Centro,Azúcar  ,café/té,1,1300,1300
43,2026-08-13,Tienda Centro, Cloro ,Limpieza,1,1400,1400
43,2026/08/13,Tienda Centro,Jugo naranja,Bebidas,1,1600,1600
43,2026-08-13,Tienda Centro,Té,Café/Té,1,2500,2500
44,8-7-2026,Tienda Norte, Azúcar ,CAFÉ/TÉ,2,1300,2600
44,2026-07-08,Tienda Norte,Jugo naranja,Bebidas,1,1600,1600
44,8-7-2026,Tienda Norte,Papas fritas,snacks,1,1800,1800
45,03-08-2026,Tienda Sur,  Cloro,Limpieza,1,1400,1400
45,2026-08-03,Tienda Sur,Galletas,snacks,1,1000,1000
46,11-6-2026,Tienda Centro,  Cloro,Limpieza,3,1400,4200
46,2026/06/11,Tienda Centro,Detergente,limpieza,1,5500,5500
46,11-6-2026,Tienda Centro,  Esponjas,LIMPIEZA,1,1200,1200
47,2026-06-15, Tienda Norte ,Bebida cola,Bebidas,1,1500,1500
48,30-5-2026, Tienda Mall ,Detergente  ,Limpieza,1,5500,5500
48,30-5-2026,Tienda Mall,Esponjas,Limpieza,1,1200,1200
48,2026-05-30,Tienda Mall,Pañales,Bebé,,8000,16.000
48,2026-05-30,Tienda Mall,Toallitas húmedas,Bebé,2,2200,4400
49,3/6/2026,Tienda Mall,Azúcar,café/té,1,1300,1300
49,3-6-2026,Tienda Mall,Esponjas,Limpieza,2,1200,2400
49,2026/06/03,Tienda Mall,Té,Café/Té,1,2500,2500
50,2026-06-07,Tienda Mall,Azúcar  ,Café/Té,1,1300,1300
50,07-06-2026,Tienda Mall,Cerveza,alcohol,2,3500,7000
50,2026-06-07,Tienda Mall,Toallitas húmedas,Bebé,1,2200,2200
51,2026/07/30,  Tienda Mall,Agua mineral,Bebidas,,900,900
51,2026-07-30,Tienda Mall,Café,Café/Té,2,4000,8000
51,2026-07-30,Tienda Mall  ,Galletas,Snacks,1,1000,1000
52,2026/06/20,Tienda Sur,Esponjas,Limpieza,1,1200,1200
52,2026-06-20, Tienda Sur ,Jugo naranja,Bebidas,1,1600,1600
53,2026-07-29,Tienda Centro,Bebida cola,Bebidas,1,1500,1500
54,17/6/2026,Tienda Centro,  Azúcar,Café/Té,2,1300,2600
54,17/6/2026, Tienda Centro ,Cerveza,ALCOHOL,1,3500,3500
54,2026/06/17,Tienda Centro, Maní ,SNACKS,2,1200,2400
54,2026-06-17,Tienda Centro, Papas fritas ,Snacks,3,1800,5400
55,23-05-2026,Tienda Mall,Jugo naranja,BEBIDAS,2,1600,3200
55,2026-05-23, Tienda Mall ,Vino tinto,Alcohol,3,5000,15000
56,13-7-2026,Tienda Norte,Agua mineral,Bebidas,1,900,900
56,13-7-2026,Tienda Norte,Maní,Snacks,1,1200,1200
57,14-08-2026,Tienda Mall,  Galletas,Snacks,1,1000,1000
57,2026-08-14,Tienda Mall,Mantequilla  ,LÁCTEOS,2,2500,5000
57,14-08-2026,Tienda Mall,Toallitas húmedas,Bebé,1,2200,2200
58,2026-08-13,Tienda Centro,Maní,Snacks,1,1200,1200
59,19-07-2026,Tienda Norte,Papas fritas,SNACKS,1,1800,1800
60,18-07-2026,Tienda Sur,Agua mineral,Bebidas,2,900,1800
60,2026-07-18,Tienda Sur,Papas fritas,Snacks,2,1800,3600
61,2026/06/22,Tienda Centro  ,Azúcar,Café/Té,1,1300,1300
61,2026-06-22, Tienda Centro ,Pan hallulla,Panadería,2,1500,3000
62,2026/08/12,Tienda Centro, Bebida cola ,Bebidas,,1500,1500
62,12-8-2026,Tienda Centro,Pan molde,Panadería,3,1800,5400
62,2026/08/12,Tienda Centro, Queso ,Lácteos,1,4500,4500
63,22/6/2026,Tienda Sur,Toallitas húmedas,Bebé,3,2200,6600
64,2026-06-04,Tienda Norte,  Jugo naranja,Bebidas,1,1600,1600
64,2026-06-04,Tienda Norte  ,Leche,Lácteos,1,1200,1200
64,2026-06-04,Tienda Norte,Pan molde,Panadería,2,1800,3600
64,4-6-2026,  Tienda Norte,  Pañales,Bebé,1,8000,8000
64,2026-06-04,Tienda Norte,  Toallitas húmedas,bebé,1,2200,2200
65,2026-06-28,Tienda Centro,Cerveza,Alcohol,1,3500,3500
65,28-6-2026,Tienda Centro, Pan hallulla ,Panadería,1,1500,1500
65,2026/06/28,Tienda Centro,Pañales,Bebé,1,8000,8000
65,2026-06-28,Tienda Centro, Queso ,Lácteos,1,4500,4500
65,28-06-2026,Tienda Centro,Toallitas húmedas,Bebé,2,2200,4400
65,2026/06/28,Tienda Centro, Vino tinto ,Alcohol,1,5000,5000
66,9-6-2026,Tienda Mall, Té ,Café/Té,1,2500,2500
67,2026-07-28,  Tienda Mall,  Agua mineral,Bebidas,3,900,2700
67,2026-07-28,Tienda Mall,Cerveza,alcohol,1,3500,3500
67,2026-07-28,Tienda Mall,Pañales,Bebé,1,8000,8000
67,2026-07-28,Tienda Mall,Toallitas húmedas,Bebé,2,2200,4400
68,2026-08-01, Tienda Mall ,Azúcar,Café/Té,2,1300,2600
68,1/8/2026,Tienda Mall,Café,Café/Té,2,4000,8000
68,2026-08-01, Tienda Mall ,Cerveza,Alcohol,1,3500,3500
68,1/8/2026,Tienda Mall,Galletas,Snacks,1,1000,1000
68,2026-08-01, Tienda Mall ,Maní,SNACKS,3,1200,3600
69,31-05-2026,Tienda Norte,Azúcar,Café/Té,2,1300,2600
69,31-5-2026,Tienda Norte,Bebida cola,bebidas,1,1500,1500
69,2026/05/31,Tienda Norte,Café,Café/Té,1,4000,4000
70,17-8-2026,Tienda Norte,Pañales,Bebé,,8000,16000
70,2026-08-17,Tienda Norte,Queso,Lácteos,1,4500,4500
70,17-08-2026,Tienda Norte, Toallitas húmedas ,Bebé,2,2200,4400
70,2026-08-17,Tienda Norte,Vino tinto,Alcohol,1,5000,5000
71,22-06-2026,Tienda Norte,Queso,Lácteos,1,4500,4500
72,28-07-2026,Tienda Norte,  Azúcar,CAFÉ/TÉ,2,1300,2600
72,28-7-2026,  Tienda Norte,Café,Café/Té,1,4000,4000
73,2026/06/02,Tienda Norte,Queso,Lácteos,2,4500,9000
73,2026-06-02,Tienda Norte,Vino tinto,Alcohol,1,5000,5000
73,2026-06-02,Tienda Norte,Yogurt,Lácteos,1,800,800
74,2026/05/27,  Tienda Sur,  Azúcar,Café/Té,1,1300,1300
74,2026/05/27,  Tienda Sur,Café,Café/Té,3,4000,12.000
74,2026-05-27,Tienda Sur,Cloro,Limpieza,1,1400,1400
74,27/5/2026,Tienda Sur  ,Detergente,LIMPIEZA,2,5500,11000
74,2026-05-27,Tienda Sur,Esponjas,limpieza,1,1200,1200
74,2026-05-27,Tienda Sur,Mantequilla,Lácteos,1,2500,2500
75,2026/07/22,Tienda Centro, Cloro ,Limpieza,3,1400,4200
75,2026-07-22,Tienda Centro,Mantequilla,Lácteos,1,2500,2500
75,2026-07-22,Tienda Centro,Pan hallulla  ,Panadería,1,1500,1500
76,31-07-2026,Tienda Mall,Azúcar  ,Café/Té,1,1300,1300
76,2026-07-31,Tienda Mall  ,Bebida cola,Bebidas,1,1500,1500
76,31-7-2026,Tienda Mall,Toallitas húmedas,Bebé,1,2200,2200
76,2026/07/31,Tienda Mall,Té,café/té,1,2500,2500
77,28/5/2026,  Tienda Centro,Agua mineral,Bebidas,1,900,900
77,28-05-2026, Tienda Centro , Cloro ,Limpieza,1,1400,1400
77,2026-05-28,Tienda Centro,Detergente,Limpieza,1,5500,5500
77,2026-05-28,Tienda Centro,Esponjas,Limpieza,1,1200,1200
77,2026-05-28,  Tienda Centro,  Queso,Lácteos,1,4500,4500
78,25-05-2026,Tienda Norte,Esponjas,Limpieza,2,1200,2400
78,2026/05/25,Tienda Norte,Jugo naranja,Bebidas,1,1600,1600
79,2026-06-19,Tienda Sur,Cerveza,Alcohol,1,3500,3500
79,2026-06-19,Tienda Sur,Cloro,limpieza,1,1400,1400
79,2026-06-19,Tienda Sur  ,Detergente,Limpieza,1,5500,5500
79,19-6-2026,Tienda Sur,Esponjas,LIMPIEZA,1,1200,1200
79,2026-06-19,  Tienda Sur,Pañales,bebé,2,8000,16000
80,05-08-2026,Tienda Sur, Esponjas ,limpieza,1,1200,1200
80,2026-08-05,Tienda Sur,Galletas,Snacks,1,1000,1000
81,24-06-2026,Tienda Mall,Pan hallulla,Panadería,1,1500,1500
81,24-06-2026,Tienda Mall,  Toallitas húmedas,BEBÉ,1,2200,2200
82,19/6/2026,Tienda Centro,Agua mineral,BEBIDAS,1,900,900
82,2026-06-19, Tienda Centro ,Cerveza,ALCOHOL,3,3500,10500
82,2026/06/19,Tienda Centro,Cloro,Limpieza,1,1400,1400
82,2026/06/19,Tienda Centro,Pan hallulla,Panadería,2,1500,3000
82,19-06-2026, Tienda Centro ,Pañales,Bebé,3,8000,24000
83,2026-07-20,Tienda Sur,  Cerveza,alcohol,1,3500,3500
83,2026-07-20,Tienda Sur,Cloro,Limpieza,1,1400,1400
83,20-7-2026,Tienda Sur  ,Maní,Snacks,1,1200,1200
83,2026-07-20,Tienda Sur,Papas fritas,Snacks,1,1800,1800
84,2026-07-30,Tienda Centro,Agua mineral  ,Bebidas,1,900,900
84,2026-07-30,Tienda Centro,Cerveza,alcohol,1,3500,3500
84,2026-07-30,Tienda Centro  ,Papas fritas,Snacks,3,1800,5400
85,2026/08/13,Tienda Mall,Azúcar  ,Café/Té,2,1300,2600
85,2026-08-13,Tienda Mall, Queso ,Lácteos,1,4500,4500
85,2026-08-13,  Tienda Mall,Té,Café/Té,2,2500,5000
86,2026-06-16,Tienda Sur, Galletas ,snacks,2,1000,2000
86,2026-06-16,Tienda Sur,Jugo naranja,BEBIDAS,1,1600,1600
87,2026-05-24,Tienda Norte, Azúcar ,Café/Té,3,1300,3900
87,2026-05-24,  Tienda Norte,Jugo naranja,bebidas,2,1600,3200
87,2026-05-24,Tienda Norte,Pan molde,Panadería,1,1800,1800
87,2026-05-24,Tienda Norte,Queso,Lácteos,1,4500,4500
88,2026-06-09,Tienda Mall, Agua mineral ,BEBIDAS,1,900,900
88,2026-06-09,Tienda Mall,  Azúcar,Café/Té,1,1300,1300
88,09-06-2026,Tienda Mall,Esponjas  ,Limpieza,1,1200,1200
88,2026-06-09,Tienda Mall,Jugo naranja  ,Bebidas,1,1600,1600
88,2026-06-09, Tienda Mall ,Té,Café/Té,1,2500,2500
89,2026-08-05,Tienda Norte,Agua mineral,Bebidas,2,900,1800
89,2026-08-05,Tienda Norte,Cerveza,ALCOHOL,1,3500,3500
89,2026-08-05,Tienda Norte,Maní,Snacks,1,1200,1200
90,4-8-2026,Tienda Mall,Azúcar,Café/Té,1,1300,1300
90,2026-08-04,Tienda Mall  ,Café,Café/Té,1,4000,4000
90,2026-08-04,  Tienda Mall,Galletas,Snacks,1,1000,1000
91,2026/06/14,Tienda Norte,Bebida cola,bebidas,2,1500,3000
91,14/6/2026,Tienda Norte,Maní,Snacks,2,1200,2400
91,2026-06-14,Tienda Norte,Papas fritas,Snacks,2,1800,3600
92,2026-07-09,Tienda Norte,Mantequilla,Lácteos,2,2500,5000
92,9/7/2026,Tienda Norte  ,Pan hallulla,Panadería,2,1500,3000
93,2026-07-16,Tienda Centro,Galletas  ,snacks,1,1000,1000
93,2026-07-16,Tienda Centro,Pan molde,Panadería,1,1800,1800
94,20/7/2026,Tienda Sur,Esponjas  ,Limpieza,1,1200,1200
94,2026-07-20,Tienda Sur,  Papas fritas,Snacks,2,1800,3600
95,15-08-2026,Tienda Mall,Azúcar,CAFÉ/TÉ,3,1300,3900
95,15-8-2026,Tienda Mall,Café  ,Café/Té,2,4000,8000
95,2026-08-15,  Tienda Mall,Cloro,LIMPIEZA,,1400,1400
95,2026-08-15,Tienda Mall,Detergente,Limpieza,1,5500,5500
95,2026-08-15,Tienda Mall, Esponjas ,Limpieza,1,1200,1200
96,2026-06-02,Tienda Mall,Jugo naranja,Bebidas,2,1600,3200
97,26/5/2026,Tienda Sur, Jugo naranja ,Bebidas,1,1600,1600
97,2026-05-26,Tienda Sur,Maní,Snacks,1,1200,1200
97,2026-05-26,  Tienda Sur,Queso,Lácteos,2,4500,9000
97,2026/05/26,Tienda Sur,Vino tinto  ,alcohol,1,5000,5000
98,2026-05-31,Tienda Mall,Azúcar,Café/Té,2,1300,2600
98,31/5/2026,Tienda Mall,Bebida cola,bebidas,2,1500,3000
98,2026-05-31,Tienda Mall,Café,café/té,1,4000,4000
98,2026-05-31,Tienda Mall,Galletas,Snacks,1,1000,1000
98,2026-05-31,Tienda Mall,Papas fritas  ,Snacks,1,1800,1800
98,2026/05/31,Tienda Mall,Pañales,Bebé,1,8000,8000
98,2026-05-31,Tienda Mall,Toallitas húmedas,Bebé,1,2200,2200
99,2026-08-10,Tienda Mall,Galletas,Snacks,3,1000,3000
99,2026-08-10,Tienda Mall,  Jugo naranja,BEBIDAS,2,1600,3200
99,2026/08/10,Tienda Mall,Queso,Lácteos,1,4500,4500
100,08-07-2026, Tienda Sur ,Esponjas,Limpieza,1,1200,1200
100,2026-07-08,Tienda Sur,Jugo naranja,bebidas,2,1600,3200
101,10-7-2026,Tienda Sur,Cloro,Limpieza,2,1400,2800
102,27/5/2026,  Tienda Mall,Bebida cola,Bebidas,1,1500,1500
102,2026-05-27,Tienda Mall, Jugo naranja ,BEBIDAS,1,1600,1600
102,2026-05-27,Tienda Mall,Toallitas húmedas,Bebé,1,2200,2200
103,2026-08-13,  Tienda Norte,Detergente,Limpieza,2,5500,11000
103,2026-08-13, Tienda Norte ,Esponjas,Limpieza,1,1200,1200
103,2026/08/13,Tienda Norte,Jugo naranja,Bebidas,1,1600,1600
103,2026-08-13,Tienda Norte  ,Mantequilla,Lácteos,1,2500,2500
103,13-08-2026,Tienda Norte,Pan hallulla,Panadería,2,1500,3000
103,2026-08-13,Tienda Norte,Queso,Lácteos,2,4500,9000
104,2026-07-06,Tienda Sur  ,Agua mineral,Bebidas,1,900,900
104,6/7/2026, Tienda Sur ,Café,Café/Té,3,4000,12000
104,2026-07-06,Tienda Sur  ,Jugo naranja,BEBIDAS,1,1600,1600
105,2026-06-18,  Tienda Mall,Azúcar,Café/Té,1,1300,1300
105,18/6/2026,  Tienda Mall,Croissant,panadería,1,900,900
105,2026-06-18,Tienda Mall, Papas fritas ,SNACKS,1,1800,1800
105,2026-06-18,Tienda Mall, Queso ,Lácteos,1,4500,4500
105,2026-06-18,Tienda Mall,Vino tinto,Alcohol,1,5000,5000
106,2026/08/10,  Tienda Sur,Bebida cola  ,BEBIDAS,1,1500,1500
107,2026-07-31,Tienda Sur,Bebida cola,Bebidas,1,1500,1500
107,31-7-2026,Tienda Sur,Croissant,Panadería,3,900,2700
107,31-07-2026, Tienda Sur ,Detergente,Limpieza,1,5500,5500
107,2026-07-31,Tienda Sur,Esponjas,limpieza,1,1200,1200
107,2026-07-31,Tienda Sur,Galletas,Snacks,1,1000,1000
108,2026-07-28, Tienda Norte ,Cloro,Limpieza,1,1400,1400
108,2026/07/28,Tienda Norte  ,Vino tinto,Alcohol,1,5000,5000
109,2026/08/04,Tienda Norte,Azúcar,Café/Té,1,1300,1300
109,2026-08-04,Tienda Norte  ,Café,CAFÉ/TÉ,1,4000,4000
109,2026/08/04,Tienda Norte,  Detergente,Limpieza,1,5500,5500
109,2026-08-04,Tienda Norte,Leche,lácteos,1,1200,1200
110,16/8/2026,Tienda Sur,  Cloro,Limpieza,3,1400,4200
110,2026-08-16,Tienda Sur,Detergente,LIMPIEZA,2,5500,11.000
110,16/8/2026,  Tienda Sur,Queso,Lácteos,1,4500,4500
110,2026/08/16,Tienda Sur,  Vino tinto,Alcohol,1,5000,5000
111,2026-08-10,Tienda Centro,  Cerveza,Alcohol,1,3500,3500
111,2026-08-10,Tienda Centro,Maní,Snacks,1,1200,1200
111,10/8/2026,Tienda Centro,Papas fritas,snacks,2,1800,3600
112,2026-06-16,Tienda Norte,Bebida cola  ,Bebidas,3,1500,4500
112,2026-06-16,Tienda Norte,Cerveza  ,Alcohol,3,3500,10.500
112,2026-06-16,Tienda Norte,Mantequilla  ,Lácteos,1,2500,2500
112,16/6/2026,  Tienda Norte,Papas fritas,Snacks,2,1800,3600
113,2026-06-04,Tienda Centro  , Vino tinto ,ALCOHOL,1,5000,5000
114,1/7/2026, Tienda Centro ,Mantequilla,Lácteos,1,2500,2500
114,2026/07/01,Tienda Centro,Pan hallulla,Panadería,1,1500,1500
115,17/7/2026,  Tienda Sur,Galletas,Snacks,1,1000,1000
115,2026/07/17,  Tienda Sur,Leche  ,Lácteos,,1200,3600
116,2026-05-26,Tienda Sur  ,  Mantequilla,Lácteos,2,2500,5000
116,26/5/2026,Tienda Sur,Pan hallulla,Panadería,1,1500,1500
116,26/5/2026,Tienda Sur,  Pan molde,Panadería,2,1800,3600
116,26/5/2026, Tienda Sur ,Queso,Lácteos,1,4500,4500
117,2026-06-08,  Tienda Centro, Toallitas húmedas ,Bebé,1,2200,2200
118,2026-07-30,Tienda Sur,Azúcar  ,Café/Té,1,1300,1300
118,30-07-2026,Tienda Sur,Toallitas húmedas,Bebé,1,2200,2200
118,30-7-2026,Tienda Sur,Té,café/té,2,2500,5000
119,2026-06-04,Tienda Norte  ,Bebida cola,Bebidas,1,1500,1500
119,4-6-2026,Tienda Norte,Maní,SNACKS,1,1200,1200
119,2026-06-04,Tienda Norte,Papas fritas,Snacks,1,1800,1800
120,2026-07-14,Tienda Sur,Cloro,Limpieza,1,1400,1400
120,2026/07/14,Tienda Sur  ,Mantequilla,Lácteos,2,2500,5000
120,14/7/2026,Tienda Sur,Vino tinto,Alcohol,1,5000,5000
121,2026/06/02,  Tienda Sur,Azúcar,Café/Té,2,1300,2600
121,2026-06-02,Tienda Sur,Pan hallulla  ,PANADERÍA,3,1500,4500
121,2/6/2026,Tienda Sur,  Pañales,bebé,1,8000,8000
122,2026-05-27,Tienda Sur,Leche,Lácteos,2,1200,2400
122,2026-05-27,Tienda Sur,Pañales,Bebé,1,8000,8000
122,27/5/2026,Tienda Sur  , Toallitas húmedas ,Bebé,1,2200,2200
122,27-05-2026,Tienda Sur,Vino tinto,Alcohol,1,5000,5000
123,2026-06-25,Tienda Norte  ,  Azúcar,Café/Té,,1300,1300
123,2026-06-25,Tienda Norte,Cloro,Limpieza,1,1400,1400
123,25/6/2026,Tienda Norte,Toallitas húmedas,Bebé,3,2200,6600
124,2026-08-17,Tienda Sur,Agua mineral,Bebidas,2,900,1800
125,29-06-2026,Tienda Sur,Mantequilla,Lácteos,,2500,2500
125,2026-06-29, Tienda Sur ,Yogurt,lácteos,1,800,800
126,2026/06/08,Tienda Centro,Azúcar,Café/Té,1,1300,1300
126,2026-06-08,Tienda Centro,Té,Café/Té,1,2500,2500
127,2026-07-07,Tienda Sur,Cerveza,Alcohol,2,3500,7000
127,7-7-2026,Tienda Sur,Croissant,Panadería,1,900,900
127,2026-07-07,Tienda Sur,Pañales,Bebé,1,8000,8000
127,2026-07-07,Tienda Sur,Toallitas húmedas,Bebé,1,2200,2200
128,14/7/2026,Tienda Mall,Agua mineral,Bebidas,2,900,1800
128,2026-07-14, Tienda Mall ,Maní,Snacks,1,1200,1200
128,2026-07-14,Tienda Mall  ,Queso,LÁCTEOS,1,4500,4500
129,2026-06-26,Tienda Mall,Jugo naranja,Bebidas,1,1600,1600
129,2026/06/26,Tienda Mall  ,Mantequilla,Lácteos,1,2500,2500
129,2026-06-26,Tienda Mall,Pan hallulla,panadería,3,1500,4500
130,07-06-2026,Tienda Sur,Leche,Lácteos,1,1200,1200
130,2026-06-07,Tienda Sur,Mantequilla,Lácteos,1,2500,2500
130,2026/06/07,Tienda Sur,Pan molde,Panadería,1,1800,1800
131,2026-07-31,Tienda Sur,Mantequilla,Lácteos,,2500,2500
131,31-7-2026,Tienda Sur,Pan hallulla,Panadería,1,1500,1500
132,2026-07-14,Tienda Mall,Jugo naranja,bebidas,1,1600,1600
132,2026-07-14,Tienda Mall,Leche,LÁCTEOS,3,1200,3600
132,14-7-2026,Tienda Mall,  Maní,Snacks,,1200,1200
133,8/8/2026,Tienda Mall,Croissant,Panadería,1,900,900
133,2026-08-08, Tienda Mall ,Maní,Snacks,1,1200,1200
133,2026-08-08,Tienda Mall,Vino tinto,Alcohol,1,5000,5000
134,10-7-2026,  Tienda Sur, Bebida cola ,BEBIDAS,1,1500,1500
134,10-7-2026,Tienda Sur,Cerveza,ALCOHOL,2,3500,7000
134,10-07-2026,Tienda Sur,Papas fritas,Snacks,1,1800,1800
134,2026-07-10,Tienda Sur,Yogurt,Lácteos,3,800,2400
135,2026-08-11,Tienda Norte,Agua mineral,Bebidas,1,900,900
135,11/8/2026,Tienda Norte,Mantequilla,Lácteos,1,2500,2500
136,2026-08-12,Tienda Centro,Detergente,Limpieza,,5500,11000
137,2026-07-17,Tienda Sur,Cerveza,Alcohol,1,3500,3500
137,2026-07-17,Tienda Sur,Detergente,limpieza,1,5500,5500
137,17-07-2026,Tienda Sur,  Mantequilla,Lácteos,1,2500,2500
138,2026-07-19,Tienda Mall,Vino tinto,Alcohol,1,5000,5000
139,2026-06-01,Tienda Mall,Azúcar  ,Café/Té,1,1300,1300
139,1-6-2026,Tienda Mall  ,Mantequilla,Lácteos,1,2500,2500
139,2026-06-01,Tienda Mall,  Pan hallulla,PANADERÍA,1,1500,1500
140,09-06-2026,Tienda Centro,Cerveza  ,Alcohol,1,3500,3500
140,09-06-2026,  Tienda Centro,Esponjas,Limpieza,2,1200,2400
140,2026-06-09,Tienda Centro,Papas fritas,Snacks,3,1800,5400
141,27-07-2026,  Tienda Norte,Jugo naranja,Bebidas,1,1600,1600
141,2026-07-27,Tienda Norte,Papas fritas,snacks,1,1800,1800
142,2026/08/05,Tienda Centro,Cerveza,Alcohol,2,3500,7000
142,05-08-2026,Tienda Centro,Cloro,Limpieza,3,1400,4200
142,2026-08-05,Tienda Centro  ,Croissant,panadería,1,900,900
142,5-8-2026,Tienda Centro,Detergente,Limpieza,1,5500,5500
142,2026-08-05,Tienda Centro,  Maní,Snacks,1,1200,1200
142,2026-08-05,Tienda Centro,Papas fritas,Snacks,,1800,1800
143,2026/07/04,Tienda Sur,Cloro,Limpieza,1,1400,1400
143,2026-07-04,Tienda Sur,Esponjas,Limpieza,3,1200,3600
143,2026/07/04,Tienda Sur,Mantequilla,lácteos,1,2500,2500
143,2026-07-04,Tienda Sur, Papas fritas ,Snacks,1,1800,1800
144,2026-07-02,Tienda Norte  ,Cloro,Limpieza,1,1400,1400
144,02-07-2026,Tienda Norte,Croissant,Panadería,1,900,900
144,2026/07/02,Tienda Norte,Té,Café/Té,1,2500,2500
145,2026-06-13,Tienda Norte,Azúcar,Café/Té,1,1300,1300
145,2026-06-13,Tienda Norte, Café ,Café/Té,2,4000,8000
145,2026-06-13,Tienda Norte,Galletas,Snacks,1,1000,1000
145,2026-06-13,Tienda Norte,Queso,Lácteos,2,4500,9000
146,2026-07-27,Tienda Centro,Mantequilla,Lácteos,1,2500,2500
146,27-7-2026, Tienda Centro ,Papas fritas,Snacks,,1800,1800
146,27-07-2026,Tienda Centro,Toallitas húmedas,Bebé,1,2200,2200
147,2026/08/08,Tienda Norte  ,Mantequilla,Lácteos,1,2500,2500
147,8-8-2026,Tienda Norte,Maní,Snacks,2,1200,2400
147,2026-08-08,Tienda Norte,Pan hallulla,Panadería,1,1500,1500
147,08-08-2026,Tienda Norte,Vino tinto,Alcohol,1,5000,5000
148,29-6-2026,Tienda Mall,Cloro,limpieza,1,1400,1400
148,29/6/2026,Tienda Mall,Pañales,Bebé,1,8000,8000
148,2026-06-29,Tienda Mall  ,Queso,lácteos,3,4500,13500
148,29-6-2026,Tienda Mall,Toallitas húmedas,Bebé,2,2200,4400
148,2026-06-29,  Tienda Mall,Vino tinto,Alcohol,2,5000,10.000
149,7-6-2026,Tienda Sur, Café ,café/té,1,4000,4000
150,2026-07-26,Tienda Centro, Agua mineral ,Bebidas,1,900,900
150,2026-07-26,Tienda Centro,Yogurt,lácteos,1,800,800
151,2026-07-15,Tienda Centro,Bebida cola,Bebidas,1,1500,1500
151,15/7/2026,Tienda Centro,Galletas,SNACKS,1,1000,1000
151,2026-07-15,Tienda Centro,Mantequilla,lácteos,1,2500,2500
151,15-07-2026,Tienda Centro,Pan molde,Panadería,1,1800,1800
151,15-7-2026,Tienda Centro,  Queso,lácteos,2,4500,9000
151,15-07-2026,Tienda Centro,Vino tinto  ,alcohol,1,5000,5000
152,2026-06-08,Tienda Norte,Café,Café/Té,2,4000,8000
152,2026-06-08,Tienda Norte,  Galletas,Snacks,1,1000,1000
153,2026-05-21,Tienda Centro,Queso  ,Lácteos,2,4500,9000
154,2026-07-30,  Tienda Mall,Jugo naranja,Bebidas,1,1600,1600
155,2026-06-05,Tienda Centro,  Detergente,Limpieza,2,5500,11000
155,05-06-2026,Tienda Centro,Esponjas,Limpieza,1,1200,1200
155,2026-06-05,Tienda Centro,  Toallitas húmedas,Bebé,1,2200,2200
156,25/7/2026,Tienda Norte,Jugo naranja,Bebidas,1,1600,1600
156,2026-07-25,Tienda Norte,Maní,SNACKS,1,1200,1200
156,2026-07-25,Tienda Norte,Pan molde,Panadería,1,1800,1800
156,25-07-2026,Tienda Norte,Queso,lácteos,3,4500,13500
157,2026-05-29,Tienda Centro,Azúcar,Café/Té,2,1300,2600
157,2026-05-29,Tienda Centro  ,Café,Café/Té,1,4000,4000
157,29-5-2026,Tienda Centro,Galletas,Snacks,2,1000,2000
157,2026-05-29,Tienda Centro,Pan hallulla,Panadería,1,1500,1500
158,3-8-2026,Tienda Sur,Vino tinto,Alcohol,2,5000,10000
159,12-6-2026, Tienda Mall ,Azúcar,Café/Té,1,1300,1300
159,12/6/2026,Tienda Mall,Café,café/té,1,4000,4000
159,12-06-2026,Tienda Mall,Cloro,Limpieza,1,1400,1400
159,2026-06-12,Tienda Mall,Detergente,Limpieza,3,5500,16500
159,2026-06-12,Tienda Mall,Galletas,snacks,1,1000,1000
159,2026/06/12, Tienda Mall ,Mantequilla,LÁCTEOS,3,2500,7500
159,2026-06-12,Tienda Mall,Yogurt,Lácteos,1,800,800
160,22/6/2026, Tienda Centro ,Jugo naranja,Bebidas,1,1600,1600
160,2026-06-22,Tienda Centro  ,Queso,LÁCTEOS,1,4500,4500
160,22/6/2026, Tienda Centro ,Vino tinto  ,Alcohol,1,5000,5000
161,2026-07-07,Tienda Mall,Cerveza,Alcohol,1,3500,3500
161,2026-07-07,Tienda Mall,Galletas,Snacks,3,1000,3000
161,7-7-2026,Tienda Mall,Papas fritas,Snacks,1,1800,1800
162,31/5/2026,Tienda Mall,Toallitas húmedas,Bebé,3,2200,6600
163,2026-06-13,Tienda Sur,Cerveza,Alcohol,1,3500,3500
163,2026/06/13,Tienda Sur,Croissant,PANADERÍA,1,900,900
163,13/6/2026, Tienda Sur ,Maní,Snacks,1,1200,1200
164,4/7/2026, Tienda Mall ,Vino tinto,Alcohol,1,5000,5000
165,2026-08-10,Tienda Centro,Detergente,Limpieza,2,5500,11.000
166,2026-06-10,Tienda Centro,Toallitas húmedas,Bebé,1,2200,2200
167,16-7-2026,Tienda Centro,Bebida cola,BEBIDAS,1,1500,1500
168,2026-07-09,  Tienda Centro,Cloro,Limpieza,2,1400,2800
168,9/7/2026,Tienda Centro,Galletas  ,Snacks,1,1000,1000
168,2026-07-09,Tienda Centro,Queso,Lácteos,1,4500,4500
168,2026-07-09,Tienda Centro,Vino tinto,Alcohol,1,5000,5000
169,2026-08-12,Tienda Sur,Leche,Lácteos,1,1200,1200
169,2026-08-12, Tienda Sur ,Pan molde,Panadería,1,1800,1800
170,2026-06-23,Tienda Sur  ,Jugo naranja,Bebidas,1,1600,1600
170,23-6-2026,Tienda Sur,Queso,Lácteos,3,4500,13500
170,23-06-2026,Tienda Sur,Toallitas húmedas,Bebé,1,2200,2200
171,2026/06/07,Tienda Centro,Esponjas,Limpieza,3,1200,3600
171,07-06-2026,Tienda Centro,Galletas,Snacks,2,1000,2000
172,2026-06-30,Tienda Sur,Azúcar,café/té,2,1300,2600
172,2026-06-30,  Tienda Sur,Jugo naranja,bebidas,3,1600,4800
172,2026-06-30,  Tienda Sur,Yogurt,Lácteos,1,800,800
173,06-07-2026,  Tienda Norte,Queso,lácteos,2,4500,9000
174,2026/06/20,  Tienda Mall,  Azúcar,Café/Té,1,1300,1300
175,2026-07-19,Tienda Norte,Croissant,Panadería,3,900,2700
175,2026-07-19,Tienda Norte,Jugo naranja,Bebidas,2,1600,3200
175,2026-07-19,Tienda Norte  , Papas fritas ,Snacks,,1800,1800
176,2026-07-12,Tienda Centro,Cerveza  ,Alcohol,1,3500,3500
176,12/7/2026,Tienda Centro, Maní ,Snacks,1,1200,1200
177,30-07-2026,Tienda Norte,Mantequilla  ,Lácteos,1,2500,2500
177,30-7-2026,Tienda Norte,  Maní,Snacks,,1200,1200
177,2026-07-30,Tienda Norte,Té,Café/Té,1,2500,2500
178,2026-06-11,Tienda Norte,Bebida cola,bebidas,3,1500,4500
178,11/6/2026,Tienda Norte,Esponjas,Limpieza,,1200,2400
178,11-06-2026, Tienda Norte ,Papas fritas,Snacks,2,1800,3600
179,22-06-2026,Tienda Norte  ,Agua mineral,bebidas,1,900,900
179,22-06-2026,Tienda Norte,Azúcar,Café/Té,1,1300,1300
179,22/6/2026,  Tienda Norte,Mantequilla,Lácteos,1,2500,2500
180,2026-08-11,Tienda Norte,  Mantequilla,Lácteos,2,2500,5000
180,2026-08-11, Tienda Norte ,Pañales,Bebé,1,8000,8000
180,2026/08/11,Tienda Norte,Toallitas húmedas,Bebé,3,2200,6600
181,2026/05/26,  Tienda Centro, Detergente ,Limpieza,1,5500,5500
181,26-05-2026,Tienda Centro,  Esponjas,Limpieza,1,1200,1200
182,8-8-2026, Tienda Centro ,Azúcar,Café/Té,1,1300,1300
182,8-8-2026,Tienda Centro  ,Cloro,Limpieza,2,1400,2800
182,8/8/2026,  Tienda Centro,Detergente,Limpieza,1,5500,5500
183,2026/06/28,Tienda Mall  ,Mantequilla,Lácteos,1,2500,2500
183,28/6/2026,Tienda Mall  ,Pan hallulla,Panadería,1,1500,1500
184,08-06-2026,  Tienda Sur,Cerveza,Alcohol,1,3500,3500
184,08-06-2026,Tienda Sur,  Papas fritas,Snacks,1,1800,1800
184,2026-06-08, Tienda Sur ,Queso,lácteos,1,4500,4500
184,08-06-2026,Tienda Sur,Vino tinto  ,Alcohol,1,5000,5000
185,2-6-2026,Tienda Centro,Papas fritas,snacks,1,1800,1800
185,2026-06-02,Tienda Centro  ,Toallitas húmedas,Bebé,3,2200,6600
186,2026-06-10,Tienda Sur,Café,Café/Té,1,4000,4000
186,2026-06-10, Tienda Sur ,Cerveza  ,Alcohol,1,3500,3500
186,2026-06-10, Tienda Sur ,  Queso,Lácteos,1,4500,4500
186,10-6-2026,Tienda Sur  ,Yogurt,LÁCTEOS,1,800,800
187,3-8-2026,  Tienda Sur,Jugo naranja,BEBIDAS,1,1600,1600
188,2026-08-12,Tienda Mall,Leche,Lácteos,2,1200,2400
188,12/8/2026,Tienda Mall, Mantequilla ,lácteos,2,2500,5000
188,2026-08-12, Tienda Mall ,Pan molde,Panadería,1,1800,1800
189,11/7/2026,Tienda Centro,Queso,Lácteos,1,4500,4500
189,2026-07-11, Tienda Centro ,Vino tinto,Alcohol,1,5000,5000
190,2026-07-30,Tienda Sur, Cloro ,Limpieza,1,1400,1400
190,2026-07-30,Tienda Sur,Leche,Lácteos,1,1200,1200
190,2026-07-30,Tienda Sur,Toallitas húmedas,Bebé,1,2200,2200
191,2026-07-03,Tienda Sur,Azúcar,Café/Té,1,1300,1300
191,2026-07-03,Tienda Sur, Queso ,Lácteos,1,4500,4500
191,2026-07-03,Tienda Sur,Toallitas húmedas,Bebé,2,2200,4400
191,2026-07-03,Tienda Sur,Té,Café/Té,2,2500,5000
192,26/7/2026,Tienda Mall  ,Azúcar,Café/Té,3,1300,3900
192,26-07-2026,Tienda Mall,Té,Café/Té,1,2500,2500
193,10/7/2026,Tienda Sur, Azúcar ,Café/Té,1,1300,1300
193,10-7-2026,  Tienda Sur,Té,CAFÉ/TÉ,1,2500,2500
194,23-05-2026,Tienda Sur,Leche  ,Lácteos,1,1200,1200
194,2026-05-23,Tienda Sur  ,Maní,Snacks,2,1200,2400
195,2026-08-17,Tienda Centro,Agua mineral,Bebidas,1,900,900
195,2026-08-17,Tienda Centro,  Detergente,Limpieza,2,5500,11000
196,03-08-2026,Tienda Mall,Detergente  ,Limpieza,1,5500,5500
197,2026-08-16,Tienda Norte,Esponjas  ,Limpieza,1,1200,1200
198,2026-05-23,Tienda Mall,Mantequilla,Lácteos,1,2500,2500
198,23-5-2026,Tienda Mall,Maní,SNACKS,1,1200,1200
199,7/8/2026, Tienda Mall , Esponjas ,LIMPIEZA,3,1200,3600
199,07-08-2026, Tienda Mall ,Mantequilla  ,Lácteos,1,2500,2500
199,2026-08-07,Tienda Mall,Pan hallulla,Panadería,1,1500,1500
200,2026-06-12,Tienda Mall,Azúcar  ,Café/Té,1,1300,1300
200,12-06-2026,Tienda Mall,Cerveza,Alcohol,1,3500,3500
200,12-6-2026,Tienda Mall,Cloro,limpieza,1,1400,1400
200,2026-06-12, Tienda Mall ,Vino tinto,Alcohol,1,5000,5000
201,2026-07-31,  Tienda Sur,Esponjas,limpieza,1,1200,1200
201,2026-07-31,Tienda Sur,Jugo naranja,Bebidas,2,1600,3200
202,2026-06-30,Tienda Mall,Agua mineral,bebidas,1,900,900
202,30/6/2026,Tienda Mall,Jugo naranja,Bebidas,,1600,1600
203,2026-07-08,Tienda Mall,Jugo naranja,Bebidas,1,1600,1600
203,8/7/2026,Tienda Mall,  Mantequilla,Lácteos,1,2500,2500
203,2026-07-08,Tienda Mall,Pan hallulla,Panadería,1,1500,1500
204,21-07-2026,Tienda Norte,Agua mineral,BEBIDAS,3,900,2700
204,21-7-2026,Tienda Norte,Azúcar,Café/Té,1,1300,1300
205,2026-06-07,Tienda Centro,Bebida cola  ,Bebidas,2,1500,3000
205,2026-06-07,Tienda Centro, Pan hallulla ,Panadería,1,1500,1500
205,2026-06-07,Tienda Centro,Pañales  ,Bebé,2,8000,16000
205,07-06-2026,Tienda Centro, Queso ,Lácteos,1,4500,4500
205,2026-06-07,Tienda Centro,Toallitas húmedas,Bebé,1,2200,2200
206,10-6-2026,Tienda Mall,Azúcar,café/té,2,1300,2600
206,2026-06-10,Tienda Mall,Café,café/té,1,4000,4000
206,10-6-2026,  Tienda Mall,Detergente,Limpieza,1,5500,5500
206,10-06-2026,  Tienda Mall,Esponjas,Limpieza,2,1200,2400
206,10/6/2026,Tienda Mall,Galletas,SNACKS,2,1000,2000
206,2026-06-10,  Tienda Mall,Queso,lácteos,1,4500,4500
207,2026-06-12,Tienda Mall, Pan hallulla ,Panadería,2,1500,3000
207,12/6/2026,Tienda Mall,Papas fritas,Snacks,2,1800,3600
207,12-06-2026,Tienda Mall  ,Queso,Lácteos,1,4500,4500
207,2026/06/12,Tienda Mall,Yogurt,lácteos,1,800,800
208,28/6/2026,Tienda Centro,  Cerveza,ALCOHOL,1,3500,3500
208,2026-06-28,Tienda Centro, Detergente ,Limpieza,1,5500,5500
208,28-06-2026,Tienda Centro,Galletas,Snacks,1,1000,1000
208,2026-06-28,  Tienda Centro,Jugo naranja,Bebidas,1,1600,1600
209,18-7-2026,Tienda Sur,Cerveza,alcohol,2,3500,7000
209,2026-07-18,Tienda Sur  ,Jugo naranja  ,BEBIDAS,2,1600,3200
209,18/7/2026,Tienda Sur,Pan molde,Panadería,1,1800,1800
209,2026-07-18,Tienda Sur,Papas fritas,snacks,1,1800,1800
210,14-08-2026,Tienda Centro,Mantequilla,Lácteos,1,2500,2500
211,2026-06-21,Tienda Centro,Bebida cola,Bebidas,3,1500,4500
211,21-6-2026,Tienda Centro,Galletas,Snacks,1,1000,1000
212,2026/08/02,  Tienda Centro,Esponjas,Limpieza,1,1200,1200
212,2026-08-02,Tienda Centro,Queso,Lácteos,,4500,4500
212,2026-08-02,Tienda Centro,Vino tinto,Alcohol,1,5000,5000
213,16/8/2026,Tienda Sur  ,Detergente,Limpieza,1,5500,5500
213,2026-08-16,Tienda Sur,Esponjas,limpieza,2,1200,2400
213,2026-08-16,Tienda Sur,Jugo naranja,BEBIDAS,1,1600,1600
213,2026-08-16,Tienda Sur  ,Queso,Lácteos,1,4500,4500
213,16-08-2026,Tienda Sur,Vino tinto,Alcohol,1,5000,5000
214,2026-07-20,Tienda Norte,Cloro,Limpieza,1,1400,1400
214,2026-07-20,Tienda Norte,Croissant  ,Panadería,1,900,900
214,20-7-2026,Tienda Norte,Toallitas húmedas,Bebé,1,2200,2200
215,1/8/2026,Tienda Centro,Azúcar  ,Café/Té,2,1300,2600
216,2026-06-15,  Tienda Norte, Azúcar ,Café/Té,1,1300,1300
216,2026-06-15,Tienda Norte,Té,café/té,2,2500,5000
217,22-07-2026,Tienda Centro,Galletas,Snacks,1,1000,1000
217,2026-07-22,  Tienda Centro,Mantequilla,LÁCTEOS,1,2500,2500
217,22/7/2026,Tienda Centro,Pan hallulla,Panadería,2,1500,3000
218,2026-05-23,Tienda Mall,Pan molde,Panadería,1,1800,1800
218,2026-05-23,Tienda Mall,Queso,LÁCTEOS,1,4500,4500
219,2026-05-28,Tienda Centro,Azúcar,Café/Té,3,1300,3900
219,2026/05/28,Tienda Centro,Café,café/té,1,4000,4000
219,2026-05-28,Tienda Centro  ,Jugo naranja,bebidas,2,1600,3200
219,28/5/2026,Tienda Centro  ,Mantequilla  ,Lácteos,1,2500,2500
219,2026-05-28,Tienda Centro,Maní,SNACKS,2,1200,2400
219,2026-05-28,  Tienda Centro,Pan hallulla,Panadería,1,1500,1500
219,2026-05-28,Tienda Centro,  Queso,LÁCTEOS,1,4500,4500
220,2026-08-13,Tienda Norte,Leche,Lácteos,1,1200,1200
220,2026-08-13,Tienda Norte,Vino tinto  ,ALCOHOL,1,5000,5000
220,13/8/2026,Tienda Norte,  Yogurt,Lácteos,3,800,2400
221,2026/05/21,Tienda Centro,Azúcar,CAFÉ/TÉ,1,1300,1300
221,21/5/2026,Tienda Centro,Cloro  ,Limpieza,2,1400,2800
221,21-05-2026,Tienda Centro,Galletas  ,Snacks,1,1000,1000
221,2026-05-21,Tienda Centro  , Maní ,Snacks,1,1200,1200
222,2026/06/25,Tienda Norte,Cloro,Limpieza,2,1400,2800
222,2026-06-25,Tienda Norte,Leche,LÁCTEOS,1,1200,1200
222,25-06-2026,Tienda Norte,Maní,Snacks,1,1200,1200
222,2026-06-25,  Tienda Norte,Pan hallulla,Panadería,1,1500,1500
223,2026-07-17,Tienda Centro,Mantequilla,Lácteos,2,2500,5000
223,17-7-2026,Tienda Centro,Pan hallulla,panadería,2,1500,3000
223,2026-07-17, Tienda Centro ,Papas fritas,Snacks,1,1800,1800
224,2026-06-27,Tienda Norte,Cerveza,Alcohol,3,3500,10.500
224,2026-06-27,Tienda Norte,Papas fritas,Snacks,1,1800,1800
224,27/6/2026,Tienda Norte  ,  Pañales,Bebé,1,8000,8000
224,2026/06/27,Tienda Norte  ,Toallitas húmedas,Bebé,1,2200,2200
225,31-7-2026,Tienda Norte,Azúcar  ,CAFÉ/TÉ,1,1300,1300
225,2026-07-31,Tienda Norte,Café,CAFÉ/TÉ,1,4000,4000
225,2026/07/31,Tienda Norte,Maní,snacks,1,1200,1200
226,18-08-2026,Tienda Mall,Jugo naranja,Bebidas,1,1600,1600
226,2026-08-18,  Tienda Mall,Papas fritas,Snacks,1,1800,1800
227,20/6/2026,Tienda Norte,Esponjas,Limpieza,2,1200,2400
227,2026-06-20, Tienda Norte ,Mantequilla,lácteos,2,2500,5000
228,2026-07-31,Tienda Mall, Azúcar ,Café/Té,1,1300,1300
228,31-07-2026,Tienda Mall,  Mantequilla,Lácteos,1,2500,2500
228,2026-07-31,Tienda Mall  ,Papas fritas,Snacks,3,1800,5400
228,2026/07/31,Tienda Mall,Té,CAFÉ/TÉ,2,2500,5000
229,01-06-2026,Tienda Norte,Papas fritas,Snacks,1,1800,1800
230,6/8/2026,Tienda Centro, Cloro ,Limpieza,2,1400,2800
230,2026-08-06,Tienda Centro,Pañales  ,Bebé,1,8000,8000
230,2026/08/06,Tienda Centro,Queso,LÁCTEOS,3,4500,13500
230,2026-08-06,Tienda Centro,Toallitas húmedas,Bebé,1,2200,2200
231,2026/06/14, Tienda Centro ,Azúcar,Café/Té,1,1300,1300
231,2026-06-14, Tienda Centro ,Bebida cola,Bebidas,2,1500,3000
231,2026-06-14,Tienda Centro,Café  ,Café/Té,,4000,4000
231,2026-06-14,Tienda Centro  ,Esponjas,Limpieza,1,1200,1200
231,2026/06/14,Tienda Centro,Galletas,Snacks,1,1000,1000
232,23-06-2026,  Tienda Sur,Azúcar,Café/Té,1,1300,1300
232,23-06-2026,Tienda Sur,Café,Café/Té,2,4000,8000
232,23/6/2026,Tienda Sur,Galletas,Snacks,2,1000,2000
233,7-7-2026,Tienda Sur,Bebida cola,Bebidas,1,1500,1500
233,2026-07-07,Tienda Sur,Cerveza,ALCOHOL,2,3500,7000
233,2026-07-07,  Tienda Sur,Pañales,Bebé,1,8000,8000
234,2026-06-15,Tienda Sur,Bebida cola,Bebidas,1,1500,1500
234,15-6-2026,Tienda Sur  ,Pañales,Bebé,2,8000,16000
234,15-6-2026,Tienda Sur,Toallitas húmedas,bebé,3,2200,6600
235,11-8-2026,Tienda Mall,Queso  ,Lácteos,1,4500,4500
235,11-08-2026,  Tienda Mall,Vino tinto,ALCOHOL,1,5000,5000
235,2026-08-11,Tienda Mall,Yogurt  ,Lácteos,2,800,1600
236,2026-08-11,Tienda Centro,Cloro,Limpieza,1,1400,1400
236,2026-08-11,  Tienda Centro,Croissant,Panadería,1,900,900
237,07-06-2026,Tienda Norte,Mantequilla,LÁCTEOS,1,2500,2500
238,2026-07-24,Tienda Mall,Detergente,Limpieza,1,5500,5500
238,2026-07-24,  Tienda Mall,Toallitas húmedas,Bebé,1,2200,2200
239,21/5/2026, Tienda Mall ,Té,café/té,1,2500,2500
240,2026-06-26,Tienda Centro,Cloro,Limpieza,1,1400,1400
240,26-06-2026,Tienda Centro,Esponjas  ,Limpieza,3,1200,3600
241,12/6/2026,  Tienda Centro,Bebida cola,Bebidas,1,1500,1500
241,2026-06-12,Tienda Centro,Mantequilla  ,Lácteos,2,2500,5000
241,12-06-2026,Tienda Centro,Papas fritas,Snacks,1,1800,1800
241,12-6-2026,Tienda Centro,  Queso,Lácteos,3,4500,13500
241,2026-06-12,Tienda Centro,  Té,Café/Té,1,2500,2500
242,2026-06-21,Tienda Norte,Croissant  ,Panadería,1,900,900
242,2026-06-21,Tienda Norte,Detergente  ,LIMPIEZA,1,5500,5500
243,2026-07-08,Tienda Mall,Pan molde,Panadería,2,1800,3600
243,08-07-2026,Tienda Mall,Queso,Lácteos,1,4500,4500
244,2-7-2026,Tienda Centro,Bebida cola,BEBIDAS,1,1500,1500
244,2026-07-02,Tienda Centro,Pan hallulla,Panadería,3,1500,4500
244,2026-07-02, Tienda Centro ,Queso  ,Lácteos,1,4500,4500
245,2026-06-25,Tienda Centro,Cerveza,Alcohol,1,3500,3500
245,25-6-2026,Tienda Centro,Maní,Snacks,2,1200,2400
245,2026/06/25,Tienda Centro,Papas fritas,SNACKS,2,1800,3600
246,2026-05-30,Tienda Sur,Bebida cola,Bebidas,2,1500,3000
247,2026-08-15,Tienda Sur,Esponjas,Limpieza,2,1200,2400
247,15-8-2026,Tienda Sur, Mantequilla ,LÁCTEOS,1,2500,2500
248,2026-07-04,Tienda Centro,Bebida cola  ,bebidas,1,1500,1500
249,7/8/2026,Tienda Mall,Agua mineral,Bebidas,1,900,900
249,2026-08-07,Tienda Mall, Cerveza ,ALCOHOL,1,3500,3500
249,2026-08-07,Tienda Mall,Cloro,limpieza,2,1400,2800
249,7/8/2026,Tienda Mall, Detergente ,Limpieza,1,5500,5500
249,2026-08-07,Tienda Mall  ,Maní,SNACKS,1,1200,1200
249,7-8-2026,Tienda Mall,Pan molde,Panadería,1,1800,1800
249,2026-08-07,Tienda Mall,Papas fritas,Snacks,1,1800,1800
250,8/7/2026,Tienda Norte,Cerveza,alcohol,2,3500,7000
250,2026-07-08,Tienda Norte,Leche,Lácteos,1,1200,1200
250,2026-07-08,Tienda Norte,Maní,Snacks,1,1200,1200
250,2026/07/08,Tienda Norte,Queso,Lácteos,1,4500,4500
250,08-07-2026, Tienda Norte ,Vino tinto,Alcohol,1,5000,5000
251,2026-07-25,Tienda Mall,Croissant  ,Panadería,1,900,900
252,01-06-2026,Tienda Sur,Jugo naranja,Bebidas,2,1600,3200
252,01-06-2026,Tienda Sur,Mantequilla,Lácteos,2,2500,5000
252,1-6-2026,  Tienda Sur,Maní,Snacks,3,1200,3600
252,2026-06-01,Tienda Sur,Pan molde,Panadería,1,1800,1800
252,1/6/2026,Tienda Sur,Queso,lácteos,1,4500,4500
253,2026-07-08,Tienda Norte,Jugo naranja,Bebidas,1,1600,1600
254,2026-06-08,Tienda Centro,Agua mineral,Bebidas,1,900,900
255,2026-07-21,Tienda Centro,Bebida cola,Bebidas,1,1500,1500
255,2026-07-21,Tienda Centro,Detergente,Limpieza,1,5500,5500
256,10-07-2026,Tienda Sur,Cerveza,Alcohol,2,3500,7000
256,2026-07-10,Tienda Sur,Galletas  ,snacks,3,1000,3000
256,2026-07-10,Tienda Sur,Papas fritas,snacks,1,1800,1800
257,1/7/2026,Tienda Norte,Papas fritas,Snacks,3,1800,5400
257,2026-07-01,Tienda Norte,  Yogurt,Lácteos,1,800,800
258,2026/08/17,Tienda Mall,Agua mineral,Bebidas,1,900,900
258,2026-08-17, Tienda Mall ,Bebida cola,BEBIDAS,1,1500,1500
258,17/8/2026,Tienda Mall,Cerveza,Alcohol,1,3500,3500
258,17/8/2026,Tienda Mall,  Maní,Snacks,1,1200,1200
258,2026-08-17,Tienda Mall,Papas fritas,Snacks,1,1800,1800
259,19-07-2026,Tienda Norte,Esponjas,Limpieza,,1200,1200
259,19/7/2026,Tienda Norte,Jugo naranja,Bebidas,2,1600,3200
260,2026/07/12,Tienda Mall,Jugo naranja,Bebidas,1,1600,1600
261,2026-08-13,Tienda Norte,Croissant,panadería,3,900,2700
261,2026-08-13,Tienda Norte,Galletas,SNACKS,1,1000,1000
261,13-08-2026,Tienda Norte,Papas fritas,Snacks,1,1800,1800
262,24-7-2026,Tienda Mall, Esponjas ,limpieza,1,1200,1200
262,24-7-2026,Tienda Mall,Vino tinto,Alcohol,,5000,5000
263,2026-05-31,Tienda Centro,  Cloro,Limpieza,1,1400,1400
263,2026-05-31,Tienda Centro,Vino tinto,Alcohol,3,5000,15000
263,2026-05-31,Tienda Centro,Yogurt,Lácteos,1,800,800
264,2026-07-11,  Tienda Sur,Agua mineral,bebidas,1,900,900
264,2026-07-11,Tienda Sur,Leche,Lácteos,1,1200,1200
264,2026-07-11,Tienda Sur,Mantequilla,Lácteos,1,2500,2500
264,11-07-2026,Tienda Sur,Maní,Snacks,1,1200,1200
264,11-7-2026,Tienda Sur,Pan molde,Panadería,1,1800,1800
265,2026-08-15,Tienda Norte,Café,CAFÉ/TÉ,3,4000,12.000
265,2026-08-15,Tienda Norte,Galletas,Snacks,1,1000,1000
265,2026-08-15,Tienda Norte  ,  Mantequilla,lácteos,1,2500,2500
265,2026/08/15,Tienda Norte,Pan molde,Panadería,1,1800,1800
266,2026/06/16,Tienda Mall,Galletas,Snacks,2,1000,2000
266,16/6/2026,Tienda Mall,Leche,Lácteos,1,1200,1200
267,2026-05-29,Tienda Sur,Esponjas,Limpieza,1,1200,1200
268,3-7-2026, Tienda Centro ,Azúcar,Café/Té,1,1300,1300
268,03-07-2026,Tienda Centro,Bebida cola,BEBIDAS,3,1500,4500
268,3/7/2026,  Tienda Centro,Papas fritas,Snacks,1,1800,1800
268,2026-07-03,Tienda Centro,Té,CAFÉ/TÉ,,2500,2500
268,3-7-2026,Tienda Centro,Yogurt  ,Lácteos,1,800,800
269,10-8-2026, Tienda Mall ,Queso,Lácteos,1,4500,4500
269,2026-08-10,Tienda Mall,Toallitas húmedas,Bebé,1,2200,2200
270,21-5-2026,  Tienda Norte,Croissant,Panadería,1,900,900
270,2026/05/21,Tienda Norte,Esponjas  ,Limpieza,2,1200,2400
271,2026-07-28,Tienda Norte,Galletas  ,Snacks,1,1000,1000
271,28-07-2026,Tienda Norte,Queso,Lácteos,1,4500,4500
272,22-07-2026,Tienda Sur  ,Papas fritas,Snacks,1,1800,1800
272,2026/07/22,Tienda Sur,Toallitas húmedas,Bebé,1,2200,2200
273,2026/07/18,Tienda Norte,Esponjas,LIMPIEZA,1,1200,1200
273,2026/07/18,Tienda Norte,Jugo naranja,Bebidas,1,1600,1600
273,2026-07-18,Tienda Norte,  Toallitas húmedas,Bebé,1,2200,2200
274,20-6-2026,Tienda Sur,Vino tinto,ALCOHOL,1,5000,5000
275,2026-07-13, Tienda Norte ,Maní,Snacks,1,1200,1200
275,13-7-2026,Tienda Norte  ,Yogurt,Lácteos,1,800,800
276,2026-08-11,Tienda Norte  ,Azúcar  ,CAFÉ/TÉ,1,1300,1300
276,2026-08-11,Tienda Norte,Café  ,Café/Té,1,4000,4000
276,2026-08-11,Tienda Norte  , Jugo naranja ,Bebidas,1,1600,1600
277,22/5/2026,Tienda Mall,  Papas fritas,Snacks,3,1800,5400
278,24-7-2026,Tienda Mall,Café,Café/Té,1,4000,4000
278,24-7-2026,Tienda Mall,Maní,SNACKS,1,1200,1200
279,18-06-2026,Tienda Sur,Bebida cola,bebidas,1,1500,1500
280,2026-07-18,Tienda Mall,Leche,LÁCTEOS,2,1200,2400
280,2026/07/18,Tienda Mall  ,Pañales,Bebé,1,8000,8000
280,2026-07-18,Tienda Mall,Toallitas húmedas,Bebé,2,2200,4400
281,26-05-2026,Tienda Mall,Leche,lácteos,2,1200,2400
281,2026/05/26,Tienda Mall,Maní,SNACKS,1,1200,1200
282,2026-06-21,Tienda Sur, Agua mineral ,bebidas,1,900,900
282,21-06-2026,Tienda Sur,Galletas,SNACKS,3,1000,3000
282,2026-06-21,Tienda Sur,Mantequilla,Lácteos,2,2500,5000
282,2026-06-21,Tienda Sur,Pan hallulla,Panadería,1,1500,1500
283,2026-08-04,Tienda Sur,Cloro,limpieza,1,1400,1400
283,4-8-2026,Tienda Sur,Detergente,Limpieza,1,5500,5500
283,2026-08-04, Tienda Sur ,Esponjas,Limpieza,1,1200,1200
283,2026-08-04, Tienda Sur ,Maní,Snacks,1,1200,1200
283,2026/08/04,Tienda Sur,Toallitas húmedas,Bebé,1,2200,2200
284,2026-07-28,Tienda Norte,Esponjas  ,limpieza,1,1200,1200
284,28-7-2026,Tienda Norte,Jugo naranja,Bebidas,1,1600,1600
285,2026/07/25,Tienda Centro  ,Maní,Snacks,2,1200,2400
286,25-6-2026,Tienda Norte,Bebida cola,Bebidas,1,1500,1500
286,25-6-2026,Tienda Norte,Esponjas,Limpieza,2,1200,2400
286,25-06-2026,Tienda Norte,Mantequilla  ,Lácteos,1,2500,2500
286,25-06-2026,Tienda Norte,Papas fritas,Snacks,1,1800,1800
287,2026-08-09,Tienda Sur,Croissant,Panadería,,900,900
287,2026-08-09,Tienda Sur,Galletas,Snacks,2,1000,2000
287,2026-08-09,Tienda Sur  ,Papas fritas  ,Snacks,1,1800,1800
288,25-7-2026,Tienda Sur  ,Azúcar,Café/Té,2,1300,2600
288,25-7-2026,Tienda Sur,Café,CAFÉ/TÉ,2,4000,8000
288,2026-07-25,Tienda Sur,Galletas,Snacks,1,1000,1000
288,2026-07-25,Tienda Sur,Queso,lácteos,1,4500,4500
288,25-7-2026,Tienda Sur  ,Vino tinto,ALCOHOL,1,5000,5000
289,29-05-2026,Tienda Mall,Maní,snacks,1,1200,1200
289,2026-05-29,Tienda Mall,Queso,lácteos,1,4500,4500
290,2026-06-26,Tienda Sur  ,Mantequilla,Lácteos,2,2500,5000
290,2026-06-26, Tienda Sur ,Pañales,Bebé,2,8000,16000
291,2026-05-26,Tienda Centro,Galletas,Snacks,1,1000,1000
291,2026/05/26,Tienda Centro,Leche,Lácteos,3,1200,3600
291,2026-05-26,Tienda Centro,Pan molde,Panadería,1,1800,1800
291,2026-05-26, Tienda Centro ,Queso,LÁCTEOS,3,4500,13.500
292,06-06-2026,Tienda Sur,Agua mineral,bebidas,1,900,900
293,2026-07-06,Tienda Sur,Cloro  ,Limpieza,2,1400,2800
294,11-06-2026,  Tienda Centro, Esponjas ,Limpieza,2,1200,2400
294,11-6-2026, Tienda Centro ,  Jugo naranja,Bebidas,1,1600,1600
295,2026-06-01,Tienda Centro,  Azúcar,CAFÉ/TÉ,1,1300,1300
295,2026/06/01,Tienda Centro,Café,Café/Té,1,4000,4000
296,22-05-2026,Tienda Sur,Esponjas,Limpieza,1,1200,1200
296,22-05-2026,Tienda Sur,Mantequilla,lácteos,1,2500,2500
296,22/5/2026,Tienda Sur,  Maní,Snacks,1,1200,1200
297,3-6-2026,Tienda Centro,Jugo naranja,Bebidas,1,1600,1600
297,2026-06-03,Tienda Centro,Mantequilla,Lácteos,2,2500,5000
298,2026/06/07,Tienda Norte  ,Pañales,Bebé,1,8000,8000
298,7/6/2026,Tienda Norte,Toallitas húmedas,Bebé,2,2200,4400
299,2026-08-09,Tienda Norte, Cloro ,LIMPIEZA,1,1400,1400
299,09-08-2026,Tienda Norte,Galletas  ,SNACKS,1,1000,1000
299,2026-08-09,Tienda Norte,Queso,LÁCTEOS,2,4500,9000
299,2026-08-09,Tienda Norte,  Toallitas húmedas,Bebé,1,2200,2200
300,2026-07-09,Tienda Sur,Agua mineral,BEBIDAS,2,900,1800
300,9-7-2026,Tienda Sur,Bebida cola,bebidas,1,1500,1500
300,2026-07-09,Tienda Sur,Cerveza,Alcohol,3,3500,10500
300,9/7/2026,Tienda Sur,Mantequilla,Lácteos,1,2500,2500
300,2026-07-09,Tienda Sur,Papas fritas,Snacks,2,1800,3600
301,2026-06-28,Tienda Norte,Queso,Lácteos,1,4500,4500
301,2026/06/28,Tienda Norte,Té,café/té,1,2500,2500
302,2026-06-20,Tienda Mall,Azúcar,Café/Té,,1300,1300
302,20/6/2026,Tienda Mall, Bebida cola ,Bebidas,1,1500,1500
302,2026-06-20,Tienda Mall,Café,Café/Té,1,4000,4000
302,2026/06/20,Tienda Mall,Galletas,Snacks,1,1000,1000
303,2026-08-01,Tienda Mall,Cloro,Limpieza,2,1400,2800
303,2026/08/01,Tienda Mall,  Yogurt,Lácteos,3,800,2400
304,30-5-2026, Tienda Centro ,Agua mineral,Bebidas,3,900,2700
304,2026/05/30,Tienda Centro,Mantequilla,Lácteos,1,2500,2500
304,2026-05-30,Tienda Centro,Pan molde,Panadería,1,1800,1800
305,24/7/2026,Tienda Mall,Croissant,Panadería,1,900,900
305,2026-07-24, Tienda Mall ,Papas fritas,Snacks,1,1800,1800
306,2026/06/09,Tienda Sur,Croissant,Panadería,1,900,900
307,2026-06-16,Tienda Norte,Papas fritas,Snacks,1,1800,1800
307,2026-06-16,Tienda Norte  ,Pañales,Bebé,1,8000,8000
307,16/6/2026,Tienda Norte,  Toallitas húmedas,bebé,1,2200,2200
308,2026-06-20,Tienda Centro, Leche ,Lácteos,1,1200,1200
308,20-6-2026,Tienda Centro,  Maní,Snacks,1,1200,1200
309,2026-06-29,Tienda Norte,Esponjas,Limpieza,1,1200,1200
310,22-05-2026,Tienda Norte,Azúcar,Café/Té,1,1300,1300
310,2026/05/22,  Tienda Norte,Té,café/té,1,2500,2500
310,22/5/2026,  Tienda Norte,Vino tinto,Alcohol,2,5000,10.000
311,2026/06/24,  Tienda Centro,Cerveza,Alcohol,,3500,3500
311,2026-06-24,Tienda Centro, Mantequilla ,Lácteos,1,2500,2500
311,2026-06-24,Tienda Centro  , Maní ,Snacks,1,1200,1200
311,2026-06-24, Tienda Centro ,Pan molde  ,panadería,1,1800,1800
311,24-06-2026,Tienda Centro,  Queso,Lácteos,1,4500,4500
312,2026-07-07,Tienda Norte,Cerveza,ALCOHOL,2,3500,7000
312,2026/07/07,Tienda Norte,Leche,LÁCTEOS,1,1200,1200
312,2026-07-07,Tienda Norte, Pañales ,Bebé,2,8000,16000
312,7-7-2026,Tienda Norte,Toallitas húmedas,Bebé,1,2200,2200
313,26/5/2026,Tienda Mall,Mantequilla,Lácteos,3,2500,7500
313,26/5/2026, Tienda Mall ,Yogurt,Lácteos,2,800,1600
314,2026/07/30,  Tienda Mall,Bebida cola,Bebidas,1,1500,1500
314,2026-07-30,Tienda Mall,Maní,Snacks,2,1200,2400
315,2026/08/02,Tienda Sur,Cloro,Limpieza,2,1400,2800
316,2026-06-12,Tienda Norte, Croissant ,Panadería,2,900,1800
316,12/6/2026,Tienda Norte,Pan hallulla,Panadería,1,1500,1500
316,12-6-2026,Tienda Norte, Papas fritas ,Snacks,1,1800,1800
317,2026-07-18,Tienda Centro,Jugo naranja  ,Bebidas,1,1600,1600
317,18-7-2026,Tienda Centro,  Pañales,Bebé,1,8000,8000
318,2026-07-23,Tienda Norte,  Azúcar,CAFÉ/TÉ,1,1300,1300
318,2026-07-23,  Tienda Norte,Bebida cola,Bebidas,1,1500,1500
318,23/7/2026,Tienda Norte,Mantequilla,Lácteos,1,2500,2500
318,23-7-2026,Tienda Norte,Papas fritas,Snacks,2,1800,3600
319,2026-05-22,Tienda Sur,Cloro,Limpieza,1,1400,1400
320,29-06-2026,Tienda Centro,  Bebida cola,Bebidas,1,1500,1500
320,29-06-2026,Tienda Centro,Maní  ,Snacks,3,1200,3600
321,25-6-2026,Tienda Centro, Bebida cola ,bebidas,1,1500,1500
322,2026-08-18,Tienda Sur,Cerveza,Alcohol,2,3500,7000
322,2026-08-18,Tienda Sur,Croissant,Panadería,1,900,900
322,18-08-2026, Tienda Sur ,Pañales,Bebé,1,8000,8000
322,2026-08-18,Tienda Sur,Toallitas húmedas,Bebé,1,2200,2200
323,6-6-2026,Tienda Norte  ,Cerveza,Alcohol,1,3500,3500
323,6-6-2026,Tienda Norte,Papas fritas,Snacks,1,1800,1800
324,2026/05/30,Tienda Norte,Cerveza,Alcohol,1,3500,3500
324,2026-05-30,Tienda Norte  ,Pañales,Bebé,1,8000,8000
324,30/5/2026,Tienda Norte,  Toallitas húmedas,Bebé,1,2200,2200
325,2026-07-05,  Tienda Norte,Agua mineral,Bebidas,2,900,1800
325,2026-07-05,Tienda Norte,Galletas,Snacks,1,1000,1000
326,16-8-2026,Tienda Sur,Esponjas,Limpieza,1,1200,1200
326,16/8/2026, Tienda Sur ,Mantequilla,LÁCTEOS,2,2500,5000
326,2026-08-16,Tienda Sur  ,  Pan hallulla,PANADERÍA,3,1500,4500
326,2026-08-16,Tienda Sur  ,Toallitas húmedas,Bebé,1,2200,2200
327,2026-05-27, Tienda Sur ,  Pan molde,Panadería,1,1800,1800
327,2026-05-27,Tienda Sur,Yogurt,Lácteos,1,800,800
328,2026/06/02,Tienda Mall,Mantequilla  ,Lácteos,1,2500,2500
329,2026-05-28,Tienda Norte,Papas fritas,Snacks,1,1800,1800
330,9/8/2026,Tienda Centro,Agua mineral  ,Bebidas,1,900,900
330,09-08-2026,Tienda Centro,Croissant,Panadería,1,900,900
331,2026-08-11,Tienda Mall,Cerveza,ALCOHOL,1,3500,3500
331,2026/08/11,Tienda Mall,Croissant,Panadería,1,900,900
331,2026/08/11,  Tienda Mall,Leche,Lácteos,2,1200,2400
331,2026-08-11,Tienda Mall,Papas fritas,Snacks,1,1800,1800
332,2026-05-24,Tienda Mall,Queso,Lácteos,1,4500,4500
332,2026-05-24,Tienda Mall  ,Vino tinto,Alcohol,1,5000,5000
332,2026-05-24,  Tienda Mall,Yogurt,LÁCTEOS,1,800,800
333,2026-08-07,Tienda Norte,Azúcar,Café/Té,1,1300,1300
333,2026-08-07, Tienda Norte ,Café,CAFÉ/TÉ,1,4000,4000
333,7/8/2026, Tienda Norte ,Galletas,Snacks,1,1000,1000
333,2026-08-07,Tienda Norte,Maní,SNACKS,2,1200,2400
334,2026/06/21, Tienda Centro ,Azúcar,Café/Té,1,1300,1300
334,2026-06-21,Tienda Centro,Café,Café/Té,1,4000,4000
334,21-6-2026,Tienda Centro,Esponjas,Limpieza,1,1200,1200
334,21-06-2026,Tienda Centro,Vino tinto,ALCOHOL,1,5000,5000
335,2026/05/24,Tienda Sur,Azúcar,Café/Té,3,1300,3900
335,2026-05-24,Tienda Sur,Café,CAFÉ/TÉ,3,4000,12.000
336,2026-06-02,  Tienda Norte,Agua mineral,BEBIDAS,1,900,900
336,2026-06-02,Tienda Norte  ,Azúcar,Café/Té,3,1300,3900
336,2026-06-02,Tienda Norte,Pan hallulla,Panadería,1,1500,1500
337,12-06-2026,Tienda Norte,  Cerveza,Alcohol,2,3500,7000
337,12/6/2026,Tienda Norte,Esponjas,Limpieza,1,1200,1200
337,12/6/2026,Tienda Norte,Papas fritas,Snacks,1,1800,1800
338,2026-06-08,Tienda Norte,Azúcar  ,Café/Té,1,1300,1300
338,2026-06-08,Tienda Norte  ,Café,Café/Té,1,4000,4000
338,2026-06-08,Tienda Norte,Galletas,SNACKS,1,1000,1000
338,2026/06/08,Tienda Norte,Jugo naranja,Bebidas,1,1600,1600
339,2026-07-02,Tienda Norte,Cerveza,alcohol,1,3500,3500
339,2026/07/02,Tienda Norte,Esponjas,Limpieza,1,1200,1200
339,2026-07-02,Tienda Norte,Yogurt,Lácteos,1,800,800
340,08-06-2026,Tienda Centro,Croissant,Panadería,1,900,900
340,8-6-2026,Tienda Centro,Esponjas,Limpieza,1,1200,1200
340,08-06-2026,Tienda Centro,Vino tinto,Alcohol,1,5000,5000
341,2026-06-07,Tienda Norte, Café ,Café/Té,3,4000,12000
341,7-6-2026,Tienda Norte,Detergente,Limpieza,2,5500,11000
341,7/6/2026,Tienda Norte,Esponjas  ,Limpieza,1,1200,1200
341,2026-06-07,Tienda Norte, Maní ,Snacks,1,1200,1200
342,2026-06-12,Tienda Mall,Esponjas,limpieza,1,1200,1200
342,2026-06-12,Tienda Mall,Jugo naranja,Bebidas,2,1600,3200
343,2026-08-18,Tienda Mall,Pan hallulla,panadería,1,1500,1500
343,2026-08-18,Tienda Mall, Pañales ,Bebé,3,8000,24000
343,2026-08-18,Tienda Mall,Queso,Lácteos,1,4500,4500
343,2026-08-18,Tienda Mall,Toallitas húmedas,Bebé,2,2200,4400
343,2026-08-18,  Tienda Mall,Yogurt,Lácteos,1,800,800
344,2026-06-30,  Tienda Norte,Cloro,Limpieza,1,1400,1400
344,2026/06/30,Tienda Norte  ,Croissant,Panadería,2,900,1800
344,30/6/2026,Tienda Norte,Esponjas,Limpieza,1,1200,1200
345,2026-06-23,Tienda Norte,Croissant,Panadería,1,900,900
345,2026-06-23,Tienda Norte, Queso ,Lácteos,1,4500,4500
345,23-6-2026,Tienda Norte,Vino tinto,ALCOHOL,1,5000,5000
346,2026-07-13,Tienda Norte,Azúcar,Café/Té,2,1300,2600
346,2026-07-13,  Tienda Norte,Café,Café/Té,1,4000,4000
346,13-07-2026,Tienda Norte,Papas fritas,Snacks,1,1800,1800
346,2026-07-13,Tienda Norte  ,Vino tinto,Alcohol,1,5000,5000
347,2026-05-30,Tienda Centro,Agua mineral,Bebidas,1,900,900
347,30-05-2026,Tienda Centro,Cerveza,Alcohol,1,3500,3500
347,2026-05-30,Tienda Centro,Maní,SNACKS,2,1200,2400
348,2026-07-30,Tienda Centro,Café,CAFÉ/TÉ,1,4000,4000
348,2026-07-30,Tienda Centro,Toallitas húmedas,Bebé,1,2200,2200
349,2026-07-15,Tienda Norte,Cerveza,Alcohol,1,3500,3500
349,2026-07-15, Tienda Norte ,  Maní,SNACKS,2,1200,2400
349,2026/07/15,Tienda Norte,Papas fritas,Snacks,2,1800,3600
350,2026-06-23,Tienda Sur,Leche,LÁCTEOS,1,1200,1200
350,2026-06-23,Tienda Sur  ,Mantequilla,Lácteos,1,2500,2500
350,2026/06/23,Tienda Sur,Pan hallulla,Panadería,1,1500,1500
351,2026/06/01,Tienda Sur,Azúcar,Café/Té,1,1300,1300
351,2026-06-01,Tienda Sur,Café,Café/Té,2,4000,8000
351,2026/06/01,Tienda Sur,Cloro,Limpieza,1,1400,1400
351,2026-06-01,Tienda Sur,Detergente,Limpieza,1,5500,5500
351,1-6-2026, Tienda Sur ,Esponjas,LIMPIEZA,1,1200,1200
351,01-06-2026,Tienda Sur,Galletas,Snacks,1,1000,1000
351,2026-06-01,  Tienda Sur,Toallitas húmedas,Bebé,1,2200,2200
352,2026-07-29,Tienda Mall,Papas fritas  ,Snacks,1,1800,1800
353,17/7/2026,Tienda Centro,Agua mineral,Bebidas,1,900,900
353,2026-07-17,Tienda Centro,Galletas,Snacks,1,1000,1000
354,2026-05-28,Tienda Norte,Cloro,Limpieza,1,1400,1400
354,28-05-2026,Tienda Norte,Croissant,Panadería,2,900,1800
354,28-05-2026,Tienda Norte  ,Leche  ,lácteos,1,1200,1200
355,2026-08-04,Tienda Norte, Azúcar ,Café/Té,1,1300,1300
355,04-08-2026,  Tienda Norte,Papas fritas,Snacks,2,1800,3600
355,4/8/2026,Tienda Norte,Té,Café/Té,1,2500,2500
356,2026-06-20,  Tienda Mall,Esponjas,limpieza,1,1200,1200
356,2026-06-20,Tienda Mall,Papas fritas,SNACKS,1,1800,1800
357,2026-07-26,Tienda Norte,Galletas,Snacks,1,1000,1000
358,2026-06-11,Tienda Norte,Mantequilla,Lácteos,1,2500,2500
358,11-6-2026,Tienda Norte,  Maní,SNACKS,2,1200,2400
358,2026/06/11,Tienda Norte  ,  Pan hallulla,PANADERÍA,1,1500,1500
359,5/8/2026,Tienda Sur,Croissant  ,Panadería,1,900,900
359,2026-08-05,Tienda Sur,Papas fritas,Snacks,1,1800,1800
360,2026-06-25,Tienda Mall,Cerveza  ,alcohol,1,3500,3500
360,2026-06-25,Tienda Mall,Esponjas,Limpieza,2,1200,2400
360,2026-06-25,Tienda Mall,Mantequilla,Lácteos,3,2500,7500
360,2026-06-25,Tienda Mall,Pan molde,Panadería,3,1800,5400
360,25-06-2026,Tienda Mall,Pañales,Bebé,1,8000,8000
360,2026-06-25,Tienda Mall,Toallitas húmedas,Bebé,1,2200,2200
361,2026-06-26,Tienda Sur,Agua mineral,bebidas,1,900,900
361,2026/06/26,Tienda Sur,Detergente,Limpieza,1,5500,5500
361,2026-06-26,Tienda Sur,Papas fritas,SNACKS,1,1800,1800
362,6/8/2026,Tienda Mall,  Cerveza,Alcohol,1,3500,3500
362,2026-08-06,  Tienda Mall,  Maní,Snacks,1,1200,1200
363,2026-07-07,Tienda Centro, Agua mineral ,Bebidas,2,900,1800
363,2026/07/07,Tienda Centro,  Jugo naranja,Bebidas,2,1600,3200
364,16-8-2026,Tienda Centro,Bebida cola,BEBIDAS,1,1500,1500
364,16-08-2026,Tienda Centro,  Galletas,Snacks,2,1000,2000
364,16-08-2026,Tienda Centro,Jugo naranja  ,Bebidas,1,1600,1600
364,2026-08-16,Tienda Centro,Mantequilla,Lácteos,1,2500,2500
365,16-07-2026, Tienda Norte ,  Azúcar,Café/Té,1,1300,1300
365,16-07-2026,Tienda Norte,Café,Café/Té,1,4000,4000
365,16/7/2026,Tienda Norte,Maní,Snacks,2,1200,2400
365,16/7/2026,Tienda Norte,  Té,CAFÉ/TÉ,2,2500,5000
365,16-07-2026,  Tienda Norte,  Vino tinto,Alcohol,1,5000,5000
366,2026/06/14,Tienda Norte,Bebida cola,Bebidas,1,1500,1500
366,2026-06-14,Tienda Norte,Galletas,Snacks,1,1000,1000
366,2026/06/14,Tienda Norte,Mantequilla,Lácteos,1,2500,2500
366,2026-06-14,Tienda Norte  ,Pan hallulla,Panadería,3,1500,4500
366,14/6/2026,Tienda Norte,Papas fritas,Snacks,1,1800,1800
367,20-06-2026,Tienda Sur,Galletas,Snacks,3,1000,3000
367,2026-06-20, Tienda Sur ,Yogurt,Lácteos,1,800,800
368,2026-07-30, Tienda Sur ,Agua mineral,Bebidas,1,900,900
368,2026-07-30,Tienda Sur,Esponjas,Limpieza,1,1200,1200
369,2026-05-27,Tienda Norte, Bebida cola ,Bebidas,1,1500,1500
369,2026-05-27,Tienda Norte, Cloro ,Limpieza,2,1400,2800
369,2026/05/27,Tienda Norte,Detergente,Limpieza,3,5500,16.500
369,2026/05/27,Tienda Norte,Esponjas,Limpieza,1,1200,1200
369,27-5-2026,Tienda Norte,Queso,LÁCTEOS,1,4500,4500
370,2026/06/06,Tienda Norte,Agua mineral,Bebidas,2,900,1800
370,2026/06/06,Tienda Norte,  Bebida cola,Bebidas,1,1500,1500
370,06-06-2026,Tienda Norte,Pan molde,Panadería,2,1800,3600
371,2026-07-04,Tienda Mall,Galletas,Snacks,1,1000,1000
371,2026/07/04,Tienda Mall,Jugo naranja,Bebidas,2,1600,3200
372,10/7/2026,Tienda Centro, Cloro ,Limpieza,3,1400,4200
373,2026/07/07, Tienda Sur ,Azúcar,Café/Té,1,1300,1300
373,2026-07-07,Tienda Sur,Café,Café/Té,2,4000,8000
373,07-07-2026,Tienda Sur, Leche ,Lácteos,1,1200,1200
374,2026-08-12,Tienda Sur,Té,Café/Té,2,2500,5000
375,2026-08-05,Tienda Mall,Cloro,Limpieza,1,1400,1400
375,05-08-2026,Tienda Mall,  Mantequilla,Lácteos,1,2500,2500
375,2026-08-05,Tienda Mall, Pan molde ,Panadería,1,1800,1800
376,2026-05-25,Tienda Norte,Bebida cola,BEBIDAS,1,1500,1500
376,2026-05-25, Tienda Norte ,Esponjas,limpieza,1,1200,1200
377,2026-08-14,Tienda Sur, Cloro ,Limpieza,2,1400,2800
377,14-8-2026,Tienda Sur,Yogurt,LÁCTEOS,1,800,800
378,2/6/2026,  Tienda Mall,Agua mineral,Bebidas,2,900,1800
379,31/7/2026, Tienda Norte ,Bebida cola,Bebidas,1,1500,1500
379,31-7-2026,Tienda Norte,Cerveza  ,Alcohol,1,3500,3500
379,2026-07-31,Tienda Norte,Cloro  ,Limpieza,2,1400,2800
379,2026-07-31,  Tienda Norte,Croissant,Panadería,1,900,900
379,31/7/2026,  Tienda Norte,Detergente  ,Limpieza,2,5500,11000
379,2026-07-31,  Tienda Norte,Maní  ,Snacks,1,1200,1200
379,2026-07-31,  Tienda Norte,Papas fritas,Snacks,3,1800,5400
380,2026-05-30,Tienda Mall,Azúcar,Café/Té,1,1300,1300
380,30-5-2026, Tienda Mall ,Cloro,Limpieza,1,1400,1400
380,2026-05-30,Tienda Mall, Leche ,Lácteos,2,1200,2400
380,2026-05-30,  Tienda Mall, Té ,Café/Té,1,2500,2500
381,2026-06-15,Tienda Sur,Galletas,Snacks,1,1000,1000
381,2026-06-15,Tienda Sur,Pañales,Bebé,1,8000,8000
381,2026-06-15,Tienda Sur,Toallitas húmedas,Bebé,1,2200,2200
382,12-6-2026,Tienda Sur,Agua mineral,Bebidas,1,900,900
382,2026-06-12,Tienda Sur,Galletas,Snacks,1,1000,1000
382,12-6-2026,Tienda Sur,Mantequilla  ,Lácteos,2,2500,5000
382,2026-06-12,Tienda Sur, Pan molde ,panadería,2,1800,3600
383,2026-06-06,  Tienda Mall, Azúcar ,café/té,1,1300,1300
383,6/6/2026,Tienda Mall,Café,Café/Té,1,4000,4000
383,6/6/2026,Tienda Mall  ,Galletas,Snacks,1,1000,1000
383,6-6-2026,Tienda Mall,Maní,Snacks,1,1200,1200
383,2026-06-06,Tienda Mall,Papas fritas,Snacks,2,1800,3600
384,2026-06-14,Tienda Centro,Bebida cola,Bebidas,1,1500,1500
384,2026-06-14,Tienda Centro,Detergente,Limpieza,1,5500,5500
384,2026-06-14,Tienda Centro,Esponjas  ,LIMPIEZA,,1200,1200
384,2026-06-14,  Tienda Centro,Papas fritas  ,Snacks,1,1800,1800
385,27-6-2026,Tienda Mall,Azúcar,Café/Té,3,1300,3900
385,2026-06-27,Tienda Mall, Cerveza ,Alcohol,1,3500,3500
385,2026-06-27,  Tienda Mall,Maní,snacks,2,1200,2400
385,27-6-2026,Tienda Mall,Toallitas húmedas,Bebé,1,2200,2200
385,27/6/2026,Tienda Mall,Té,Café/Té,2,2500,5000
386,2026-07-11,Tienda Centro,Mantequilla,Lácteos,2,2500,5000
386,2026-07-11,Tienda Centro,Queso,Lácteos,1,4500,4500
387,11/6/2026,Tienda Centro,Cloro,Limpieza,1,1400,1400
387,2026-06-11,  Tienda Centro,Detergente,Limpieza,1,5500,5500
387,11-06-2026,Tienda Centro,Pan hallulla,Panadería,1,1500,1500
388,2026-05-23,Tienda Centro,Galletas,Snacks,1,1000,1000
388,2026-05-23,Tienda Centro,Maní,Snacks,1,1200,1200
388,2026/05/23,Tienda Centro,Papas fritas,Snacks,,1800,3600
389,16-06-2026,Tienda Centro,Cloro,limpieza,1,1400,1400
389,2026/06/16,Tienda Centro,Leche,Lácteos,1,1200,1200
390,2026-08-06,Tienda Norte,Leche,Lácteos,1,1200,1200
390,6/8/2026,Tienda Norte, Té ,Café/Té,1,2500,2500
391,2026-06-03,Tienda Mall,Queso,Lácteos,2,4500,9000
392,2026-07-26,Tienda Norte,Jugo naranja,Bebidas,1,1600,1600
392,2026-07-26,Tienda Norte,Maní,Snacks,1,1200,1200
393,2026-06-16,Tienda Mall  ,Cloro,Limpieza,1,1400,1400
393,2026-06-16,Tienda Mall  ,  Mantequilla,Lácteos,1,2500,2500
393,2026/06/16,Tienda Mall,Pan molde,Panadería,3,1800,5400
393,2026-06-16,Tienda Mall,Queso,Lácteos,2,4500,9000
394,30/5/2026,Tienda Centro,Bebida cola,bebidas,2,1500,3000
394,2026-05-30,Tienda Centro,Cloro,limpieza,2,1400,2800
394,30/5/2026,Tienda Centro,Detergente,Limpieza,1,5500,5500
394,2026-05-30, Tienda Centro ,Esponjas,Limpieza,1,1200,1200
394,2026-05-30,Tienda Centro,Galletas,Snacks,1,1000,1000
394,30/5/2026,Tienda Centro, Jugo naranja ,Bebidas,1,1600,1600
395,2026-05-26,Tienda Centro,Cloro,Limpieza,3,1400,4200
395,2026-05-26,Tienda Centro,  Detergente,limpieza,1,5500,5500
395,26/5/2026,Tienda Centro, Yogurt ,lácteos,2,800,1600
396,07-07-2026,Tienda Sur,Papas fritas,Snacks,1,1800,1800
397,18-7-2026,Tienda Sur,Azúcar,Café/Té,,1300,1300
397,2026-07-18,Tienda Sur,Café  ,Café/Té,1,4000,4000
397,2026-07-18,Tienda Sur  ,Esponjas,LIMPIEZA,1,1200,1200
397,2026/07/18, Tienda Sur ,Maní,SNACKS,3,1200,3600
398,2026-06-10, Tienda Centro ,Azúcar,Café/Té,1,1300,1300
398,10-06-2026,Tienda Centro,Café,café/té,1,4000,4000
398,10/6/2026,Tienda Centro,Pañales,Bebé,1,8000,8000
399,2026-06-06,Tienda Mall,Galletas,Snacks,,1000,1000
399,2026/06/06,Tienda Mall,Leche,LÁCTEOS,2,1200,2400
399,2026/06/06,Tienda Mall,Mantequilla,LÁCTEOS,1,2500,2500
399,2026-06-06, Tienda Mall ,Maní  ,Snacks,,1200,2400
399,06-06-2026,Tienda Mall,Pan hallulla,Panadería,2,1500,3000
400,2026-06-18,Tienda Sur,  Esponjas,limpieza,1,1200,1200
400,2026/06/18,Tienda Sur  ,Toallitas húmedas,Bebé,1,2200,2200
401,2026-06-21,Tienda Mall,Cloro,limpieza,1,1400,1400
401,2026-06-21,Tienda Mall,Detergente,Limpieza,3,5500,16500
402,27-05-2026, Tienda Centro ,Café,Café/Té,1,4000,4000
402,2026-05-27,Tienda Centro,Galletas,Snacks,1,1000,1000
402,27-05-2026,Tienda Centro,Té,CAFÉ/TÉ,3,2500,7500
402,27-5-2026,Tienda Centro,Yogurt,Lácteos,1,800,800
403,18/6/2026,Tienda Mall,Bebida cola,Bebidas,2,1500,3000
403,2026-06-18,Tienda Mall,Croissant,Panadería,1,900,900
404,23-07-2026,Tienda Mall,Azúcar,Café/Té,2,1300,2600
404,2026-07-23,Tienda Mall,  Café,Café/Té,2,4000,8000
404,2026-07-23,Tienda Mall,Cloro,Limpieza,3,1400,4200
404,23-7-2026,Tienda Mall,Detergente,Limpieza,1,5500,5500
405,25-7-2026,Tienda Norte,Cerveza,Alcohol,1,3500,3500
405,2026-07-25,Tienda Norte,Galletas,snacks,2,1000,2000
405,2026/07/25, Tienda Norte ,Vino tinto,Alcohol,1,5000,5000
406,2026-08-13,Tienda Sur  ,Bebida cola,Bebidas,1,1500,1500
406,13/8/2026, Tienda Sur ,Cloro,Limpieza,1,1400,1400
406,13-08-2026,Tienda Sur,  Leche,Lácteos,2,1200,2400
406,2026-08-13,Tienda Sur,Papas fritas,SNACKS,1,1800,1800
407,7/7/2026,Tienda Centro  ,Yogurt,Lácteos,1,800,800
408,2026-07-12,Tienda Centro,Leche,Lácteos,3,1200,3600
408,12-07-2026,Tienda Centro,  Queso,Lácteos,1,4500,4500
409,18-7-2026,Tienda Norte,Leche,Lácteos,1,1200,1200
409,18/7/2026,Tienda Norte,  Maní,Snacks,2,1200,2400
409,2026-07-18,Tienda Norte,  Pan hallulla,Panadería,1,1500,1500
410,2026-08-13,Tienda Norte,Azúcar,Café/Té,1,1300,1300
410,2026-08-13,Tienda Norte,  Pan hallulla,Panadería,1,1500,1500
410,2026-08-13,Tienda Norte,Pan molde,panadería,2,1800,3600
410,13-8-2026,Tienda Norte,Té,CAFÉ/TÉ,1,2500,2500
411,2026-07-09,Tienda Sur,Maní,Snacks,3,1200,3600
411,9-7-2026, Tienda Sur ,Papas fritas,Snacks,2,1800,3600
412,2026-06-21,Tienda Sur,  Cerveza,Alcohol,1,3500,3500
412,21-06-2026,Tienda Sur,Jugo naranja,Bebidas,2,1600,3200
412,2026-06-21,  Tienda Sur,Maní,Snacks,2,1200,2400
412,2026/06/21,Tienda Sur,Papas fritas,Snacks,1,1800,1800
413,2026-08-18,Tienda Sur,Azúcar,Café/Té,1,1300,1300
413,2026/08/18,Tienda Sur,Cloro,Limpieza,1,1400,1400
413,18/8/2026,Tienda Sur,Detergente,Limpieza,1,5500,5500
413,18/8/2026,Tienda Sur,Queso,Lácteos,3,4500,13500
414,2026-08-12,Tienda Norte,Cloro,Limpieza,1,1400,1400
414,12/8/2026,Tienda Norte,Detergente,Limpieza,1,5500,5500
414,2026-08-12,Tienda Norte,Esponjas,Limpieza,1,1200,1200
415,14/8/2026,Tienda Mall,Azúcar,Café/Té,2,1300,2600
415,14-8-2026,Tienda Mall,Jugo naranja,Bebidas,,1600,1600
415,14-8-2026,Tienda Mall, Maní ,Snacks,1,1200,1200
416,8-6-2026,Tienda Centro,Agua mineral,Bebidas,3,900,2700
416,8/6/2026,Tienda Centro,  Queso,Lácteos,1,4500,4500
416,8/6/2026,Tienda Centro,  Yogurt,Lácteos,1,800,800
417,2026-05-28,  Tienda Sur,Azúcar,Café/Té,1,1300,1300
417,2026-05-28,Tienda Sur  ,Mantequilla  ,lácteos,1,2500,2500
417,2026-05-28, Tienda Sur ,Pan hallulla,Panadería,1,1500,1500
418,2026-06-18, Tienda Mall ,Esponjas,Limpieza,1,1200,1200
418,2026-06-18,  Tienda Mall,Jugo naranja,Bebidas,1,1600,1600
419,2026-07-08,Tienda Mall,Cerveza,Alcohol,2,3500,7000
419,2026/07/08,Tienda Mall,Cloro,LIMPIEZA,1,1400,1400
419,2026-07-08,Tienda Mall,Maní  ,Snacks,2,1200,2400
420,16-7-2026,Tienda Norte, Detergente ,Limpieza,1,5500,5500
420,2026-07-16,Tienda Norte,Esponjas,Limpieza,1,1200,1200
420,2026-07-16,Tienda Norte,Pañales,BEBÉ,1,8000,8000
420,16-7-2026,Tienda Norte,  Queso,LÁCTEOS,1,4500,4500
420,16-07-2026,Tienda Norte,Toallitas húmedas,Bebé,1,2200,2200
420,16-07-2026,Tienda Norte, Vino tinto ,Alcohol,1,5000,5000
421,2026/07/14,Tienda Sur,Mantequilla,Lácteos,1,2500,2500
421,2026-07-14, Tienda Sur ,Yogurt,Lácteos,1,800,800
422,02-07-2026,Tienda Mall,Cerveza,Alcohol,1,3500,3500
422,2-7-2026,Tienda Mall,Mantequilla,LÁCTEOS,2,2500,5000
422,02-07-2026,Tienda Mall  ,Pan hallulla,Panadería,1,1500,1500
423,30-05-2026,Tienda Sur, Azúcar ,Café/Té,1,1300,1300
423,30-5-2026, Tienda Sur ,Té  ,café/té,1,2500,2500
423,2026/05/30,Tienda Sur,Yogurt,Lácteos,1,800,800
424,1/6/2026, Tienda Sur , Cloro ,Limpieza,1,1400,1400
424,01-06-2026, Tienda Sur ,Queso,LÁCTEOS,1,4500,4500
425,17-06-2026,Tienda Mall,  Cloro,Limpieza,1,1400,1400
425,17-06-2026,Tienda Mall, Detergente ,Limpieza,1,5500,5500
425,2026-06-17,Tienda Mall,Leche,Lácteos,2,1200,2400
425,2026-06-17,Tienda Mall,Mantequilla,Lácteos,1,2500,2500
425,17/6/2026,  Tienda Mall,Pan molde,panadería,2,1800,3600
425,2026-06-17,Tienda Mall,Queso,lácteos,1,4500,4500
426,22-06-2026,Tienda Sur,Té,café/té,1,2500,2500
427,2026-07-25,Tienda Mall,Cloro,Limpieza,3,1400,4200
427,2026-07-25,Tienda Mall,Detergente,Limpieza,1,5500,5500
427,25/7/2026,Tienda Mall, Jugo naranja ,bebidas,3,1600,4800
428,2026-07-28,  Tienda Centro,Cloro,Limpieza,1,1400,1400
428,2026-07-28,Tienda Centro,Detergente,Limpieza,1,5500,5500
428,2026-07-28,Tienda Centro,Queso,Lácteos,1,4500,4500
429,18-08-2026,Tienda Mall  , Cloro ,Limpieza,1,1400,1400
429,2026/08/18,Tienda Mall,  Croissant,PANADERÍA,2,900,1800
429,2026-08-18,Tienda Mall,Mantequilla,Lácteos,1,2500,2500
430,2026/05/30,Tienda Centro,Agua mineral,bebidas,1,900,900
431,2026-08-02,Tienda Norte,Detergente  ,limpieza,1,5500,5500
431,2026-08-02,Tienda Norte, Esponjas ,Limpieza,1,1200,1200
431,2026-08-02,Tienda Norte,  Galletas,Snacks,1,1000,1000
431,02-08-2026,Tienda Norte,Maní,Snacks,2,1200,2400
431,2026/08/02,  Tienda Norte,Papas fritas,Snacks,1,1800,1800
432,2026/08/03,Tienda Centro,Azúcar  ,CAFÉ/TÉ,1,1300,1300
432,3-8-2026,Tienda Centro,Croissant,Panadería,1,900,900
432,2026-08-03,Tienda Centro,Té,Café/Té,2,2500,5000
432,2026-08-03,Tienda Centro,  Vino tinto,Alcohol,1,5000,5000
433,10-07-2026,Tienda Centro  ,Azúcar,Café/Té,1,1300,1300
433,10/7/2026,Tienda Centro,Bebida cola,Bebidas,2,1500,3000
433,10/7/2026,Tienda Centro,  Papas fritas,Snacks,1,1800,1800
434,10-08-2026,Tienda Norte,Cloro,limpieza,1,1400,1400
434,2026-08-10,Tienda Norte,Detergente,Limpieza,1,5500,5500
434,2026-08-10,Tienda Norte,Vino tinto  ,alcohol,1,5000,5000
435,10/7/2026,Tienda Centro,Queso,lácteos,1,4500,4500
435,10-7-2026,Tienda Centro,Vino tinto,Alcohol,1,5000,5000
436,2026-06-10,Tienda Norte,Agua mineral,Bebidas,1,900,900
436,2026-06-10,Tienda Norte,Queso,Lácteos,1,4500,4500
437,2026/08/01,Tienda Centro,Azúcar,Café/Té,1,1300,1300
437,2026-08-01,Tienda Centro,Detergente,Limpieza,1,5500,5500
437,2026/08/01,Tienda Centro,Esponjas  ,Limpieza,2,1200,2400
437,2026/08/01,Tienda Centro,Galletas,Snacks,1,1000,1000
438,2026/07/02,Tienda Sur  ,Cloro,Limpieza,1,1400,1400
438,2026-07-02,Tienda Sur,Detergente,Limpieza,1,5500,5500
438,2026-07-02,Tienda Sur,Esponjas,Limpieza,1,1200,1200
439,2026-07-02,Tienda Sur,Cerveza,ALCOHOL,1,3500,3500
439,2026/07/02,Tienda Sur,Mantequilla,Lácteos,2,2500,5000
439,2026/07/02,Tienda Sur,Pañales,Bebé,2,8000,16000
439,2/7/2026,Tienda Sur,Vino tinto,ALCOHOL,1,5000,5000
440,2026-06-25,Tienda Sur  ,Cerveza,alcohol,1,3500,3500
441,2026-06-29,  Tienda Mall,Detergente,Limpieza,2,5500,11000
441,2026-06-29, Tienda Mall ,Yogurt,Lácteos,1,800,800
442,2026-07-28,Tienda Norte,  Croissant,panadería,2,900,1800
442,2026-07-28, Tienda Norte ,Detergente  ,Limpieza,1,5500,5500
443,2026-08-03,Tienda Mall  ,Azúcar,Café/Té,1,1300,1300
443,03-08-2026,Tienda Mall,  Mantequilla,Lácteos,1,2500,2500
443,2026-08-03,Tienda Mall, Pan hallulla ,Panadería,1,1500,1500
443,2026-08-03,Tienda Mall,  Queso,Lácteos,,4500,4500
444,2026-08-04,Tienda Sur,  Azúcar,Café/Té,1,1300,1300
444,4/8/2026,Tienda Sur,Té,Café/Té,1,2500,2500
445,2026/08/13,Tienda Norte, Cloro ,Limpieza,2,1400,2800
445,2026-08-13,Tienda Norte  ,Toallitas húmedas,Bebé,1,2200,2200
445,13/8/2026,  Tienda Norte,Yogurt,Lácteos,1,800,800
446,2026/08/01,Tienda Norte,Azúcar,CAFÉ/TÉ,1,1300,1300
446,2026/08/01, Tienda Norte ,Café,Café/Té,2,4000,8000
446,2026-08-01,Tienda Norte,Galletas,Snacks,1,1000,1000
446,2026-08-01,Tienda Norte,Mantequilla,Lácteos,1,2500,2500
446,2026-08-01,Tienda Norte,Pan hallulla,Panadería,1,1500,1500
446,1-8-2026,Tienda Norte,Queso,Lácteos,1,4500,4500
446,2026-08-01,Tienda Norte,Vino tinto,Alcohol,3,5000,15000
447,2026-07-01,Tienda Centro,Agua mineral,Bebidas,1,900,900
447,2026-07-01,Tienda Centro,Cloro  ,Limpieza,1,1400,1400
447,2026-07-01,Tienda Centro,Detergente  ,Limpieza,1,5500,5500
447,2026-07-01,Tienda Centro, Té ,CAFÉ/TÉ,1,2500,2500
448,2026-05-30,Tienda Sur, Azúcar ,CAFÉ/TÉ,1,1300,1300
448,2026-05-30,  Tienda Sur, Bebida cola ,BEBIDAS,2,1500,3000
448,2026/05/30,Tienda Sur,Té,Café/Té,2,2500,5000
449,21-5-2026,Tienda Norte,Bebida cola,Bebidas,1,1500,1500
449,2026-05-21,Tienda Norte,Croissant,panadería,1,900,900
450,10-6-2026,  Tienda Sur,Bebida cola,Bebidas,1,1500,1500
450,2026/06/10,Tienda Sur,Cloro,Limpieza,1,1400,1400
450,2026-06-10,Tienda Sur,Leche,LÁCTEOS,1,1200,1200
451,2026-07-21,Tienda Norte,Cloro,limpieza,1,1400,1400
451,2026-07-21, Tienda Norte ,Detergente,Limpieza,1,5500,5500
451,2026-07-21,Tienda Norte,Esponjas,Limpieza,1,1200,1200
451,2026-07-21,Tienda Norte,Maní,SNACKS,1,1200,1200
452,2026-08-02, Tienda Norte ,Agua mineral,Bebidas,3,900,2700
453,2026-07-26, Tienda Mall ,  Detergente,Limpieza,1,5500,5500
453,2026/07/26,Tienda Mall,Esponjas,Limpieza,1,1200,1200
453,26-7-2026,Tienda Mall,Pañales,Bebé,3,8000,24000
453,26-7-2026,Tienda Mall,Toallitas húmedas,bebé,2,2200,4400
454,2026-06-11,Tienda Norte,  Cerveza,Alcohol,1,3500,3500
454,11/6/2026, Tienda Norte ,Mantequilla,LÁCTEOS,1,2500,2500
454,2026-06-11,Tienda Norte  ,Pañales,Bebé,2,8000,16.000
454,2026-06-11,Tienda Norte,  Toallitas húmedas,Bebé,1,2200,2200
455,2026-07-18,  Tienda Centro,Mantequilla,Lácteos,1,2500,2500
455,2026/07/18,Tienda Centro,Papas fritas,Snacks,1,1800,1800
456,2026-07-24,Tienda Mall,Leche,LÁCTEOS,1,1200,1200
456,24-07-2026,Tienda Mall  ,Toallitas húmedas,bebé,1,2200,2200
456,24/7/2026,Tienda Mall,Yogurt,lácteos,1,800,800
457,2026-07-28,Tienda Centro,Cloro,Limpieza,1,1400,1400
458,2026-08-06,  Tienda Centro,  Cloro,limpieza,1,1400,1400
458,6-8-2026,Tienda Centro,Detergente,Limpieza,1,5500,5500
458,2026-08-06,Tienda Centro,Maní  ,Snacks,1,1200,1200
459,21-07-2026,Tienda Mall  ,Cerveza,Alcohol,1,3500,3500
459,2026/07/21,Tienda Mall,Esponjas,limpieza,1,1200,1200
459,21-7-2026,Tienda Mall  ,Pañales,Bebé,2,8000,16000
459,21-07-2026,Tienda Mall,Toallitas húmedas  ,bebé,1,2200,2200
460,2026-07-29,Tienda Mall,  Esponjas,Limpieza,1,1200,1200
460,29-7-2026,  Tienda Mall,Pan molde,Panadería,1,1800,1800
460,29-07-2026,Tienda Mall,Queso,LÁCTEOS,1,4500,4500
461,16-6-2026,Tienda Sur,Leche,Lácteos,1,1200,1200
461,16/6/2026,Tienda Sur,Mantequilla,Lácteos,1,2500,2500
462,23-06-2026,Tienda Mall,Agua mineral,Bebidas,3,900,2700
462,2026-06-23,Tienda Mall,Toallitas húmedas,Bebé,1,2200,2200
463,2026-06-16,Tienda Mall,Azúcar,Café/Té,1,1300,1300
463,16/6/2026,  Tienda Mall,Café,Café/Té,3,4000,12000
464,02-08-2026,Tienda Sur,  Cloro,Limpieza,1,1400,1400
464,2026-08-02,Tienda Sur,Mantequilla,Lácteos,1,2500,2500
464,2026-08-02,Tienda Sur,Papas fritas,Snacks,2,1800,3600
465,10/6/2026,Tienda Centro,Cerveza,ALCOHOL,1,3500,3500
465,2026-06-10, Tienda Centro ,Papas fritas,Snacks,1,1800,1800
466,9-7-2026,Tienda Centro,Azúcar,café/té,1,1300,1300
466,9-7-2026,Tienda Centro,Café,CAFÉ/TÉ,1,4000,4000
466,09-07-2026, Tienda Centro ,Galletas,Snacks,1,1000,1000
466,9-7-2026,Tienda Centro,Mantequilla,Lácteos,1,2500,2500
466,2026-07-09,Tienda Centro  ,Toallitas húmedas  ,Bebé,3,2200,6600
467,2026-08-07,Tienda Sur,Pan hallulla,Panadería,1,1500,1500
467,7-8-2026,  Tienda Sur,Toallitas húmedas,bebé,1,2200,2200
467,07-08-2026, Tienda Sur ,Yogurt,Lácteos,2,800,1600
468,26-6-2026,Tienda Norte,Toallitas húmedas,Bebé,1,2200,2200
469,2026-08-18,Tienda Norte,Cloro,Limpieza,3,1400,4200
469,2026-08-18,Tienda Norte,Mantequilla,Lácteos,2,2500,5000
469,2026-08-18,Tienda Norte,Pan hallulla,Panadería,1,1500,1500
469,18-8-2026,Tienda Norte,Queso,Lácteos,1,4500,4500
469,18-08-2026,Tienda Norte,Vino tinto,Alcohol,1,5000,5000
470,2026/07/26,  Tienda Centro,Azúcar,CAFÉ/TÉ,2,1300,2600
470,26-07-2026,Tienda Centro, Croissant ,Panadería,1,900,900
470,2026-07-26,Tienda Centro,Jugo naranja,bebidas,1,1600,1600
471,4/7/2026, Tienda Sur ,Galletas,Snacks,3,1000,3000
471,2026-07-04,Tienda Sur  ,Queso,Lácteos,1,4500,4500
472,2026/06/23,Tienda Norte,Azúcar,café/té,1,1300,1300
472,2026-06-23,Tienda Norte,Leche,Lácteos,1,1200,1200
473,2026-06-04,Tienda Sur,  Agua mineral,Bebidas,1,900,900
473,2026/06/04,Tienda Sur  ,Esponjas,limpieza,1,1200,1200
473,2026-06-04,Tienda Sur  , Pañales ,bebé,1,8000,8000
473,04-06-2026,Tienda Sur  ,Toallitas húmedas,Bebé,2,2200,4400
474,2026-08-16,Tienda Mall,Café,Café/Té,2,4000,8000
474,2026-08-16,Tienda Mall,Galletas,Snacks,2,1000,2000
474,2026-08-16,Tienda Mall,Leche,Lácteos,1,1200,1200
474,16-8-2026,Tienda Mall,Mantequilla,lácteos,1,2500,2500
474,16-8-2026,Tienda Mall,Pan molde,Panadería,1,1800,1800
475,18-8-2026,Tienda Sur,  Croissant,Panadería,1,900,900
475,2026/08/18,Tienda Sur,Papas fritas,Snacks,2,1800,3600
476,30/5/2026,Tienda Norte,  Queso,Lácteos,1,4500,4500
476,2026/05/30,Tienda Norte,Vino tinto,Alcohol,3,5000,15000
477,16-08-2026,Tienda Norte,Bebida cola  ,Bebidas,2,1500,3000
477,16-8-2026,Tienda Norte,Queso,Lácteos,,4500,4500
478,2026/06/15,Tienda Norte,Leche,lácteos,1,1200,1200
478,2026-06-15,Tienda Norte,  Mantequilla,Lácteos,3,2500,7500
478,15/6/2026,  Tienda Norte,Queso,Lácteos,1,4500,4500
478,2026-06-15,Tienda Norte,Vino tinto,Alcohol,1,5000,5000
479,2026-07-29, Tienda Centro , Cerveza ,Alcohol,2,3500,7000
479,2026-07-29,Tienda Centro  ,Queso,Lácteos,1,4500,4500
479,29/7/2026, Tienda Centro ,Toallitas húmedas,BEBÉ,3,2200,6600
479,29-07-2026,Tienda Centro, Vino tinto ,Alcohol,2,5000,10.000
480,25-06-2026, Tienda Mall ,Mantequilla  ,Lácteos,1,2500,2500
480,2026-06-25,Tienda Mall,Pañales,Bebé,1,8000,8000
480,2026-06-25,Tienda Mall,Toallitas húmedas  ,Bebé,1,2200,2200
481,2026-07-10,Tienda Norte,Esponjas,limpieza,1,1200,1200
481,2026-07-10, Tienda Norte ,Leche,LÁCTEOS,1,1200,1200
482,2026/05/22,Tienda Centro,Leche,Lácteos,1,1200,1200
482,2026-05-22,Tienda Centro,Papas fritas,snacks,1,1800,1800
482,2026-05-22,Tienda Centro,Pañales,Bebé,1,8000,8000
482,2026-05-22,Tienda Centro,Toallitas húmedas,Bebé,1,2200,2200
483,2026-08-07,  Tienda Sur,  Azúcar,Café/Té,1,1300,1300
483,2026-08-07,  Tienda Sur,Café,CAFÉ/TÉ,2,4000,8000
483,2026-08-07,Tienda Sur,Maní  ,Snacks,1,1200,1200
484,2026/06/13,Tienda Norte,Agua mineral  ,BEBIDAS,1,900,900
484,13-06-2026,Tienda Norte,Bebida cola  ,Bebidas,,1500,3000
484,2026-06-13,Tienda Norte,Cloro  ,Limpieza,1,1400,1400
484,13-06-2026,Tienda Norte,Leche,Lácteos,2,1200,2400
485,2026-06-09,Tienda Mall  ,Azúcar,Café/Té,1,1300,1300
485,2026-06-09,Tienda Mall,Café,Café/Té,1,4000,4000
485,2026/06/09, Tienda Mall , Maní ,SNACKS,1,1200,1200
485,2026-06-09,Tienda Mall,Yogurt,Lácteos,1,800,800
486,2026-06-22,Tienda Centro,Esponjas,Limpieza,1,1200,1200
486,2026-06-22,Tienda Centro,Yogurt  ,Lácteos,2,800,1600
487,2026-07-20,Tienda Centro,Agua mineral,Bebidas,3,900,2700
487,2026-07-20,Tienda Centro,Cerveza,ALCOHOL,1,3500,3500
487,20-07-2026,Tienda Centro,Papas fritas,Snacks,1,1800,1800
488,5-6-2026,Tienda Sur,Pañales,Bebé,1,8000,8000
488,2026-06-05,Tienda Sur,  Queso,lácteos,2,4500,9000
488,2026/06/05,Tienda Sur,Toallitas húmedas,Bebé,1,2200,2200
489,15-8-2026,Tienda Mall  ,Croissant,Panadería,1,900,900
489,2026/08/15, Tienda Mall ,Galletas,Snacks,1,1000,1000
489,15-08-2026,Tienda Mall,Papas fritas,snacks,3,1800,5400
490,2026-06-11,Tienda Sur  ,Pañales,Bebé,1,8000,8000
490,2026-06-11,Tienda Sur, Toallitas húmedas ,Bebé,1,2200,2200
491,30/6/2026,Tienda Sur,Agua mineral,Bebidas,1,900,900
491,2026/06/30,Tienda Sur,Esponjas,Limpieza,1,1200,1200
491,2026-06-30,Tienda Sur, Toallitas húmedas ,Bebé,1,2200,2200
492,6-7-2026,Tienda Mall,Mantequilla,Lácteos,1,2500,2500
492,6/7/2026,Tienda Mall,Pan molde,Panadería,2,1800,3600
492,06-07-2026,Tienda Mall,Queso,Lácteos,2,4500,9000
492,2026-07-06,Tienda Mall,  Yogurt,lácteos,1,800,800
493,2026-07-10,Tienda Centro  ,  Azúcar,CAFÉ/TÉ,1,1300,1300
493,2026-07-10,Tienda Centro,Café,CAFÉ/TÉ,2,4000,8000
493,2026-07-10,Tienda Centro,Galletas,Snacks,1,1000,1000
494,2026-06-23,Tienda Norte  ,Papas fritas,Snacks,1,1800,1800
495,2026-06-21,Tienda Sur,Mantequilla,lácteos,1,2500,2500
495,21-06-2026,  Tienda Sur,Té,Café/Té,1,2500,2500
496,01-07-2026,Tienda Mall,Agua mineral,Bebidas,1,900,900
496,2026-07-01, Tienda Mall ,Azúcar,Café/Té,1,1300,1300
497,18-08-2026,Tienda Norte,Detergente,LIMPIEZA,1,5500,5500
497,2026-08-18,Tienda Norte,Galletas,Snacks,1,1000,1000
498,28/7/2026,Tienda Sur,Azúcar,Café/Té,1,1300,1300
498,2026-07-28,Tienda Sur,Bebida cola,Bebidas,1,1500,1500
498,2026-07-28,Tienda Sur,Café,Café/Té,2,4000,8000
498,28-7-2026,Tienda Sur  ,Croissant,Panadería,2,900,1800
498,2026-07-28,Tienda Sur,Papas fritas,SNACKS,1,1800,1800
499,2026-07-20,Tienda Centro,  Azúcar,café/té,1,1300,1300
499,20/7/2026, Tienda Centro ,Café,Café/Té,1,4000,4000
499,20-07-2026,Tienda Centro,Jugo naranja,Bebidas,2,1600,3200
499,20/7/2026,Tienda Centro,Pan molde,Panadería,1,1800,1800
500,2026-06-21,Tienda Norte,Bebida cola,Bebidas,2,1500,3000
500,21-6-2026,Tienda Norte,Cloro,Limpieza,2,1400,2800
500,2026-06-21,Tienda Norte,Detergente,Limpieza,2,5500,11.000
500,21-06-2026,Tienda Norte,Papas fritas,Snacks,1,1800,1800
501,2026-06-26,Tienda Sur,  Croissant,Panadería,1,900,900
501,2026-06-26,Tienda Sur,Yogurt,lácteos,1,800,800
502,2026-07-18,Tienda Mall,Azúcar,Café/Té,1,1300,1300
502,18-7-2026,Tienda Mall,Café,CAFÉ/TÉ,1,4000,4000
502,2026/07/18,Tienda Mall  ,Galletas,Snacks,1,1000,1000
502,2026-07-18,Tienda Mall,Toallitas húmedas,Bebé,1,2200,2200
503,2026-06-24,  Tienda Norte,Bebida cola,Bebidas,1,1500,1500
503,2026-06-24,Tienda Norte  ,Croissant  ,Panadería,2,900,1800
503,2026-06-24,  Tienda Norte,Mantequilla,Lácteos,3,2500,7500
503,2026-06-24,Tienda Norte,Pan molde,Panadería,1,1800,1800
503,2026-06-24, Tienda Norte ,Papas fritas,Snacks,2,1800,3600
504,2026-07-02,  Tienda Centro,Agua mineral,Bebidas,1,900,900
504,2/7/2026,  Tienda Centro,Mantequilla,Lácteos,1,2500,2500
504,2/7/2026,Tienda Centro,Pan hallulla,Panadería,2,1500,3000
504,02-07-2026,Tienda Centro,Queso  ,Lácteos,2,4500,9000
505,22-5-2026,Tienda Centro,Bebida cola,Bebidas,3,1500,4500
505,22-5-2026,Tienda Centro,Esponjas,limpieza,1,1200,1200
505,22-5-2026,Tienda Centro,Galletas  ,snacks,2,1000,2000
505,2026/05/22,Tienda Centro, Papas fritas ,Snacks,1,1800,1800
506,2026-08-14,Tienda Norte,Cloro,limpieza,3,1400,4200
506,2026-08-14,Tienda Norte,Jugo naranja,bebidas,1,1600,1600
507,2026-05-26,Tienda Centro  ,Cloro,limpieza,2,1400,2800
507,2026-05-26,Tienda Centro,Detergente,Limpieza,1,5500,5500
507,2026-05-26,Tienda Centro,Jugo naranja,Bebidas,1,1600,1600
508,2026/08/10, Tienda Mall ,Agua mineral  ,Bebidas,1,900,900
508,2026-08-10,Tienda Mall,Yogurt,LÁCTEOS,1,800,800
509,21/6/2026,Tienda Centro,Azúcar,Café/Té,1,1300,1300
509,21-6-2026,Tienda Centro,Café,Café/Té,1,4000,4000
509,2026/06/21,Tienda Centro,Esponjas,Limpieza,3,1200,3600
509,21-6-2026,Tienda Centro,Pañales,Bebé,2,8000,16000
509,21/6/2026,Tienda Centro,  Toallitas húmedas,Bebé,1,2200,2200
510,2026-07-05,Tienda Norte,Azúcar,Café/Té,2,1300,2600
510,2026-07-05,Tienda Norte,  Café,Café/Té,2,4000,8000
510,2026-07-05,Tienda Norte,Leche,LÁCTEOS,2,1200,2400
510,2026-07-05,Tienda Norte,Mantequilla,Lácteos,1,2500,2500
511,14-06-2026,Tienda Centro,Agua mineral,Bebidas,1,900,900
511,14-06-2026,Tienda Centro,Mantequilla,Lácteos,1,2500,2500
511,14-06-2026,Tienda Centro  ,Vino tinto  ,Alcohol,1,5000,5000
512,2026-08-18,Tienda Mall,Yogurt,Lácteos,1,800,800
513,01-07-2026,Tienda Mall, Azúcar ,Café/Té,1,1300,1300
513,2026-07-01, Tienda Mall ,Toallitas húmedas,Bebé,1,2200,2200
514,17/7/2026,Tienda Sur,Azúcar,Café/Té,1,1300,1300
514,17/7/2026,Tienda Sur,Galletas,SNACKS,1,1000,1000
514,2026-07-17,Tienda Sur,Queso,Lácteos,1,4500,4500
514,2026-07-17,  Tienda Sur,Vino tinto,Alcohol,1,5000,5000
515,06-07-2026,Tienda Norte, Cloro ,Limpieza,3,1400,4200
515,2026-07-06,  Tienda Norte,Croissant,Panadería,2,900,1800
516,2026-06-14,Tienda Mall,Jugo naranja,bebidas,1,1600,1600
516,2026-06-14,Tienda Mall,  Mantequilla,Lácteos,1,2500,2500
516,2026-06-14,Tienda Mall,Toallitas húmedas,Bebé,1,2200,2200
517,2026-07-26,  Tienda Centro,Mantequilla,Lácteos,1,2500,2500
518,2026-05-25, Tienda Norte ,Queso,Lácteos,1,4500,4500
519,2-8-2026,Tienda Mall,Esponjas,LIMPIEZA,1,1200,1200
519,2026/08/02,Tienda Mall,Toallitas húmedas,Bebé,1,2200,2200
519,2026-08-02, Tienda Mall , Té ,Café/Té,2,2500,5000
520,2026/05/22,Tienda Norte,Cloro,Limpieza,3,1400,4200
520,22-05-2026, Tienda Norte ,Croissant  ,PANADERÍA,1,900,900
520,2026-05-22,Tienda Norte,Detergente,Limpieza,1,5500,5500
520,22-05-2026,Tienda Norte, Galletas ,SNACKS,2,1000,2000
521,07-08-2026,Tienda Sur,  Croissant,PANADERÍA,1,900,900
521,2026-08-07,Tienda Sur  ,Jugo naranja,Bebidas,1,1600,1600
522,2026/07/26,Tienda Centro,Bebida cola  ,Bebidas,1,1500,1500
523,2026-07-27,Tienda Norte,  Azúcar,Café/Té,2,1300,2600
523,27-07-2026,Tienda Norte,Yogurt,Lácteos,1,800,800
524,2026-06-03,Tienda Sur  ,Cloro,Limpieza,2,1400,2800
524,2026-06-03,Tienda Sur,Esponjas,limpieza,1,1200,1200
524,3-6-2026,Tienda Sur,Maní,Snacks,1,1200,1200
525,11-07-2026,Tienda Sur,Azúcar,Café/Té,3,1300,3900
525,11-07-2026,Tienda Sur,Galletas,Snacks,2,1000,2000
525,2026-07-11,Tienda Sur,Toallitas húmedas,bebé,1,2200,2200
526,2026/07/01,Tienda Sur,Detergente,Limpieza,1,5500,5500
526,2026/07/01,Tienda Sur,Esponjas,Limpieza,1,1200,1200
526,1/7/2026,Tienda Sur,Maní,SNACKS,1,1200,1200
527,2026-07-30,Tienda Sur  ,Galletas,Snacks,1,1000,1000
527,2026-07-30,Tienda Sur, Papas fritas ,Snacks,1,1800,1800
528,2026/06/26, Tienda Centro ,Jugo naranja,Bebidas,2,1600,3200
528,2026-06-26,Tienda Centro,Mantequilla,lácteos,1,2500,2500
528,2026/06/26,  Tienda Centro, Pan molde ,Panadería,2,1800,3600
528,26-06-2026,Tienda Centro  , Queso ,Lácteos,1,4500,4500
529,2026-06-25,Tienda Norte,Galletas,Snacks,1,1000,1000
530,2026-06-07,Tienda Sur,Bebida cola,bebidas,1,1500,1500
530,2026/06/07,Tienda Sur,Papas fritas,snacks,2,1800,3600
530,2026-06-07,Tienda Sur,  Pañales,Bebé,2,8000,16000
530,2026/06/07,Tienda Sur, Toallitas húmedas ,Bebé,2,2200,4400
531,2026-07-21,Tienda Norte  ,Cerveza,Alcohol,1,3500,3500
531,2026-07-21,  Tienda Norte,Esponjas,Limpieza,1,1200,1200
531,2026-07-21,Tienda Norte,Pañales,BEBÉ,2,8000,16000
532,8-7-2026,Tienda Centro,Cerveza,Alcohol,1,3500,3500
532,08-07-2026,  Tienda Centro,Maní,Snacks,1,1200,1200
532,2026-07-08,Tienda Centro  , Queso ,lácteos,1,4500,4500
532,2026/07/08,Tienda Centro,  Vino tinto,alcohol,1,5000,5000
533,2026-08-09,Tienda Mall,Azúcar,Café/Té,1,1300,1300
533,9/8/2026,Tienda Mall,Té,Café/Té,1,2500,2500
534,2026-07-24,Tienda Norte  ,Cloro,Limpieza,2,1400,2800
535,2026/07/10,Tienda Mall,Azúcar,Café/Té,1,1300,1300
535,10/7/2026, Tienda Mall ,  Croissant,Panadería,1,900,900
535,10-7-2026,Tienda Mall,Pañales,Bebé,1,8000,8000
535,2026-07-10,Tienda Mall,Toallitas húmedas,BEBÉ,1,2200,2200
535,10-7-2026,Tienda Mall,Té,Café/Té,1,2500,2500
536,2026-05-31,Tienda Mall,Esponjas  ,Limpieza,2,1200,2400
536,2026-05-31,Tienda Mall,Mantequilla  ,Lácteos,1,2500,2500
537,2026-06-15,Tienda Mall,Pañales,BEBÉ,1,8000,8000
537,2026-06-15,Tienda Mall,Queso,Lácteos,1,4500,4500
537,2026/06/15,Tienda Mall  ,Toallitas húmedas,bebé,1,2200,2200
538,2026-07-15,Tienda Sur,Croissant,Panadería,1,900,900
538,2026/07/15,Tienda Sur,Leche  ,Lácteos,1,1200,1200
538,15-07-2026,Tienda Sur, Pañales ,Bebé,1,8000,8000
538,2026-07-15,Tienda Sur,Toallitas húmedas,Bebé,1,2200,2200
539,2026-06-29,Tienda Norte  ,Galletas  ,Snacks,1,1000,1000
539,29/6/2026,Tienda Norte,Mantequilla,Lácteos,1,2500,2500
539,2026-06-29,  Tienda Norte,Pan hallulla  ,Panadería,2,1500,3000
539,29/6/2026,Tienda Norte,Queso,lácteos,1,4500,4500
539,2026-06-29,Tienda Norte,Toallitas húmedas,Bebé,2,2200,4400
540,2026-06-21,Tienda Norte,Cerveza,Alcohol,1,3500,3500
540,2026-06-21,Tienda Norte,Jugo naranja  ,Bebidas,1,1600,1600
540,2026-06-21,  Tienda Norte,Maní,SNACKS,1,1200,1200
540,21/6/2026,Tienda Norte,Pan molde,panadería,1,1800,1800
540,2026-06-21,Tienda Norte  ,Papas fritas,Snacks,1,1800,1800
540,2026-06-21,Tienda Norte,Queso,Lácteos,1,4500,4500
541,2026-06-08,Tienda Centro,Azúcar,CAFÉ/TÉ,1,1300,1300
541,2026-06-08,Tienda Centro,Cloro,Limpieza,1,1400,1400
541,2026-06-08,Tienda Centro,Té,Café/Té,2,2500,5000
542,2026-08-08,Tienda Sur,Detergente,Limpieza,1,5500,5500
542,08-08-2026,Tienda Sur,Esponjas,Limpieza,1,1200,1200
543,2026-08-13,Tienda Sur,Detergente,Limpieza,2,5500,11.000
543,2026-08-13,Tienda Sur,Jugo naranja  ,Bebidas,1,1600,1600
543,13/8/2026,Tienda Sur,Mantequilla,lácteos,,2500,2500
543,13-08-2026,Tienda Sur,Pan molde,Panadería,1,1800,1800
544,2026-06-15,Tienda Mall,Esponjas,Limpieza,1,1200,1200
544,2026-06-15,Tienda Mall,Mantequilla  ,Lácteos,1,2500,2500
544,2026-06-15,Tienda Mall,Pan molde,Panadería,2,1800,3600
545,2026-05-23,Tienda Sur,Detergente,Limpieza,2,5500,11000
545,2026-05-23,Tienda Sur,Jugo naranja,Bebidas,1,1600,1600
545,2026-05-23,Tienda Sur,Queso,LÁCTEOS,2,4500,9000
545,2026-05-23,Tienda Sur,Vino tinto,Alcohol,2,5000,10000
546,2026-05-24,Tienda Sur,  Cerveza,Alcohol,1,3500,3500
546,2026-05-24,Tienda Sur,Maní,Snacks,3,1200,3600
546,2026-05-24,Tienda Sur, Papas fritas ,Snacks,,1800,1800
547,2026-08-09,Tienda Norte, Mantequilla ,Lácteos,1,2500,2500
547,2026-08-09,Tienda Norte,Pañales,Bebé,1,8000,8000
547,2026-08-09,Tienda Norte,Toallitas húmedas,Bebé,1,2200,2200
548,12-08-2026,Tienda Norte,Cloro,Limpieza,2,1400,2800
548,2026-08-12,Tienda Norte,Queso,Lácteos,1,4500,4500
549,27-7-2026,Tienda Norte, Detergente ,limpieza,1,5500,5500
549,2026-07-27,Tienda Norte  ,Mantequilla,Lácteos,1,2500,2500
550,2026-06-05,Tienda Norte,Mantequilla,Lácteos,1,2500,2500
550,2026-06-05,  Tienda Norte,Pan molde,Panadería,1,1800,1800
551,16-07-2026,Tienda Sur,Queso,Lácteos,1,4500,4500
552,2026/06/13,Tienda Centro,Agua mineral,Bebidas,1,900,900
552,2026-06-13,Tienda Centro  ,Pañales,Bebé,1,8000,8000
552,2026/06/13,Tienda Centro,Toallitas húmedas,Bebé,1,2200,2200
553,2026-07-21,Tienda Norte, Café ,Café/Té,2,4000,8000
553,2026/07/21,Tienda Norte,Toallitas húmedas,Bebé,1,2200,2200
554,07-06-2026,Tienda Norte, Mantequilla ,Lácteos,3,2500,7500
554,2026-06-07,Tienda Norte,Pan hallulla,Panadería,3,1500,4500
555,18/6/2026,Tienda Norte,Croissant,Panadería,2,900,1800
555,2026/06/18,Tienda Norte,Galletas,Snacks,1,1000,1000
555,2026/06/18,Tienda Norte,Yogurt,Lácteos,1,800,800
556,2026-07-18,Tienda Norte,Pan hallulla,Panadería,1,1500,1500
556,2026-07-18,Tienda Norte,Toallitas húmedas  ,BEBÉ,1,2200,2200
557,2/8/2026,Tienda Centro,Galletas,snacks,1,1000,1000
557,2026-08-02, Tienda Centro , Pan hallulla ,PANADERÍA,3,1500,4500
557,02-08-2026,Tienda Centro,Queso,Lácteos,1,4500,4500
558,9/7/2026,  Tienda Centro,Galletas  ,snacks,1,1000,1000
559,2026/06/28,Tienda Sur,  Jugo naranja,Bebidas,1,1600,1600
559,2026-06-28, Tienda Sur ,Maní,Snacks,1,1200,1200
560,26-07-2026,Tienda Norte, Cloro ,limpieza,1,1400,1400
560,2026-07-26,Tienda Norte, Detergente ,Limpieza,1,5500,5500
560,26/7/2026,Tienda Norte,Galletas,Snacks,2,1000,2000
561,2026-07-29,Tienda Norte,Cerveza,ALCOHOL,2,3500,7000
561,29-07-2026, Tienda Norte , Galletas ,Snacks,2,1000,2000
561,2026-07-29,Tienda Norte,Papas fritas,Snacks,2,1800,3600
562,01-06-2026,Tienda Sur  , Detergente ,Limpieza,1,5500,5500
562,2026-06-01,Tienda Sur, Esponjas ,limpieza,1,1200,1200
563,2026-07-17,Tienda Sur,Esponjas,Limpieza,1,1200,1200
564,2026-07-25,Tienda Norte,Pan hallulla,Panadería,1,1500,1500
564,25-07-2026, Tienda Norte ,Papas fritas,Snacks,1,1800,1800
565,2026-06-09,Tienda Norte,Esponjas,LIMPIEZA,2,1200,2400
565,09-06-2026,Tienda Norte,Mantequilla,Lácteos,1,2500,2500
565,2026-06-09,Tienda Norte,Pan hallulla,Panadería,1,1500,1500
565,9-6-2026,  Tienda Norte,Yogurt  ,Lácteos,1,800,800
566,2026-06-06,Tienda Norte,Agua mineral,Bebidas,1,900,900
567,2026-07-23,Tienda Mall,Pan molde,Panadería,1,1800,1800
567,2026-07-23,Tienda Mall,Queso,Lácteos,1,4500,4500
567,23/7/2026,Tienda Mall, Toallitas húmedas ,Bebé,1,2200,2200
568,31-05-2026,Tienda Centro,Agua mineral,Bebidas,1,900,900
568,2026-05-31,Tienda Centro,Azúcar  ,Café/Té,1,1300,1300
569,16-06-2026,Tienda Centro,Pan hallulla,Panadería,2,1500,3000
569,2026-06-16,Tienda Centro,Queso  ,lácteos,1,4500,4500
570,2026/08/06,Tienda Sur,Croissant,Panadería,,900,900
570,2026-08-06,Tienda Sur,Mantequilla,Lácteos,1,2500,2500
570,6/8/2026,Tienda Sur,Pan hallulla,Panadería,1,1500,1500
571,18-08-2026,Tienda Norte,Croissant,PANADERÍA,2,900,1800
571,2026/08/18,Tienda Norte,Pan hallulla,Panadería,1,1500,1500
571,2026/08/18,Tienda Norte, Pañales ,BEBÉ,1,8000,8000
571,2026-08-18,Tienda Norte  ,Toallitas húmedas,Bebé,1,2200,2200
571,18-08-2026,Tienda Norte,Vino tinto,Alcohol,2,5000,10.000
572,2026-07-02,Tienda Mall,Esponjas,limpieza,1,1200,1200
572,2/7/2026,Tienda Mall,Queso,Lácteos,,4500,4500
573,2026-08-09,Tienda Centro,Esponjas,Limpieza,3,1200,3600
573,2026-08-09,Tienda Centro,Toallitas húmedas,Bebé,3,2200,6600
574,26/6/2026, Tienda Mall ,Agua mineral,Bebidas,1,900,900
574,2026-06-26,Tienda Mall, Cerveza ,Alcohol,1,3500,3500
574,2026-06-26,Tienda Mall,Té,Café/Té,2,2500,5000
575,23-07-2026,Tienda Mall,Bebida cola,bebidas,,1500,1500
575,23-07-2026,Tienda Mall,Esponjas,limpieza,1,1200,1200
575,2026-07-23,  Tienda Mall,Papas fritas  ,Snacks,1,1800,1800
575,23-7-2026,Tienda Mall  ,Toallitas húmedas,Bebé,2,2200,4400
576,16-06-2026,Tienda Mall,Cerveza,Alcohol,1,3500,3500
576,2026-06-16,Tienda Mall,Maní,Snacks,1,1200,1200
576,2026-06-16,Tienda Mall,  Vino tinto,ALCOHOL,2,5000,10000
577,29-6-2026,Tienda Sur  ,Cerveza,Alcohol,3,3500,10500
577,29-06-2026,Tienda Sur,Mantequilla,Lácteos,2,2500,5000
577,2026-06-29, Tienda Sur ,Pan molde,PANADERÍA,1,1800,1800
577,2026/06/29,  Tienda Sur,Papas fritas,Snacks,2,1800,3600
577,29-6-2026,Tienda Sur,Queso,Lácteos,3,4500,13500
578,2026-07-21,Tienda Mall,Café,Café/Té,1,4000,4000
578,21/7/2026,Tienda Mall,Cloro,Limpieza,2,1400,2800
578,2026-07-21,  Tienda Mall,  Detergente,LIMPIEZA,,5500,16.500
578,2026-07-21,Tienda Mall,Mantequilla,Lácteos,1,2500,2500
579,26-07-2026,  Tienda Sur,Cerveza,Alcohol,1,3500,3500
579,2026/07/26, Tienda Sur ,Cloro,Limpieza,1,1400,1400
579,2026-07-26,Tienda Sur,Maní,SNACKS,,1200,2400
579,2026-07-26,Tienda Sur,Papas fritas,SNACKS,2,1800,3600
580,2026/05/29,  Tienda Norte,Cerveza,alcohol,1,3500,3500
580,2026-05-29,Tienda Norte  ,  Pan molde,Panadería,1,1800,1800
581,29-6-2026,Tienda Sur,Agua mineral,Bebidas,1,900,900
581,29/6/2026,Tienda Sur,Croissant,panadería,1,900,900
581,29-6-2026,  Tienda Sur,Maní,Snacks,1,1200,1200
582,2026-06-28,Tienda Norte,Leche,LÁCTEOS,1,1200,1200
582,2026-06-28,Tienda Norte  ,Yogurt,Lácteos,1,800,800
583,2026-06-15,Tienda Centro,Azúcar,Café/Té,2,1300,2600
583,15-6-2026,Tienda Centro,Café,café/té,1,4000,4000
583,15-6-2026,Tienda Centro,Pan molde,PANADERÍA,1,1800,1800
583,15-06-2026,  Tienda Centro,  Queso,Lácteos,2,4500,9000
584,2026-06-02,Tienda Norte  ,Galletas,snacks,1,1000,1000
584,2026/06/02,Tienda Norte,Mantequilla,Lácteos,1,2500,2500
584,2026-06-02,Tienda Norte,Pan hallulla,Panadería,1,1500,1500
585,5/8/2026,Tienda Centro,Leche,Lácteos,1,1200,1200
585,2026-08-05,Tienda Centro,Pan hallulla,Panadería,1,1500,1500
586,2026-06-29,Tienda Norte,Jugo naranja  ,Bebidas,1,1600,1600
586,29-6-2026,Tienda Norte,Queso,LÁCTEOS,1,4500,4500
587,16-7-2026,Tienda Centro,Agua mineral  ,Bebidas,1,900,900
587,2026/07/16,Tienda Centro,Yogurt,Lácteos,3,800,2400
588,31/7/2026,Tienda Centro,  Azúcar,Café/Té,1,1300,1300
588,2026-07-31,Tienda Centro,Queso,Lácteos,2,4500,9000
588,31-7-2026,Tienda Centro,Vino tinto,Alcohol,1,5000,5000
589,2026-06-21,Tienda Norte,Toallitas húmedas,bebé,2,2200,4400
590,2026-07-29,Tienda Mall  ,Mantequilla,LÁCTEOS,1,2500,2500
590,2026-07-29,Tienda Mall,Pan molde,Panadería,1,1800,1800
591,14-07-2026,Tienda Mall,Toallitas húmedas,bebé,2,2200,4400
592,2026-08-09,Tienda Mall,Cerveza,Alcohol,1,3500,3500
592,9/8/2026,Tienda Mall  ,Jugo naranja  ,bebidas,3,1600,4800
592,2026/08/09,Tienda Mall,Queso,lácteos,2,4500,9000
593,19-7-2026, Tienda Norte ,Esponjas,Limpieza,1,1200,1200
594,2026-07-18,Tienda Sur,Azúcar,Café/Té,2,1300,2600
594,18-07-2026,Tienda Sur,Café,CAFÉ/TÉ,1,4000,4000
594,18-7-2026,Tienda Sur,Esponjas,Limpieza,2,1200,2400
594,2026-07-18,Tienda Sur,Galletas,Snacks,1,1000,1000
595,2026-08-18, Tienda Sur ,  Azúcar,Café/Té,1,1300,1300
595,2026-08-18,  Tienda Sur,Café,Café/Té,2,4000,8000
595,2026/08/18,Tienda Sur,Cerveza,alcohol,1,3500,3500
595,18/8/2026,Tienda Sur,Galletas,Snacks,1,1000,1000
595,2026-08-18,Tienda Sur,Papas fritas,SNACKS,1,1800,1800
596,2026-06-03,Tienda Sur,Croissant,Panadería,1,900,900
596,2026/06/03,Tienda Sur,Jugo naranja,BEBIDAS,1,1600,1600
597,12-07-2026,Tienda Norte,Azúcar,CAFÉ/TÉ,2,1300,2600
597,2026-07-12, Tienda Norte ,Café,Café/Té,1,4000,4000
597,12/7/2026,Tienda Norte, Yogurt ,Lácteos,2,800,1600
598,2026/07/15,  Tienda Sur,Bebida cola,bebidas,1,1500,1500
598,15-07-2026,Tienda Sur,Yogurt,Lácteos,3,800,2400
599,02-08-2026,Tienda Mall,Toallitas húmedas,Bebé,1,2200,2200
600,2026-07-31,Tienda Centro,Jugo naranja,BEBIDAS,1,1600,1600
600,31/7/2026,Tienda Centro  ,Papas fritas,Snacks,1,1800,1800
600,2026-07-31,Tienda Centro,Yogurt,LÁCTEOS,2,800,1600
601,2026-07-08,Tienda Sur,Cloro  ,Limpieza,2,1400,2800
601,8-7-2026,Tienda Sur,  Mantequilla,Lácteos,2,2500,5000
601,2026-07-08,  Tienda Sur,Pan hallulla,Panadería,1,1500,1500
602,21-05-2026,Tienda Norte  ,Azúcar,Café/Té,1,1300,1300
602,21-5-2026,Tienda Norte,  Galletas,Snacks,1,1000,1000
602,2026-05-21,Tienda Norte,Jugo naranja,Bebidas,1,1600,1600
603,2026-08-16,Tienda Sur,Cloro,Limpieza,2,1400,2800
603,16-08-2026,Tienda Sur  ,Jugo naranja,Bebidas,3,1600,4800
604,04-07-2026,Tienda Centro  ,Azúcar,Café/Té,1,1300,1300
604,4-7-2026,Tienda Centro, Toallitas húmedas ,Bebé,1,2200,2200
604,4-7-2026,Tienda Centro, Té ,Café/Té,1,2500,2500
605,2026/07/30,Tienda Centro, Azúcar ,Café/Té,2,1300,2600
606,2026-07-05,Tienda Centro,  Bebida cola,Bebidas,1,1500,1500
606,2026-07-05,Tienda Centro,Maní,Snacks,1,1200,1200
606,05-07-2026,Tienda Centro,Pan molde,PANADERÍA,1,1800,1800
606,5/7/2026,Tienda Centro  ,  Papas fritas,Snacks,1,1800,1800
607,2026-07-20, Tienda Norte ,Papas fritas  ,Snacks,2,1800,3600
608,6-7-2026,Tienda Mall,Cloro,Limpieza,,1400,1400
609,22-5-2026,Tienda Centro,  Azúcar,Café/Té,1,1300,1300
609,2026-05-22,Tienda Centro,Café  ,café/té,1,4000,4000
609,2026-05-22,Tienda Centro,Cloro,Limpieza,1,1400,1400
609,2026-05-22,Tienda Centro,Mantequilla,LÁCTEOS,1,2500,2500
610,18/8/2026,Tienda Mall,Galletas,Snacks,1,1000,1000
610,18-08-2026,Tienda Mall,Maní,Snacks,1,1200,1200
610,2026-08-18,Tienda Mall,Té,café/té,1,2500,2500
611,06-08-2026,Tienda Centro, Bebida cola ,Bebidas,1,1500,1500
611,2026/08/06,Tienda Centro,Esponjas  ,Limpieza,1,1200,1200
612,6-7-2026, Tienda Centro ,Café,Café/Té,3,4000,12.000
612,2026-07-06,Tienda Centro, Esponjas ,Limpieza,3,1200,3600
612,2026-07-06,Tienda Centro,Galletas,snacks,2,1000,2000
612,2026/07/06,Tienda Centro  ,Pañales,Bebé,1,8000,8000
612,6-7-2026,Tienda Centro,Toallitas húmedas,Bebé,1,2200,2200
612,2026-07-06, Tienda Centro ,Vino tinto,Alcohol,2,5000,10.000
613,2026-06-01,Tienda Norte,Cloro,limpieza,1,1400,1400
613,2026/06/01,  Tienda Norte, Croissant ,panadería,1,900,900
614,2026-08-03,Tienda Sur,Azúcar,Café/Té,1,1300,1300
614,2026-08-03,Tienda Sur,Cerveza,Alcohol,3,3500,10500
614,2026-08-03,Tienda Sur,Mantequilla,Lácteos,2,2500,5000
614,2026-08-03,  Tienda Sur,Pan molde,Panadería,1,1800,1800
614,2026-08-03,Tienda Sur,Papas fritas,Snacks,1,1800,1800
615,2026-08-05,Tienda Sur,Agua mineral,Bebidas,1,900,900
615,5-8-2026,Tienda Sur  ,Pan hallulla,PANADERÍA,2,1500,3000
615,05-08-2026,Tienda Sur,Pañales,Bebé,1,8000,8000
615,2026-08-05,Tienda Sur,Toallitas húmedas,bebé,1,2200,2200
616,2026/06/06, Tienda Centro ,Agua mineral,Bebidas,1,900,900
616,6/6/2026,Tienda Centro,Mantequilla,Lácteos,2,2500,5000
616,2026-06-06,Tienda Centro,Toallitas húmedas,Bebé,1,2200,2200
617,2026-06-04,Tienda Norte,Cloro,Limpieza,1,1400,1400
617,4-6-2026,  Tienda Norte,Galletas,Snacks,2,1000,2000
617,2026-06-04,Tienda Norte,Mantequilla,Lácteos,1,2500,2500
617,2026/06/04,Tienda Norte,  Vino tinto,alcohol,2,5000,10000
618,25/5/2026,Tienda Sur,  Café,Café/Té,1,4000,4000
618,2026-05-25,Tienda Sur  ,Galletas  ,Snacks,1,1000,1000
618,2026/05/25, Tienda Sur ,Mantequilla,LÁCTEOS,1,2500,2500
618,25-5-2026,Tienda Sur,Maní,snacks,2,1200,2400
618,25-05-2026,Tienda Sur,Toallitas húmedas,BEBÉ,1,2200,2200
619,2026-08-11, Tienda Sur ,Leche,Lácteos,1,1200,1200
619,2026-08-11,Tienda Sur, Mantequilla ,Lácteos,3,2500,7500
619,11-8-2026,Tienda Sur,Pan hallulla,Panadería,3,1500,4500
619,11-08-2026,Tienda Sur,Yogurt,Lácteos,1,800,800
620,2026-08-16,Tienda Mall,Mantequilla,Lácteos,1,2500,2500
620,2026-08-16,Tienda Mall,  Té,CAFÉ/TÉ,3,2500,7500
621,2026-07-17,Tienda Mall,  Azúcar,CAFÉ/TÉ,2,1300,2600
621,2026/07/17,Tienda Mall,Cloro,limpieza,1,1400,1400
621,17/7/2026,  Tienda Mall,Pan hallulla,Panadería,1,1500,1500
621,2026-07-17, Tienda Mall ,Té,Café/Té,1,2500,2500
622,2026-06-24,Tienda Sur,  Agua mineral,Bebidas,1,900,900
622,24-6-2026,Tienda Sur, Detergente ,Limpieza,1,5500,5500
622,2026-06-24,Tienda Sur,Pañales,BEBÉ,1,8000,8000
622,2026-06-24,Tienda Sur, Toallitas húmedas ,Bebé,1,2200,2200
623,2026-06-13,Tienda Sur,Cloro,Limpieza,1,1400,1400
623,2026/06/13,Tienda Sur,Pan molde,Panadería,1,1800,1800
623,2026-06-13,Tienda Sur,Queso,LÁCTEOS,1,4500,4500
624,2026-06-18,Tienda Sur,Pan hallulla,Panadería,1,1500,1500
624,2026-06-18, Tienda Sur ,Pan molde,Panadería,1,1800,1800
624,2026-06-18,Tienda Sur, Queso ,Lácteos,1,4500,4500
625,2026-06-05,Tienda Centro,  Cloro,Limpieza,2,1400,2800
625,2026/06/05,Tienda Centro,  Mantequilla,lácteos,1,2500,2500
625,2026-06-05,Tienda Centro,Papas fritas,Snacks,2,1800,3600
626,2026-06-13,Tienda Centro,Agua mineral,Bebidas,1,900,900
626,2026-06-13,Tienda Centro,Galletas,Snacks,1,1000,1000
626,13-06-2026,Tienda Centro,Jugo naranja,Bebidas,1,1600,1600
627,2026/06/25,Tienda Mall,  Agua mineral,bebidas,2,900,1800
627,25-6-2026,Tienda Mall, Cerveza ,Alcohol,1,3500,3500
627,2026/06/25,Tienda Mall,Cloro,Limpieza,1,1400,1400
627,2026/06/25,Tienda Mall,Maní,snacks,1,1200,1200
627,25/6/2026,Tienda Mall,Papas fritas,Snacks,3,1800,5400
628,23-06-2026,Tienda Norte,Azúcar,café/té,1,1300,1300
628,2026/06/23,Tienda Norte,Café,Café/Té,1,4000,4000
628,23/6/2026,  Tienda Norte, Galletas ,Snacks,2,1000,2000
628,2026-06-23,Tienda Norte,Queso,Lácteos,,4500,4500
629,2026/08/11,Tienda Centro,Agua mineral,BEBIDAS,1,900,900
629,2026/08/11,Tienda Centro,Esponjas  ,Limpieza,,1200,1200
629,2026-08-11,Tienda Centro,Leche,Lácteos,2,1200,2400
629,2026/08/11,Tienda Centro,Mantequilla,Lácteos,1,2500,2500
629,2026-08-11,  Tienda Centro,Pan hallulla,Panadería,1,1500,1500
630,2026-05-25,  Tienda Mall,Cerveza,Alcohol,1,3500,3500
630,2026-05-25,Tienda Mall,Esponjas,Limpieza,3,1200,3600
631,2026-07-22,Tienda Mall,  Azúcar,Café/Té,1,1300,1300
631,2026-07-22,Tienda Mall,  Croissant,PANADERÍA,1,900,900
632,2026-08-17,Tienda Mall  ,Azúcar,Café/Té,3,1300,3900
633,5/7/2026,Tienda Sur,Cloro,Limpieza,1,1400,1400
633,5-7-2026, Tienda Sur ,Detergente,Limpieza,2,5500,11000
633,05-07-2026,Tienda Sur,  Pan hallulla,Panadería,2,1500,3000
633,2026-07-05,Tienda Sur,Papas fritas,snacks,1,1800,1800
634,15-6-2026,Tienda Norte  ,Cloro  ,LIMPIEZA,1,1400,1400
634,2026-06-15,Tienda Norte,Papas fritas  ,snacks,1,1800,1800
635,2026-06-03,  Tienda Sur, Detergente ,limpieza,1,5500,5500
635,3/6/2026,Tienda Sur,Esponjas,limpieza,2,1200,2400
635,3-6-2026,Tienda Sur,Galletas,SNACKS,1,1000,1000
636,2026-07-22,Tienda Mall,Azúcar,Café/Té,1,1300,1300
637,23-07-2026,Tienda Mall,Cerveza,Alcohol,1,3500,3500
637,2026-07-23,Tienda Mall,Mantequilla,Lácteos,1,2500,2500
637,2026-07-23,Tienda Mall,  Pan hallulla,Panadería,3,1500,4500
637,2026-07-23,Tienda Mall,Pan molde,Panadería,1,1800,1800
637,2026/07/23,Tienda Mall,Papas fritas,snacks,1,1800,1800
638,12/8/2026,Tienda Centro,Mantequilla,Lácteos,1,2500,2500
638,2026-08-12,Tienda Centro,Pan hallulla,Panadería,1,1500,1500
638,12-08-2026,Tienda Centro,Toallitas húmedas,Bebé,2,2200,4400
639,2/6/2026,Tienda Mall,Croissant,Panadería,1,900,900
639,2/6/2026,Tienda Mall,Leche,Lácteos,1,1200,1200
639,2/6/2026,Tienda Mall,Pañales,Bebé,1,8000,8000
639,2/6/2026,Tienda Mall,Toallitas húmedas,Bebé,1,2200,2200
640,15/8/2026,Tienda Mall,Cloro,LIMPIEZA,3,1400,4200
640,2026/08/15,Tienda Mall,Pañales,bebé,1,8000,8000
640,15-08-2026,Tienda Mall,Toallitas húmedas,Bebé,1,2200,2200
641,2026-06-12,Tienda Sur,Agua mineral,Bebidas,1,900,900
642,13-7-2026,Tienda Norte,Azúcar,Café/Té,1,1300,1300
642,13-07-2026,Tienda Norte,Galletas,snacks,1,1000,1000
642,2026/07/13,Tienda Norte,Yogurt,Lácteos,,800,800
643,2026-08-09,Tienda Mall,Azúcar,Café/Té,2,1300,2600
643,2026-08-09, Tienda Mall ,Café,CAFÉ/TÉ,1,4000,4000
643,9-8-2026,Tienda Mall,Croissant,Panadería,2,900,1800
643,9-8-2026, Tienda Mall ,Mantequilla,Lácteos,2,2500,5000
643,9/8/2026,Tienda Mall,Pan molde,Panadería,1,1800,1800
643,2026/08/09,Tienda Mall,Queso,Lácteos,1,4500,4500
644,2026-08-10,Tienda Sur,Bebida cola,Bebidas,1,1500,1500
644,2026/08/10,  Tienda Sur,Maní,Snacks,1,1200,1200
645,13-06-2026,Tienda Mall  ,Cloro,Limpieza,1,1400,1400
645,2026-06-13,Tienda Mall,Croissant,panadería,1,900,900
645,13-6-2026,Tienda Mall,Detergente  ,Limpieza,1,5500,5500
645,13/6/2026,Tienda Mall,Esponjas,Limpieza,,1200,1200
645,2026/06/13,Tienda Mall,  Jugo naranja,Bebidas,1,1600,1600
646,2026/07/29,Tienda Norte,Cloro,Limpieza,,1400,1400
646,2026-07-29,Tienda Norte  ,Detergente,Limpieza,1,5500,5500
646,2026-07-29,Tienda Norte, Esponjas ,Limpieza,2,1200,2400
647,2026-07-20,Tienda Mall,Cloro  ,limpieza,3,1400,4200
648,27-05-2026,Tienda Sur,Agua mineral  ,Bebidas,1,900,900
648,2026-05-27,Tienda Sur,Maní,Snacks,2,1200,2400
649,2026-07-18,Tienda Centro, Pan hallulla ,Panadería,2,1500,3000
649,2026-07-18,Tienda Centro,Queso  ,Lácteos,1,4500,4500
650,2026-06-04,Tienda Centro  ,Cerveza,Alcohol,1,3500,3500
650,2026-06-04,Tienda Centro,Galletas  ,Snacks,1,1000,1000
650,2026-06-04,Tienda Centro  ,Maní,Snacks,1,1200,1200
650,2026-06-04,Tienda Centro,Pañales,Bebé,1,8000,8000
650,4/6/2026,Tienda Centro,Toallitas húmedas,Bebé,1,2200,2200
651,2026-06-18,Tienda Centro  ,Café,Café/Té,1,4000,4000
651,2026-06-18,Tienda Centro  , Pan hallulla ,Panadería,1,1500,1500
651,2026-06-18,Tienda Centro,Queso,LÁCTEOS,2,4500,9000
652,9/8/2026,Tienda Sur,Cerveza,Alcohol,1,3500,3500
652,9/8/2026,Tienda Sur,Mantequilla,Lácteos,1,2500,2500
652,2026-08-09,Tienda Sur,Pan hallulla,panadería,1,1500,1500
652,2026/08/09,Tienda Sur,Papas fritas,SNACKS,2,1800,3600
652,2026/08/09,  Tienda Sur,Queso,Lácteos,1,4500,4500
653,2026-08-10,Tienda Norte,Azúcar,Café/Té,2,1300,2600
653,2026-08-10,Tienda Norte,Bebida cola,Bebidas,1,1500,1500
653,2026-08-10, Tienda Norte ,Papas fritas,Snacks,3,1800,5400
654,2026-08-04, Tienda Mall ,Agua mineral,Bebidas,1,900,900
654,2026-08-04,Tienda Mall, Maní ,snacks,1,1200,1200
654,2026-08-04,Tienda Mall  ,Pan molde,Panadería,2,1800,3600
654,2026-08-04,Tienda Mall,Queso  ,LÁCTEOS,1,4500,4500
655,9-6-2026,Tienda Centro,Azúcar  ,Café/Té,2,1300,2600
655,2026/06/09,Tienda Centro,Café,Café/Té,1,4000,4000
655,9-6-2026,Tienda Centro,Pan hallulla,Panadería,1,1500,1500
656,2026-07-23,Tienda Norte, Pan molde ,panadería,1,1800,1800
657,2026/07/05,  Tienda Sur,  Croissant,Panadería,2,900,1800
657,2026-07-05,Tienda Sur,  Mantequilla,Lácteos,2,2500,5000
657,2026-07-05,Tienda Sur,Pan molde,Panadería,2,1800,3600
657,2026/07/05,Tienda Sur,Queso,LÁCTEOS,1,4500,4500
658,2026-07-18,Tienda Mall,Esponjas  ,Limpieza,2,1200,2400
658,2026/07/18,Tienda Mall,Papas fritas,SNACKS,1,1800,1800
658,2026-07-18,Tienda Mall,  Yogurt,Lácteos,1,800,800
659,2026-08-10,  Tienda Centro, Croissant ,Panadería,,900,900
659,10/8/2026,Tienda Centro,Esponjas,Limpieza,1,1200,1200
659,2026-08-10,Tienda Centro,Papas fritas,Snacks,1,1800,1800
660,2026-06-24,Tienda Norte,Cerveza,Alcohol,3,3500,10500
660,2026-06-24, Tienda Norte ,Croissant,Panadería,1,900,900
660,24/6/2026,Tienda Norte, Maní ,Snacks,2,1200,2400
660,2026-06-24,Tienda Norte,Toallitas húmedas,Bebé,1,2200,2200
661,2026-07-06,Tienda Mall,Cloro,Limpieza,1,1400,1400
661,6/7/2026,Tienda Mall,Detergente,limpieza,3,5500,16.500
661,6/7/2026,Tienda Mall,Vino tinto,Alcohol,1,5000,5000
661,6/7/2026,Tienda Mall  ,Yogurt,Lácteos,1,800,800
662,2026-07-21,Tienda Norte,Bebida cola,Bebidas,1,1500,1500
662,21/7/2026,Tienda Norte  ,Cerveza,Alcohol,1,3500,3500
662,2026-07-21,Tienda Norte  ,Maní,Snacks,1,1200,1200
662,2026-07-21,Tienda Norte,Papas fritas,SNACKS,2,1800,3600
662,21-07-2026,Tienda Norte  ,  Vino tinto,Alcohol,1,5000,5000
663,2026-07-28,Tienda Sur,Cloro,LIMPIEZA,2,1400,2800
663,28/7/2026,Tienda Sur,Vino tinto,alcohol,3,5000,15000
664,2026/05/29,  Tienda Norte,Croissant,Panadería,2,900,1800
664,2026/05/29,  Tienda Norte,Galletas,Snacks,1,1000,1000
664,2026/05/29,Tienda Norte,Papas fritas,snacks,3,1800,5400
665,2026/06/03,Tienda Norte,Esponjas,Limpieza,1,1200,1200
665,2026/06/03,Tienda Norte,Mantequilla,Lácteos,2,2500,5000
666,2026-07-26,Tienda Centro,Azúcar  ,CAFÉ/TÉ,3,1300,3900
666,26/7/2026,Tienda Centro,Cloro,limpieza,1,1400,1400
667,2026-07-13,Tienda Mall,Jugo naranja,bebidas,1,1600,1600
667,2026-07-13,Tienda Mall,Mantequilla  ,Lácteos,3,2500,7500
667,13-7-2026,Tienda Mall,Pan molde,Panadería,1,1800,1800
667,13/7/2026,Tienda Mall  ,Queso,lácteos,1,4500,4500
668,2026-07-03,Tienda Sur  ,Cloro,Limpieza,1,1400,1400
668,3/7/2026,Tienda Sur,Esponjas,Limpieza,1,1200,1200
669,2026-07-18,Tienda Sur,Jugo naranja,Bebidas,2,1600,3200
669,2026-07-18,Tienda Sur,Yogurt,Lácteos,1,800,800
670,7/7/2026,Tienda Sur,Mantequilla,lácteos,1,2500,2500
670,2026-07-07,Tienda Sur,Pan hallulla,Panadería,1,1500,1500
670,2026/07/07,Tienda Sur,Queso,Lácteos,1,4500,4500
670,07-07-2026,Tienda Sur,Vino tinto,Alcohol,1,5000,5000
671,17-8-2026,Tienda Norte,Leche,Lácteos,1,1200,1200
672,2026-06-30,Tienda Norte,Queso,lácteos,2,4500,9000
672,2026-06-30,Tienda Norte,Vino tinto,Alcohol,1,5000,5000
672,2026-06-30,Tienda Norte,Yogurt,Lácteos,3,800,2400
673,2026-06-08,Tienda Sur,Azúcar,CAFÉ/TÉ,1,1300,1300
673,2026-06-08,  Tienda Sur,Yogurt,Lácteos,3,800,2400
674,2026/07/11,Tienda Mall,  Cerveza,Alcohol,3,3500,10.500
674,11-07-2026,Tienda Mall,Galletas,Snacks,1,1000,1000
674,2026-07-11,Tienda Mall,Mantequilla,Lácteos,2,2500,5000
674,2026-07-11,Tienda Mall,Papas fritas,snacks,1,1800,1800
675,2026-06-27,Tienda Norte, Cerveza ,Alcohol,1,3500,3500
675,27/6/2026,Tienda Norte,Esponjas,LIMPIEZA,1,1200,1200
675,2026-06-27,Tienda Norte,  Galletas,Snacks,1,1000,1000
675,27/6/2026,Tienda Norte  ,Papas fritas,Snacks,1,1800,1800
676,2026-08-08,Tienda Norte,Cerveza  ,Alcohol,1,3500,3500
676,2026-08-08,Tienda Norte  , Croissant ,Panadería,1,900,900
676,2026-08-08,Tienda Norte,Papas fritas,Snacks,3,1800,5400
677,25/6/2026,Tienda Norte,Azúcar,Café/Té,2,1300,2600
678,15-08-2026,  Tienda Centro,Azúcar,CAFÉ/TÉ,1,1300,1300
678,15-8-2026,Tienda Centro  ,Café,Café/Té,2,4000,8000
678,2026-08-15,Tienda Centro  ,Cerveza,Alcohol,1,3500,3500
678,2026/08/15, Tienda Centro , Papas fritas ,Snacks,1,1800,1800
678,2026-08-15,Tienda Centro,Queso,Lácteos,1,4500,4500
679,2026-07-04,Tienda Sur,Azúcar,Café/Té,1,1300,1300
679,2026-07-04,Tienda Sur,Galletas,snacks,2,1000,2000
680,2026-07-16,Tienda Mall,Jugo naranja,Bebidas,2,1600,3200
680,2026-07-16,  Tienda Mall,Maní  ,Snacks,1,1200,1200
680,2026/07/16,Tienda Mall,Yogurt,lácteos,2,800,1600
681,5-8-2026,Tienda Centro,Jugo naranja,BEBIDAS,1,1600,1600
682,27-7-2026,Tienda Sur  ,Cerveza  ,Alcohol,1,3500,3500
682,27/7/2026,Tienda Sur,Pañales  ,Bebé,2,8000,16.000
683,2026-07-13,Tienda Norte,  Cerveza,Alcohol,1,3500,3500
683,2026-07-13,Tienda Norte,Esponjas,Limpieza,1,1200,1200
683,13-07-2026, Tienda Norte ,Pañales,Bebé,1,8000,8000
684,2026-05-26,Tienda Sur,Azúcar  ,Café/Té,2,1300,2600
684,26-05-2026,Tienda Sur,Café,café/té,1,4000,4000
684,26/5/2026,Tienda Sur  ,Galletas,Snacks,1,1000,1000
684,26/5/2026,Tienda Sur,Jugo naranja,Bebidas,1,1600,1600
685,2026-08-10, Tienda Mall ,Cloro,Limpieza,2,1400,2800
686,13/7/2026,Tienda Norte,Cloro,limpieza,1,1400,1400
686,2026/07/13,Tienda Norte,Detergente,Limpieza,3,5500,16500
686,2026-07-13,Tienda Norte,Esponjas  ,limpieza,1,1200,1200
687,2026-07-06,Tienda Mall,Agua mineral,BEBIDAS,2,900,1800
687,6/7/2026,  Tienda Mall,  Detergente,Limpieza,1,5500,5500
688,2/8/2026,Tienda Centro,Pan hallulla,Panadería,1,1500,1500
688,2026/08/02,Tienda Centro,Pañales,BEBÉ,1,8000,8000
688,2-8-2026,Tienda Centro,Toallitas húmedas,Bebé,1,2200,2200
688,2026-08-02,Tienda Centro,Yogurt,Lácteos,3,800,2400
689,2026-05-27,Tienda Sur,Croissant,Panadería,1,900,900
689,2026-05-27,Tienda Sur,Detergente,LIMPIEZA,1,5500,5500
690,2026-06-11,Tienda Sur,  Agua mineral,Bebidas,1,900,900
690,2026-06-11,Tienda Sur, Cloro ,Limpieza,1,1400,1400
690,2026-06-11,Tienda Sur,Jugo naranja,bebidas,1,1600,1600
691,2026/08/03,Tienda Sur  ,  Azúcar,café/té,3,1300,3900
691,3-8-2026,Tienda Sur,Mantequilla,lácteos,1,2500,2500
691,2026/08/03,Tienda Sur  ,Pan molde,PANADERÍA,1,1800,1800
691,2026-08-03, Tienda Sur ,Té,Café/Té,1,2500,2500
692,2026-06-14,Tienda Centro,Croissant,panadería,2,900,1800
692,14-06-2026,Tienda Centro,Leche,Lácteos,3,1200,3600
693,21-07-2026,  Tienda Sur,Mantequilla,Lácteos,2,2500,5000
693,2026-07-21,Tienda Sur,Vino tinto,Alcohol,1,5000,5000
694,03-07-2026,Tienda Norte,Bebida cola,Bebidas,1,1500,1500
694,3-7-2026,Tienda Norte,Leche,Lácteos,1,1200,1200
694,2026-07-03,Tienda Norte,Mantequilla,Lácteos,3,2500,7500
694,2026/07/03,Tienda Norte, Pan molde ,Panadería,1,1800,1800
695,4-6-2026,Tienda Centro,Café,café/té,1,4000,4000
695,2026-06-04,Tienda Centro,Galletas,Snacks,2,1000,2000
696,25/7/2026,Tienda Centro,Agua mineral,Bebidas,2,900,1800
696,2026-07-25,  Tienda Centro,Mantequilla,Lácteos,2,2500,5000
696,2026-07-25,Tienda Centro,Pan hallulla,PANADERÍA,3,1500,4500
697,16-6-2026,Tienda Norte,Queso  ,Lácteos,1,4500,4500
697,16/6/2026,Tienda Norte  ,Vino tinto,alcohol,2,5000,10.000
698,2026-06-25,Tienda Sur,Azúcar,CAFÉ/TÉ,1,1300,1300
698,25-06-2026,Tienda Sur,Toallitas húmedas,Bebé,1,2200,2200
698,2026/06/25,  Tienda Sur,Té,café/té,1,2500,2500
699,22-5-2026,Tienda Norte, Azúcar ,Café/Té,1,1300,1300
699,2026-05-22,Tienda Norte,Jugo naranja,Bebidas,2,1600,3200
699,2026/05/22, Tienda Norte ,Yogurt,Lácteos,3,800,2400
700,2026-07-24,  Tienda Mall,Pañales,Bebé,1,8000,8000
700,2026-07-24,Tienda Mall,Toallitas húmedas  ,bebé,1,2200,2200
700,24/7/2026, Tienda Mall ,Yogurt,lácteos,1,800,800
701,2026-06-17,Tienda Norte,Cerveza,Alcohol,1,3500,3500
701,17-06-2026,Tienda Norte, Leche ,Lácteos,1,1200,1200
701,17-06-2026,Tienda Norte,Papas fritas,snacks,1,1800,1800
702,2026-05-26,  Tienda Centro,Leche,lácteos,1,1200,1200
702,26-05-2026,Tienda Centro,Papas fritas,snacks,1,1800,1800
703,29-6-2026,Tienda Mall,Jugo naranja,Bebidas,3,1600,4800
703,2026-06-29,Tienda Mall,Maní,Snacks,1,1200,1200
704,29-05-2026,Tienda Mall,Cloro,Limpieza,1,1400,1400
704,2026/05/29,Tienda Mall  , Mantequilla ,Lácteos,1,2500,2500
704,29-5-2026,Tienda Mall, Pan molde ,Panadería,1,1800,1800
704,2026/05/29,Tienda Mall,Queso,LÁCTEOS,1,4500,4500
704,29-05-2026,Tienda Mall,Vino tinto,Alcohol,1,5000,5000
704,29-05-2026,Tienda Mall,Yogurt,Lácteos,1,800,800
705,2026-06-11,Tienda Centro,Cerveza,Alcohol,1,3500,3500
705,2026-06-11,Tienda Centro,Papas fritas,Snacks,1,1800,1800
705,2026-06-11,Tienda Centro,Queso,LÁCTEOS,1,4500,4500
706,2026-07-23,Tienda Sur,Agua mineral,Bebidas,3,900,2700
706,23/7/2026,Tienda Sur,Detergente,Limpieza,1,5500,5500
706,2026-07-23,Tienda Sur,Pañales,Bebé,1,8000,8000
707,18-07-2026,Tienda Centro, Azúcar ,Café/Té,1,1300,1300
707,2026-07-18,Tienda Centro,Café,Café/Té,1,4000,4000
708,2026-05-27,Tienda Centro,Mantequilla,Lácteos,1,2500,2500
708,2026-05-27,Tienda Centro,Pan molde,Panadería,1,1800,1800
708,27-5-2026, Tienda Centro ,Yogurt,Lácteos,1,800,800
709,2026/05/30,Tienda Mall,Cloro,Limpieza,1,1400,1400
709,30-05-2026,Tienda Mall  ,Jugo naranja,Bebidas,1,1600,1600
709,30/5/2026,Tienda Mall,Queso,Lácteos,1,4500,4500
710,29-07-2026,Tienda Centro,  Leche,Lácteos,1,1200,1200
710,29/7/2026,Tienda Centro, Mantequilla ,Lácteos,1,2500,2500
710,2026-07-29,Tienda Centro,Maní,Snacks,1,1200,1200
710,2026-07-29,Tienda Centro,Pan hallulla,PANADERÍA,1,1500,1500
710,2026/07/29,Tienda Centro, Papas fritas ,Snacks,2,1800,3600
711,2026-06-11,Tienda Mall,Esponjas,Limpieza,1,1200,1200
711,2026/06/11,Tienda Mall,Jugo naranja,Bebidas,2,1600,3200
712,2026-08-01,  Tienda Mall,Azúcar,Café/Té,1,1300,1300
712,2026-08-01,Tienda Mall, Cloro ,Limpieza,1,1400,1400
712,2026-08-01,  Tienda Mall,Pañales,Bebé,1,8000,8000
712,1-8-2026,Tienda Mall,  Toallitas húmedas,Bebé,,2200,2200
713,8/7/2026,Tienda Sur,  Cerveza,ALCOHOL,2,3500,7000
713,2026-07-08,Tienda Sur,Jugo naranja  ,Bebidas,1,1600,1600
713,2026-07-08,Tienda Sur,Mantequilla,Lácteos,2,2500,5000
713,2026-07-08,Tienda Sur,Maní,snacks,1,1200,1200
713,2026-07-08,Tienda Sur,Pan hallulla,Panadería,,1500,1500
713,2026-07-08,Tienda Sur, Queso ,Lácteos,,4500,4500
714,2026-07-05,Tienda Mall,Bebida cola,Bebidas,1,1500,1500
714,2026/07/05,Tienda Mall,Cloro,Limpieza,1,1400,1400
714,05-07-2026, Tienda Mall ,Papas fritas,SNACKS,2,1800,3600
715,2026/05/29,  Tienda Sur,Yogurt,Lácteos,1,800,800
716,2026/07/01,Tienda Centro,Maní,Snacks,1,1200,1200
716,01-07-2026,  Tienda Centro,  Pañales,Bebé,1,8000,8000
716,1-7-2026,Tienda Centro,Toallitas húmedas  ,Bebé,1,2200,2200
717,2026-06-30,Tienda Mall, Cerveza ,ALCOHOL,1,3500,3500
717,30-6-2026,Tienda Mall,Maní,Snacks,2,1200,2400
717,2026-06-30,Tienda Mall,Pañales,bebé,1,8000,8000
717,30-06-2026, Tienda Mall ,Toallitas húmedas,Bebé,1,2200,2200
718,28-6-2026,  Tienda Sur,  Azúcar,Café/Té,3,1300,3900
718,2026-06-28,Tienda Sur  ,Café,Café/Té,1,4000,4000
718,2026-06-28,Tienda Sur,Croissant  ,panadería,1,900,900
718,2026-06-28,Tienda Sur,Detergente,Limpieza,2,5500,11.000
718,28-6-2026,Tienda Sur,Galletas,Snacks,1,1000,1000
718,2026/06/28,Tienda Sur,Queso,LÁCTEOS,2,4500,9000
719,2-6-2026,Tienda Sur,Azúcar,Café/Té,1,1300,1300
719,2026-06-02, Tienda Sur ,  Pañales,Bebé,1,8000,8000
719,02-06-2026,Tienda Sur, Toallitas húmedas ,Bebé,2,2200,4400
719,2026/06/02,  Tienda Sur,Té,Café/Té,1,2500,2500
720,29-7-2026,Tienda Sur,  Agua mineral,Bebidas,1,900,900
720,29/7/2026,Tienda Sur,Papas fritas,Snacks,1,1800,1800
721,2026-07-30,  Tienda Norte,Detergente,Limpieza,3,5500,16500
721,30/7/2026,Tienda Norte,  Esponjas,Limpieza,2,1200,2400
721,2026-07-30, Tienda Norte ,Té  ,café/té,1,2500,2500
722,2026-08-10,Tienda Mall,Azúcar  ,Café/Té,1,1300,1300
722,2026-08-10,Tienda Mall, Cloro ,LIMPIEZA,1,1400,1400
722,10-8-2026,Tienda Mall,  Detergente,Limpieza,2,5500,11.000
722,10-8-2026,Tienda Mall,  Esponjas,Limpieza,1,1200,1200
722,10/8/2026,Tienda Mall,Pan hallulla,Panadería,1,1500,1500
722,2026-08-10,Tienda Mall,Queso  ,Lácteos,1,4500,4500
722,10/8/2026,Tienda Mall, Té ,Café/Té,2,2500,5000
723,2026/08/11,Tienda Norte,  Bebida cola,Bebidas,1,1500,1500
723,2026-08-11,Tienda Norte,Toallitas húmedas,Bebé,1,2200,2200
724,2026-06-21,Tienda Sur,Azúcar,CAFÉ/TÉ,1,1300,1300
724,2026-06-21,Tienda Sur,Maní,Snacks,2,1200,2400
725,2026-06-15,Tienda Norte,Agua mineral,Bebidas,1,900,900
725,15/6/2026,Tienda Norte,Pan molde,Panadería,1,1800,1800
725,2026-06-15,Tienda Norte,Queso,Lácteos,1,4500,4500
726,2026-07-22,Tienda Centro,Croissant,Panadería,1,900,900
727,2026-06-28,Tienda Centro,Cloro,Limpieza,2,1400,2800
727,2026/06/28, Tienda Centro ,Croissant,Panadería,2,900,1800
727,2026-06-28,Tienda Centro,Maní,Snacks,1,1200,1200
727,2026-06-28,Tienda Centro  ,Queso,Lácteos,1,4500,4500
727,2026-06-28,Tienda Centro  ,Vino tinto,Alcohol,1,5000,5000
728,2026/06/05,Tienda Sur,Bebida cola,Bebidas,2,1500,3000
728,05-06-2026,Tienda Sur,Croissant,Panadería,1,900,900
729,2026-08-03,Tienda Mall,Bebida cola,Bebidas,1,1500,1500
729,2026-08-03,Tienda Mall,Maní,Snacks,3,1200,3600
729,2026-08-03,Tienda Mall  ,  Papas fritas,Snacks,1,1800,1800
729,03-08-2026,Tienda Mall,Queso,Lácteos,1,4500,4500
730,2026/08/04,Tienda Centro,Esponjas,Limpieza,1,1200,1200
730,2026-08-04,Tienda Centro,Vino tinto,alcohol,1,5000,5000
731,16/8/2026,Tienda Norte,Azúcar,Café/Té,2,1300,2600
731,2026/08/16,Tienda Norte,Café,café/té,1,4000,4000
731,2026-08-16,Tienda Norte,  Esponjas,Limpieza,2,1200,2400
731,2026-08-16, Tienda Norte ,  Mantequilla,Lácteos,2,2500,5000
731,16-8-2026,Tienda Norte,Queso,LÁCTEOS,1,4500,4500
731,2026-08-16,Tienda Norte,Vino tinto  ,Alcohol,2,5000,10000
732,14-08-2026,Tienda Norte,Jugo naranja,Bebidas,1,1600,1600
732,14/8/2026, Tienda Norte ,Papas fritas,Snacks,2,1800,3600
733,16-8-2026,Tienda Centro,Bebida cola,Bebidas,2,1500,3000
733,16-8-2026,Tienda Centro  ,Galletas,snacks,1,1000,1000
734,2026-06-22,Tienda Sur,Bebida cola  ,Bebidas,2,1500,3000
734,2026-06-22,Tienda Sur,Papas fritas,Snacks,,1800,1800
735,2026-07-16,Tienda Sur,  Cloro,Limpieza,2,1400,2800
735,2026-07-16, Tienda Sur ,Detergente,Limpieza,3,5500,16500
735,2026-07-16,  Tienda Sur,Esponjas,limpieza,1,1200,1200
735,2026-07-16,Tienda Sur,Maní,Snacks,1,1200,1200
735,16-7-2026,Tienda Sur,Pan hallulla,Panadería,2,1500,3000
736,2026-06-02,Tienda Norte,Azúcar,Café/Té,,1300,1300
736,2026-06-02,Tienda Norte,Croissant,panadería,1,900,900
736,2026-06-02,Tienda Norte,Té,Café/Té,1,2500,2500
736,2026-06-02,Tienda Norte,Vino tinto,alcohol,2,5000,10.000
737,2026-08-11,  Tienda Norte,  Cloro,Limpieza,1,1400,1400
737,2026/08/11,Tienda Norte, Detergente ,Limpieza,1,5500,5500
737,11-08-2026,Tienda Norte,Esponjas,Limpieza,3,1200,3600
737,11-8-2026,Tienda Norte,Mantequilla,Lácteos,2,2500,5000
737,11/8/2026,Tienda Norte,Pan molde,Panadería,2,1800,3600
738,2026-08-05,Tienda Mall  , Café ,Café/Té,1,4000,4000
738,2026-08-05,Tienda Mall,Cerveza,ALCOHOL,1,3500,3500
738,2026-08-05,Tienda Mall, Galletas ,Snacks,1,1000,1000
738,2026-08-05,Tienda Mall,Papas fritas,Snacks,1,1800,1800
739,10-07-2026,Tienda Mall,Azúcar,Café/Té,2,1300,2600
739,2026-07-10,Tienda Mall,Bebida cola,Bebidas,1,1500,1500
739,10-7-2026,  Tienda Mall,Pan molde,Panadería,1,1800,1800
739,10/7/2026, Tienda Mall ,Papas fritas,Snacks,1,1800,1800
739,10-7-2026,Tienda Mall,Pañales,Bebé,1,8000,8000
740,2026-06-01,Tienda Sur  ,Pañales,BEBÉ,1,8000,8000
740,2026-06-01,Tienda Sur,Toallitas húmedas,Bebé,2,2200,4400
741,2026-07-18,Tienda Mall  ,Esponjas,limpieza,1,1200,1200
742,24/6/2026,Tienda Sur, Mantequilla ,Lácteos,2,2500,5000
742,2026-06-24,Tienda Sur  ,Maní,snacks,1,1200,1200
742,24-06-2026,Tienda Sur  ,Papas fritas,SNACKS,3,1800,5400
743,2026/06/26,Tienda Norte,Mantequilla,Lácteos,1,2500,2500
743,2026/06/26,Tienda Norte,Maní,SNACKS,3,1200,3600
744,2026-06-20,Tienda Mall,Cerveza,Alcohol,1,3500,3500
744,2026/06/20,Tienda Mall,Cloro,Limpieza,2,1400,2800
744,2026/06/20,  Tienda Mall,Detergente  ,limpieza,2,5500,11000
744,2026-06-20,Tienda Mall  ,Pañales,Bebé,2,8000,16.000
744,2026/06/20,Tienda Mall,Queso,Lácteos,1,4500,4500
744,2026-06-20, Tienda Mall ,  Toallitas húmedas,Bebé,1,2200,2200
744,20/6/2026,Tienda Mall,Vino tinto,Alcohol,1,5000,5000
745,2026-07-02,Tienda Norte,Toallitas húmedas,bebé,3,2200,6600
745,2-7-2026,Tienda Norte,Vino tinto,Alcohol,1,5000,5000
746,2026-05-26,Tienda Centro,Papas fritas,Snacks,1,1800,1800
746,26-05-2026,Tienda Centro,Toallitas húmedas  ,Bebé,1,2200,2200
747,2026-07-07,Tienda Norte  ,Azúcar,CAFÉ/TÉ,1,1300,1300
747,2026-07-07,Tienda Norte,Pan hallulla,Panadería,1,1500,1500
747,7/7/2026,Tienda Norte, Pañales ,bebé,1,8000,8000
747,2026-07-07,Tienda Norte,Toallitas húmedas,BEBÉ,,2200,2200
747,7/7/2026,Tienda Norte,Yogurt,Lácteos,1,800,800
748,2026-05-26,Tienda Norte,Agua mineral,Bebidas,1,900,900
748,26/5/2026,Tienda Norte, Vino tinto ,alcohol,2,5000,10.000
749,2026-08-07,Tienda Sur,Maní,SNACKS,1,1200,1200
749,07-08-2026,Tienda Sur,Yogurt,Lácteos,3,800,2400
750,2026/06/09,Tienda Mall,Mantequilla,Lácteos,1,2500,2500
751,13-06-2026,  Tienda Centro,Esponjas  ,limpieza,1,1200,1200
751,13-06-2026,Tienda Centro,  Yogurt,Lácteos,1,800,800
752,23/7/2026,Tienda Centro,Azúcar  ,CAFÉ/TÉ,1,1300,1300
752,2026-07-23,Tienda Centro,  Esponjas,limpieza,1,1200,1200
753,2026-06-08,Tienda Centro  ,Jugo naranja,Bebidas,1,1600,1600
753,2026/06/08,Tienda Centro  ,Queso  ,Lácteos,1,4500,4500
754,2026-07-25,Tienda Sur  ,Cloro,Limpieza,1,1400,1400
754,25/7/2026,Tienda Sur,Pañales,Bebé,2,8000,16000
754,2026-07-25,Tienda Sur,Toallitas húmedas,BEBÉ,1,2200,2200
755,2026-05-30,Tienda Norte,Cerveza,Alcohol,1,3500,3500
755,2026-05-30, Tienda Norte ,Cloro,Limpieza,1,1400,1400
755,2026-05-30, Tienda Norte ,Leche,Lácteos,1,1200,1200
755,2026-05-30,Tienda Norte,  Papas fritas,Snacks,3,1800,5400
756,1-7-2026,Tienda Norte,Galletas,snacks,2,1000,2000
757,2026-08-13,Tienda Mall,Agua mineral,Bebidas,1,900,900
757,2026-08-13,Tienda Mall, Toallitas húmedas ,Bebé,1,2200,2200
758,26-5-2026,  Tienda Mall,Cerveza,Alcohol,1,3500,3500
758,2026/05/26,Tienda Mall  ,Mantequilla,lácteos,1,2500,2500
758,26/5/2026,Tienda Mall,Pañales,Bebé,1,8000,8000
758,2026-05-26, Tienda Mall ,Toallitas húmedas,Bebé,1,2200,2200
759,2026-08-06,Tienda Mall,Agua mineral,Bebidas,1,900,900
760,2026-07-11,Tienda Centro,Queso,LÁCTEOS,1,4500,4500
761,11-07-2026,Tienda Sur,Cloro,Limpieza,2,1400,2800
761,11-07-2026, Tienda Sur , Detergente ,Limpieza,3,5500,16500
761,2026-07-11,  Tienda Sur,Leche,Lácteos,2,1200,2400
761,11/7/2026,Tienda Sur,Mantequilla,lácteos,1,2500,2500
762,2026-07-05,Tienda Centro,Azúcar,café/té,1,1300,1300
762,2026/07/05,Tienda Centro,Café,Café/Té,1,4000,4000
762,2026-07-05, Tienda Centro ,Galletas  ,Snacks,1,1000,1000
762,2026-07-05,Tienda Centro,Queso,Lácteos,1,4500,4500
762,05-07-2026, Tienda Centro ,Té  ,Café/Té,1,2500,2500
763,9/8/2026,Tienda Mall, Azúcar ,Café/Té,1,1300,1300
763,2026/08/09,  Tienda Mall,Té,Café/Té,1,2500,2500
764,16-08-2026,Tienda Norte,Azúcar,Café/Té,1,1300,1300
764,2026-08-16,Tienda Norte,Cloro,Limpieza,3,1400,4200
764,2026/08/16,Tienda Norte,Croissant,Panadería,1,900,900
764,2026-08-16,Tienda Norte,Detergente,Limpieza,1,5500,5500
764,2026-08-16,Tienda Norte,Jugo naranja,Bebidas,1,1600,1600
764,2026-08-16,Tienda Norte,Té,Café/Té,1,2500,2500
765,01-08-2026,Tienda Centro, Azúcar ,Café/Té,1,1300,1300
765,1-8-2026,Tienda Centro,Mantequilla,lácteos,1,2500,2500
765,2026/08/01,Tienda Centro,  Pan hallulla,Panadería,1,1500,1500
765,2026-08-01, Tienda Centro ,Queso,Lácteos,1,4500,4500
765,01-08-2026,Tienda Centro, Té ,Café/Té,1,2500,2500
766,2026-07-24, Tienda Centro ,Cloro  ,Limpieza,1,1400,1400
767,13/6/2026,Tienda Mall,Maní,Snacks,2,1200,2400
768,2026-06-28,Tienda Sur,  Cloro,Limpieza,1,1400,1400
768,2026-06-28,Tienda Sur,Galletas,Snacks,2,1000,2000
769,2026/07/03,Tienda Norte,Croissant,Panadería,1,900,900
769,2026-07-03,Tienda Norte  ,Toallitas húmedas,Bebé,1,2200,2200
770,15/7/2026, Tienda Centro ,Leche,Lácteos,1,1200,1200
771,2026-08-12,  Tienda Mall,Cloro,Limpieza,3,1400,4200
771,2026-08-12,Tienda Mall,Papas fritas,Snacks,1,1800,1800
772,22-07-2026,Tienda Sur,Esponjas  ,limpieza,1,1200,1200
772,2026-07-22,  Tienda Sur,Toallitas húmedas,Bebé,1,2200,2200
772,2026-07-22,Tienda Sur,Vino tinto,Alcohol,1,5000,5000
773,2026-06-06,Tienda Norte,Leche,Lácteos,2,1200,2400
774,18/8/2026,Tienda Norte,Café,Café/Té,1,4000,4000
774,2026-08-18,Tienda Norte  ,Cloro,Limpieza,1,1400,1400
774,2026/08/18,Tienda Norte,Detergente,Limpieza,2,5500,11.000
774,18/8/2026,  Tienda Norte,Esponjas,Limpieza,1,1200,1200
774,2026-08-18,Tienda Norte,Queso,Lácteos,1,4500,4500
775,2026-06-04, Tienda Norte ,Azúcar,Café/Té,2,1300,2600
775,4-6-2026,Tienda Norte,Café,Café/Té,1,4000,4000
775,2026-06-04,Tienda Norte,Esponjas,Limpieza,1,1200,1200
775,2026/06/04,Tienda Norte,Galletas,Snacks,1,1000,1000
775,4-6-2026,Tienda Norte,Pan molde,PANADERÍA,2,1800,3600
776,13-07-2026,Tienda Mall,Azúcar,CAFÉ/TÉ,1,1300,1300
776,13-7-2026,Tienda Mall,  Jugo naranja,Bebidas,1,1600,1600
776,2026-07-13,Tienda Mall  ,Toallitas húmedas,Bebé,1,2200,2200
777,07-08-2026,Tienda Mall  ,  Azúcar,Café/Té,1,1300,1300
777,2026-08-07,Tienda Mall,Pan hallulla,Panadería,1,1500,1500
777,7/8/2026,Tienda Mall,Té,Café/Té,2,2500,5000
778,2026-06-04,  Tienda Mall,Cloro,Limpieza,1,1400,1400
778,4/6/2026,Tienda Mall  ,Detergente,Limpieza,1,5500,5500
778,2026-06-04,Tienda Mall,Esponjas,limpieza,1,1200,1200
778,2026-06-04,Tienda Mall,Galletas,Snacks,1,1000,1000
778,4-6-2026,Tienda Mall,Vino tinto,Alcohol,2,5000,10000
779,2026/07/03,Tienda Mall,Jugo naranja,Bebidas,2,1600,3200
780,2026-07-09,Tienda Mall, Cloro ,LIMPIEZA,1,1400,1400
780,9-7-2026,  Tienda Mall,Detergente,Limpieza,1,5500,5500
780,09-07-2026,Tienda Mall, Vino tinto ,Alcohol,2,5000,10000
781,2026/08/14,Tienda Mall,Queso,Lácteos,1,4500,4500
782,2026-07-22,Tienda Centro,Azúcar,Café/Té,2,1300,2600
782,2026-07-22,  Tienda Centro,  Bebida cola,Bebidas,1,1500,1500
782,2026-07-22,Tienda Centro,Café,café/té,1,4000,4000
782,2026-07-22,  Tienda Centro,Galletas,Snacks,2,1000,2000
782,22-07-2026,Tienda Centro,Jugo naranja,bebidas,2,1600,3200
782,2026-07-22,Tienda Centro,Papas fritas,Snacks,1,1800,1800
783,29/5/2026,Tienda Sur,Bebida cola,Bebidas,1,1500,1500
783,29-05-2026,Tienda Sur  ,Papas fritas  ,Snacks,1,1800,1800
783,2026-05-29,Tienda Sur,  Toallitas húmedas,Bebé,,2200,2200
784,2026-07-05,Tienda Centro,Agua mineral,Bebidas,2,900,1800
784,5/7/2026,Tienda Centro,Azúcar,Café/Té,2,1300,2600
784,2026-07-05,Tienda Centro,Mantequilla,lácteos,1,2500,2500
785,03-06-2026, Tienda Centro ,  Azúcar,Café/Té,1,1300,1300
785,2026-06-03,Tienda Centro,Galletas,SNACKS,1,1000,1000
785,3/6/2026,Tienda Centro,Leche,LÁCTEOS,1,1200,1200
785,2026-06-03,Tienda Centro,Toallitas húmedas  ,Bebé,2,2200,4400
786,06-07-2026,Tienda Norte,Azúcar,Café/Té,2,1300,2600
786,2026-07-06,Tienda Norte,Esponjas,Limpieza,1,1200,1200
786,6-7-2026,  Tienda Norte,Galletas,Snacks,1,1000,1000
786,2026-07-06,Tienda Norte  ,Té,café/té,2,2500,5000
787,2026-06-05, Tienda Norte ,Mantequilla,LÁCTEOS,1,2500,2500
787,5/6/2026,Tienda Norte,Maní,Snacks,1,1200,1200
787,05-06-2026,Tienda Norte,Pan molde,Panadería,1,1800,1800
788,2026-07-07, Tienda Mall ,Bebida cola,Bebidas,2,1500,3000
788,2026-07-07,  Tienda Mall,  Cloro,limpieza,1,1400,1400
788,2026-07-07,Tienda Mall,Papas fritas  ,Snacks,1,1800,1800
789,2026/07/14,Tienda Mall,Cloro,Limpieza,2,1400,2800
789,2026/07/14,Tienda Mall,Galletas,Snacks,2,1000,2000
789,14/7/2026,Tienda Mall,Queso,Lácteos,1,4500,4500
789,2026/07/14,Tienda Mall,Té,Café/Té,1,2500,2500
789,2026-07-14,Tienda Mall,Vino tinto,alcohol,1,5000,5000
790,11/7/2026,Tienda Norte,Pan hallulla,Panadería,2,1500,3000
790,11-7-2026,Tienda Norte  , Papas fritas ,Snacks,1,1800,1800
791,2026-08-09,Tienda Sur,Cloro  ,Limpieza,1,1400,1400
791,2026-08-09,Tienda Sur, Esponjas ,Limpieza,1,1200,1200
792,2026/06/30,Tienda Sur,Agua mineral  ,Bebidas,2,900,1800
793,2026-08-07,Tienda Norte,Detergente,LIMPIEZA,1,5500,5500
793,2026-08-07,Tienda Norte,Galletas,Snacks,1,1000,1000
793,2026-08-07,Tienda Norte,Queso,LÁCTEOS,1,4500,4500
794,12-8-2026, Tienda Mall ,Croissant,Panadería,2,900,1800
794,12-8-2026,Tienda Mall,Jugo naranja  ,bebidas,2,1600,3200
794,12-8-2026,Tienda Mall,Pan hallulla,Panadería,1,1500,1500
795,2026-07-29,Tienda Sur,  Azúcar,Café/Té,1,1300,1300
795,2026-07-29,Tienda Sur,Té,CAFÉ/TÉ,1,2500,2500
796,23-05-2026, Tienda Centro ,Agua mineral  ,BEBIDAS,2,900,1800
796,2026-05-23, Tienda Centro ,Azúcar,Café/Té,3,1300,3900
796,2026-05-23, Tienda Centro ,Pañales,Bebé,1,8000,8000
796,2026-05-23, Tienda Centro , Toallitas húmedas ,Bebé,1,2200,2200
797,2026-07-07,Tienda Sur, Leche ,Lácteos,1,1200,1200
797,2026-07-07,  Tienda Sur,Pan hallulla,Panadería,1,1500,1500
797,2026-07-07,Tienda Sur,Vino tinto,Alcohol,1,5000,5000
798,20/6/2026,  Tienda Norte,Cloro,Limpieza,2,1400,2800
798,20-6-2026,Tienda Norte,Jugo naranja,Bebidas,2,1600,3200
799,2026-08-15,Tienda Norte,Azúcar,Café/Té,2,1300,2600
799,15-08-2026,Tienda Norte, Bebida cola ,Bebidas,1,1500,1500
799,2026/08/15,Tienda Norte,Leche  ,Lácteos,1,1200,1200
799,2026-08-15,Tienda Norte,Té,Café/Té,2,2500,5000
800,2026-07-12,Tienda Centro,  Maní,Snacks,2,1200,2400
801,2026/07/20,Tienda Norte  ,Cloro  ,Limpieza,1,1400,1400
801,20/7/2026,Tienda Norte,Vino tinto,Alcohol,1,5000,5000
802,10-7-2026,Tienda Sur  ,Detergente,Limpieza,3,5500,16.500
802,10/7/2026,Tienda Sur,Maní,snacks,2,1200,2400
803,2026/07/13,Tienda Norte,Mantequilla,lácteos,1,2500,2500
804,2026-07-18,Tienda Norte,Azúcar,CAFÉ/TÉ,1,1300,1300
804,2026/07/18,Tienda Norte,Esponjas,LIMPIEZA,1,1200,1200
804,2026-07-18,Tienda Norte,Leche,Lácteos,,1200,1200
804,2026-07-18,Tienda Norte,Queso  ,Lácteos,3,4500,13500
804,2026/07/18,Tienda Norte,Té,café/té,1,2500,2500
805,2026-07-12,Tienda Centro,Pañales  ,Bebé,1,8000,8000
805,12/7/2026,Tienda Centro,Toallitas húmedas,Bebé,1,2200,2200
806,2026/07/07,Tienda Sur,Mantequilla,Lácteos,1,2500,2500
806,2026/07/07,Tienda Sur,Pan molde,Panadería,2,1800,3600
807,26-06-2026,Tienda Norte, Azúcar ,Café/Té,1,1300,1300
807,2026-06-26,Tienda Norte,  Café,Café/Té,1,4000,4000
808,21/7/2026,Tienda Sur,Cerveza,Alcohol,1,3500,3500
808,21-07-2026,Tienda Sur,Papas fritas,Snacks,2,1800,3600
809,2026-07-24,Tienda Mall,  Cloro,limpieza,2,1400,2800
809,2026-07-24,Tienda Mall,Galletas,Snacks,1,1000,1000
809,2026-07-24,Tienda Mall,Mantequilla,Lácteos,2,2500,5000
810,14/8/2026,Tienda Mall,  Cerveza,Alcohol,2,3500,7000
810,2026-08-14,Tienda Mall, Papas fritas ,snacks,2,1800,3600
811,11-08-2026,Tienda Centro,Esponjas,Limpieza,1,1200,1200
811,2026-08-11, Tienda Centro ,Mantequilla,Lácteos,1,2500,2500
811,2026-08-11,  Tienda Centro,Pan molde,panadería,3,1800,5400
811,2026-08-11,Tienda Centro,Pañales,Bebé,1,8000,8000
811,2026-08-11,Tienda Centro,Toallitas húmedas,Bebé,2,2200,4400
812,1/8/2026,Tienda Norte,Leche,Lácteos,1,1200,1200
812,2026-08-01,Tienda Norte,Mantequilla,Lácteos,1,2500,2500
812,1-8-2026,Tienda Norte,Pan molde,panadería,2,1800,3600
812,1-8-2026,Tienda Norte,Té,Café/Té,2,2500,5000
813,2026-08-03,  Tienda Mall,Azúcar,Café/Té,1,1300,1300
814,2026-07-11,Tienda Centro,  Cerveza,Alcohol,1,3500,3500
814,2026-07-11,Tienda Centro,Mantequilla,Lácteos,,2500,2500
814,2026-07-11,Tienda Centro,Maní,Snacks,1,1200,1200
814,2026-07-11,Tienda Centro,Pan molde,Panadería,1,1800,1800
815,2026-06-08,Tienda Norte,Croissant,Panadería,,900,900
815,8-6-2026,Tienda Norte,Mantequilla  ,Lácteos,1,2500,2500
816,2026/06/11,Tienda Centro,  Cerveza,Alcohol,2,3500,7000
816,11-6-2026,  Tienda Centro,Maní,Snacks,1,1200,1200
816,2026-06-11,Tienda Centro,Pan molde  ,Panadería,3,1800,5400
816,2026-06-11,  Tienda Centro,Papas fritas,Snacks,2,1800,3600
816,2026-06-11,Tienda Centro,Queso,Lácteos,1,4500,4500
816,2026-06-11,Tienda Centro,Yogurt,Lácteos,1,800,800
817,2026-08-05,Tienda Norte,Papas fritas,Snacks,1,1800,1800
817,2026-08-05, Tienda Norte ,Té,Café/Té,1,2500,2500
818,2026-07-30,Tienda Mall,Mantequilla,Lácteos,2,2500,5000
818,2026-07-30,Tienda Mall,Pan molde,Panadería,1,1800,1800
818,2026/07/30,Tienda Mall,Queso,lácteos,3,4500,13500
819,2026-08-15,Tienda Centro,Azúcar,Café/Té,1,1300,1300
819,2026-08-15,Tienda Centro,Detergente,Limpieza,1,5500,5500
819,2026/08/15,Tienda Centro  ,Esponjas  ,Limpieza,1,1200,1200
820,16/6/2026,Tienda Norte,Bebida cola,bebidas,1,1500,1500
820,2026-06-16,  Tienda Norte,Yogurt,Lácteos,2,800,1600
821,2026-07-17,Tienda Centro,Galletas,Snacks,3,1000,3000
822,2026-08-08, Tienda Sur ,Pan hallulla,Panadería,1,1500,1500
822,8/8/2026,  Tienda Sur,Pan molde,Panadería,1,1800,1800
822,2026-08-08, Tienda Sur ,Yogurt,Lácteos,1,800,800
823,2026-08-03, Tienda Sur ,Azúcar,Café/Té,1,1300,1300
824,28-06-2026,  Tienda Centro,Leche,Lácteos,2,1200,2400
824,2026-06-28,Tienda Centro  ,Mantequilla,Lácteos,3,2500,7500
825,2026-07-15,Tienda Norte,  Cerveza,Alcohol,3,3500,10500
825,2026-07-15,Tienda Norte,Cloro,limpieza,1,1400,1400
825,2026-07-15,Tienda Norte,Detergente,Limpieza,1,5500,5500
825,2026-07-15,Tienda Norte,Maní,Snacks,1,1200,1200
825,2026-07-15,Tienda Norte,Papas fritas,Snacks,1,1800,1800
826,2026-08-17,Tienda Norte  ,Azúcar,Café/Té,1,1300,1300
826,2026/08/17,Tienda Norte,Café,Café/Té,1,4000,4000
826,17-8-2026,Tienda Norte, Mantequilla ,Lácteos,1,2500,2500
826,17/8/2026,Tienda Norte,Pan molde,Panadería,1,1800,1800
826,17-8-2026, Tienda Norte ,Queso,Lácteos,2,4500,9000
826,17-8-2026,Tienda Norte,Toallitas húmedas,Bebé,1,2200,2200
827,2026-07-28,Tienda Centro,Cloro,Limpieza,1,1400,1400
827,28/7/2026,Tienda Centro,Galletas,SNACKS,2,1000,2000
827,28-07-2026,Tienda Centro,Leche,Lácteos,2,1200,2400
828,2026/07/05, Tienda Mall ,Esponjas,LIMPIEZA,3,1200,3600
829,2026-06-05,Tienda Mall,Galletas,Snacks,1,1000,1000
829,2026-06-05,Tienda Mall,Queso,Lácteos,2,4500,9000
830,25-06-2026,Tienda Sur,Toallitas húmedas  ,bebé,1,2200,2200
831,18-6-2026,Tienda Norte,Agua mineral,bebidas,1,900,900
831,2026-06-18,Tienda Norte,Azúcar,Café/Té,2,1300,2600
831,2026-06-18, Tienda Norte ,Café,Café/Té,1,4000,4000
831,2026-06-18,Tienda Norte  ,Pan hallulla,Panadería,1,1500,1500
831,2026-06-18,Tienda Norte,Queso,Lácteos,1,4500,4500
831,2026/06/18,Tienda Norte,Vino tinto,Alcohol,1,5000,5000
832,2026-08-01,Tienda Norte,Mantequilla,Lácteos,2,2500,5000
833,6-6-2026,Tienda Sur,Agua mineral  ,Bebidas,3,900,2700
833,2026/06/06,Tienda Sur,Bebida cola,bebidas,1,1500,1500
833,2026-06-06,Tienda Sur, Papas fritas ,Snacks,1,1800,1800
833,2026/06/06,Tienda Sur, Queso ,Lácteos,1,4500,4500
833,2026-06-06,Tienda Sur,Té,CAFÉ/TÉ,2,2500,5000
834,21-05-2026,Tienda Mall,Cerveza,ALCOHOL,2,3500,7000
834,21-5-2026,Tienda Mall,Detergente  ,Limpieza,2,5500,11000
834,2026/05/21,Tienda Mall,Mantequilla,lácteos,1,2500,2500
834,2026-05-21,Tienda Mall,Maní,snacks,1,1200,1200
834,2026-05-21,Tienda Mall,Pan hallulla,Panadería,1,1500,1500
834,21-5-2026,Tienda Mall,Papas fritas,snacks,1,1800,1800
835,21/5/2026,Tienda Mall,Croissant,Panadería,2,900,1800
836,24/5/2026,Tienda Norte,Bebida cola,Bebidas,1,1500,1500
836,2026-05-24,Tienda Norte, Croissant ,PANADERÍA,1,900,900
836,2026-05-24,Tienda Norte  ,Maní,Snacks,1,1200,1200
836,24-05-2026,Tienda Norte,Papas fritas,Snacks,1,1800,1800
836,24/5/2026,Tienda Norte,Queso,Lácteos,2,4500,9000
837,04-08-2026,Tienda Sur,Azúcar,Café/Té,1,1300,1300
837,4/8/2026, Tienda Sur ,Bebida cola,Bebidas,2,1500,3000
837,4/8/2026,Tienda Sur,Café,CAFÉ/TÉ,3,4000,12000
837,2026-08-04,Tienda Sur,Leche,lácteos,2,1200,2400
837,2026-08-04,  Tienda Sur,Papas fritas  ,SNACKS,1,1800,1800
838,2/6/2026,Tienda Mall,Croissant,Panadería,2,900,1800
838,2026-06-02,Tienda Mall,Pan hallulla,Panadería,1,1500,1500
839,06-06-2026,Tienda Centro,Galletas,Snacks,1,1000,1000
839,2026-06-06,Tienda Centro,Jugo naranja,Bebidas,1,1600,1600
839,06-06-2026,Tienda Centro,Pan hallulla  ,Panadería,1,1500,1500
839,6/6/2026,Tienda Centro, Queso ,Lácteos,1,4500,4500
839,2026-06-06, Tienda Centro ,Toallitas húmedas,Bebé,1,2200,2200
840,2026-07-12,Tienda Norte  ,Cloro  ,limpieza,1,1400,1400
840,2026-07-12,Tienda Norte,Mantequilla,Lácteos,1,2500,2500
840,12/7/2026,Tienda Norte,Pan molde,Panadería,1,1800,1800
840,2026-07-12,  Tienda Norte,Toallitas húmedas,bebé,1,2200,2200
841,2026-08-15,Tienda Centro  ,Cerveza,Alcohol,2,3500,7000
841,2026-08-15,Tienda Centro,Maní,Snacks,1,1200,1200
841,2026-08-15,Tienda Centro,Papas fritas  ,Snacks,1,1800,1800
841,2026-08-15,Tienda Centro,Pañales,BEBÉ,1,8000,8000
841,2026-08-15,Tienda Centro,Toallitas húmedas,Bebé,1,2200,2200
842,2026-07-13,Tienda Mall,Bebida cola,BEBIDAS,1,1500,1500
842,2026-07-13,Tienda Mall,Galletas,Snacks,1,1000,1000
842,13-7-2026,Tienda Mall,Papas fritas,Snacks,1,1800,1800
842,13-07-2026,Tienda Mall,  Yogurt,lácteos,1,800,800
843,12-8-2026,Tienda Sur, Azúcar ,café/té,1,1300,1300
843,2026-08-12,Tienda Sur,Mantequilla,Lácteos,1,2500,2500
844,3-7-2026,Tienda Sur,Pan molde,Panadería,1,1800,1800
844,3/7/2026,Tienda Sur,Queso,lácteos,2,4500,9000
844,3-7-2026,Tienda Sur  ,Té,CAFÉ/TÉ,2,2500,5000
845,14/7/2026,Tienda Sur,Queso,Lácteos,1,4500,4500
846,15/6/2026,Tienda Centro  ,Café,Café/Té,1,4000,4000
846,2026-06-15,Tienda Centro,Cloro,Limpieza,1,1400,1400
847,2026-08-03,Tienda Sur  ,Cerveza,Alcohol,2,3500,7000
847,3/8/2026,Tienda Sur,Maní,Snacks,1,1200,1200
847,2026-08-03,Tienda Sur,Papas fritas,Snacks,2,1800,3600
847,3/8/2026,Tienda Sur,Yogurt  ,Lácteos,1,800,800
848,17-08-2026,Tienda Norte,Bebida cola,Bebidas,2,1500,3000
848,17-08-2026,Tienda Norte,  Queso,Lácteos,2,4500,9000
849,8/7/2026,Tienda Norte,Mantequilla,lácteos,1,2500,2500
849,2026/07/08,  Tienda Norte,Pan molde,Panadería,1,1800,1800
849,8-7-2026, Tienda Norte ,Vino tinto,Alcohol,1,5000,5000
850,2026-07-06,Tienda Centro,Bebida cola  ,Bebidas,2,1500,3000
850,2026-07-06,Tienda Centro,Jugo naranja,Bebidas,1,1600,1600
850,2026-07-06,Tienda Centro,Queso,LÁCTEOS,1,4500,4500
850,2026-07-06,Tienda Centro,Yogurt,LÁCTEOS,1,800,800
851,2026/05/23, Tienda Norte ,Cloro,limpieza,2,1400,2800
851,2026-05-23,Tienda Norte  ,Leche,LÁCTEOS,1,1200,1200
851,2026/05/23,Tienda Norte,Mantequilla,lácteos,1,2500,2500
851,2026-05-23,Tienda Norte,Pan molde,Panadería,1,1800,1800
852,07-07-2026,Tienda Sur,Maní,Snacks,1,1200,1200
852,2026-07-07,Tienda Sur,Toallitas húmedas,Bebé,1,2200,2200
852,7/7/2026,Tienda Sur,Té,Café/Té,3,2500,7500
853,14-6-2026,Tienda Norte,Esponjas,Limpieza,1,1200,1200
853,2026-06-14,Tienda Norte,Queso,lácteos,1,4500,4500
853,2026-06-14,Tienda Norte,Vino tinto,Alcohol,3,5000,15.000
854,2026-08-07,Tienda Norte,Cerveza  ,Alcohol,1,3500,3500
854,2026-08-07,Tienda Norte,Jugo naranja  ,Bebidas,1,1600,1600
854,7/8/2026,Tienda Norte, Mantequilla ,Lácteos,1,2500,2500
854,2026/08/07,Tienda Norte,Papas fritas,Snacks,1,1800,1800
855,22/7/2026,Tienda Norte,Azúcar,café/té,2,1300,2600
855,2026-07-22,Tienda Norte  ,Café,café/té,1,4000,4000
855,2026-07-22,Tienda Norte,Cloro,Limpieza,1,1400,1400
855,2026-07-22,Tienda Norte,Toallitas húmedas  ,Bebé,1,2200,2200
856,19-7-2026,Tienda Norte,Té,Café/Té,1,2500,2500
856,2026-07-19,Tienda Norte,Vino tinto,Alcohol,1,5000,5000
857,2026-07-11,Tienda Centro,Galletas,Snacks,2,1000,2000
857,11-07-2026,Tienda Centro,Queso,Lácteos,1,4500,4500
858,2026-06-29,  Tienda Mall,Pañales,Bebé,1,8000,8000
858,2026-06-29,Tienda Mall,  Queso,LÁCTEOS,1,4500,4500
858,2026-06-29,Tienda Mall,Toallitas húmedas,Bebé,1,2200,2200
858,2026-06-29,Tienda Mall,Vino tinto,Alcohol,1,5000,5000
858,29/6/2026,Tienda Mall  ,Yogurt  ,LÁCTEOS,1,800,800
859,03-07-2026,Tienda Mall,  Maní,Snacks,1,1200,1200
859,03-07-2026,Tienda Mall,Vino tinto,Alcohol,1,5000,5000
860,12-6-2026, Tienda Mall ,Cloro,limpieza,2,1400,2800
860,12/6/2026,Tienda Mall,Croissant,Panadería,1,900,900
860,2026-06-12,Tienda Mall,Detergente,Limpieza,1,5500,5500
860,2026-06-12,  Tienda Mall,Esponjas,Limpieza,2,1200,2400
861,2026-06-19,Tienda Centro,Queso,Lácteos,,4500,4500
861,19-06-2026,Tienda Centro,Vino tinto,Alcohol,1,5000,5000
862,2026/07/02,Tienda Sur,Agua mineral,Bebidas,1,900,900
862,2/7/2026,Tienda Sur,  Cloro,Limpieza,1,1400,1400
863,07-06-2026,  Tienda Sur,Jugo naranja,Bebidas,1,1600,1600
864,4/7/2026,  Tienda Mall,Azúcar,Café/Té,1,1300,1300
864,2026/07/04,Tienda Mall,Café,Café/Té,1,4000,4000
864,2026-07-04, Tienda Mall ,Cloro,limpieza,1,1400,1400
864,2026-07-04,Tienda Mall,Detergente,Limpieza,2,5500,11.000
864,2026-07-04,Tienda Mall,Galletas,SNACKS,1,1000,1000
864,2026/07/04,Tienda Mall,Pan molde,Panadería,1,1800,1800
864,2026/07/04,Tienda Mall,Pañales,Bebé,2,8000,16000
865,2026-07-14,Tienda Mall,Azúcar,Café/Té,1,1300,1300
865,2026-07-14,Tienda Mall,Galletas,Snacks,1,1000,1000
866,2026-06-06,Tienda Sur,Café,CAFÉ/TÉ,1,4000,4000
866,2026-06-06,Tienda Sur,Cloro,Limpieza,1,1400,1400
866,2026-06-06,Tienda Sur,Mantequilla,Lácteos,1,2500,2500
866,2026-06-06,Tienda Sur,Pan molde,Panadería,2,1800,3600
866,6-6-2026,Tienda Sur,Vino tinto,Alcohol,3,5000,15.000
867,2026-06-09,Tienda Sur,Pañales,Bebé,1,8000,8000
867,2026-06-09,Tienda Sur,Toallitas húmedas,BEBÉ,1,2200,2200
868,28/7/2026, Tienda Mall ,  Leche,Lácteos,1,1200,1200
869,2026-07-17,Tienda Sur,Leche,Lácteos,1,1200,1200
870,2026-06-12,Tienda Centro,Café,Café/Té,1,4000,4000
870,2026-06-12,  Tienda Centro,Galletas,Snacks,1,1000,1000
870,2026-06-12,Tienda Centro,Mantequilla,lácteos,1,2500,2500
870,2026/06/12,Tienda Centro,Pan molde,Panadería,1,1800,1800
870,2026-06-12, Tienda Centro ,Queso,Lácteos,1,4500,4500
870,2026-06-12,  Tienda Centro,Toallitas húmedas,Bebé,1,2200,2200
871,12-07-2026,Tienda Mall,Leche  ,Lácteos,1,1200,1200
872,13/7/2026,Tienda Mall,Mantequilla,Lácteos,2,2500,5000
872,2026-07-13,Tienda Mall,Papas fritas,Snacks,1,1800,1800
872,13-07-2026,Tienda Mall,Queso,Lácteos,2,4500,9000
873,2026-08-14,Tienda Mall,  Pañales,BEBÉ,1,8000,8000
874,2026-08-16,Tienda Mall  ,Mantequilla  ,Lácteos,1,2500,2500
874,16-08-2026,  Tienda Mall,Pan molde,Panadería,1,1800,1800
875,2026-07-02,Tienda Mall,Pan hallulla,Panadería,2,1500,3000
875,2026-07-02,Tienda Mall,Pañales,BEBÉ,2,8000,16000
876,2026-06-28,Tienda Mall,Bebida cola,Bebidas,,1500,1500
876,2026-06-28,Tienda Mall,Maní,Snacks,1,1200,1200
876,2026-06-28,  Tienda Mall, Papas fritas ,Snacks,1,1800,1800
876,2026-06-28,Tienda Mall,Yogurt,Lácteos,1,800,800
877,2026-08-18,Tienda Centro,Bebida cola,Bebidas,1,1500,1500
877,2026-08-18, Tienda Centro ,  Pan hallulla,Panadería,1,1500,1500
877,2026-08-18,Tienda Centro,Queso,Lácteos,1,4500,4500
878,17-06-2026,Tienda Mall,Azúcar,CAFÉ/TÉ,3,1300,3900
878,17/6/2026,Tienda Mall,Leche,Lácteos,1,1200,1200
879,2026-06-03,Tienda Sur, Agua mineral ,Bebidas,1,900,900
879,03-06-2026,Tienda Sur,Yogurt,LÁCTEOS,1,800,800
880,2026-05-24,Tienda Centro  ,Cloro,limpieza,1,1400,1400
880,2026/05/24,Tienda Centro,Galletas  ,Snacks,1,1000,1000
880,2026/05/24,  Tienda Centro,Papas fritas,Snacks,1,1800,1800
881,2026-05-25,Tienda Centro,Esponjas,Limpieza,1,1200,1200
881,2026/05/25,Tienda Centro  ,Mantequilla,Lácteos,2,2500,5000
882,22-07-2026,Tienda Mall,Azúcar,Café/Té,1,1300,1300
883,16-07-2026,Tienda Norte,  Agua mineral,Bebidas,1,900,900
883,2026-07-16,Tienda Norte  ,Yogurt,lácteos,1,800,800
884,2026/06/02,Tienda Norte,Azúcar,café/té,1,1300,1300
884,2026-06-02,Tienda Norte  ,Papas fritas,SNACKS,1,1800,1800
885,2026-05-22,Tienda Sur,Queso,Lácteos,2,4500,9000
885,2026/05/22,Tienda Sur,Vino tinto,Alcohol,2,5000,10000
886,2026-07-28,Tienda Norte  , Detergente ,limpieza,1,5500,5500
886,2026-07-28,Tienda Norte,  Pan hallulla,panadería,1,1500,1500
887,27-5-2026,Tienda Centro, Papas fritas ,Snacks,2,1800,3600
888,2026/06/21,Tienda Sur  ,Croissant,Panadería,2,900,1800
888,2026-06-21,Tienda Sur,Mantequilla,Lácteos,1,2500,2500
888,21-06-2026,Tienda Sur,Maní,snacks,1,1200,1200
888,2026-06-21,Tienda Sur,Pan molde,Panadería,3,1800,5400
888,2026-06-21,Tienda Sur,Queso  ,lácteos,1,4500,4500
889,14-08-2026,Tienda Norte,Azúcar,Café/Té,1,1300,1300
889,14-08-2026,Tienda Norte,Mantequilla,Lácteos,1,2500,2500
889,2026-08-14,  Tienda Norte,Maní  ,Snacks,,1200,1200
889,14/8/2026,Tienda Norte,Pan hallulla,panadería,3,1500,4500
889,14/8/2026,Tienda Norte,Té,Café/Té,1,2500,2500
890,2026-06-17,Tienda Centro,Mantequilla,Lácteos,1,2500,2500
890,2026-06-17,Tienda Centro,Pan molde,Panadería,1,1800,1800
890,17-06-2026,Tienda Centro,  Queso,lácteos,,4500,4500
890,17-06-2026, Tienda Centro ,Yogurt,Lácteos,2,800,1600
891,12-08-2026,Tienda Sur, Queso ,Lácteos,1,4500,4500
892,05-08-2026,Tienda Mall,Azúcar  ,Café/Té,1,1300,1300
892,2026-08-05,Tienda Mall,Esponjas,LIMPIEZA,3,1200,3600
892,2026-08-05,Tienda Mall,Leche,Lácteos,1,1200,1200
892,05-08-2026, Tienda Mall , Pañales ,Bebé,1,8000,8000
892,2026-08-05,Tienda Mall,Toallitas húmedas,Bebé,3,2200,6600
893,2026-08-17,Tienda Norte  ,Cloro  ,Limpieza,1,1400,1400
893,17-08-2026,Tienda Norte, Detergente ,Limpieza,1,5500,5500
893,17-08-2026,Tienda Norte,Esponjas,limpieza,,1200,1200
894,03-08-2026,Tienda Mall,Bebida cola,Bebidas,1,1500,1500
894,2026/08/03,Tienda Mall  ,Detergente  ,Limpieza,2,5500,11.000
894,2026-08-03,Tienda Mall,Papas fritas,Snacks,1,1800,1800
895,2026/06/20,Tienda Mall  , Croissant ,Panadería,1,900,900
895,2026/06/20,Tienda Mall,Mantequilla,Lácteos,1,2500,2500
895,2026-06-20,Tienda Mall,Pan hallulla,Panadería,1,1500,1500
895,2026-06-20, Tienda Mall ,Toallitas húmedas,Bebé,1,2200,2200
896,2026-08-05,Tienda Mall,Agua mineral,Bebidas,1,900,900
896,2026-08-05, Tienda Mall , Cerveza ,ALCOHOL,2,3500,7000
896,2026/08/05,Tienda Mall  ,Mantequilla,Lácteos,1,2500,2500
896,2026-08-05,Tienda Mall,Papas fritas,Snacks,2,1800,3600
897,2026-05-24,Tienda Norte,Bebida cola,Bebidas,1,1500,1500
897,2026-05-24,Tienda Norte,Cerveza,Alcohol,1,3500,3500
897,2026-05-24,Tienda Norte,Queso,Lácteos,2,4500,9000
898,2026-08-06,Tienda Mall  ,Galletas,Snacks,,1000,1000
898,2026-08-06,Tienda Mall,Yogurt,Lácteos,1,800,800
899,2026-07-22,  Tienda Centro,  Cloro,Limpieza,1,1400,1400
899,2026-07-22,Tienda Centro,Detergente,Limpieza,1,5500,5500
899,2026-07-22,Tienda Centro  ,Esponjas,Limpieza,1,1200,1200
899,2026/07/22,Tienda Centro,Mantequilla,Lácteos,1,2500,2500
899,2026-07-22,Tienda Centro,Pan hallulla,Panadería,1,1500,1500
899,2026-07-22,Tienda Centro,Queso,Lácteos,1,4500,4500
900,2026-07-14,Tienda Norte,Cerveza  ,ALCOHOL,2,3500,7000
900,2026-07-14,Tienda Norte, Galletas ,Snacks,1,1000,1000
900,14-07-2026,Tienda Norte,Jugo naranja,Bebidas,3,1600,4800
900,2026-07-14,  Tienda Norte,Pañales,Bebé,1,8000,8000
901,8-7-2026,Tienda Norte,Maní,Snacks,,1200,1200
901,8/7/2026,Tienda Norte,Té,Café/Té,1,2500,2500
902,21-7-2026, Tienda Centro ,Croissant,panadería,1,900,900
902,21-07-2026,Tienda Centro, Jugo naranja ,Bebidas,1,1600,1600
902,21/7/2026,Tienda Centro,Maní,Snacks,2,1200,2400
903,22-06-2026,Tienda Mall,Galletas,Snacks,1,1000,1000
903,2026-06-22,Tienda Mall,Jugo naranja,Bebidas,1,1600,1600
904,2026/05/30,Tienda Sur, Azúcar ,Café/Té,1,1300,1300
904,2026-05-30,Tienda Sur  ,Café,Café/Té,2,4000,8000
905,2026-07-07,Tienda Mall,Maní,SNACKS,3,1200,3600
905,7/7/2026,Tienda Mall,Papas fritas,Snacks,1,1800,1800
906,2026/07/22,Tienda Sur,Croissant,Panadería,1,900,900
906,22-7-2026,Tienda Sur,Maní,Snacks,3,1200,3600
906,2026-07-22,Tienda Sur,Pañales  ,Bebé,1,8000,8000
907,2026/07/15,Tienda Sur,Azúcar,CAFÉ/TÉ,1,1300,1300
907,15/7/2026,Tienda Sur,Esponjas,Limpieza,1,1200,1200
907,2026-07-15,Tienda Sur,Té,Café/Té,3,2500,7500
907,15-7-2026,Tienda Sur,Vino tinto,Alcohol,2,5000,10000
908,2026-06-21,Tienda Mall,Vino tinto,Alcohol,1,5000,5000
909,18/8/2026,Tienda Norte,Cloro,Limpieza,1,1400,1400
909,2026-08-18,Tienda Norte,Galletas,snacks,1,1000,1000
910,3-8-2026,  Tienda Norte,Croissant,Panadería,1,900,900
911,9/7/2026,Tienda Mall,Croissant,panadería,1,900,900
911,2026/07/09,Tienda Mall,Queso,Lácteos,1,4500,4500
911,2026/07/09,Tienda Mall,Té,CAFÉ/TÉ,1,2500,2500
912,2026/07/24,Tienda Mall, Croissant ,Panadería,1,900,900
912,24-7-2026,Tienda Mall,Maní,Snacks,1,1200,1200
913,2026/07/04,Tienda Norte,Papas fritas,Snacks,1,1800,1800
913,2026-07-04,Tienda Norte,  Queso,Lácteos,1,4500,4500
914,11/6/2026,Tienda Mall,Croissant,Panadería,2,900,1800
915,13/7/2026,Tienda Mall,Maní,Snacks,1,1200,1200
915,13-07-2026, Tienda Mall ,Queso,LÁCTEOS,1,4500,4500
915,2026-07-13,Tienda Mall,Vino tinto,ALCOHOL,1,5000,5000
915,2026-07-13,Tienda Mall,Yogurt,Lácteos,1,800,800
916,2026-08-01,Tienda Norte,Pan hallulla,Panadería,1,1500,1500
917,12/7/2026,Tienda Mall,Cloro,Limpieza,1,1400,1400
917,2026-07-12,Tienda Mall,Detergente  ,Limpieza,1,5500,5500
917,2026-07-12, Tienda Mall ,  Esponjas,limpieza,1,1200,1200
917,2026/07/12,  Tienda Mall, Leche ,Lácteos,1,1200,1200
917,2026/07/12,Tienda Mall,Toallitas húmedas,Bebé,1,2200,2200
918,15-08-2026,Tienda Centro,Agua mineral,Bebidas,2,900,1800
919,21/5/2026,Tienda Centro,Té,Café/Té,,2500,2500
920,26-07-2026,Tienda Sur,Azúcar,Café/Té,1,1300,1300
920,26/7/2026,Tienda Sur,Café,CAFÉ/TÉ,1,4000,4000
920,2026-07-26,Tienda Sur  ,Cerveza,ALCOHOL,1,3500,3500
920,2026-07-26,  Tienda Sur,Maní,SNACKS,1,1200,1200
920,26-7-2026,Tienda Sur,Papas fritas,Snacks,3,1800,5400
920,2026-07-26,Tienda Sur,Toallitas húmedas,Bebé,2,2200,4400
921,2026-06-02,Tienda Centro,Esponjas,Limpieza,,1200,2400
921,2026-06-02, Tienda Centro ,Papas fritas,Snacks,2,1800,3600
922,2026-06-07,Tienda Centro,Agua mineral,Bebidas,1,900,900
922,2026/06/07,Tienda Centro,Esponjas,Limpieza,1,1200,1200
922,2026-06-07,Tienda Centro,Té,Café/Té,1,2500,2500
923,2026-07-20,Tienda Mall,Cerveza,Alcohol,1,3500,3500
923,20-07-2026,Tienda Mall  ,  Cloro,Limpieza,1,1400,1400
923,2026-07-20,Tienda Mall, Detergente ,Limpieza,1,5500,5500
923,20/7/2026,Tienda Mall,Mantequilla,lácteos,1,2500,2500
923,2026-07-20,Tienda Mall,Maní,Snacks,1,1200,1200
923,2026-07-20,Tienda Mall,Pan molde,Panadería,3,1800,5400
923,2026-07-20,Tienda Mall,Papas fritas,Snacks,3,1800,5400
924,13-8-2026,Tienda Centro,  Jugo naranja,Bebidas,2,1600,3200
924,2026-08-13,Tienda Centro,Queso,Lácteos,2,4500,9000
924,13-08-2026,Tienda Centro,Toallitas húmedas,Bebé,2,2200,4400
925,2026/07/24,Tienda Centro,Croissant,Panadería,1,900,900
926,2026-08-15,Tienda Mall,Galletas,Snacks,3,1000,3000
927,2026-07-21,Tienda Norte,Cloro,Limpieza,1,1400,1400
927,21/7/2026,Tienda Norte,Yogurt,Lácteos,1,800,800
928,24-05-2026,Tienda Norte,Agua mineral,Bebidas,1,900,900
928,24/5/2026,  Tienda Norte,Bebida cola,Bebidas,1,1500,1500
928,24-5-2026,Tienda Norte,Cerveza,Alcohol,3,3500,10.500
928,2026-05-24,Tienda Norte,Papas fritas,Snacks,1,1800,1800
929,22-07-2026,Tienda Centro,Bebida cola,Bebidas,2,1500,3000
929,2026-07-22,Tienda Centro,Cerveza,Alcohol,1,3500,3500
929,22-07-2026,Tienda Centro, Papas fritas ,Snacks,1,1800,1800
929,22-7-2026,Tienda Centro,Pañales  ,Bebé,1,8000,8000
930,2026-07-15,Tienda Norte,Jugo naranja,BEBIDAS,1,1600,1600
930,2026-07-15,  Tienda Norte, Leche ,Lácteos,1,1200,1200
931,2026-08-04,  Tienda Norte,Leche,Lácteos,2,1200,2400
931,4/8/2026,  Tienda Norte,Pañales,BEBÉ,1,8000,8000
931,2026-08-04,Tienda Norte, Queso ,Lácteos,1,4500,4500
931,2026-08-04,Tienda Norte,Toallitas húmedas,Bebé,1,2200,2200
931,2026-08-04,Tienda Norte,Vino tinto,alcohol,1,5000,5000
932,14-07-2026,Tienda Sur,Cloro,Limpieza,1,1400,1400
932,2026-07-14,  Tienda Sur,Mantequilla,Lácteos,1,2500,2500
932,2026-07-14,Tienda Sur  ,  Té,Café/Té,1,2500,2500
933,2026-07-18,Tienda Sur,  Jugo naranja,BEBIDAS,2,1600,3200
934,2026-07-23,Tienda Mall,Jugo naranja,Bebidas,1,1600,1600
935,14/8/2026,Tienda Centro,Jugo naranja,BEBIDAS,1,1600,1600
935,2026-08-14,Tienda Centro,Té,Café/Té,3,2500,7500
936,2-8-2026,Tienda Mall,Café,Café/Té,3,4000,12000
936,2026-08-02,Tienda Mall,Jugo naranja,Bebidas,1,1600,1600
936,2-8-2026,  Tienda Mall,Queso,Lácteos,2,4500,9000
937,16-06-2026,Tienda Norte,Café,café/té,1,4000,4000
937,2026/06/16,Tienda Norte  ,Galletas,Snacks,1,1000,1000
937,2026-06-16,Tienda Norte,Pan hallulla,Panadería,1,1500,1500
937,2026-06-16,Tienda Norte,Yogurt,Lácteos,1,800,800
938,20-07-2026,Tienda Sur,Croissant,PANADERÍA,1,900,900
938,2026-07-20,Tienda Sur,Papas fritas,Snacks,3,1800,5400
938,2026-07-20,Tienda Sur,Té,Café/Té,2,2500,5000
939,30-7-2026,Tienda Mall,Cerveza  ,ALCOHOL,2,3500,7000
940,28/6/2026,Tienda Mall,Galletas,Snacks,1,1000,1000
940,2026/06/28,Tienda Mall,Mantequilla,Lácteos,1,2500,2500
940,28-6-2026,Tienda Mall,  Pañales,bebé,2,8000,16.000
940,2026-06-28,Tienda Mall,Toallitas húmedas,Bebé,2,2200,4400
941,2026-05-22,Tienda Sur,Cloro,limpieza,1,1400,1400
941,22-05-2026, Tienda Sur ,Leche,lácteos,3,1200,3600
941,22-05-2026,Tienda Sur,Pañales,Bebé,1,8000,8000
942,2026-06-11,Tienda Centro,Azúcar,Café/Té,3,1300,3900
942,11/6/2026,Tienda Centro,Café,Café/Té,1,4000,4000
942,11/6/2026,Tienda Centro,Galletas,Snacks,1,1000,1000
943,9-6-2026,Tienda Mall,Bebida cola,BEBIDAS,1,1500,1500
943,9/6/2026,  Tienda Mall,  Leche,LÁCTEOS,1,1200,1200
944,2026-06-12,Tienda Mall, Cloro ,Limpieza,2,1400,2800
944,2026-06-12,  Tienda Mall,Croissant,Panadería,1,900,900
944,12/6/2026,Tienda Mall,Galletas,Snacks,1,1000,1000
945,12-8-2026,Tienda Mall,Croissant,PANADERÍA,1,900,900
945,2026-08-12,Tienda Mall,Leche,Lácteos,1,1200,1200
946,2026-07-25,Tienda Norte  ,Pañales,Bebé,1,8000,8000
947,2026-06-02,Tienda Norte,Detergente,Limpieza,1,5500,5500
947,2026-06-02,  Tienda Norte,Esponjas,LIMPIEZA,1,1200,1200
948,2026-07-28,Tienda Norte,Esponjas,limpieza,2,1200,2400
948,2026-07-28,Tienda Norte,Mantequilla,Lácteos,1,2500,2500
948,2026-07-28,Tienda Norte,Pan molde,PANADERÍA,1,1800,1800
949,2026-08-03,Tienda Centro  ,Cloro,LIMPIEZA,1,1400,1400
949,3/8/2026,Tienda Centro,Leche,Lácteos,1,1200,1200
949,2026-08-03, Tienda Centro ,Queso,Lácteos,1,4500,4500
950,2026-07-31, Tienda Mall ,Leche,Lácteos,1,1200,1200
950,2026-07-31,Tienda Mall  ,Mantequilla  ,Lácteos,1,2500,2500
950,2026-07-31,Tienda Mall  ,Pan hallulla,Panadería,2,1500,3000
951,2026-05-31,Tienda Centro,Azúcar,Café/Té,,1300,3900
951,2026-05-31,Tienda Centro,Queso,lácteos,1,4500,4500
951,31-5-2026,Tienda Centro,Vino tinto,Alcohol,1,5000,5000
952,2026-05-26,Tienda Sur,Galletas,Snacks,2,1000,2000
952,2026/05/26,Tienda Sur,Mantequilla,lácteos,3,2500,7500
952,26/5/2026,Tienda Sur  ,Pañales,Bebé,1,8000,8000
952,26-5-2026,Tienda Sur,Toallitas húmedas,Bebé,1,2200,2200
953,17-8-2026,Tienda Centro,Bebida cola,Bebidas,1,1500,1500
953,17/8/2026, Tienda Centro ,Mantequilla,Lácteos,1,2500,2500
953,17-08-2026,Tienda Centro,Pan hallulla,Panadería,1,1500,1500
953,2026-08-17,Tienda Centro,Papas fritas,Snacks,1,1800,1800
953,2026/08/17,Tienda Centro,Queso,LÁCTEOS,2,4500,9000
954,14-7-2026,Tienda Centro,Agua mineral,BEBIDAS,1,900,900
954,2026-07-14,Tienda Centro,Papas fritas  ,Snacks,1,1800,1800
955,18-7-2026,Tienda Centro,Cloro,limpieza,1,1400,1400
955,18-7-2026,Tienda Centro,Esponjas,Limpieza,1,1200,1200
955,18/7/2026,Tienda Centro,Mantequilla,Lácteos,2,2500,5000
955,2026-07-18,Tienda Centro,Maní,Snacks,3,1200,3600
956,2026-08-18,Tienda Norte,Cloro  ,Limpieza,3,1400,4200
956,18-08-2026,Tienda Norte,Detergente,Limpieza,1,5500,5500
956,2026-08-18,Tienda Norte,Esponjas,Limpieza,1,1200,1200
956,2026-08-18,Tienda Norte,  Pañales,Bebé,1,8000,8000
957,2026-05-30,Tienda Sur,Leche,Lácteos,1,1200,1200
958,2026-07-12,Tienda Centro,Croissant,Panadería,2,900,1800
958,12-07-2026,Tienda Centro,Vino tinto,Alcohol,1,5000,5000
959,2026/06/18,Tienda Sur,Papas fritas,Snacks,3,1800,5400
960,18-6-2026,Tienda Mall,Jugo naranja,Bebidas,2,1600,3200
960,2026-06-18,Tienda Mall,  Leche,Lácteos,1,1200,1200
960,2026-06-18,Tienda Mall,  Té,café/té,1,2500,2500
960,2026-06-18,Tienda Mall,Yogurt  ,Lácteos,1,800,800
961,26-6-2026,Tienda Sur,  Cerveza,Alcohol,3,3500,10.500
961,26/6/2026,Tienda Sur,Mantequilla,Lácteos,1,2500,2500
961,2026-06-26,Tienda Sur,Maní,Snacks,1,1200,1200
961,26-6-2026,Tienda Sur,Pan hallulla,Panadería,2,1500,3000
961,26-6-2026,Tienda Sur,Yogurt,Lácteos,1,800,800
962,2026/06/06,Tienda Sur,Té,café/té,1,2500,2500
963,8/6/2026,Tienda Mall,Agua mineral,Bebidas,1,900,900
963,8/6/2026,Tienda Mall,Pan hallulla  ,Panadería,2,1500,3000
964,15-8-2026,Tienda Mall, Galletas ,Snacks,1,1000,1000
964,2026-08-15, Tienda Mall ,  Vino tinto,Alcohol,1,5000,5000
964,15-8-2026,  Tienda Mall,Yogurt,LÁCTEOS,1,800,800
965,2026/06/19,  Tienda Sur,Croissant,panadería,2,900,1800
965,2026-06-19,  Tienda Sur,Jugo naranja,Bebidas,2,1600,3200
965,2026-06-19,Tienda Sur,Maní,Snacks,1,1200,1200
966,30-05-2026,Tienda Norte,  Croissant,Panadería,3,900,2700
966,2026-05-30,Tienda Norte,Mantequilla,Lácteos,1,2500,2500
966,30/5/2026,Tienda Norte,Pan hallulla,Panadería,1,1500,1500
966,2026-05-30,Tienda Norte, Pañales ,Bebé,2,8000,16.000
966,2026-05-30,Tienda Norte, Yogurt ,Lácteos,1,800,800
967,2026/07/25,Tienda Centro,Queso  ,Lácteos,2,4500,9000
967,2026/07/25,Tienda Centro  ,Toallitas húmedas,Bebé,2,2200,4400
968,2026/07/14,Tienda Sur,Cloro,Limpieza,1,1400,1400
968,14-07-2026,Tienda Sur,Té,Café/Té,1,2500,2500
969,11-06-2026,Tienda Norte,Vino tinto,Alcohol,1,5000,5000
970,27/5/2026,Tienda Mall,Vino tinto,Alcohol,1,5000,5000
970,27-05-2026,Tienda Mall,  Yogurt,lácteos,,800,800
971,2026-07-29,Tienda Centro,  Azúcar,Café/Té,1,1300,1300
971,2026/07/29, Tienda Centro , Café ,Café/Té,1,4000,4000
971,2026-07-29,Tienda Centro, Galletas ,Snacks,3,1000,3000
971,2026-07-29,Tienda Centro,  Jugo naranja,Bebidas,3,1600,4800
972,11-08-2026,Tienda Centro  ,  Azúcar,café/té,2,1300,2600
972,2026-08-11, Tienda Centro , Café ,Café/Té,1,4000,4000
972,2026-08-11,Tienda Centro  ,Mantequilla  ,Lácteos,1,2500,2500
972,11/8/2026,Tienda Centro,Pan hallulla,Panadería,1,1500,1500
972,11-8-2026,Tienda Centro,Queso,Lácteos,1,4500,4500
972,2026-08-11,Tienda Centro,Toallitas húmedas,Bebé,1,2200,2200
972,11-8-2026,Tienda Centro,Vino tinto,Alcohol,2,5000,10000
973,2026-07-12,Tienda Centro,Agua mineral,Bebidas,1,900,900
973,12-7-2026,Tienda Centro,Cloro,Limpieza,1,1400,1400
973,2026-07-12,Tienda Centro  ,Mantequilla,Lácteos,1,2500,2500
973,2026-07-12,Tienda Centro,Pan molde,panadería,2,1800,3600
974,3/6/2026,Tienda Mall,Galletas,Snacks,1,1000,1000
974,2026-06-03,Tienda Mall  ,Mantequilla,Lácteos,1,2500,2500
974,2026-06-03, Tienda Mall ,Yogurt,Lácteos,1,800,800
975,2026-06-15,Tienda Centro,Mantequilla,LÁCTEOS,1,2500,2500
975,15-06-2026,Tienda Centro,Pan hallulla,panadería,1,1500,1500
976,14-08-2026,Tienda Norte,Agua mineral,bebidas,1,900,900
976,2026-08-14,Tienda Norte, Cloro ,Limpieza,1,1400,1400
976,2026-08-14,Tienda Norte,Leche,Lácteos,1,1200,1200
976,14/8/2026,Tienda Norte,Maní,Snacks,1,1200,1200
977,2026-07-11,Tienda Mall,Leche,LÁCTEOS,2,1200,2400
978,2026-06-06,Tienda Norte  ,Cloro,Limpieza,1,1400,1400
978,6/6/2026,Tienda Norte,  Mantequilla,lácteos,3,2500,7500
978,2026-06-06,Tienda Norte,Pan molde  ,Panadería,2,1800,3600
979,2026/07/15,Tienda Mall,Café,Café/Té,1,4000,4000
979,2026-07-15,Tienda Mall,Croissant,Panadería,1,900,900
979,15-07-2026,Tienda Mall,Galletas  ,Snacks,1,1000,1000
980,2026-06-04,Tienda Sur,Bebida cola,Bebidas,2,1500,3000
980,2026-06-04,Tienda Sur, Cloro ,Limpieza,1,1400,1400
980,2026-06-04, Tienda Sur , Maní ,Snacks,2,1200,2400
980,2026-06-04,Tienda Sur,Queso,Lácteos,1,4500,4500
981,14/6/2026,Tienda Norte,Mantequilla,Lácteos,1,2500,2500
981,14/6/2026,  Tienda Norte,Papas fritas  ,Snacks,3,1800,5400
982,2026-06-08,Tienda Mall,Queso,Lácteos,1,4500,4500
983,2026/05/27,Tienda Mall,Esponjas,Limpieza,1,1200,1200
983,27-05-2026,Tienda Mall,Jugo naranja,BEBIDAS,1,1600,1600
984,2026/07/03,Tienda Mall,Maní,Snacks,1,1200,1200
984,03-07-2026,Tienda Mall,Té,Café/Té,1,2500,2500
985,25-06-2026,Tienda Sur,Bebida cola,BEBIDAS,1,1500,1500
985,25-06-2026,Tienda Sur,Cerveza,ALCOHOL,1,3500,3500
985,25-6-2026,  Tienda Sur,Maní,Snacks,1,1200,1200
985,25-6-2026, Tienda Sur ,Pan hallulla,Panadería,1,1500,1500
985,2026-06-25,Tienda Sur,Papas fritas,Snacks,1,1800,1800
986,2026/07/02,Tienda Sur  ,Cloro,Limpieza,1,1400,1400
987,30/7/2026,Tienda Norte  ,Pañales,Bebé,1,8000,8000
987,2026-07-30,Tienda Norte, Toallitas húmedas ,Bebé,1,2200,2200
987,30-07-2026,  Tienda Norte,Vino tinto  ,Alcohol,2,5000,10000
988,2026-06-06,Tienda Centro,Detergente,Limpieza,1,5500,5500
988,2026-06-06,Tienda Centro,Esponjas,Limpieza,1,1200,1200
989,2026-07-29,  Tienda Sur,  Azúcar,Café/Té,1,1300,1300
989,2026-07-29,Tienda Sur,Café,café/té,1,4000,4000
989,2026-07-29,Tienda Sur  ,Galletas,Snacks,,1000,2000
989,2026-07-29,Tienda Sur, Queso ,lácteos,2,4500,9000
990,31-07-2026,Tienda Sur,Cloro  ,Limpieza,1,1400,1400
990,31-07-2026,Tienda Sur, Detergente ,Limpieza,1,5500,5500
990,31-07-2026, Tienda Sur ,Esponjas,Limpieza,3,1200,3600
990,31/7/2026,Tienda Sur,Galletas,Snacks,2,1000,2000
991,2026-06-11,Tienda Sur,Jugo naranja,bebidas,3,1600,4800
991,11-6-2026,Tienda Sur,Mantequilla,lácteos,1,2500,2500
991,11-6-2026,Tienda Sur  ,  Pan hallulla,Panadería,2,1500,3000
991,11-06-2026,Tienda Sur,Queso,Lácteos,1,4500,4500
992,28-07-2026,Tienda Centro,  Azúcar,Café/Té,2,1300,2600
992,28-7-2026, Tienda Centro ,Té  ,Café/Té,1,2500,2500
993,24/6/2026,Tienda Norte,  Yogurt,Lácteos,1,800,800
994,04-08-2026,Tienda Centro,  Esponjas,LIMPIEZA,1,1200,1200
994,4/8/2026,Tienda Centro,Galletas,snacks,2,1000,2000
994,04-08-2026,Tienda Centro,Té,Café/Té,1,2500,2500
995,2026-06-24,Tienda Centro,Pan hallulla,Panadería,1,1500,1500
995,2026/06/24,Tienda Centro,Queso,LÁCTEOS,3,4500,13.500
996,2026/06/25, Tienda Norte ,Detergente,Limpieza,1,5500,5500
996,2026-06-25,  Tienda Norte,Mantequilla,Lácteos,,2500,2500
996,2026-06-25,Tienda Norte  ,Pan hallulla,Panadería,3,1500,4500
996,25/6/2026,Tienda Norte,Queso,Lácteos,1,4500,4500
997,30-07-2026,Tienda Sur,Jugo naranja,Bebidas,1,1600,1600
997,2026-07-30,  Tienda Sur,Maní  ,Snacks,1,1200,1200
997,30-07-2026,Tienda Sur,  Toallitas húmedas,bebé,2,2200,4400
998,05-07-2026,Tienda Norte,Agua mineral,bebidas,2,900,1800
998,2026-07-05,  Tienda Norte,Mantequilla,Lácteos,2,2500,5000
998,2026-07-05,Tienda Norte,Pan molde,Panadería,1,1800,1800
998,2026-07-05,Tienda Norte  ,Yogurt,Lácteos,2,800,1600
999,8-7-2026,Tienda Sur,Azúcar,Café/Té,1,1300,1300
999,08-07-2026,  Tienda Sur, Cloro ,LIMPIEZA,1,1400,1400
999,08-07-2026,Tienda Sur,Detergente,Limpieza,1,5500,5500
999,2026-07-08,Tienda Sur,Toallitas húmedas,Bebé,2,2200,4400
1000,10-07-2026,Tienda Norte,Maní,Snacks,1,1200,1200
1000,10/7/2026,Tienda Norte,Queso,Lácteos,1,4500,4500
1000,2026-07-10,Tienda Norte,Vino tinto,Alcohol,1,5000,5000
1001,12-06-2026,Tienda Norte,Cloro,Limpieza,2,1400,2800
1001,2026-06-12,Tienda Norte,Detergente,Limpieza,2,5500,11.000
1001,12/6/2026,Tienda Norte,Esponjas,LIMPIEZA,1,1200,1200
1001,12-06-2026,Tienda Norte,Yogurt  ,LÁCTEOS,1,800,800
1002,8-6-2026,Tienda Centro,Detergente,limpieza,1,5500,5500
1002,2026-06-08,Tienda Centro, Esponjas ,LIMPIEZA,2,1200,2400
1002,2026-06-08,Tienda Centro,Galletas,SNACKS,2,1000,2000
1003,06-08-2026,Tienda Centro,Leche,Lácteos,1,1200,1200
1003,2026-08-06,Tienda Centro, Pan molde ,Panadería,1,1800,1800
1004,2026/06/21,  Tienda Centro,Cloro  ,limpieza,3,1400,4200
1004,21-06-2026,Tienda Centro,Detergente,Limpieza,1,5500,5500
1004,21-6-2026,Tienda Centro,Toallitas húmedas,Bebé,2,2200,4400
1005,2026-07-03,Tienda Centro,Azúcar,Café/Té,1,1300,1300
1005,2026/07/03,Tienda Centro,Café,Café/Té,1,4000,4000
1005,2026/07/03,Tienda Centro,Pañales  ,Bebé,1,8000,8000
1006,29/7/2026, Tienda Centro ,Mantequilla  ,Lácteos,1,2500,2500
1006,29-07-2026,Tienda Centro,Pan hallulla  ,Panadería,2,1500,3000
1006,2026-07-29,Tienda Centro,Queso,Lácteos,1,4500,4500
1007,2026-06-18,Tienda Centro,Mantequilla  ,LÁCTEOS,1,2500,2500
1007,18-06-2026,Tienda Centro,Papas fritas,SNACKS,1,1800,1800
1008,2026-08-16,Tienda Mall,Azúcar,café/té,1,1300,1300
1008,2026-08-16,Tienda Mall,Café,CAFÉ/TÉ,3,4000,12.000
1008,2026-08-16,Tienda Mall,Esponjas,Limpieza,1,1200,1200
1008,16/8/2026,Tienda Mall,Galletas  ,Snacks,1,1000,1000
1008,2026-08-16,Tienda Mall  ,Leche  ,Lácteos,1,1200,1200
1009,2026-05-31,Tienda Centro,Azúcar,Café/Té,1,1300,1300
1009,31-05-2026,  Tienda Centro,  Maní,snacks,1,1200,1200
1009,2026-05-31,Tienda Centro,Té,CAFÉ/TÉ,2,2500,5000
1009,31-5-2026, Tienda Centro ,Yogurt,LÁCTEOS,1,800,800
1010,2026-08-08,Tienda Sur,Agua mineral,Bebidas,2,900,1800
1010,2026-08-08,Tienda Sur,Leche,lácteos,1,1200,1200
1011,23/6/2026,Tienda Centro  ,Cerveza,ALCOHOL,2,3500,7000
1011,2026/06/23,Tienda Centro,Cloro,Limpieza,1,1400,1400
1011,2026-06-23, Tienda Centro , Detergente ,Limpieza,1,5500,5500
1011,2026-06-23,Tienda Centro,Mantequilla,Lácteos,2,2500,5000
1012,2026/06/08,Tienda Centro,Mantequilla,Lácteos,2,2500,5000
1012,8-6-2026,Tienda Centro,Yogurt,Lácteos,1,800,800
1013,23-07-2026,Tienda Mall,Maní,Snacks,2,1200,2400
1013,2026-07-23,Tienda Mall, Toallitas húmedas ,Bebé,1,2200,2200
1014,2026-08-12,  Tienda Norte,Azúcar,Café/Té,1,1300,1300
1014,12/8/2026,Tienda Norte,Café,Café/Té,1,4000,4000
1015,2026-05-31,Tienda Mall,Bebida cola,Bebidas,1,1500,1500
1015,31-05-2026,Tienda Mall  , Esponjas ,Limpieza,1,1200,1200
1016,2026-05-23,Tienda Sur,Leche,Lácteos,1,1200,1200
1016,2026-05-23,  Tienda Sur,Mantequilla,LÁCTEOS,1,2500,2500
1017,2026-06-07,Tienda Sur,Azúcar,Café/Té,1,1300,1300
1017,2026-06-07,Tienda Sur,Maní  ,Snacks,2,1200,2400
1018,2026-05-28,Tienda Norte,Esponjas,Limpieza,2,1200,2400
1019,8/7/2026,Tienda Centro,Maní,Snacks,2,1200,2400
1019,8-7-2026,Tienda Centro,Pan hallulla,panadería,2,1500,3000
1019,8/7/2026,Tienda Centro,Queso  ,lácteos,1,4500,4500
1019,8/7/2026,Tienda Centro,Vino tinto  ,Alcohol,1,5000,5000
1020,2026-05-31,Tienda Norte,Pañales,Bebé,2,8000,16000
1021,2026-07-20,Tienda Norte,Azúcar  ,Café/Té,2,1300,2600
1021,2026/07/20,Tienda Norte,  Café,Café/Té,1,4000,4000
1021,2026-07-20, Tienda Norte ,Esponjas,Limpieza,1,1200,1200
1021,20-7-2026,Tienda Norte,Jugo naranja,Bebidas,1,1600,1600
1022,2026-08-11,Tienda Centro,Azúcar,Café/Té,1,1300,1300
1022,11-8-2026,Tienda Centro,Mantequilla,Lácteos,2,2500,5000
1022,2026-08-11,Tienda Centro,Pan molde,Panadería,1,1800,1800
1022,11-08-2026,Tienda Centro, Té ,Café/Té,1,2500,2500
1022,2026-08-11,Tienda Centro,Yogurt,Lácteos,1,800,800
1023,2026-06-19,  Tienda Mall,Agua mineral,Bebidas,1,900,900
1023,2026/06/19,Tienda Mall,Croissant,Panadería,1,900,900
1023,19/6/2026,Tienda Mall,Papas fritas  ,Snacks,,1800,1800
1023,19-06-2026,Tienda Mall,Té,Café/Té,1,2500,2500
1024,2026-06-13,  Tienda Centro,Azúcar,Café/Té,1,1300,1300
1024,13/6/2026,Tienda Centro,  Café,Café/Té,1,4000,4000
1024,2026-06-13,Tienda Centro  ,Cerveza,Alcohol,1,3500,3500
1024,2026-06-13,Tienda Centro,Galletas,Snacks,1,1000,1000
1024,2026-06-13,Tienda Centro  ,Maní,Snacks,1,1200,1200
1025,2026-07-02,Tienda Centro,Azúcar,Café/Té,1,1300,1300
1025,2026/07/02,Tienda Centro,Yogurt,LÁCTEOS,1,800,800
1026,2026/05/22,Tienda Sur,Queso,LÁCTEOS,1,4500,4500
1027,25/5/2026,Tienda Norte,Mantequilla,Lácteos,3,2500,7500
1027,25/5/2026,Tienda Norte,Pan hallulla  ,Panadería,1,1500,1500
1027,25-05-2026,Tienda Norte,  Pañales,Bebé,1,8000,8000
1027,2026-05-25,Tienda Norte,Toallitas húmedas,Bebé,1,2200,2200
1028,2026-07-10,Tienda Norte  ,Papas fritas  ,Snacks,,1800,3600
1028,10-7-2026,Tienda Norte,Vino tinto,Alcohol,1,5000,5000
1029,2026-07-12,Tienda Centro,Mantequilla,Lácteos,1,2500,2500
1029,2026/07/12,Tienda Centro,Pan molde,Panadería,2,1800,3600
1030,2026/06/27,Tienda Norte,  Galletas,Snacks,1,1000,1000
1031,2026-08-09,Tienda Centro,Bebida cola,Bebidas,1,1500,1500
1031,2026-08-09,Tienda Centro,Cloro,Limpieza,3,1400,4200
1031,2026-08-09,  Tienda Centro,Detergente,Limpieza,,5500,5500
1031,09-08-2026,Tienda Centro,Queso,lácteos,1,4500,4500
1032,2026/07/03,Tienda Mall,Cerveza,Alcohol,2,3500,7000
1032,2026-07-03, Tienda Mall ,Jugo naranja,Bebidas,1,1600,1600
1032,3/7/2026,Tienda Mall  ,Maní,snacks,1,1200,1200
1032,2026-07-03,Tienda Mall,Vino tinto,Alcohol,,5000,15000
1033,2026/08/06,Tienda Centro, Café ,Café/Té,1,4000,4000
1033,2026-08-06,  Tienda Centro,Cerveza,Alcohol,1,3500,3500
1033,2026-08-06,Tienda Centro,Detergente,Limpieza,1,5500,5500
1033,06-08-2026,Tienda Centro,Leche,Lácteos,3,1200,3600
1033,2026-08-06,Tienda Centro,Pañales  ,Bebé,1,8000,8000
1034,2026-06-25, Tienda Sur ,Croissant  ,Panadería,2,900,1800
1034,25-6-2026,Tienda Sur,Yogurt,Lácteos,1,800,800
1035,20-07-2026,Tienda Sur,Detergente,Limpieza,1,5500,5500
1035,2026-07-20,Tienda Sur,Galletas,Snacks,1,1000,1000
1035,20-07-2026,Tienda Sur,Mantequilla,Lácteos,1,2500,2500
1036,12-07-2026,Tienda Norte,Toallitas húmedas,Bebé,1,2200,2200
1036,2026-07-12,Tienda Norte,Té,Café/Té,1,2500,2500
1037,24/7/2026,Tienda Mall, Cloro ,LIMPIEZA,2,1400,2800
1037,2026-07-24,Tienda Mall,Pan hallulla,Panadería,1,1500,1500
1038,31/7/2026,Tienda Centro,  Leche,Lácteos,1,1200,1200
1039,2026-06-10,  Tienda Mall,  Bebida cola,BEBIDAS,1,1500,1500
1039,2026-06-10,Tienda Mall,  Galletas,Snacks,1,1000,1000
1039,2026-06-10,Tienda Mall  ,Papas fritas,Snacks,1,1800,1800
1040,2026-07-19,Tienda Centro  ,Leche,LÁCTEOS,2,1200,2400
1041,10-07-2026,Tienda Mall,Cerveza,Alcohol,1,3500,3500
1041,10-7-2026,Tienda Mall,Maní,Snacks,1,1200,1200
1041,2026-07-10, Tienda Mall ,Papas fritas,SNACKS,2,1800,3600
1042,2026-06-04,Tienda Sur,Azúcar,café/té,3,1300,3900
1042,4-6-2026,Tienda Sur,  Mantequilla,Lácteos,1,2500,2500
1043,17-6-2026,Tienda Sur,Papas fritas,Snacks,1,1800,1800
1043,17/6/2026,Tienda Sur,  Toallitas húmedas,Bebé,2,2200,4400
1044,2026-07-15,Tienda Mall,Pan molde,Panadería,1,1800,1800
1044,2026-07-15,Tienda Mall,  Queso,Lácteos,1,4500,4500
1045,2026-05-31,Tienda Norte,Papas fritas,Snacks,1,1800,1800
1046,2026/07/17,Tienda Mall,Agua mineral,Bebidas,1,900,900
1046,2026-07-17,Tienda Mall,Cloro,limpieza,1,1400,1400
1047,2026-07-14,Tienda Sur,Jugo naranja,Bebidas,1,1600,1600
1047,2026-07-14,Tienda Sur,Queso,Lácteos,1,4500,4500
1047,2026-07-14,  Tienda Sur, Vino tinto ,Alcohol,2,5000,10000
1047,2026/07/14,Tienda Sur,Yogurt  ,LÁCTEOS,,800,2400
1048,2026-07-15,Tienda Sur,Azúcar,Café/Té,1,1300,1300
1048,2026/07/15,Tienda Sur,Pan molde,Panadería,1,1800,1800
1048,2026-07-15,Tienda Sur  ,Papas fritas,SNACKS,3,1800,5400
1048,15-07-2026,  Tienda Sur,Pañales  ,Bebé,3,8000,24.000
1048,2026-07-15,Tienda Sur,Toallitas húmedas  ,BEBÉ,2,2200,4400
1049,2026-06-30,Tienda Centro,Galletas,Snacks,3,1000,3000
1050,23-7-2026,Tienda Sur,Cloro,LIMPIEZA,1,1400,1400
1051,2026-07-26,Tienda Centro,Cerveza,Alcohol,1,3500,3500
1051,2026-07-26,Tienda Centro,Detergente,Limpieza,1,5500,5500
1051,2026-07-26,Tienda Centro,Galletas,Snacks,1,1000,1000
1051,26-07-2026,Tienda Centro, Mantequilla ,Lácteos,1,2500,2500
1051,2026/07/26,Tienda Centro,Pañales,Bebé,3,8000,24000
1051,2026-07-26,Tienda Centro,Toallitas húmedas,Bebé,3,2200,6600
1052,2026-08-02,  Tienda Centro,  Mantequilla,lácteos,1,2500,2500
1052,2026-08-02,Tienda Centro,Pan molde,Panadería,1,1800,1800
1052,2026-08-02,Tienda Centro,Queso,lácteos,3,4500,13.500
1052,2026-08-02,Tienda Centro,Vino tinto,alcohol,1,5000,5000
1053,5/7/2026,Tienda Sur,Azúcar,Café/Té,1,1300,1300
1053,2026-07-05,Tienda Sur,Cerveza,Alcohol,1,3500,3500
1053,2026-07-05,Tienda Sur,  Maní,Snacks,1,1200,1200
1053,5/7/2026,Tienda Sur,Papas fritas,Snacks,1,1800,1800
1053,05-07-2026,Tienda Sur,Té,Café/Té,2,2500,5000
1054,17/8/2026,Tienda Mall, Esponjas ,LIMPIEZA,3,1200,3600
1054,17/8/2026,Tienda Mall  ,Leche,Lácteos,2,1200,2400
1054,17/8/2026,Tienda Mall, Toallitas húmedas ,bebé,1,2200,2200
1055,2026-08-12,Tienda Centro,Café,Café/Té,1,4000,4000
1055,2026-08-12, Tienda Centro ,Leche  ,lácteos,1,1200,1200
1055,2026-08-12,Tienda Centro,Maní  ,SNACKS,1,1200,1200
1056,2026-05-25,Tienda Sur,Bebida cola,Bebidas,1,1500,1500
1056,2026-05-25,Tienda Sur,Galletas,snacks,2,1000,2000
1056,2026-05-25,Tienda Sur  ,Queso,Lácteos,3,4500,13.500
1057,2026-07-04,  Tienda Mall,Detergente,Limpieza,3,5500,16500
1057,2026-07-04,Tienda Mall,Esponjas,Limpieza,2,1200,2400
1058,2026-07-24,Tienda Sur,Agua mineral,Bebidas,,900,900
1058,2026-07-24,Tienda Sur,Cloro,Limpieza,2,1400,2800
1059,13-7-2026,Tienda Norte,  Maní,Snacks,1,1200,1200
1060,2026-05-24,Tienda Norte,Azúcar,Café/Té,1,1300,1300
1060,2026-05-24,Tienda Norte,Cerveza,Alcohol,3,3500,10500
1060,2026/05/24,Tienda Norte,Toallitas húmedas,Bebé,1,2200,2200
1060,2026-05-24,Tienda Norte,Té,Café/Té,1,2500,2500
1061,27/5/2026,Tienda Mall,Cloro,LIMPIEZA,1,1400,1400
1061,27-05-2026, Tienda Mall ,Detergente  ,Limpieza,1,5500,5500
1062,2026/06/10,Tienda Mall,Esponjas,Limpieza,1,1200,1200
1062,2026-06-10,Tienda Mall, Mantequilla ,Lácteos,1,2500,2500
1063,2026/07/10,Tienda Sur,Cerveza,Alcohol,1,3500,3500
1063,2026-07-10,Tienda Sur, Maní ,SNACKS,2,1200,2400
1063,2026-07-10,Tienda Sur  , Papas fritas ,Snacks,1,1800,1800
1063,10/7/2026,  Tienda Sur,Queso,Lácteos,1,4500,4500
1063,2026-07-10,Tienda Sur,Yogurt,Lácteos,1,800,800
1064,2026/05/31,Tienda Mall,Mantequilla,Lácteos,3,2500,7500
1065,2026-08-10,Tienda Sur,Detergente,Limpieza,1,5500,5500
1065,10-08-2026, Tienda Sur ,Esponjas,Limpieza,1,1200,1200
1066,8/7/2026,  Tienda Sur,Agua mineral,bebidas,1,900,900
1066,8/7/2026,Tienda Sur,Croissant,Panadería,1,900,900
1066,2026/07/08,Tienda Sur,Mantequilla,lácteos,1,2500,2500
1067,2026-06-03,Tienda Centro,Leche,LÁCTEOS,1,1200,1200
1067,2026/06/03,Tienda Centro, Toallitas húmedas ,Bebé,1,2200,2200
1068,2026-06-13,Tienda Centro  ,Vino tinto,alcohol,,5000,5000
1069,2-6-2026,Tienda Mall,Café,Café/Té,1,4000,4000
1069,2026-06-02,Tienda Mall,Croissant,Panadería,1,900,900
1069,2/6/2026,Tienda Mall,Galletas,snacks,1,1000,1000
1069,2026-06-02,Tienda Mall,Maní  ,Snacks,2,1200,2400
1070,2026-06-10,Tienda Norte,Cloro,Limpieza,1,1400,1400
1070,2026-06-10, Tienda Norte ,Yogurt  ,Lácteos,1,800,800
1071,25-05-2026,  Tienda Centro,  Azúcar,Café/Té,1,1300,1300
1071,2026/05/25,Tienda Centro,Café,Café/Té,1,4000,4000
1071,2026-05-25,Tienda Centro,Galletas,Snacks,1,1000,1000
1071,25-5-2026,Tienda Centro,Queso,LÁCTEOS,1,4500,4500
1071,2026-05-25,Tienda Centro,Toallitas húmedas,Bebé,2,2200,4400
1071,25/5/2026,Tienda Centro,Vino tinto,alcohol,1,5000,5000
1072,2026/07/06, Tienda Centro ,Cerveza  ,Alcohol,1,3500,3500
1072,6/7/2026,Tienda Centro, Mantequilla ,Lácteos,3,2500,7500
1072,06-07-2026,  Tienda Centro,Maní,Snacks,,1200,1200
1072,6-7-2026,Tienda Centro,Pan molde,Panadería,1,1800,1800
1073,27-6-2026,Tienda Mall  ,Café,Café/Té,1,4000,4000
1073,2026-06-27,Tienda Mall, Galletas ,Snacks,2,1000,2000
1073,27-06-2026, Tienda Mall ,Maní,Snacks,2,1200,2400
1073,2026/06/27,Tienda Mall  ,Té,Café/Té,3,2500,7500
1074,2026-06-03,Tienda Sur  ,  Queso,Lácteos,3,4500,13.500
1075,2026-07-22,Tienda Mall,Agua mineral,Bebidas,2,900,1800
1075,2026-07-22,Tienda Mall,Maní  ,snacks,1,1200,1200
1075,22-07-2026,Tienda Mall, Toallitas húmedas ,Bebé,1,2200,2200
1076,14/7/2026,Tienda Norte,Detergente,LIMPIEZA,3,5500,16500
1076,2026-07-14,Tienda Norte,Vino tinto,ALCOHOL,1,5000,5000
1077,12/7/2026,Tienda Sur,Azúcar,Café/Té,1,1300,1300
1077,2026-07-12,Tienda Sur,Detergente,Limpieza,1,5500,5500
1077,2026-07-12,Tienda Sur, Queso ,Lácteos,1,4500,4500
1077,2026-07-12,Tienda Sur, Té ,Café/Té,1,2500,2500
1077,12-07-2026,Tienda Sur,Vino tinto,Alcohol,1,5000,5000
1078,2026-06-30,Tienda Centro,Esponjas,Limpieza,1,1200,1200
1079,2026-07-02, Tienda Norte , Bebida cola ,bebidas,1,1500,1500
1079,2/7/2026,Tienda Norte,Cerveza,Alcohol,,3500,3500
1079,02-07-2026,Tienda Norte,Papas fritas,snacks,1,1800,1800
1080,2026-08-06,Tienda Centro,Detergente,Limpieza,2,5500,11000
1080,2026/08/06,Tienda Centro,Maní  ,Snacks,1,1200,1200
1081,27-05-2026,Tienda Mall,Agua mineral,Bebidas,1,900,900
1081,2026-05-27,Tienda Mall,Maní,Snacks,1,1200,1200
1082,2026-08-05,Tienda Sur, Bebida cola ,Bebidas,1,1500,1500
1082,2026-08-05,Tienda Sur,Cerveza,ALCOHOL,,3500,3500
1082,2026/08/05,Tienda Sur,Pañales,BEBÉ,1,8000,8000
1082,2026-08-05,Tienda Sur,Toallitas húmedas,Bebé,1,2200,2200
1083,2026/07/11,Tienda Centro,Cerveza,Alcohol,1,3500,3500
1083,2026-07-11,Tienda Centro,Mantequilla,Lácteos,2,2500,5000
1083,2026-07-11,Tienda Centro,  Pan hallulla,Panadería,1,1500,1500
1083,2026-07-11,Tienda Centro,Queso,Lácteos,1,4500,4500
1083,11-07-2026,Tienda Centro, Té ,Café/Té,1,2500,2500
1084,2026-08-07,Tienda Centro, Esponjas ,LIMPIEZA,1,1200,1200
1084,2026-08-07,Tienda Centro,Galletas  ,Snacks,1,1000,1000
1085,2026/06/05,Tienda Sur  ,Bebida cola,BEBIDAS,1,1500,1500
1085,05-06-2026,Tienda Sur,Leche,LÁCTEOS,,1200,1200
1085,2026-06-05,Tienda Sur,  Pan hallulla,Panadería,2,1500,3000
1085,5/6/2026,Tienda Sur,Pan molde,Panadería,2,1800,3600
1085,5/6/2026,Tienda Sur,  Queso,Lácteos,2,4500,9000
1086,2026-07-28,  Tienda Centro,Agua mineral  ,Bebidas,1,900,900
1086,2026-07-28,Tienda Centro,  Jugo naranja,Bebidas,2,1600,3200
1086,2026/07/28,  Tienda Centro,Leche,Lácteos,1,1200,1200
1086,28-07-2026,Tienda Centro,Mantequilla,Lácteos,1,2500,2500
1086,2026-07-28,Tienda Centro,Pan hallulla  ,PANADERÍA,1,1500,1500
1087,18/7/2026,Tienda Centro,Mantequilla,Lácteos,2,2500,5000
1088,2026-07-12,Tienda Mall,Azúcar,Café/Té,1,1300,1300
1088,2026-07-12,Tienda Mall,Bebida cola,Bebidas,1,1500,1500
1088,2026/07/12,Tienda Mall,Pañales,Bebé,2,8000,16000
1088,12-7-2026,Tienda Mall,Toallitas húmedas,Bebé,2,2200,4400
1088,2026/07/12,Tienda Mall,Té,café/té,1,2500,2500
1089,21-6-2026,Tienda Norte,Azúcar,Café/Té,1,1300,1300
1089,2026/06/21,  Tienda Norte,  Café,Café/Té,1,4000,4000
1089,2026-06-21, Tienda Norte ,Croissant,Panadería,2,900,1800
1089,2026-06-21,Tienda Norte  ,Mantequilla,Lácteos,2,2500,5000
1089,2026/06/21,Tienda Norte,Pan hallulla,panadería,1,1500,1500
1090,2026-06-30,Tienda Sur, Cloro ,LIMPIEZA,1,1400,1400
1090,2026-06-30,Tienda Sur,Detergente  ,Limpieza,1,5500,5500
1090,2026-06-30,Tienda Sur,Esponjas,Limpieza,1,1200,1200
1090,2026-06-30,Tienda Sur,Mantequilla,Lácteos,1,2500,2500
1090,2026-06-30,Tienda Sur,Té,Café/Té,1,2500,2500
1091,29-05-2026,Tienda Sur,Cloro,LIMPIEZA,3,1400,4200
1091,29-5-2026,Tienda Sur,Jugo naranja  ,Bebidas,1,1600,1600
1092,03-06-2026,Tienda Norte,Bebida cola  ,Bebidas,1,1500,1500
1092,2026/06/03,Tienda Norte,Leche,LÁCTEOS,1,1200,1200
1092,2026-06-03,Tienda Norte,Papas fritas,Snacks,1,1800,1800
1093,2026-07-27,Tienda Mall,Azúcar,Café/Té,1,1300,1300
1093,2026-07-27,Tienda Mall  ,  Leche,LÁCTEOS,1,1200,1200
1094,2026-06-09,Tienda Mall,Azúcar,Café/Té,1,1300,1300
1094,9-6-2026,Tienda Mall,Cerveza,Alcohol,2,3500,7000
1094,9/6/2026,Tienda Mall  ,Maní  ,snacks,1,1200,1200
1094,2026-06-09,Tienda Mall,Papas fritas,Snacks,1,1800,1800
1094,2026-06-09,Tienda Mall,Té,Café/Té,1,2500,2500
1095,2026-08-05,Tienda Sur,Azúcar,Café/Té,3,1300,3900
1095,2026-08-05,Tienda Sur,Café,Café/Té,1,4000,4000
1095,2026-08-05,  Tienda Sur,Té,Café/Té,1,2500,2500
1096,2026-05-25,Tienda Sur,  Azúcar,CAFÉ/TÉ,1,1300,1300
1096,2026/05/25, Tienda Sur ,Leche,Lácteos,2,1200,2400
1097,2026-08-18,Tienda Mall,Bebida cola,Bebidas,2,1500,3000
1097,2026-08-18,Tienda Mall,Leche,LÁCTEOS,1,1200,1200
1098,16-6-2026, Tienda Norte ,Cloro,limpieza,1,1400,1400
1098,16/6/2026,  Tienda Norte,Detergente,Limpieza,2,5500,11.000
1098,2026-06-16,Tienda Norte,Esponjas,limpieza,1,1200,1200
1098,2026-06-16,Tienda Norte,Jugo naranja,bebidas,2,1600,3200
1098,2026-06-16,Tienda Norte,Vino tinto  ,Alcohol,2,5000,10000
1099,2026/08/17,Tienda Norte,Cloro,limpieza,1,1400,1400
1100,2026-06-13,Tienda Sur,Cloro,Limpieza,1,1400,1400
1100,2026-06-13,Tienda Sur,Mantequilla,Lácteos,1,2500,2500
1100,2026/06/13,Tienda Sur,Pan molde,Panadería,1,1800,1800
1100,2026-06-13,Tienda Sur,Queso,Lácteos,1,4500,4500
1101,22-05-2026,Tienda Sur,Azúcar,Café/Té,,1300,2600
1101,22/5/2026,Tienda Sur,Bebida cola,bebidas,2,1500,3000
1101,22/5/2026,Tienda Sur,Café,Café/Té,1,4000,4000
1101,2026/05/22,Tienda Sur,Galletas  ,SNACKS,2,1000,2000
1101,22/5/2026,  Tienda Sur,Mantequilla,lácteos,1,2500,2500
1101,2026-05-22,  Tienda Sur,Pan molde,Panadería,1,1800,1800
1101,2026-05-22,Tienda Sur,Pañales,Bebé,1,8000,8000
1101,22-05-2026,Tienda Sur,Queso,Lácteos,1,4500,4500
1101,2026-05-22,Tienda Sur, Toallitas húmedas ,Bebé,1,2200,2200
1102,2026-06-22, Tienda Sur ,Jugo naranja,Bebidas,2,1600,3200
1102,2026-06-22,Tienda Sur,Vino tinto,Alcohol,2,5000,10.000
1103,5-8-2026,Tienda Mall,Cloro,Limpieza,1,1400,1400
1104,2026-08-10,  Tienda Centro,  Maní,Snacks,2,1200,2400
1105,2026-08-13,Tienda Norte,Bebida cola,Bebidas,1,1500,1500
1105,2026-08-13,Tienda Norte,Pan molde,Panadería,1,1800,1800
1106,2026-07-08, Tienda Centro ,Azúcar,Café/Té,1,1300,1300
1106,2026-07-08,Tienda Centro,Cloro,Limpieza,2,1400,2800
1106,2026-07-08,Tienda Centro,Detergente,Limpieza,1,5500,5500
1106,2026-07-08,Tienda Centro,Galletas,Snacks,1,1000,1000
1107,2026/08/04,Tienda Mall,Agua mineral,Bebidas,2,900,1800
1107,04-08-2026,Tienda Mall,Jugo naranja,Bebidas,1,1600,1600
1107,2026/08/04,Tienda Mall,Pan hallulla,PANADERÍA,,1500,3000
1107,2026/08/04, Tienda Mall ,Queso,Lácteos,1,4500,4500
1108,2026-07-04,Tienda Sur,Mantequilla,Lácteos,1,2500,2500
1108,2026-07-04,Tienda Sur,Pan molde,PANADERÍA,1,1800,1800
1109,27-6-2026,Tienda Norte  ,Croissant,Panadería,2,900,1800
1109,27/6/2026,Tienda Norte  ,Jugo naranja,Bebidas,1,1600,1600
1110,2026-05-26,Tienda Norte,Leche,Lácteos,1,1200,1200
1110,26-05-2026,  Tienda Norte,Pañales,Bebé,1,8000,8000
1110,26/5/2026,  Tienda Norte,Toallitas húmedas,Bebé,1,2200,2200
1111,2026-06-22,Tienda Norte,Jugo naranja,Bebidas,2,1600,3200
1111,2026-06-22,Tienda Norte  ,Té,Café/Té,1,2500,2500
1112,2026-06-01,Tienda Sur,Queso,Lácteos,1,4500,4500
1113,31-5-2026,Tienda Sur,Café,Café/Té,,4000,4000
1113,2026/05/31,Tienda Sur,Queso,Lácteos,2,4500,9000
1113,2026-05-31,Tienda Sur,Vino tinto,Alcohol,2,5000,10.000
1114,2026-06-28,Tienda Sur,Maní,Snacks,1,1200,1200
1115,2026-07-01,Tienda Norte,Agua mineral,Bebidas,1,900,900
1115,2026/07/01,Tienda Norte,Mantequilla,Lácteos,1,2500,2500
1115,2026-07-01,Tienda Norte  ,Queso,LÁCTEOS,1,4500,4500
1116,2026/06/28,Tienda Mall,Maní,SNACKS,1,1200,1200
1116,2026-06-28,Tienda Mall,Papas fritas,snacks,1,1800,1800
1117,2026-08-17,Tienda Sur,Cloro,Limpieza,1,1400,1400
1117,17-8-2026,Tienda Sur,  Esponjas,Limpieza,1,1200,1200
1118,2026-07-19,Tienda Mall  ,Azúcar,Café/Té,2,1300,2600
1118,2026-07-19,Tienda Mall,Galletas,Snacks,2,1000,2000
1118,2026-07-19,Tienda Mall,Mantequilla,Lácteos,1,2500,2500
1118,19-07-2026,Tienda Mall,Maní  ,snacks,1,1200,1200
1118,2026-07-19,Tienda Mall,Pan molde,Panadería,1,1800,1800
1118,2026-07-19,  Tienda Mall, Queso ,Lácteos,2,4500,9000
1119,27/6/2026,Tienda Centro,Cloro,Limpieza,1,1400,1400
1119,27-6-2026,Tienda Centro,Mantequilla,Lácteos,2,2500,5000
1119,27-6-2026,Tienda Centro,Papas fritas,snacks,2,1800,3600
1120,18-7-2026, Tienda Centro ,Agua mineral,Bebidas,2,900,1800
1121,12-08-2026,Tienda Centro,Jugo naranja,Bebidas,1,1600,1600
1121,2026-08-12,Tienda Centro  ,Leche,Lácteos,1,1200,1200
1122,2026/05/28, Tienda Centro ,Azúcar,Café/Té,1,1300,1300
1122,2026-05-28,Tienda Centro,Cloro,Limpieza,1,1400,1400
1122,2026/05/28,Tienda Centro,Esponjas,Limpieza,2,1200,2400
1122,28-05-2026,Tienda Centro,Té,Café/Té,1,2500,2500
1123,2026-06-18,Tienda Norte,Jugo naranja,BEBIDAS,1,1600,1600
1123,18/6/2026,Tienda Norte,Pan molde,Panadería,1,1800,1800
1124,9/6/2026,Tienda Centro,Bebida cola  ,Bebidas,1,1500,1500
1124,2026-06-09,Tienda Centro,Papas fritas,Snacks,1,1800,1800
1124,2026-06-09,Tienda Centro,Queso,Lácteos,1,4500,4500
1125,5/6/2026,  Tienda Sur, Bebida cola ,Bebidas,1,1500,1500
1125,2026/06/05,Tienda Sur,Yogurt,lácteos,2,800,1600
1126,2026-08-16,Tienda Mall,Leche,Lácteos,1,1200,1200
1126,2026-08-16,Tienda Mall,Maní,Snacks,1,1200,1200
1126,2026-08-16,Tienda Mall,Toallitas húmedas,Bebé,1,2200,2200
1127,13-08-2026,  Tienda Norte,  Esponjas,Limpieza,1,1200,1200
1128,20-07-2026,Tienda Mall,Cloro,Limpieza,3,1400,4200
1128,20-7-2026,Tienda Mall,Leche  ,lácteos,1,1200,1200
1129,2026-08-14,Tienda Sur,Esponjas,Limpieza,1,1200,1200
1129,2026-08-14,Tienda Sur,Leche,Lácteos,2,1200,2400
1130,2026-06-08,Tienda Centro,Leche,Lácteos,1,1200,1200
1130,8-6-2026, Tienda Centro ,Pañales,BEBÉ,1,8000,8000
1130,2026-06-08,Tienda Centro,Toallitas húmedas,Bebé,1,2200,2200
1131,2026-07-16,Tienda Centro,Agua mineral,Bebidas,1,900,900
1131,16/7/2026,Tienda Centro,  Galletas,Snacks,1,1000,1000
1131,16-7-2026,Tienda Centro,Mantequilla,Lácteos,2,2500,5000
1131,2026-07-16,Tienda Centro,  Queso,Lácteos,1,4500,4500
1131,2026-07-16,Tienda Centro,  Vino tinto,Alcohol,2,5000,10000
1132,2026-07-27, Tienda Mall , Cloro ,Limpieza,1,1400,1400
1132,2026-07-27,  Tienda Mall,Detergente,Limpieza,1,5500,5500
1132,27/7/2026,Tienda Mall,Yogurt,LÁCTEOS,2,800,1600
1133,7-6-2026,Tienda Sur,Cloro,limpieza,1,1400,1400
1133,2026/06/07,Tienda Sur,  Jugo naranja,Bebidas,2,1600,3200
1133,7/6/2026,Tienda Sur,Papas fritas,Snacks,1,1800,1800
1134,2026/07/20,Tienda Norte,Azúcar  ,Café/Té,1,1300,1300
1134,20-07-2026,  Tienda Norte,Cloro,Limpieza,1,1400,1400
1134,2026-07-20,  Tienda Norte,Té,Café/Té,3,2500,7500
1135,2026-07-04,Tienda Mall,Pan molde,PANADERÍA,1,1800,1800
1135,04-07-2026,Tienda Mall,Queso,Lácteos,1,4500,4500
1136,15/8/2026,Tienda Mall,Bebida cola,Bebidas,,1500,1500
1136,2026-08-15,Tienda Mall,Leche,lácteos,2,1200,2400
1137,13-7-2026,Tienda Centro,Agua mineral,Bebidas,1,900,900
1138,2026-05-30,Tienda Mall,Detergente,LIMPIEZA,3,5500,16.500
1138,2026-05-30,Tienda Mall,Pan molde,Panadería,1,1800,1800
1138,2026-05-30,Tienda Mall,Queso,Lácteos,1,4500,4500
1138,30-05-2026,Tienda Mall,Toallitas húmedas,Bebé,1,2200,2200
1139,16-7-2026,Tienda Sur,Maní,SNACKS,2,1200,2400
1139,2026/07/16,Tienda Sur  ,Yogurt,Lácteos,2,800,1600
1140,2026/06/14,Tienda Centro,Cloro,Limpieza,1,1400,1400
1140,14-06-2026,Tienda Centro,  Detergente,Limpieza,1,5500,5500
1140,14-06-2026,Tienda Centro,Esponjas,Limpieza,2,1200,2400
1141,2026/08/01,Tienda Centro,Cloro,Limpieza,1,1400,1400
1141,2026/08/01,Tienda Centro,Detergente,LIMPIEZA,2,5500,11000
1141,2026-08-01,Tienda Centro,Esponjas,Limpieza,1,1200,1200
1142,5-7-2026,Tienda Norte,Cloro,Limpieza,1,1400,1400
1142,2026-07-05,Tienda Norte,  Detergente,Limpieza,2,5500,11000
1142,2026-07-05,Tienda Norte,Esponjas,Limpieza,,1200,1200
1142,2026-07-05,Tienda Norte  ,Galletas,Snacks,1,1000,1000
1142,2026/07/05,Tienda Norte,Maní,snacks,1,1200,1200
1143,2026-08-05,Tienda Sur,Jugo naranja,Bebidas,3,1600,4800
1144,2026-06-22,Tienda Mall,Croissant,Panadería,1,900,900
1144,2026-06-22,Tienda Mall,  Jugo naranja,Bebidas,1,1600,1600
1144,2026-06-22,Tienda Mall,Yogurt,Lácteos,2,800,1600
1145,2026-08-07, Tienda Sur ,Azúcar,Café/Té,1,1300,1300
1145,2026-08-07,Tienda Sur,Pan hallulla,Panadería,2,1500,3000
1145,2026-08-07,Tienda Sur,Queso,Lácteos,1,4500,4500
1146,24-05-2026,Tienda Centro,Agua mineral,Bebidas,1,900,900
1146,24-5-2026,Tienda Centro,  Queso,Lácteos,2,4500,9000
1147,07-06-2026,Tienda Norte,Cerveza,Alcohol,1,3500,3500
1147,2026-06-07,Tienda Norte,Cloro,Limpieza,2,1400,2800
1147,2026-06-07,Tienda Norte,Maní,snacks,1,1200,1200
1148,2026-08-07,Tienda Centro  ,Croissant,panadería,1,900,900
1148,7-8-2026,Tienda Centro,Maní,SNACKS,1,1200,1200
1149,31-05-2026,Tienda Mall,Agua mineral,Bebidas,2,900,1800
1149,31-5-2026,Tienda Mall, Azúcar ,Café/Té,3,1300,3900
1149,31-05-2026,Tienda Mall  ,Café,Café/Té,1,4000,4000
1149,31-5-2026,Tienda Mall,Leche,Lácteos,1,1200,1200
1149,31/5/2026,Tienda Mall,Pan hallulla  ,Panadería,2,1500,3000
1150,2026-06-15,Tienda Mall,Azúcar  ,Café/Té,1,1300,1300
1150,15/6/2026,Tienda Mall,Café,Café/Té,1,4000,4000
1150,2026-06-15,Tienda Mall,Mantequilla,Lácteos,1,2500,2500
1150,15/6/2026,Tienda Mall, Pan molde ,Panadería,2,1800,3600
1151,07-07-2026,Tienda Sur,Maní,Snacks,2,1200,2400
1152,2026/06/20,Tienda Norte,Mantequilla,Lácteos,2,2500,5000
1152,20/6/2026,Tienda Norte,Pan molde,Panadería,2,1800,3600
1153,2026-08-01,Tienda Centro,Bebida cola,bebidas,2,1500,3000
1153,2026-08-01,Tienda Centro,Croissant,PANADERÍA,3,900,2700
1153,2026-08-01,Tienda Centro,Mantequilla,Lácteos,1,2500,2500
1153,2026-08-01,Tienda Centro,Pan hallulla,panadería,1,1500,1500
1153,2026-08-01,Tienda Centro,Pan molde  ,PANADERÍA,1,1800,1800
1154,2026/08/13,Tienda Centro  ,Azúcar  ,Café/Té,1,1300,1300
1155,2026-07-05,Tienda Norte,Jugo naranja,Bebidas,1,1600,1600
1155,5-7-2026,  Tienda Norte,Vino tinto,ALCOHOL,1,5000,5000
1156,2026-07-27,  Tienda Sur,Azúcar,Café/Té,1,1300,1300
1156,27-7-2026,Tienda Sur,Té,Café/Té,1,2500,2500
1157,2026-08-08,Tienda Mall,Mantequilla,Lácteos,2,2500,5000
1157,8/8/2026,Tienda Mall,  Queso,Lácteos,1,4500,4500
1158,29-6-2026,Tienda Norte,Mantequilla,lácteos,1,2500,2500
1159,2026-06-20,Tienda Mall,Galletas,Snacks,1,1000,1000
1159,2026-06-20,Tienda Mall,Leche,Lácteos,1,1200,1200
1159,2026/06/20,Tienda Mall,Mantequilla,Lácteos,2,2500,5000
1159,2026/06/20,  Tienda Mall,Pan molde,PANADERÍA,1,1800,1800
1159,2026-06-20,  Tienda Mall,Queso,lácteos,1,4500,4500
1160,7/8/2026,Tienda Mall,Galletas,Snacks,,1000,1000
1160,2026/08/07,Tienda Mall,Papas fritas  ,Snacks,1,1800,1800
1161,2026-06-13,Tienda Mall,Cloro,Limpieza,1,1400,1400
1161,2026-06-13,Tienda Mall,Jugo naranja,Bebidas,2,1600,3200
1162,2026-05-24,  Tienda Sur,Agua mineral,Bebidas,2,900,1800
1162,2026-05-24,Tienda Sur,Mantequilla,Lácteos,,2500,5000
1162,2026-05-24,Tienda Sur, Pan molde ,Panadería,1,1800,1800
1162,24-5-2026,Tienda Sur,Pañales,Bebé,,8000,8000
1162,24/5/2026,Tienda Sur,Queso,Lácteos,1,4500,4500
1162,24-05-2026, Tienda Sur ,Toallitas húmedas,Bebé,2,2200,4400
1163,15-08-2026,Tienda Sur,Azúcar,Café/Té,1,1300,1300
1163,2026-08-15,Tienda Sur,Galletas,Snacks,1,1000,1000
1163,15/8/2026,Tienda Sur,Maní,Snacks,1,1200,1200
1164,2026-06-10,Tienda Mall,Bebida cola,BEBIDAS,1,1500,1500
1164,2026-06-10,Tienda Mall,Mantequilla  ,Lácteos,1,2500,2500
1165,2026-06-25,Tienda Centro,  Azúcar,Café/Té,2,1300,2600
1165,2026/06/25,Tienda Centro  ,Cerveza,alcohol,2,3500,7000
1165,25/6/2026, Tienda Centro ,Jugo naranja,Bebidas,1,1600,1600
1165,2026/06/25,Tienda Centro,Papas fritas,Snacks,1,1800,1800
1165,2026-06-25,Tienda Centro,Pañales,Bebé,1,8000,8000
1165,25-06-2026,Tienda Centro,Toallitas húmedas,Bebé,1,2200,2200
1166,2026-06-23,Tienda Norte,Galletas,snacks,1,1000,1000
1166,2026-06-23,Tienda Norte,Mantequilla,LÁCTEOS,1,2500,2500
1166,2026-06-23,Tienda Norte  ,Pan molde,Panadería,1,1800,1800
1166,2026-06-23,Tienda Norte,  Queso,Lácteos,1,4500,4500
1167,2026-08-03, Tienda Centro ,Azúcar,café/té,1,1300,1300
1167,2026-08-03,Tienda Centro,Toallitas húmedas,bebé,1,2200,2200
1168,13/6/2026,Tienda Sur,Agua mineral,Bebidas,2,900,1800
1168,2026/06/13,Tienda Sur,Azúcar,CAFÉ/TÉ,1,1300,1300
1168,2026-06-13,Tienda Sur,Café,Café/Té,1,4000,4000
1168,2026-06-13, Tienda Sur ,Galletas,SNACKS,1,1000,1000
1168,2026-06-13,  Tienda Sur,  Mantequilla,Lácteos,1,2500,2500
1169,2026-07-24, Tienda Mall ,Azúcar,Café/Té,2,1300,2600
1169,24/7/2026,Tienda Mall  ,Pan hallulla,Panadería,1,1500,1500
1169,24-7-2026,Tienda Mall,Queso,Lácteos,1,4500,4500
1170,15-8-2026,Tienda Sur,Mantequilla,Lácteos,1,2500,2500
1170,2026-08-15,Tienda Sur,Pan hallulla,Panadería,1,1500,1500
1170,2026-08-15,Tienda Sur,Queso,Lácteos,1,4500,4500
1170,2026-08-15,Tienda Sur,Toallitas húmedas,Bebé,1,2200,2200
1171,2026-08-02,Tienda Sur  ,Cloro,Limpieza,1,1400,1400
1171,2/8/2026,Tienda Sur,Croissant,Panadería,2,900,1800
1171,2/8/2026,Tienda Sur,Maní,SNACKS,,1200,1200
1172,2026-07-01,Tienda Sur,Cloro,Limpieza,1,1400,1400
1172,1/7/2026,Tienda Sur,Detergente  ,Limpieza,1,5500,5500
1172,2026-07-01,Tienda Sur,Maní,Snacks,1,1200,1200
1173,2026-06-27,Tienda Norte,Leche,Lácteos,2,1200,2400
1173,27-6-2026,Tienda Norte,Pan molde,Panadería,1,1800,1800
1173,27-06-2026, Tienda Norte ,Queso  ,Lácteos,1,4500,4500
1173,2026-06-27,Tienda Norte,Toallitas húmedas,Bebé,1,2200,2200
1174,2026-06-17,Tienda Mall  ,  Cloro,Limpieza,1,1400,1400
1174,2026-06-17,Tienda Mall,Mantequilla,LÁCTEOS,1,2500,2500
1174,2026-06-17,Tienda Mall,Pan hallulla,Panadería,3,1500,4500
1175,2026-06-18,Tienda Mall,Leche,Lácteos,1,1200,1200
1175,18/6/2026,Tienda Mall,Té,Café/Té,1,2500,2500
1176,26-07-2026,Tienda Mall,Cerveza,ALCOHOL,1,3500,3500
1176,2026-07-26,Tienda Mall,Pañales,Bebé,2,8000,16000
1176,2026-07-26,Tienda Mall,Queso,Lácteos,1,4500,4500
1176,2026-07-26,  Tienda Mall, Toallitas húmedas ,Bebé,1,2200,2200
1177,2026-06-04,Tienda Norte,Maní,Snacks,1,1200,1200
1177,4-6-2026,Tienda Norte,Queso,Lácteos,1,4500,4500
1177,2026-06-04,Tienda Norte,Vino tinto,Alcohol,1,5000,5000
1178,2026-07-21,Tienda Norte  ,Bebida cola,Bebidas,2,1500,3000
1178,21-7-2026,Tienda Norte,Maní,Snacks,1,1200,1200
1179,2026-07-28,Tienda Norte,Cloro,Limpieza,2,1400,2800
1179,2026-07-28,  Tienda Norte,Maní,Snacks,1,1200,1200
1179,2026-07-28, Tienda Norte ,Pañales,Bebé,1,8000,8000
1179,28-07-2026,Tienda Norte,Toallitas húmedas,Bebé,1,2200,2200
1180,2026-07-24,Tienda Norte,Detergente,Limpieza,1,5500,5500
1180,24-7-2026,Tienda Norte,Queso,Lácteos,1,4500,4500
1181,23-06-2026,Tienda Mall  ,Mantequilla,Lácteos,1,2500,2500
1181,2026-06-23, Tienda Mall ,Maní,Snacks,1,1200,1200
1181,2026/06/23,Tienda Mall, Pan hallulla ,Panadería,1,1500,1500
1181,23-06-2026,Tienda Mall  ,Queso  ,Lácteos,1,4500,4500
1182,14-7-2026,Tienda Sur,Esponjas,Limpieza,1,1200,1200
1183,27-6-2026, Tienda Centro ,Cerveza,Alcohol,3,3500,10500
1183,27-6-2026,Tienda Centro,Maní,snacks,3,1200,3600
1183,2026-06-27,Tienda Centro,Pañales,Bebé,2,8000,16000
1183,2026-06-27,Tienda Centro,  Toallitas húmedas,Bebé,1,2200,2200
1184,2026/07/15,Tienda Sur,Esponjas,Limpieza,2,1200,2400
1184,2026-07-15,Tienda Sur,Mantequilla,Lácteos,1,2500,2500
1184,2026-07-15,Tienda Sur,Yogurt,Lácteos,2,800,1600
1185,25-7-2026,Tienda Centro  ,Pan molde,PANADERÍA,1,1800,1800
1186,8-7-2026,Tienda Sur,  Azúcar,café/té,1,1300,1300
1186,2026/07/08,Tienda Sur,Cerveza,Alcohol,,3500,3500
1186,08-07-2026,Tienda Sur,Pañales,Bebé,1,8000,8000
1186,08-07-2026,Tienda Sur,Té  ,Café/Té,1,2500,2500
1187,2026-07-25,Tienda Mall,Cerveza  ,Alcohol,1,3500,3500
1187,2026/07/25,  Tienda Mall,Papas fritas,Snacks,3,1800,5400
1188,2026/06/16,Tienda Mall,Pañales,BEBÉ,1,8000,8000
1188,2026-06-16,Tienda Mall,Toallitas húmedas,Bebé,1,2200,2200
1189,2026-07-22,Tienda Mall,Jugo naranja,Bebidas,3,1600,4800
1189,2026/07/22, Tienda Mall , Yogurt ,LÁCTEOS,1,800,800
1190,2026-08-06,Tienda Centro,Agua mineral  ,bebidas,1,900,900
1190,06-08-2026,Tienda Centro,Cloro,Limpieza,2,1400,2800
1190,6-8-2026,Tienda Centro,Leche  ,Lácteos,2,1200,2400
1190,2026-08-06, Tienda Centro , Mantequilla ,lácteos,1,2500,2500
1191,2026-05-26,  Tienda Norte,Mantequilla,Lácteos,3,2500,7500
1191,26-05-2026,Tienda Norte,  Pan molde,Panadería,1,1800,1800
1191,2026-05-26,Tienda Norte,Queso,lácteos,1,4500,4500
1192,2026-06-06,Tienda Mall,Esponjas,Limpieza,2,1200,2400
1192,2026/06/06,Tienda Mall,Leche,Lácteos,2,1200,2400
1193,16/7/2026,  Tienda Mall,  Croissant,panadería,3,900,2700
1193,16/7/2026,Tienda Mall  ,Mantequilla  ,Lácteos,2,2500,5000
1194,2026-06-04,Tienda Sur,Bebida cola,Bebidas,2,1500,3000
1194,4-6-2026,Tienda Sur,Cerveza,ALCOHOL,1,3500,3500
1194,4-6-2026,Tienda Sur,Croissant,Panadería,1,900,900
1194,2026/06/04,Tienda Sur,Maní,SNACKS,1,1200,1200
1194,4-6-2026,Tienda Sur,Papas fritas,snacks,2,1800,3600
1195,2026-05-25,Tienda Mall, Esponjas ,limpieza,2,1200,2400
1196,30-6-2026,Tienda Norte  ,Cloro  ,limpieza,2,1400,2800
1196,2026-06-30, Tienda Norte ,Detergente,LIMPIEZA,1,5500,5500
1196,2026-06-30,Tienda Norte,  Mantequilla,Lácteos,1,2500,2500
1196,2026-06-30,Tienda Norte,Pan hallulla,Panadería,1,1500,1500
1197,2026-07-22,Tienda Norte,Jugo naranja,Bebidas,1,1600,1600
1197,2026-07-22,Tienda Norte  ,Mantequilla  ,Lácteos,1,2500,2500
1197,2026-07-22,Tienda Norte,Queso,Lácteos,1,4500,4500
1198,17-6-2026,Tienda Centro,Azúcar,CAFÉ/TÉ,1,1300,1300
1198,17-06-2026,Tienda Centro,Café,Café/Té,1,4000,4000
1199,2026-08-07, Tienda Mall ,Bebida cola,bebidas,1,1500,1500
1199,2026-08-07,Tienda Mall,Detergente,Limpieza,,5500,5500
1199,7/8/2026,  Tienda Mall,Esponjas,Limpieza,1,1200,1200
1199,7-8-2026,Tienda Mall,  Papas fritas,Snacks,2,1800,3600
1199,07-08-2026,Tienda Mall,Queso,lácteos,1,4500,4500
1199,07-08-2026,Tienda Mall,Vino tinto,Alcohol,1,5000,5000
1200,2026-07-21,Tienda Sur,Leche,Lácteos,3,1200,3600
1201,2026-06-26,Tienda Mall,Bebida cola,BEBIDAS,1,1500,1500
1201,2026/06/26,Tienda Mall  ,Cerveza,Alcohol,1,3500,3500
1201,26/6/2026,Tienda Mall,Cloro,limpieza,2,1400,2800
1201,2026/06/26,Tienda Mall,Maní,Snacks,2,1200,2400
1201,26-06-2026,Tienda Mall,Papas fritas,Snacks,1,1800,1800
1202,2026-07-22,Tienda Mall,Agua mineral  ,Bebidas,2,900,1800
1202,22/7/2026,Tienda Mall,Jugo naranja,Bebidas,1,1600,1600
1202,2026/07/22,Tienda Mall,Mantequilla,Lácteos,2,2500,5000
1202,2026-07-22,Tienda Mall,Pan molde,Panadería,,1800,1800
1203,30-6-2026,Tienda Mall,Galletas,SNACKS,1,1000,1000
1203,2026-06-30,Tienda Mall,Maní,Snacks,2,1200,2400
1204,24-06-2026,Tienda Mall  , Cerveza ,Alcohol,3,3500,10500
1204,2026-06-24,Tienda Mall,Cloro,limpieza,1,1400,1400
1204,24-6-2026,Tienda Mall  ,  Detergente,Limpieza,1,5500,5500
1204,24/6/2026, Tienda Mall ,Pan hallulla,PANADERÍA,1,1500,1500
1204,2026-06-24,Tienda Mall,Papas fritas,Snacks,1,1800,1800
1204,24-6-2026,Tienda Mall,Queso,Lácteos,2,4500,9000
1205,2026-07-08,Tienda Centro,Azúcar  ,café/té,1,1300,1300
1205,2026-07-08, Tienda Centro ,  Cerveza,Alcohol,3,3500,10.500
1205,2026-07-08,Tienda Centro,Maní,Snacks,2,1200,2400
1205,2026-07-08,Tienda Centro,Papas fritas,Snacks,1,1800,1800
1205,2026-07-08,Tienda Centro,Queso,Lácteos,2,4500,9000
1205,2026-07-08,Tienda Centro,Vino tinto,Alcohol,1,5000,5000
1206,2026-06-10,  Tienda Sur,Azúcar,Café/Té,2,1300,2600
1206,2026/06/10,Tienda Sur,Queso,Lácteos,3,4500,13500
1207,2026-05-25,Tienda Centro,Leche,Lácteos,1,1200,1200
1207,2026-05-25,Tienda Centro,Papas fritas,Snacks,,1800,1800
1207,2026-05-25,Tienda Centro,Té,CAFÉ/TÉ,1,2500,2500
1208,2026/08/09,Tienda Norte,  Leche,lácteos,2,1200,2400
1209,2026/07/08,  Tienda Mall,Agua mineral,Bebidas,2,900,1800
1210,2026-05-30,Tienda Centro,Esponjas,Limpieza,1,1200,1200
1210,2026/05/30,Tienda Centro,Maní,Snacks,2,1200,2400
1211,2026-07-29,Tienda Norte,Cerveza,ALCOHOL,1,3500,3500
1211,2026-07-29,Tienda Norte,Pañales,Bebé,1,8000,8000
1212,1/7/2026,Tienda Mall,Jugo naranja,Bebidas,1,1600,1600
1212,2026/07/01, Tienda Mall ,Mantequilla,Lácteos,1,2500,2500
1212,1/7/2026,Tienda Mall,Pan molde,Panadería,1,1800,1800
1212,2026-07-01,Tienda Mall  ,Queso,Lácteos,1,4500,4500
1213,2026-06-01, Tienda Norte ,Agua mineral,Bebidas,1,900,900
1213,1/6/2026,Tienda Norte  ,Azúcar,Café/Té,,1300,1300
1213,01-06-2026,  Tienda Norte,Café,Café/Té,1,4000,4000
1213,2026/06/01,Tienda Norte,Jugo naranja,Bebidas,1,1600,1600
1214,2026-07-07,Tienda Centro  ,Mantequilla,Lácteos,1,2500,2500
1214,2026-07-07,Tienda Centro  ,Pan molde,Panadería,1,1800,1800
1214,2026-07-07,Tienda Centro,Pañales,BEBÉ,2,8000,16.000
1214,7-7-2026,Tienda Centro,Queso,Lácteos,3,4500,13.500
1214,2026-07-07,Tienda Centro,Toallitas húmedas,Bebé,1,2200,2200
1215,11-6-2026,Tienda Norte, Bebida cola ,Bebidas,2,1500,3000
1215,2026-06-11,Tienda Norte  ,Café  ,café/té,1,4000,4000
1215,2026-06-11,Tienda Norte,Pañales,Bebé,1,8000,8000
1215,2026-06-11,Tienda Norte,Toallitas húmedas,Bebé,,2200,2200
1216,03-07-2026,  Tienda Norte,Esponjas,LIMPIEZA,1,1200,1200
1217,2026-07-12,Tienda Centro,Azúcar,Café/Té,2,1300,2600
1217,2026/07/12,Tienda Centro  , Queso ,Lácteos,1,4500,4500
1218,2026/06/30,Tienda Norte,Azúcar,Café/Té,3,1300,3900
1218,30-6-2026,Tienda Norte,Café,Café/Té,1,4000,4000
1218,30-6-2026,Tienda Norte,Esponjas,Limpieza,1,1200,1200
1219,18-08-2026,Tienda Centro,Mantequilla,Lácteos,1,2500,2500
1219,2026-08-18,Tienda Centro,Pan molde,panadería,2,1800,3600
1219,2026-08-18, Tienda Centro ,Queso,Lácteos,1,4500,4500
1219,18-8-2026,Tienda Centro,Yogurt,lácteos,2,800,1600
1220,23/7/2026,Tienda Norte,Azúcar,café/té,1,1300,1300
1220,2026-07-23,Tienda Norte,Café,CAFÉ/TÉ,1,4000,4000
1220,2026-07-23,Tienda Norte,Mantequilla,Lácteos,1,2500,2500
1220,2026-07-23,Tienda Norte,Té,Café/Té,3,2500,7500
1221,15/8/2026,Tienda Sur,Toallitas húmedas,BEBÉ,1,2200,2200
1221,2026/08/15,Tienda Sur,Vino tinto,alcohol,1,5000,5000
1222,2026-08-16,Tienda Norte,Esponjas,Limpieza,1,1200,1200
1222,16-08-2026,Tienda Norte,Queso,Lácteos,1,4500,4500
1222,2026-08-16,Tienda Norte,Té,Café/Té,2,2500,5000
1222,2026-08-16,Tienda Norte,Vino tinto,Alcohol,3,5000,15.000
1223,2026-06-07,Tienda Norte,Azúcar,Café/Té,1,1300,1300
1223,2026-06-07,Tienda Norte,Café,Café/Té,2,4000,8000
1223,2026-06-07,Tienda Norte,Mantequilla,Lácteos,1,2500,2500
1223,7-6-2026,Tienda Norte,Pan molde,Panadería,1,1800,1800
1223,2026-06-07,Tienda Norte,Queso,Lácteos,1,4500,4500
1224,2-6-2026,Tienda Centro,Croissant,Panadería,1,900,900
1224,2/6/2026,Tienda Centro  ,Toallitas húmedas,bebé,1,2200,2200
1224,2026-06-02,Tienda Centro, Yogurt ,Lácteos,1,800,800
1225,9/8/2026,Tienda Centro,Agua mineral  ,Bebidas,2,900,1800
1225,9/8/2026,Tienda Centro,Jugo naranja,Bebidas,3,1600,4800
1225,09-08-2026, Tienda Centro ,Maní,SNACKS,1,1200,1200
1225,2026-08-09,Tienda Centro,Pañales,Bebé,1,8000,8000
1226,2026-06-15,Tienda Centro,Leche,LÁCTEOS,1,1200,1200
1226,15-06-2026,Tienda Centro, Queso ,LÁCTEOS,1,4500,4500
1227,3/6/2026,Tienda Norte,Detergente,Limpieza,2,5500,11000
1227,3/6/2026,Tienda Norte,Esponjas,Limpieza,2,1200,2400
1227,3/6/2026,Tienda Norte,Papas fritas,Snacks,1,1800,1800
1227,3-6-2026,Tienda Norte,Pañales,Bebé,1,8000,8000
1227,2026-06-03,Tienda Norte,Toallitas húmedas,Bebé,1,2200,2200
1228,2026-06-19,Tienda Norte,Toallitas húmedas  ,Bebé,1,2200,2200
1229,11-6-2026,Tienda Mall,Cerveza,ALCOHOL,1,3500,3500
1229,11-06-2026,Tienda Mall, Croissant ,Panadería,2,900,1800
1229,2026-06-11,Tienda Mall,Mantequilla,Lácteos,1,2500,2500
1229,11-06-2026,Tienda Mall,Pan hallulla  ,Panadería,1,1500,1500
1229,11-06-2026,Tienda Mall,Papas fritas,Snacks,,1800,3600
1230,2026-07-20,Tienda Sur,Azúcar,Café/Té,3,1300,3900
1230,20/7/2026, Tienda Sur ,Cerveza,Alcohol,3,3500,10.500
1230,2026-07-20,  Tienda Sur,  Té,Café/Té,2,2500,5000
1231,8-6-2026,Tienda Mall,Café,Café/Té,1,4000,4000
1231,8/6/2026,Tienda Mall, Esponjas ,Limpieza,1,1200,1200
1232,2026-07-04,Tienda Norte,Vino tinto,Alcohol,2,5000,10000
1233,2026-07-04,  Tienda Mall,Azúcar,CAFÉ/TÉ,1,1300,1300
1233,2026-07-04,Tienda Mall,  Queso,Lácteos,1,4500,4500
1234,22-5-2026,Tienda Norte,Azúcar,Café/Té,1,1300,1300
1234,2026-05-22,Tienda Norte,Queso,Lácteos,1,4500,4500
1234,2026-05-22,Tienda Norte  ,Té,Café/Té,1,2500,2500
1235,2026-06-22,Tienda Centro,Agua mineral,Bebidas,,900,900
1235,22-6-2026,Tienda Centro,Detergente,Limpieza,1,5500,5500
1235,22-06-2026,Tienda Centro,Pan hallulla,Panadería,1,1500,1500
1236,24-5-2026,Tienda Mall,Café,Café/Té,1,4000,4000
1236,2026-05-24,Tienda Mall, Detergente ,Limpieza,1,5500,5500
1236,24-05-2026, Tienda Mall ,Galletas,SNACKS,,1000,2000
1236,24-05-2026,Tienda Mall,Yogurt,Lácteos,1,800,800
1237,2026-06-12,Tienda Norte,Leche,Lácteos,1,1200,1200
1238,2026-08-10,Tienda Centro,Agua mineral,Bebidas,3,900,2700
1238,2026-08-10,Tienda Centro,Azúcar,café/té,1,1300,1300
1239,2026-08-07,Tienda Centro,Cerveza,ALCOHOL,3,3500,10.500
1239,2026-08-07,Tienda Centro,Cloro,Limpieza,2,1400,2800
1239,2026/08/07,Tienda Centro  ,Maní,Snacks,1,1200,1200
1240,2026-05-22,Tienda Mall  ,Cloro,Limpieza,1,1400,1400
1240,2026-05-22,Tienda Mall,Mantequilla,Lácteos,2,2500,5000
1240,2026/05/22,Tienda Mall,Pan hallulla,Panadería,1,1500,1500
1241,16-7-2026,Tienda Centro, Esponjas ,Limpieza,1,1200,1200
1241,2026-07-16,Tienda Centro,Queso,lácteos,1,4500,4500
1242,2026-05-21,  Tienda Sur,Leche,Lácteos,1,1200,1200
1242,2026/05/21, Tienda Sur , Queso ,LÁCTEOS,1,4500,4500
1242,2026-05-21,Tienda Sur,Vino tinto,Alcohol,1,5000,5000
1243,19-7-2026,Tienda Centro,Croissant,panadería,1,900,900
1244,2026-06-01,Tienda Norte,Cloro,Limpieza,1,1400,1400
1244,2026-06-01,  Tienda Norte,Detergente,Limpieza,2,5500,11000
1244,01-06-2026,Tienda Norte,Pan molde,Panadería,1,1800,1800
1245,2026-08-16,  Tienda Norte,Jugo naranja,BEBIDAS,1,1600,1600
1245,16-08-2026,  Tienda Norte,Mantequilla,Lácteos,1,2500,2500
1245,2026-08-16,Tienda Norte,Pan hallulla,Panadería,1,1500,1500
1245,2026/08/16,Tienda Norte, Queso ,Lácteos,2,4500,9000
1246,2026-06-24,Tienda Norte,Jugo naranja,BEBIDAS,1,1600,1600
1247,2026-07-16,Tienda Sur,Vino tinto,alcohol,1,5000,5000
1248,2026-08-11,Tienda Mall,Cloro,Limpieza,1,1400,1400
1248,2026-08-11,Tienda Mall,  Pan hallulla,Panadería,1,1500,1500
1248,2026/08/11,Tienda Mall,Yogurt,Lácteos,3,800,2400
1249,15-7-2026,Tienda Sur,Cloro,limpieza,1,1400,1400
1249,2026-07-15,Tienda Sur,Jugo naranja,Bebidas,3,1600,4800
1249,15-07-2026,Tienda Sur,Queso,Lácteos,1,4500,4500
1250,2026/06/24,Tienda Centro,Agua mineral,Bebidas,1,900,900
1250,2026-06-24,Tienda Centro,Queso,Lácteos,1,4500,4500
1251,2026-06-04,Tienda Norte,Galletas,Snacks,1,1000,1000
1251,4/6/2026,Tienda Norte,Pañales,Bebé,2,8000,16.000
1251,04-06-2026,Tienda Norte,  Toallitas húmedas,Bebé,1,2200,2200
1252,2026-06-03,Tienda Sur,Mantequilla,lácteos,2,2500,5000
1252,2026-06-03,Tienda Sur,Maní,snacks,1,1200,1200
1252,2026-06-03,Tienda Sur,Pan molde,Panadería,1,1800,1800
1252,2026-06-03,Tienda Sur  ,Queso,Lácteos,1,4500,4500
1252,2026-06-03,Tienda Sur,  Yogurt,lácteos,1,800,800
1253,23-05-2026, Tienda Mall ,  Esponjas,limpieza,2,1200,2400
1253,2026-05-23,Tienda Mall,  Galletas,Snacks,1,1000,1000
1253,23/5/2026,Tienda Mall,Pañales,Bebé,1,8000,8000
1253,2026-05-23,  Tienda Mall,Toallitas húmedas,Bebé,1,2200,2200
1254,15-08-2026,Tienda Mall  , Azúcar ,CAFÉ/TÉ,1,1300,1300
1254,15/8/2026,Tienda Mall,Bebida cola,Bebidas,1,1500,1500
1254,15-08-2026,Tienda Mall,Té,Café/Té,1,2500,2500
1255,2026-06-10,Tienda Norte,Esponjas  ,Limpieza,1,1200,1200
1255,2026/06/10,Tienda Norte,Queso  ,Lácteos,1,4500,4500
1255,10/6/2026,Tienda Norte,Toallitas húmedas,Bebé,1,2200,2200
1255,10/6/2026,Tienda Norte,Té,Café/Té,2,2500,5000
1256,2026-05-27,Tienda Centro,Mantequilla,Lácteos,1,2500,2500
1256,27-5-2026,Tienda Centro,Queso,LÁCTEOS,1,4500,4500
1256,2026-05-27,Tienda Centro,Vino tinto,Alcohol,1,5000,5000
1257,12-6-2026,  Tienda Sur,Bebida cola  ,Bebidas,1,1500,1500
1257,2026-06-12,Tienda Sur,Yogurt  ,Lácteos,2,800,1600
1258,2026-06-09,Tienda Sur,Yogurt,Lácteos,1,800,800
1259,2026-07-20,Tienda Mall,Café,Café/Té,2,4000,8000
1259,20-7-2026,Tienda Mall,Cloro,Limpieza,1,1400,1400
1259,2026-07-20,Tienda Mall,Papas fritas,snacks,1,1800,1800
1260,7-6-2026,Tienda Mall,Cloro,Limpieza,1,1400,1400
1260,7/6/2026,Tienda Mall,Jugo naranja,Bebidas,1,1600,1600
1260,2026-06-07,Tienda Mall  ,Maní,Snacks,1,1200,1200
1261,14-08-2026,Tienda Centro,  Toallitas húmedas,Bebé,2,2200,4400
1261,14-8-2026,Tienda Centro,  Yogurt,lácteos,1,800,800
1262,2026-07-03,Tienda Centro,Cloro  ,limpieza,1,1400,1400
1262,2026-07-03,  Tienda Centro,Croissant,Panadería,1,900,900
1262,2026-07-03,Tienda Centro,Detergente,limpieza,1,5500,5500
1262,2026-07-03,Tienda Centro,Papas fritas  ,Snacks,1,1800,1800
1263,2026-06-13,Tienda Mall,  Jugo naranja,BEBIDAS,1,1600,1600
1264,2026-07-21,Tienda Centro,Maní  ,snacks,1,1200,1200
1264,2026/07/21,  Tienda Centro,Yogurt,Lácteos,1,800,800
1265,3-6-2026, Tienda Mall ,Cloro,LIMPIEZA,1,1400,1400
1265,2026-06-03,Tienda Mall,Leche,Lácteos,2,1200,2400
1265,3/6/2026,Tienda Mall,  Vino tinto,ALCOHOL,1,5000,5000
1266,2026-06-06,  Tienda Mall,Azúcar  ,Café/Té,1,1300,1300
1266,2026-06-06,Tienda Mall,  Café,café/té,2,4000,8000
1266,06-06-2026, Tienda Mall ,Detergente,Limpieza,1,5500,5500
1266,6-6-2026, Tienda Mall ,  Esponjas,Limpieza,1,1200,1200
1266,2026/06/06,Tienda Mall,Pan molde,Panadería,1,1800,1800
1267,2-7-2026,Tienda Sur,Yogurt,Lácteos,3,800,2400
1268,2026/07/28,Tienda Mall,Croissant  ,panadería,1,900,900
1268,28-07-2026,Tienda Mall,Mantequilla,Lácteos,1,2500,2500
1268,2026-07-28,Tienda Mall,Pan molde,Panadería,2,1800,3600
1269,2026-07-18,Tienda Mall,Jugo naranja,BEBIDAS,1,1600,1600
1270,2026-07-22,Tienda Mall,Cloro,Limpieza,1,1400,1400
1270,2026-07-22,Tienda Mall,Toallitas húmedas,BEBÉ,1,2200,2200
1271,2026-08-15,Tienda Sur,Agua mineral,BEBIDAS,1,900,900
1271,2026-08-15,Tienda Sur  ,Azúcar,Café/Té,1,1300,1300
1271,2026-08-15,  Tienda Sur,Mantequilla,Lácteos,1,2500,2500
1271,15-8-2026,  Tienda Sur,Pan molde,Panadería,1,1800,1800
1272,2026-07-05,Tienda Centro,Bebida cola,BEBIDAS,1,1500,1500
1272,2026/07/05,Tienda Centro,Papas fritas,Snacks,,1800,1800
1273,2026/06/08,Tienda Mall,Agua mineral,BEBIDAS,1,900,900
1273,8-6-2026,Tienda Mall, Vino tinto ,ALCOHOL,1,5000,5000
1274,2026-07-27,Tienda Mall,Cerveza  ,Alcohol,3,3500,10500
1274,27-07-2026,  Tienda Mall,  Maní,Snacks,1,1200,1200
1274,27/7/2026,  Tienda Mall,Papas fritas,Snacks,2,1800,3600
1275,2026-07-08,Tienda Centro,Detergente,Limpieza,3,5500,16500
1275,2026/07/08,Tienda Centro, Esponjas ,Limpieza,1,1200,1200
1275,2026-07-08,Tienda Centro,Jugo naranja,Bebidas,1,1600,1600
1276,31-5-2026,Tienda Mall,Agua mineral  ,Bebidas,2,900,1800
1276,2026/05/31,Tienda Mall  , Jugo naranja ,Bebidas,1,1600,1600
1276,31-05-2026,Tienda Mall,Pañales,Bebé,1,8000,8000
1276,2026-05-31,Tienda Mall,Queso  ,Lácteos,1,4500,4500
1276,2026-05-31,  Tienda Mall,Toallitas húmedas  ,Bebé,1,2200,2200
1277,2026-07-15,Tienda Sur,Agua mineral,bebidas,1,900,900
1277,15/7/2026,Tienda Sur,Té,Café/Té,,2500,5000
1277,15/7/2026,  Tienda Sur,Yogurt,Lácteos,1,800,800
1278,2026/06/24,Tienda Centro,Maní,Snacks,1,1200,1200
1278,2026-06-24,Tienda Centro, Pan molde ,PANADERÍA,2,1800,3600
1278,24-6-2026,Tienda Centro,Queso,Lácteos,1,4500,4500
1279,02-06-2026,Tienda Norte,Cerveza,Alcohol,2,3500,7000
1279,2026-06-02,Tienda Norte  ,Esponjas  ,Limpieza,1,1200,1200
1279,2026-06-02,Tienda Norte,Papas fritas,Snacks,1,1800,1800
1280,13/7/2026,Tienda Sur,Azúcar  ,Café/Té,1,1300,1300
1280,13/7/2026,Tienda Sur,  Café,Café/Té,1,4000,4000
1281,2026/07/19, Tienda Mall ,Esponjas,Limpieza,1,1200,1200
1281,2026-07-19,Tienda Mall  , Yogurt ,Lácteos,1,800,800
1282,2026-05-25,Tienda Centro,Azúcar,Café/Té,3,1300,3900
1282,25/5/2026, Tienda Centro ,Croissant,panadería,1,900,900
1282,2026-05-25,Tienda Centro,  Queso,Lácteos,1,4500,4500
1282,25-05-2026, Tienda Centro ,Vino tinto,Alcohol,1,5000,5000
1283,2026-08-15,Tienda Mall,Toallitas húmedas,Bebé,1,2200,2200
1284,2026-08-08,Tienda Sur,Maní,Snacks,2,1200,2400
1284,2026-08-08,Tienda Sur,Pan molde,Panadería,3,1800,5400
1284,2026-08-08,Tienda Sur,Queso,Lácteos,1,4500,4500
1285,2026-07-28,Tienda Norte,Leche,Lácteos,1,1200,1200
1285,2026-07-28,Tienda Norte,Papas fritas,Snacks,3,1800,5400
1286,2026/08/02,Tienda Sur,Yogurt,lácteos,2,800,1600
1287,11/7/2026,Tienda Mall,Maní,Snacks,2,1200,2400
1287,2026/07/11,Tienda Mall,Queso  ,Lácteos,1,4500,4500
1288,2026-07-06,Tienda Centro,  Cerveza,Alcohol,2,3500,7000
1288,2026-07-06,Tienda Centro,Cloro,Limpieza,1,1400,1400
1288,6/7/2026,Tienda Centro,Detergente,Limpieza,3,5500,16500
1288,2026/07/06, Tienda Centro , Papas fritas ,snacks,1,1800,1800
1289,2026-06-12,Tienda Mall  ,Azúcar,Café/Té,1,1300,1300
1289,2026-06-12,Tienda Mall,Cerveza,Alcohol,1,3500,3500
1290,2026/08/03,Tienda Mall,Detergente,Limpieza,1,5500,5500
1290,3-8-2026,Tienda Mall,Maní,Snacks,2,1200,2400
1290,2026-08-03, Tienda Mall ,Pan molde,Panadería,3,1800,5400
1290,2026-08-03, Tienda Mall , Queso ,Lácteos,1,4500,4500
1291,2026-06-21,Tienda Norte,Azúcar,Café/Té,2,1300,2600
1291,21-06-2026,Tienda Norte,Café,Café/Té,2,4000,8000
1291,21/6/2026,Tienda Norte,Cloro,Limpieza,1,1400,1400
1292,30-07-2026,Tienda Norte,Galletas,Snacks,1,1000,1000
1292,2026-07-30,Tienda Norte,Vino tinto  ,Alcohol,1,5000,5000
1292,30-7-2026,Tienda Norte,Yogurt,Lácteos,2,800,1600
1293,2026/06/15,Tienda Sur,Croissant,Panadería,2,900,1800
1294,16-06-2026,Tienda Mall,Cloro,Limpieza,1,1400,1400
1294,2026-06-16,Tienda Mall,  Toallitas húmedas,BEBÉ,1,2200,2200
1295,2026-06-12,Tienda Mall,Leche,Lácteos,2,1200,2400
1295,2026-06-12,Tienda Mall,Toallitas húmedas,Bebé,2,2200,4400
1296,10/6/2026,Tienda Norte,Croissant,Panadería,1,900,900
1296,2026-06-10,Tienda Norte,Pan molde,panadería,1,1800,1800
1297,2026-07-20,Tienda Mall,  Maní,snacks,3,1200,3600
1298,2026/07/28,Tienda Centro,  Azúcar,café/té,2,1300,2600
1298,28/7/2026,  Tienda Centro, Detergente ,Limpieza,1,5500,5500
1298,2026-07-28,Tienda Centro,Toallitas húmedas,BEBÉ,2,2200,4400
1299,2026-05-26,Tienda Sur,Detergente,LIMPIEZA,1,5500,5500
1299,2026-05-26, Tienda Sur ,Esponjas,Limpieza,1,1200,1200
1299,2026/05/26,  Tienda Sur,Té,Café/Té,2,2500,5000
1300,2026-06-04,Tienda Norte,Cerveza,Alcohol,1,3500,3500
1300,4/6/2026,Tienda Norte,Cloro  ,Limpieza,1,1400,1400
1300,2026-06-04,Tienda Norte,Maní,Snacks,1,1200,1200
1300,4/6/2026,Tienda Norte  ,Papas fritas,Snacks,,1800,1800
1301,2026-07-18,Tienda Mall, Agua mineral ,bebidas,1,900,900
1301,2026/07/18,  Tienda Mall,Cerveza,Alcohol,1,3500,3500
1301,2026-07-18, Tienda Mall ,Jugo naranja,Bebidas,1,1600,1600
1301,2026-07-18,Tienda Mall,Maní,Snacks,1,1200,1200
1302,7/6/2026,  Tienda Norte,Bebida cola,Bebidas,1,1500,1500
1302,2026-06-07,Tienda Norte,Pan molde,panadería,2,1800,3600
1303,2026/08/01,Tienda Sur,Cloro,LIMPIEZA,1,1400,1400
1303,2026-08-01,Tienda Sur,Galletas,SNACKS,2,1000,2000
1304,2026-08-17,Tienda Norte, Jugo naranja ,bebidas,2,1600,3200
1305,2026-06-22,  Tienda Norte,Queso,Lácteos,1,4500,4500
1306,2026-06-08,Tienda Centro,Azúcar,Café/Té,2,1300,2600
1306,8/6/2026,Tienda Centro  ,  Papas fritas,Snacks,3,1800,5400
1306,8/6/2026,Tienda Centro,Té,Café/Té,1,2500,2500
1307,2026-08-04,Tienda Sur,Azúcar  ,Café/Té,1,1300,1300
1307,2026/08/04,Tienda Sur,Café,Café/Té,1,4000,4000
1307,2026/08/04,Tienda Sur,  Papas fritas,Snacks,,1800,1800
1308,2026/08/14,Tienda Centro  ,Jugo naranja,Bebidas,1,1600,1600
1308,2026/08/14,Tienda Centro  ,Queso,Lácteos,1,4500,4500
1309,2026/06/05,Tienda Norte,Galletas,Snacks,2,1000,2000
1309,2026/06/05,Tienda Norte,Pañales,Bebé,2,8000,16000
1310,2026-07-27,Tienda Norte,Cloro,Limpieza,1,1400,1400
1310,2026-07-27,Tienda Norte,Mantequilla,Lácteos,1,2500,2500
1310,27-7-2026,  Tienda Norte,Pan hallulla,Panadería,1,1500,1500
1310,27-07-2026,Tienda Norte, Queso ,LÁCTEOS,2,4500,9000
1310,27-07-2026,Tienda Norte,Vino tinto,Alcohol,2,5000,10000
1311,2026-05-28,Tienda Mall,Agua mineral,Bebidas,1,900,900
1311,28-05-2026,Tienda Mall,Bebida cola,Bebidas,3,1500,4500
1312,21/6/2026, Tienda Norte ,Galletas,Snacks,1,1000,1000
1312,21-6-2026,Tienda Norte, Pan hallulla ,PANADERÍA,2,1500,3000
1312,2026-06-21, Tienda Norte ,Queso,lácteos,2,4500,9000
1312,21-6-2026,Tienda Norte,Yogurt,Lácteos,2,800,1600
1313,2026-06-06,Tienda Sur,Bebida cola,bebidas,2,1500,3000
1313,06-06-2026,  Tienda Sur,Papas fritas,Snacks,1,1800,1800
1314,2-6-2026,Tienda Centro  ,  Cloro,Limpieza,1,1400,1400
1314,02-06-2026,Tienda Centro,Croissant,Panadería,1,900,900
1314,2026/06/02,Tienda Centro,Detergente,Limpieza,1,5500,5500
1314,02-06-2026,Tienda Centro  ,Esponjas,limpieza,1,1200,1200
1315,2026/07/22,Tienda Sur,Cerveza,Alcohol,2,3500,7000
1315,2026/07/22,Tienda Sur,Maní,Snacks,2,1200,2400
1315,2026-07-22,Tienda Sur,Pañales,Bebé,1,8000,8000
1316,10-8-2026,Tienda Mall,  Agua mineral,Bebidas,1,900,900
1316,10-8-2026,Tienda Mall,Azúcar,Café/Té,1,1300,1300
1316,10-08-2026,Tienda Mall,Café  ,Café/Té,1,4000,4000
1316,10-08-2026, Tienda Mall ,Maní,Snacks,1,1200,1200
1316,2026-08-10,Tienda Mall,Toallitas húmedas,BEBÉ,1,2200,2200
1317,2026-07-03,Tienda Sur,Azúcar,CAFÉ/TÉ,1,1300,1300
1317,2026-07-03,Tienda Sur, Detergente ,Limpieza,1,5500,5500
1317,2026-07-03,Tienda Sur, Jugo naranja ,Bebidas,3,1600,4800
1317,2026-07-03, Tienda Sur ,Té,café/té,1,2500,2500
1318,10/6/2026,Tienda Norte, Maní ,Snacks,1,1200,1200
1319,2026/06/02,Tienda Mall,Azúcar,Café/Té,2,1300,2600
1319,02-06-2026,Tienda Mall,Cloro,Limpieza,1,1400,1400
1320,3/6/2026,  Tienda Norte,Azúcar  ,Café/Té,1,1300,1300
1320,2026-06-03,Tienda Norte,Jugo naranja,bebidas,1,1600,1600
1320,2026-06-03,Tienda Norte,Té  ,Café/Té,1,2500,2500
1321,2026-08-07,Tienda Norte,Cerveza,Alcohol,2,3500,7000
1321,7/8/2026,Tienda Norte,Mantequilla,Lácteos,2,2500,5000
1321,2026/08/07,Tienda Norte,Papas fritas,Snacks,1,1800,1800
1322,10/6/2026,Tienda Sur,Café  ,Café/Té,2,4000,8000
1322,2026/06/10, Tienda Sur ,Detergente,Limpieza,1,5500,5500
1322,10-06-2026,Tienda Sur,  Esponjas,Limpieza,1,1200,1200
1322,2026-06-10,Tienda Sur,  Maní,Snacks,1,1200,1200
1322,10-06-2026,Tienda Sur,Toallitas húmedas,Bebé,1,2200,2200
1323,2026-06-30,Tienda Mall,Cerveza,Alcohol,3,3500,10.500
1323,2026-06-30,Tienda Mall,Papas fritas,Snacks,1,1800,1800
1323,30-06-2026,Tienda Mall,Pañales,BEBÉ,1,8000,8000
1324,2026/08/11,Tienda Norte,Agua mineral  ,Bebidas,1,900,900
1324,11-8-2026,Tienda Norte,Esponjas,Limpieza,1,1200,1200
1324,11-08-2026,  Tienda Norte,Mantequilla,Lácteos,1,2500,2500
1324,11-8-2026,Tienda Norte,Pan molde,Panadería,2,1800,3600
1324,11/8/2026,Tienda Norte,  Queso,Lácteos,1,4500,4500
1325,2026-07-31,  Tienda Norte,  Galletas,snacks,1,1000,1000
1325,31-07-2026,Tienda Norte,  Toallitas húmedas,Bebé,1,2200,2200
1325,2026-07-31,Tienda Norte,Té,Café/Té,1,2500,2500
1326,21-7-2026,Tienda Mall,  Cloro,Limpieza,1,1400,1400
1326,2026-07-21,Tienda Mall,Esponjas  ,Limpieza,3,1200,3600
1326,2026-07-21,Tienda Mall,Pan hallulla,panadería,1,1500,1500
1326,21/7/2026,Tienda Mall,Papas fritas,Snacks,1,1800,1800
1327,2026-05-28,Tienda Sur, Galletas ,Snacks,1,1000,1000
1327,28/5/2026, Tienda Sur ,Vino tinto,Alcohol,1,5000,5000
1328,2026-05-30,  Tienda Sur,Jugo naranja,bebidas,1,1600,1600
1328,30-05-2026,Tienda Sur, Mantequilla ,Lácteos,1,2500,2500
1328,2026-05-30,Tienda Sur,Maní,Snacks,1,1200,1200
1328,2026-05-30,Tienda Sur,Pañales,Bebé,1,8000,8000
1328,30-5-2026,Tienda Sur  ,Toallitas húmedas,bebé,1,2200,2200
1329,27-06-2026, Tienda Centro ,Croissant,PANADERÍA,2,900,1800
1330,2026-08-18,Tienda Sur  ,Galletas  ,Snacks,1,1000,1000
1330,2026-08-18,Tienda Sur, Queso ,lácteos,1,4500,4500
1330,2026-08-18,Tienda Sur,Vino tinto,Alcohol,1,5000,5000
1330,18-08-2026,  Tienda Sur,Yogurt,Lácteos,3,800,2400
1331,2026-06-23,  Tienda Sur,Leche,Lácteos,2,1200,2400
1331,2026/06/23,Tienda Sur  ,Mantequilla,Lácteos,2,2500,5000
1331,2026/06/23,Tienda Sur,Pan molde,Panadería,2,1800,3600
1332,28-5-2026,Tienda Sur,Maní,Snacks,3,1200,3600
1333,2026-07-24, Tienda Sur ,Azúcar,Café/Té,1,1300,1300
1333,24/7/2026,Tienda Sur,Café,café/té,1,4000,4000
1333,2026/07/24,Tienda Sur,Cerveza,Alcohol,1,3500,3500
1333,24/7/2026,Tienda Sur,Galletas,SNACKS,1,1000,1000
1333,2026-07-24,Tienda Sur,Jugo naranja,Bebidas,2,1600,3200
1333,2026-07-24,Tienda Sur,Pañales,Bebé,1,8000,8000
1333,24-07-2026,Tienda Sur,Toallitas húmedas,Bebé,1,2200,2200
1334,12-08-2026,Tienda Norte,Agua mineral,bebidas,1,900,900
1334,2026-08-12,  Tienda Norte,Cloro,Limpieza,2,1400,2800
1334,2026-08-12,Tienda Norte,Maní,SNACKS,3,1200,3600
1335,2026-06-09,  Tienda Sur,Detergente,Limpieza,2,5500,11000
1336,2026-07-15,Tienda Centro,  Jugo naranja,BEBIDAS,1,1600,1600
1336,2026-07-15,Tienda Centro,Pan molde,Panadería,1,1800,1800
1337,2026-06-09,Tienda Sur  ,Cerveza,Alcohol,3,3500,10500
1337,9/6/2026,Tienda Sur,Cloro,LIMPIEZA,2,1400,2800
1337,2026-06-09,Tienda Sur,Papas fritas,Snacks,2,1800,3600
1337,2026-06-09, Tienda Sur ,Pañales,Bebé,1,8000,8000
1337,2026-06-09,Tienda Sur,Toallitas húmedas,Bebé,1,2200,2200
1338,8-6-2026,Tienda Norte,Leche,LÁCTEOS,1,1200,1200
1338,8/6/2026,Tienda Norte,Mantequilla,LÁCTEOS,1,2500,2500
1338,2026-06-08,Tienda Norte,Pan molde,panadería,1,1800,1800
1339,29/5/2026, Tienda Sur ,Bebida cola,BEBIDAS,1,1500,1500
1339,2026/05/29,Tienda Sur,  Cloro,Limpieza,3,1400,4200
1339,29-5-2026,Tienda Sur,Papas fritas,Snacks,1,1800,1800
1339,2026-05-29,Tienda Sur  ,Queso,LÁCTEOS,2,4500,9000
1340,2026/07/05,Tienda Centro,Galletas,Snacks,1,1000,1000
1341,2026-07-08,Tienda Centro,Papas fritas,Snacks,1,1800,1800
1341,8/7/2026,Tienda Centro,Queso,lácteos,1,4500,4500
1342,2026-06-15,Tienda Norte, Croissant ,Panadería,1,900,900
1342,2026-06-15,Tienda Norte,  Leche,Lácteos,1,1200,1200
1342,2026/06/15,  Tienda Norte,Pañales,BEBÉ,1,8000,8000
1343,2026-06-16,Tienda Centro  ,  Cerveza,alcohol,1,3500,3500
1343,16/6/2026,Tienda Centro  ,Maní,Snacks,1,1200,1200
1343,2026-06-16, Tienda Centro ,Queso,Lácteos,,4500,4500
1343,2026-06-16,Tienda Centro,Toallitas húmedas,Bebé,1,2200,2200
1343,2026/06/16,Tienda Centro,Vino tinto,alcohol,1,5000,5000
1344,2026-07-13,Tienda Mall  ,Croissant,Panadería,2,900,1800
1344,13/7/2026,Tienda Mall,Jugo naranja,Bebidas,1,1600,1600
1344,2026-07-13,Tienda Mall  ,Leche,lácteos,3,1200,3600
1344,2026-07-13,Tienda Mall,Queso,Lácteos,1,4500,4500
1344,13-7-2026,Tienda Mall,Vino tinto,Alcohol,1,5000,5000
1345,2026-07-09,Tienda Mall,Agua mineral,Bebidas,2,900,1800
1346,2026/07/01,Tienda Centro,Bebida cola,Bebidas,1,1500,1500
1346,2026-07-01,Tienda Centro,Papas fritas,Snacks,1,1800,1800
1347,2026-06-07,Tienda Mall,Pan hallulla,panadería,1,1500,1500
1347,07-06-2026,Tienda Mall, Queso ,Lácteos,1,4500,4500
1347,2026-06-07,Tienda Mall,Toallitas húmedas,Bebé,1,2200,2200
1348,12-06-2026,Tienda Norte,Cloro,Limpieza,1,1400,1400
1348,2026-06-12,Tienda Norte,Mantequilla,Lácteos,1,2500,2500
1348,2026-06-12,Tienda Norte,  Vino tinto,Alcohol,1,5000,5000
1348,2026/06/12,Tienda Norte  ,Yogurt,Lácteos,1,800,800
1349,2026/08/09, Tienda Sur ,Agua mineral,BEBIDAS,2,900,1800
1349,9-8-2026,Tienda Sur,Cerveza,Alcohol,2,3500,7000
1349,2026-08-09,Tienda Sur, Maní ,snacks,1,1200,1200
1349,09-08-2026,Tienda Sur,Pan molde,Panadería,1,1800,1800
1349,2026-08-09, Tienda Sur ,Queso,Lácteos,1,4500,4500
1349,2026-08-09, Tienda Sur ,Toallitas húmedas,BEBÉ,1,2200,2200
1350,10/6/2026,Tienda Centro  ,Bebida cola,Bebidas,3,1500,4500
1350,10-06-2026,Tienda Centro,  Papas fritas,SNACKS,1,1800,1800
1351,2026-07-20,Tienda Mall,Azúcar,Café/Té,2,1300,2600
1351,2026-07-20,Tienda Mall,Galletas,Snacks,1,1000,1000
1351,2026-07-20,Tienda Mall,Mantequilla,Lácteos,1,2500,2500
1351,20/7/2026,Tienda Mall  ,Toallitas húmedas,Bebé,2,2200,4400
1352,2026-06-22,Tienda Norte,Azúcar,Café/Té,1,1300,1300
1352,22/6/2026,Tienda Norte,Vino tinto,Alcohol,1,5000,5000
1353,2026/07/23,Tienda Norte,Azúcar,Café/Té,3,1300,3900
1353,2026/07/23,Tienda Norte,Té,Café/Té,1,2500,2500
1354,31/5/2026,Tienda Centro,Jugo naranja,Bebidas,1,1600,1600
1354,2026-05-31,Tienda Centro,Leche,Lácteos,1,1200,1200
1354,2026-05-31,Tienda Centro, Toallitas húmedas ,BEBÉ,2,2200,4400
1355,2026-06-28,Tienda Sur,Cloro,LIMPIEZA,2,1400,2800
1355,2026-06-28, Tienda Sur ,Galletas,Snacks,2,1000,2000
1355,2026-06-28,Tienda Sur,Pañales,BEBÉ,1,8000,8000
1355,2026/06/28,Tienda Sur,Toallitas húmedas,Bebé,1,2200,2200
1356,2026-08-13,Tienda Norte,Pan hallulla,Panadería,3,1500,4500
1356,13-08-2026,Tienda Norte  ,Papas fritas,snacks,1,1800,1800
1357,2026-08-10,Tienda Centro,Bebida cola  ,Bebidas,1,1500,1500
1357,10-08-2026,Tienda Centro,Papas fritas,snacks,1,1800,1800
1357,2026-08-10,Tienda Centro,Yogurt,Lácteos,1,800,800
1358,2026-08-09,Tienda Mall,Galletas,Snacks,1,1000,1000
1358,2026-08-09,Tienda Mall,Queso,lácteos,1,4500,4500
1359,2026-06-05,Tienda Sur,Azúcar,Café/Té,1,1300,1300
1359,5/6/2026, Tienda Sur ,Cerveza,Alcohol,1,3500,3500
1359,2026-06-05,Tienda Sur,Té,Café/Té,1,2500,2500
1359,2026-06-05,Tienda Sur,Yogurt,Lácteos,1,800,800
1360,2026/07/26,Tienda Sur,  Queso,Lácteos,1,4500,4500
1360,2026-07-26,Tienda Sur,Vino tinto,Alcohol,1,5000,5000
1361,2026-06-02,Tienda Norte,Azúcar,Café/Té,,1300,1300
1361,2026-06-02,  Tienda Norte,Esponjas,LIMPIEZA,1,1200,1200
1361,2/6/2026,Tienda Norte,Jugo naranja,Bebidas,1,1600,1600
1361,2026/06/02,Tienda Norte,Leche,LÁCTEOS,1,1200,1200
1362,2026-05-31,Tienda Norte,Azúcar,Café/Té,1,1300,1300
1362,2026-05-31,Tienda Norte,Queso,Lácteos,2,4500,9000
1362,2026-05-31,Tienda Norte  ,Té  ,Café/Té,1,2500,2500
1363,2026-07-05,Tienda Norte,Mantequilla  ,Lácteos,3,2500,7500
1363,05-07-2026,  Tienda Norte,Pan hallulla,panadería,1,1500,1500
1363,05-07-2026,Tienda Norte  ,Queso,Lácteos,1,4500,4500
1363,2026-07-05,Tienda Norte,  Té,Café/Té,1,2500,2500
1364,2026-06-11,Tienda Norte, Azúcar ,Café/Té,3,1300,3900
1364,11-6-2026,  Tienda Norte,Esponjas,Limpieza,1,1200,1200
1364,11-6-2026,Tienda Norte,Mantequilla  ,Lácteos,2,2500,5000
1365,2026-06-25,Tienda Centro,Jugo naranja,Bebidas,1,1600,1600
1365,2026/06/25, Tienda Centro ,  Maní,Snacks,1,1200,1200
1365,2026-06-25,Tienda Centro,Papas fritas,Snacks,3,1800,5400
1365,2026-06-25,Tienda Centro,Té,Café/Té,1,2500,2500
1366,2026-06-22,Tienda Sur,Croissant,Panadería,1,900,900
1366,2026-06-22,Tienda Sur,Toallitas húmedas,Bebé,1,2200,2200
1367,2026-06-08,Tienda Mall,Bebida cola,BEBIDAS,1,1500,1500
1367,2026-06-08,Tienda Mall  ,Papas fritas  ,snacks,1,1800,1800
1367,2026-06-08,Tienda Mall,Yogurt,Lácteos,2,800,1600
1368,30-5-2026, Tienda Norte ,Agua mineral,Bebidas,2,900,1800
1368,2026-05-30,Tienda Norte,Leche,lácteos,1,1200,1200
1368,2026-05-30,Tienda Norte,Mantequilla,Lácteos,1,2500,2500
1368,30-5-2026,Tienda Norte  ,Papas fritas,SNACKS,1,1800,1800
1369,2026-06-08, Tienda Sur ,Detergente,Limpieza,1,5500,5500
1369,2026-06-08,Tienda Sur,Leche,Lácteos,1,1200,1200
1369,2026-06-08,Tienda Sur,Mantequilla,Lácteos,,2500,5000
1369,2026-06-08,Tienda Sur,Pan molde  ,Panadería,1,1800,1800
1370,2026/08/07, Tienda Mall ,Cerveza,Alcohol,1,3500,3500
1371,22-6-2026,Tienda Centro  ,Maní,Snacks,2,1200,2400
1371,2026/06/22,Tienda Centro,Pañales,Bebé,2,8000,16000
1371,22-6-2026,Tienda Centro,Yogurt,LÁCTEOS,1,800,800
1372,2026-06-03,Tienda Centro,Bebida cola,BEBIDAS,1,1500,1500
1372,2026-06-03,Tienda Centro,Cloro,Limpieza,1,1400,1400
1372,03-06-2026,Tienda Centro,Queso,lácteos,1,4500,4500
1372,3-6-2026,Tienda Centro,Toallitas húmedas,Bebé,2,2200,4400
1372,03-06-2026,  Tienda Centro,Vino tinto,Alcohol,2,5000,10000
1373,2026-06-25,Tienda Sur,Cerveza,alcohol,1,3500,3500
1373,2026-06-25,Tienda Sur,Cloro  ,limpieza,1,1400,1400
1373,2026/06/25,Tienda Sur,Maní  ,snacks,2,1200,2400
1374,21-06-2026,Tienda Mall,Cloro,Limpieza,1,1400,1400
1374,2026-06-21,  Tienda Mall,Maní,snacks,3,1200,3600
1375,22-07-2026,Tienda Mall,Cloro,Limpieza,2,1400,2800
1375,2026-07-22,Tienda Mall,Pan hallulla,PANADERÍA,3,1500,4500
1375,2026-07-22,Tienda Mall, Papas fritas ,Snacks,1,1800,1800
1376,5/6/2026,Tienda Norte  ,Cloro,LIMPIEZA,2,1400,2800
1376,2026-06-05, Tienda Norte ,Esponjas,limpieza,1,1200,1200
1377,2026/07/10,Tienda Centro,  Cerveza,ALCOHOL,1,3500,3500
1377,2026-07-10,Tienda Centro  ,Galletas  ,SNACKS,2,1000,2000
1377,2026-07-10,Tienda Centro,Pañales,Bebé,2,8000,16.000
1378,15/7/2026,Tienda Centro,Pan molde,Panadería,1,1800,1800
1378,15-07-2026,Tienda Centro,Queso,lácteos,1,4500,4500
1378,15-7-2026,Tienda Centro  ,Yogurt,Lácteos,1,800,800
1379,18-7-2026,  Tienda Sur,Cloro,Limpieza,3,1400,4200
1379,2026-07-18,Tienda Sur,Queso  ,LÁCTEOS,1,4500,4500
1379,18-07-2026,Tienda Sur,Vino tinto,Alcohol,2,5000,10.000
1380,1-7-2026,Tienda Mall,Agua mineral,Bebidas,1,900,900
1380,2026/07/01,  Tienda Mall,Cloro,limpieza,1,1400,1400
1380,2026-07-01,Tienda Mall,Detergente,Limpieza,1,5500,5500
1380,01-07-2026,Tienda Mall,Yogurt,Lácteos,1,800,800
1381,12/6/2026,Tienda Mall,Cerveza,alcohol,1,3500,3500
1381,2026/06/12,Tienda Mall  ,Toallitas húmedas,Bebé,1,2200,2200
1381,12-6-2026,Tienda Mall,Vino tinto,Alcohol,2,5000,10000
1382,2026/06/01,Tienda Mall,Azúcar,café/té,1,1300,1300
1382,1/6/2026,Tienda Mall,Café  ,café/té,2,4000,8000
1382,2026-06-01,Tienda Mall,Cloro,Limpieza,2,1400,2800
1382,1/6/2026,Tienda Mall,Detergente,Limpieza,2,5500,11.000
1383,2026/06/11,Tienda Sur,Queso,Lácteos,1,4500,4500
1384,24-07-2026,Tienda Sur,Azúcar,Café/Té,1,1300,1300
1384,24-7-2026,Tienda Sur,Papas fritas,Snacks,1,1800,1800
1384,2026-07-24,Tienda Sur,Yogurt,Lácteos,1,800,800
1385,5-8-2026,Tienda Mall,Cerveza,Alcohol,3,3500,10500
1385,2026-08-05,Tienda Mall,Esponjas,LIMPIEZA,1,1200,1200
1385,5-8-2026,Tienda Mall  ,Mantequilla,Lácteos,3,2500,7500
1385,2026-08-05,Tienda Mall,Maní,Snacks,2,1200,2400
1385,05-08-2026,Tienda Mall,  Papas fritas,Snacks,2,1800,3600
1386,27-06-2026,Tienda Centro,Bebida cola,Bebidas,1,1500,1500
1386,2026-06-27, Tienda Centro , Galletas ,SNACKS,1,1000,1000
1387,2026-06-25, Tienda Centro ,Bebida cola,Bebidas,1,1500,1500
1387,25/6/2026,Tienda Centro,Esponjas,LIMPIEZA,1,1200,1200
1387,2026/06/25,Tienda Centro,Papas fritas,Snacks,1,1800,1800
1388,2026-05-22,Tienda Sur, Mantequilla ,lácteos,1,2500,2500
1388,2026-05-22,Tienda Sur,  Pan molde,Panadería,3,1800,5400
1388,2026-05-22,Tienda Sur,Toallitas húmedas,Bebé,1,2200,2200
1389,2026/06/13,Tienda Mall,Agua mineral,Bebidas,2,900,1800
1389,13-6-2026,Tienda Mall,Esponjas,Limpieza,1,1200,1200
1389,13/6/2026,Tienda Mall,Papas fritas,SNACKS,,1800,3600
1390,2026-07-15,Tienda Sur,Bebida cola,Bebidas,1,1500,1500
1390,2026-07-15,Tienda Sur,Cerveza,Alcohol,2,3500,7000
1390,15/7/2026,Tienda Sur,Maní,Snacks,2,1200,2400
1390,15/7/2026,Tienda Sur,Papas fritas,Snacks,2,1800,3600
1391,03-08-2026,Tienda Norte, Té ,CAFÉ/TÉ,1,2500,2500
1392,2026-06-03, Tienda Norte ,Azúcar,café/té,1,1300,1300
1392,3-6-2026,Tienda Norte,  Detergente,Limpieza,2,5500,11000
1392,3-6-2026,Tienda Norte,Esponjas,Limpieza,1,1200,1200
1393,2026-07-16,Tienda Mall,Croissant  ,panadería,1,900,900
1393,2026-07-16,Tienda Mall,Yogurt,lácteos,1,800,800
1394,12-8-2026,Tienda Centro,Azúcar,café/té,3,1300,3900
1394,2026/08/12,Tienda Centro,Café  ,CAFÉ/TÉ,1,4000,4000
1394,2026-08-12, Tienda Centro ,Esponjas,Limpieza,1,1200,1200
1394,2026-08-12,Tienda Centro,Mantequilla,LÁCTEOS,2,2500,5000
1395,2026-05-24,Tienda Mall,Mantequilla,LÁCTEOS,1,2500,2500
1395,2026/05/24,Tienda Mall  ,Papas fritas,Snacks,1,1800,1800
1396,28-07-2026, Tienda Sur ,Pañales,Bebé,1,8000,8000
1396,2026-07-28,  Tienda Sur,Toallitas húmedas  ,Bebé,1,2200,2200
1396,28-07-2026,Tienda Sur,Té,Café/Té,1,2500,2500
1397,2026-08-07,Tienda Centro, Cerveza ,ALCOHOL,1,3500,3500
1397,2026/08/07,Tienda Centro,Leche,Lácteos,1,1200,1200
1397,2026-08-07,Tienda Centro,Pañales,Bebé,1,8000,8000
1397,2026-08-07,Tienda Centro,Toallitas húmedas,Bebé,3,2200,6600
1397,2026-08-07,  Tienda Centro, Vino tinto ,ALCOHOL,2,5000,10.000
1398,2026/06/12,Tienda Norte  ,Café,CAFÉ/TÉ,1,4000,4000
1399,11/7/2026,Tienda Mall,Azúcar,Café/Té,1,1300,1300
1399,11-7-2026,Tienda Mall,Café,Café/Té,1,4000,4000
1399,11-7-2026,Tienda Mall,Esponjas,Limpieza,2,1200,2400
1399,11/7/2026,Tienda Mall,  Papas fritas,Snacks,2,1800,3600
1400,23/7/2026,Tienda Centro  ,  Papas fritas,Snacks,1,1800,1800
1401,4/7/2026,Tienda Centro,Azúcar,Café/Té,2,1300,2600
1401,2026-07-04,Tienda Centro,Leche,Lácteos,1,1200,1200
1401,2026/07/04,Tienda Centro,Té,Café/Té,1,2500,2500
1402,2026-08-16,Tienda Sur,Pan molde,Panadería,,1800,1800
1403,2026-07-09,Tienda Sur,Pañales,bebé,3,8000,24000
1403,2026-07-09,Tienda Sur,Toallitas húmedas  ,Bebé,1,2200,2200
1404,2026-08-08,Tienda Mall,Queso,LÁCTEOS,3,4500,13.500
1405,2026-06-02,Tienda Norte,Pañales,BEBÉ,2,8000,16000
1405,2026-06-02,Tienda Norte, Yogurt ,Lácteos,1,800,800
1406,09-06-2026,Tienda Mall,Pan hallulla,Panadería,2,1500,3000
1407,05-06-2026,Tienda Sur,Cloro,Limpieza,1,1400,1400
1407,2026-06-05,Tienda Sur,Leche,LÁCTEOS,1,1200,1200
1407,2026-06-05,Tienda Sur,Vino tinto,Alcohol,1,5000,5000
1407,2026-06-05,Tienda Sur,Yogurt,Lácteos,1,800,800
1408,7/8/2026,Tienda Sur,Azúcar,Café/Té,3,1300,3900
1408,2026-08-07,Tienda Sur,Cloro,Limpieza,1,1400,1400
1408,2026-08-07,Tienda Sur  ,Galletas,Snacks,1,1000,1000
1408,2026-08-07,Tienda Sur,Papas fritas,Snacks,1,1800,1800
1409,2026-06-08,Tienda Norte, Café ,Café/Té,2,4000,8000
1409,2026/06/08,Tienda Norte,Mantequilla,Lácteos,2,2500,5000
1409,2026-06-08,  Tienda Norte,Pan hallulla,Panadería,2,1500,3000
1409,2026-06-08,Tienda Norte,Papas fritas,Snacks,1,1800,1800
1409,2026-06-08,Tienda Norte  ,Queso,LÁCTEOS,1,4500,4500
1410,13/8/2026,Tienda Sur  ,Azúcar,Café/Té,1,1300,1300
1410,13-8-2026,Tienda Sur,Esponjas,Limpieza,1,1200,1200
1410,13-08-2026,Tienda Sur,  Pañales,BEBÉ,1,8000,8000
1410,2026/08/13,Tienda Sur,  Toallitas húmedas,Bebé,3,2200,6600
1410,2026-08-13,Tienda Sur  ,Té,Café/Té,1,2500,2500
1411,2026/07/15,Tienda Mall,Mantequilla,Lácteos,,2500,2500
1411,2026-07-15,Tienda Mall,  Pan molde,Panadería,1,1800,1800
1411,15/7/2026,Tienda Mall  ,Queso,Lácteos,1,4500,4500
1412,2026-06-26, Tienda Centro , Pan hallulla ,Panadería,1,1500,1500
1412,2026-06-26,Tienda Centro,Queso,Lácteos,2,4500,9000
1413,2026-07-29,Tienda Norte,Azúcar,Café/Té,1,1300,1300
1413,29-7-2026, Tienda Norte ,Mantequilla,Lácteos,2,2500,5000
1413,2026-07-29,Tienda Norte,Pan hallulla,panadería,2,1500,3000
1413,29/7/2026,Tienda Norte, Pan molde ,Panadería,2,1800,3600
1413,29/7/2026,Tienda Norte,Queso  ,lácteos,1,4500,4500
1414,12-6-2026,Tienda Sur,Leche,Lácteos,1,1200,1200
1414,2026-06-12,  Tienda Sur,Mantequilla,Lácteos,1,2500,2500
1414,2026-06-12,  Tienda Sur,Pan hallulla,Panadería,2,1500,3000
1414,2026-06-12,Tienda Sur,Queso,Lácteos,1,4500,4500
1415,2-8-2026,Tienda Centro,Papas fritas,Snacks,1,1800,1800
1416,2026/08/17,Tienda Centro,Bebida cola,Bebidas,1,1500,1500
1416,17-08-2026, Tienda Centro ,Cerveza,Alcohol,1,3500,3500
1416,17/8/2026,Tienda Centro,  Cloro,LIMPIEZA,1,1400,1400
1416,17/8/2026,Tienda Centro,Maní  ,SNACKS,1,1200,1200
1416,17/8/2026,Tienda Centro,Pan molde,Panadería,2,1800,3600
1417,2026/07/14,Tienda Sur,Agua mineral  ,Bebidas,2,900,1800
1417,2026-07-14, Tienda Sur ,Detergente,LIMPIEZA,1,5500,5500
1417,2026-07-14,  Tienda Sur, Esponjas ,limpieza,2,1200,2400
1418,14-06-2026,Tienda Mall  ,Detergente,Limpieza,1,5500,5500
1418,2026-06-14,Tienda Mall,Esponjas,limpieza,1,1200,1200
1418,14/6/2026,Tienda Mall,Pan molde,Panadería,1,1800,1800
1418,2026-06-14,Tienda Mall,Queso,Lácteos,1,4500,4500
1419,22-7-2026,Tienda Centro,Cerveza,Alcohol,3,3500,10.500
1419,22-7-2026,Tienda Centro,Papas fritas,Snacks,2,1800,3600
1420,2026-08-17,Tienda Mall,Jugo naranja,Bebidas,1,1600,1600
1420,2026-08-17,Tienda Mall,Pañales,Bebé,2,8000,16000
1420,2026-08-17,  Tienda Mall,Toallitas húmedas,bebé,1,2200,2200
1421,1-6-2026,Tienda Mall  ,Azúcar,Café/Té,2,1300,2600
1421,2026-06-01,Tienda Mall,Mantequilla,lácteos,1,2500,2500
1421,1/6/2026,Tienda Mall  ,Pan hallulla,Panadería,,1500,3000
1421,01-06-2026,Tienda Mall,Queso,lácteos,2,4500,9000
1421,2026-06-01,Tienda Mall,Té  ,Café/Té,1,2500,2500
1422,2026-08-07, Tienda Sur ,Galletas,Snacks,1,1000,1000
1422,2026-08-07,Tienda Sur,Mantequilla,Lácteos,1,2500,2500
1423,2026/07/24,Tienda Norte,Cerveza,ALCOHOL,2,3500,7000
1423,2026-07-24,Tienda Norte,Pan hallulla,Panadería,1,1500,1500
1423,2026-07-24,Tienda Norte,Papas fritas,Snacks,1,1800,1800
1423,2026/07/24,Tienda Norte,Pañales,Bebé,3,8000,24.000
1423,24-07-2026,Tienda Norte,Queso,lácteos,1,4500,4500
1423,2026-07-24,Tienda Norte,Toallitas húmedas,bebé,1,2200,2200
1424,2026-08-09,  Tienda Norte, Galletas ,Snacks,1,1000,1000
1424,9/8/2026,Tienda Norte,  Pan molde,panadería,1,1800,1800
1424,2026-08-09,  Tienda Norte,  Queso,Lácteos,1,4500,4500
1425,2026-06-08,Tienda Sur,Cloro,Limpieza,1,1400,1400
1426,2026-07-26,Tienda Centro,Cerveza,ALCOHOL,1,3500,3500
1426,2026-07-26,  Tienda Centro,Queso,Lácteos,1,4500,4500
1426,26/7/2026,Tienda Centro,Vino tinto,Alcohol,1,5000,5000
1426,2026-07-26,Tienda Centro,Yogurt,Lácteos,1,800,800
1427,1/8/2026,Tienda Centro  ,Cerveza,Alcohol,1,3500,3500
1427,2026-08-01,Tienda Centro  ,Detergente,Limpieza,1,5500,5500
1427,2026-08-01,Tienda Centro,Pan hallulla,PANADERÍA,2,1500,3000
1427,1/8/2026,Tienda Centro,Pañales,Bebé,1,8000,8000
1427,2026-08-01,Tienda Centro,Toallitas húmedas,Bebé,1,2200,2200
1428,2026/06/22, Tienda Sur ,  Azúcar,Café/Té,2,1300,2600
1428,2026-06-22,Tienda Sur,Café,CAFÉ/TÉ,3,4000,12000
1428,2026-06-22,Tienda Sur,Detergente  ,limpieza,1,5500,5500
1428,22-06-2026,Tienda Sur,Galletas  ,Snacks,1,1000,1000
1428,2026-06-22,Tienda Sur,Mantequilla,Lácteos,1,2500,2500
1429,2026/05/23,Tienda Mall,Galletas,SNACKS,2,1000,2000
1429,2026-05-23,Tienda Mall,Mantequilla,Lácteos,3,2500,7500
1429,2026/05/23,Tienda Mall,Pan hallulla,Panadería,1,1500,1500
1430,2026-08-09,Tienda Sur,Maní,Snacks,2,1200,2400
1430,2026-08-09,Tienda Sur,  Papas fritas,snacks,1,1800,1800
1431,2026/07/17,Tienda Mall,Cerveza  ,Alcohol,1,3500,3500
1431,17/7/2026, Tienda Mall ,Cloro,Limpieza,1,1400,1400
1431,2026-07-17,Tienda Mall,Galletas,Snacks,1,1000,1000
1431,2026-07-17,Tienda Mall,Maní,snacks,2,1200,2400
1431,2026-07-17,Tienda Mall,Queso,Lácteos,1,4500,4500
1431,2026-07-17,Tienda Mall  ,Vino tinto  ,ALCOHOL,1,5000,5000
1432,2026-07-19,Tienda Mall,Jugo naranja,Bebidas,1,1600,1600
1432,2026-07-19,Tienda Mall,Queso,Lácteos,1,4500,4500
1433,29-07-2026,Tienda Mall  ,Maní,snacks,1,1200,1200
1433,2026-07-29,Tienda Mall,Toallitas húmedas,Bebé,1,2200,2200
1434,2026-07-30, Tienda Norte ,Maní,Snacks,1,1200,1200
1434,2026-07-30, Tienda Norte ,Té,café/té,1,2500,2500
1434,2026-07-30, Tienda Norte ,Yogurt,Lácteos,1,800,800
1435,2026-06-12,Tienda Sur,Cloro,Limpieza,1,1400,1400
1435,2026-06-12,Tienda Sur,Detergente,limpieza,,5500,11000
1435,2026-06-12,Tienda Sur,Mantequilla,Lácteos,1,2500,2500
1435,2026/06/12,Tienda Sur,Pañales,Bebé,3,8000,24000
1435,12/6/2026,Tienda Sur,Toallitas húmedas,Bebé,1,2200,2200
1436,2026-08-07,Tienda Centro, Croissant ,panadería,2,900,1800
1436,2026/08/07,Tienda Centro, Mantequilla ,lácteos,3,2500,7500
1436,7/8/2026,Tienda Centro,Pan hallulla,Panadería,1,1500,1500
1436,7/8/2026, Tienda Centro ,Pan molde,Panadería,1,1800,1800
1436,2026/08/07,Tienda Centro,  Queso,Lácteos,1,4500,4500
1437,30-6-2026,Tienda Mall,Esponjas,Limpieza,1,1200,1200
1437,30-6-2026,Tienda Mall  ,Yogurt,LÁCTEOS,1,800,800
1438,31-07-2026,Tienda Norte,Leche,Lácteos,1,1200,1200
1438,2026-07-31,Tienda Norte  , Mantequilla ,Lácteos,1,2500,2500
1438,31-7-2026,Tienda Norte,Maní,SNACKS,1,1200,1200
1438,31-7-2026,Tienda Norte,Yogurt,LÁCTEOS,1,800,800
1439,20-07-2026,Tienda Sur,Bebida cola,Bebidas,2,1500,3000
1439,2026-07-20,Tienda Sur,Cloro,Limpieza,1,1400,1400
1439,2026/07/20,  Tienda Sur,Leche,Lácteos,1,1200,1200
1440,2026/07/08,Tienda Mall,Pan molde,PANADERÍA,1,1800,1800
1440,2026-07-08,Tienda Mall, Yogurt ,Lácteos,1,800,800
1441,2026-08-02,Tienda Norte,Café,Café/Té,2,4000,8000
1441,2026/08/02,Tienda Norte,Pan molde,Panadería,1,1800,1800
1442,7-6-2026,Tienda Sur,Cloro,Limpieza,1,1400,1400
1442,7-6-2026,  Tienda Sur,Leche,lácteos,1,1200,1200
1442,7-6-2026,Tienda Sur,Mantequilla,LÁCTEOS,,2500,2500
1443,2026/05/31,Tienda Sur,Azúcar,Café/Té,1,1300,1300
1443,2026-05-31,Tienda Sur,Café,Café/Té,1,4000,4000
1443,2026/05/31,Tienda Sur,Pan molde,panadería,1,1800,1800
1443,2026-05-31, Tienda Sur ,  Toallitas húmedas,bebé,2,2200,4400
1444,22/7/2026,Tienda Sur,Bebida cola,Bebidas,2,1500,3000
1444,2026-07-22,Tienda Sur,Cloro,Limpieza,1,1400,1400
1444,2026-07-22,Tienda Sur,Detergente,Limpieza,1,5500,5500
1444,22-07-2026,Tienda Sur, Esponjas ,LIMPIEZA,1,1200,1200
1444,2026-07-22,Tienda Sur  ,Mantequilla,Lácteos,1,2500,2500
1444,2026/07/22,Tienda Sur  ,  Pan hallulla,Panadería,3,1500,4500
1444,2026-07-22,Tienda Sur,Queso,LÁCTEOS,1,4500,4500
1445,2026/08/02,Tienda Centro,Azúcar,Café/Té,1,1300,1300
1445,2026-08-02,Tienda Centro, Café ,Café/Té,,4000,4000
1445,2026-08-02,Tienda Centro,Galletas,Snacks,1,1000,1000
1445,2026-08-02,Tienda Centro  ,Queso,Lácteos,2,4500,9000
1446,2026-07-14,Tienda Mall,Agua mineral,bebidas,1,900,900
1446,14/7/2026,Tienda Mall,Mantequilla,Lácteos,1,2500,2500
1446,14-7-2026,Tienda Mall,Vino tinto,alcohol,2,5000,10000
1447,2026-08-14,Tienda Centro,Azúcar,café/té,1,1300,1300
1447,14-8-2026, Tienda Centro ,Cerveza,Alcohol,1,3500,3500
1447,14/8/2026,Tienda Centro,Leche,Lácteos,1,1200,1200
1447,14-8-2026,Tienda Centro,Papas fritas,SNACKS,1,1800,1800
1447,14-8-2026,Tienda Centro,Té,CAFÉ/TÉ,1,2500,2500
1448,2026-06-01,Tienda Centro,Pan molde  ,Panadería,2,1800,3600
1448,1-6-2026,Tienda Centro,Queso,Lácteos,1,4500,4500
1449,2026-08-03,Tienda Mall,Cerveza,alcohol,1,3500,3500
1449,3-8-2026,Tienda Mall,Cloro,Limpieza,2,1400,2800
1449,2026-08-03,Tienda Mall,  Leche,LÁCTEOS,3,1200,3600
1449,3/8/2026,Tienda Mall,Maní,Snacks,1,1200,1200
1450,2026-06-01,Tienda Centro,Bebida cola,Bebidas,2,1500,3000
1450,1/6/2026,Tienda Centro,Cloro  ,Limpieza,1,1400,1400
1450,2026-06-01,Tienda Centro,Papas fritas,snacks,1,1800,1800
1451,2026-06-14,Tienda Mall,Café,Café/Té,2,4000,8000
1451,14-06-2026,Tienda Mall,  Esponjas,LIMPIEZA,1,1200,1200
1451,2026-06-14,Tienda Mall,Toallitas húmedas,BEBÉ,2,2200,4400
1452,16/7/2026, Tienda Norte ,Croissant,PANADERÍA,3,900,2700
1452,2026-07-16, Tienda Norte , Yogurt ,Lácteos,1,800,800
1453,2026-07-29,Tienda Norte,Croissant,panadería,1,900,900
1453,29-07-2026,Tienda Norte,Esponjas  ,Limpieza,1,1200,1200
1453,2026-07-29,Tienda Norte  ,Queso,Lácteos,3,4500,13.500
1454,2026-06-10,  Tienda Mall,Jugo naranja  ,Bebidas,1,1600,1600
1454,10/6/2026,Tienda Mall,Pañales,Bebé,1,8000,8000
1454,2026-06-10,Tienda Mall, Toallitas húmedas ,BEBÉ,1,2200,2200
1455,20-06-2026,Tienda Centro,Agua mineral,Bebidas,2,900,1800
1455,2026/06/20,Tienda Centro,Cloro,LIMPIEZA,1,1400,1400
1455,20-6-2026,Tienda Centro,Jugo naranja  ,Bebidas,1,1600,1600
1456,04-07-2026,  Tienda Centro, Cloro ,limpieza,2,1400,2800
1456,2026-07-04,Tienda Centro,Croissant,panadería,2,900,1800
1456,4-7-2026,Tienda Centro,Maní,Snacks,1,1200,1200
1457,2026/08/15,Tienda Centro,Esponjas  ,Limpieza,1,1200,1200
1457,2026-08-15,Tienda Centro,Vino tinto,Alcohol,1,5000,5000
1458,2026/06/23,Tienda Sur,Café,Café/Té,3,4000,12000
1458,2026-06-23,Tienda Sur, Queso ,Lácteos,1,4500,4500
1458,23-6-2026,Tienda Sur,Vino tinto,ALCOHOL,1,5000,5000
1459,26-5-2026,Tienda Sur  , Cerveza ,ALCOHOL,3,3500,10.500
1459,26-5-2026,Tienda Sur,  Galletas,Snacks,1,1000,1000
1460,19-7-2026,  Tienda Mall,Papas fritas,snacks,1,1800,1800
1461,2026/05/24,Tienda Norte,Cloro,Limpieza,2,1400,2800
1461,24-5-2026,Tienda Norte,Detergente,Limpieza,1,5500,5500
1461,2026-05-24,  Tienda Norte,Esponjas,Limpieza,1,1200,1200
1461,24-5-2026,Tienda Norte, Mantequilla ,lácteos,,2500,2500
1461,24/5/2026,Tienda Norte,Papas fritas,Snacks,1,1800,1800
1462,2/6/2026,Tienda Centro,Agua mineral,Bebidas,1,900,900
1462,2026-06-02,Tienda Centro,Mantequilla,Lácteos,1,2500,2500
1463,2026-07-10, Tienda Norte ,  Agua mineral,bebidas,1,900,900
1463,2026-07-10,Tienda Norte,  Azúcar,Café/Té,1,1300,1300
1464,23/7/2026,Tienda Mall,Café,Café/Té,3,4000,12.000
1464,2026/07/23,Tienda Mall,Galletas  ,Snacks,1,1000,1000
1464,2026-07-23,Tienda Mall,Yogurt,Lácteos,1,800,800
1465,2026-07-21,Tienda Sur,  Té,Café/Té,2,2500,5000
1466,2026-07-13,Tienda Mall,Jugo naranja,Bebidas,1,1600,1600
1467,3-7-2026,  Tienda Sur,Leche,Lácteos,1,1200,1200
1467,2026-07-03,Tienda Sur  ,Maní,Snacks,1,1200,1200
1467,3-7-2026,Tienda Sur,Toallitas húmedas,Bebé,1,2200,2200
1468,2026-07-07,Tienda Norte,Azúcar,Café/Té,1,1300,1300
1468,2026/07/07,Tienda Norte,Café,Café/Té,3,4000,12000
1468,7-7-2026,Tienda Norte,Croissant  ,PANADERÍA,1,900,900
1469,2026-06-30,Tienda Mall, Azúcar ,Café/Té,2,1300,2600
1469,2026-06-30,Tienda Mall,Cerveza,Alcohol,1,3500,3500
1469,30-06-2026,Tienda Mall,Pañales,Bebé,2,8000,16000
1470,4-8-2026,Tienda Norte,Azúcar,Café/Té,1,1300,1300
1470,2026/08/04,Tienda Norte,Bebida cola,bebidas,1,1500,1500
1470,2026-08-04,Tienda Norte, Café ,Café/Té,,4000,4000
1470,2026/08/04,Tienda Norte,Cerveza,Alcohol,1,3500,3500
1470,2026/08/04,Tienda Norte,Galletas,SNACKS,2,1000,2000
1470,2026-08-04,Tienda Norte, Pañales ,Bebé,3,8000,24000
1470,4/8/2026,Tienda Norte,  Toallitas húmedas,Bebé,1,2200,2200
1471,2026-07-17,Tienda Mall,Agua mineral,Bebidas,1,900,900
1471,2026-07-17,Tienda Mall,Esponjas  ,LIMPIEZA,2,1200,2400
1471,2026-07-17,Tienda Mall,Mantequilla  ,Lácteos,1,2500,2500
1472,2026-06-18,Tienda Centro,Azúcar,Café/Té,3,1300,3900
1472,2026-06-18,Tienda Centro,Café,CAFÉ/TÉ,1,4000,4000
1472,2026-06-18,Tienda Centro,Toallitas húmedas,Bebé,1,2200,2200
1473,2026-07-28,Tienda Norte,Detergente,LIMPIEZA,1,5500,5500
1473,2026/07/28,Tienda Norte,Esponjas,LIMPIEZA,2,1200,2400
1473,28-7-2026,Tienda Norte  ,Queso,Lácteos,1,4500,4500
1473,2026/07/28,  Tienda Norte,Toallitas húmedas,Bebé,1,2200,2200
1474,2026/06/21,Tienda Mall,Jugo naranja,Bebidas,1,1600,1600
1474,2026/06/21,  Tienda Mall,Mantequilla,LÁCTEOS,1,2500,2500
1474,2026/06/21, Tienda Mall ,Pan molde,Panadería,2,1800,3600
1474,2026/06/21,Tienda Mall,Queso  ,lácteos,1,4500,4500
1475,19/7/2026,Tienda Norte,Azúcar,Café/Té,1,1300,1300
1475,19-07-2026,Tienda Norte,Papas fritas,Snacks,1,1800,1800
1476,30/6/2026,Tienda Centro,Agua mineral  ,Bebidas,1,900,900
1476,2026-06-30, Tienda Centro ,Esponjas,LIMPIEZA,1,1200,1200
1476,30-06-2026,Tienda Centro,Galletas,Snacks,1,1000,1000
1476,2026-06-30,Tienda Centro,Queso,LÁCTEOS,1,4500,4500
1477,23/5/2026,Tienda Centro,Cerveza  ,alcohol,1,3500,3500
1477,2026-05-23,Tienda Centro,Maní,Snacks,2,1200,2400
1477,2026-05-23,Tienda Centro,Papas fritas  ,Snacks,1,1800,1800
1478,9/8/2026,Tienda Mall,Cerveza,Alcohol,1,3500,3500
1478,9-8-2026,Tienda Mall,Papas fritas,Snacks,1,1800,1800
1478,2026-08-09,Tienda Mall,Yogurt,Lácteos,2,800,1600
1479,2026-05-26,Tienda Centro  ,Azúcar  ,Café/Té,1,1300,1300
1479,26-05-2026,  Tienda Centro,Café,Café/Té,1,4000,4000
1479,2026/05/26,Tienda Centro,Esponjas,Limpieza,3,1200,3600
1479,26/5/2026,Tienda Centro,  Galletas,SNACKS,1,1000,1000
1479,2026-05-26,Tienda Centro,Mantequilla,Lácteos,2,2500,5000
1480,2026-07-05,Tienda Sur,  Cerveza,Alcohol,1,3500,3500
1481,2026-07-27, Tienda Mall ,Esponjas,Limpieza,1,1200,1200
1481,27/7/2026,Tienda Mall,Mantequilla,Lácteos,1,2500,2500
1481,2026-07-27,Tienda Mall,Papas fritas,Snacks,1,1800,1800
1482,10/6/2026,  Tienda Centro,Agua mineral,Bebidas,2,900,1800
1482,10-06-2026,Tienda Centro,Bebida cola  ,Bebidas,1,1500,1500
1482,2026-06-10,Tienda Centro,Pan hallulla,Panadería,1,1500,1500
1482,2026-06-10,Tienda Centro,Papas fritas,Snacks,1,1800,1800
1483,19/6/2026,Tienda Norte,Cerveza,ALCOHOL,2,3500,7000
1483,19/6/2026,  Tienda Norte,Mantequilla,LÁCTEOS,1,2500,2500
1483,19-06-2026,Tienda Norte,Maní,snacks,1,1200,1200
1483,2026-06-19,Tienda Norte,Papas fritas,Snacks,1,1800,1800
1483,19-06-2026,Tienda Norte,Té,Café/Té,1,2500,2500
1484,2026-05-26,Tienda Norte,Bebida cola,Bebidas,1,1500,1500
1484,2026-05-26,Tienda Norte,Queso,lácteos,2,4500,9000
1485,2026-08-03,Tienda Sur  ,Papas fritas,Snacks,1,1800,1800
1485,2026-08-03,Tienda Sur  ,  Yogurt,Lácteos,1,800,800
1486,2026-08-09,  Tienda Sur, Azúcar ,Café/Té,2,1300,2600
1486,2026-08-09,Tienda Sur,Té,Café/Té,1,2500,2500
1486,2026-08-09,Tienda Sur,Vino tinto,Alcohol,1,5000,5000
1487,2026-06-23,Tienda Mall,Jugo naranja,Bebidas,1,1600,1600
1488,2026-07-17,Tienda Mall  ,Leche,lácteos,3,1200,3600
1488,2026-07-17, Tienda Mall ,Mantequilla,Lácteos,1,2500,2500
1488,17-07-2026,Tienda Mall,Pan hallulla,Panadería,2,1500,3000
1488,2026-07-17,Tienda Mall,Queso,Lácteos,2,4500,9000
1489,28-06-2026,Tienda Norte,  Galletas,Snacks,1,1000,1000
1489,28-6-2026,Tienda Norte,Jugo naranja,Bebidas,1,1600,1600
1489,28/6/2026,Tienda Norte  ,Queso,Lácteos,2,4500,9000
1489,2026-06-28,Tienda Norte,Vino tinto,Alcohol,1,5000,5000
1490,2026-07-25,Tienda Centro  ,  Queso,Lácteos,2,4500,9000
1490,2026-07-25,Tienda Centro,Yogurt,lácteos,1,800,800
1491,2026-07-09,Tienda Sur,Papas fritas,snacks,2,1800,3600
1491,2026-07-09,Tienda Sur  ,  Toallitas húmedas,Bebé,3,2200,6600
1492,2026-07-21,Tienda Sur,Bebida cola,Bebidas,2,1500,3000
1492,2026-07-21,  Tienda Sur,Cloro,Limpieza,2,1400,2800
1492,2026-07-21,Tienda Sur,Croissant  ,Panadería,1,900,900
1493,2026-05-22,Tienda Sur,Cerveza,Alcohol,1,3500,3500
1493,2026-05-22,Tienda Sur  ,Galletas,Snacks,1,1000,1000
1493,2026-05-22,Tienda Sur,Jugo naranja,bebidas,3,1600,4800
1493,2026-05-22,Tienda Sur,Papas fritas,SNACKS,2,1800,3600
1493,22-05-2026, Tienda Sur ,Pañales,bebé,1,8000,8000
1494,25-06-2026,Tienda Mall,Jugo naranja,Bebidas,3,1600,4800
1494,2026-06-25, Tienda Mall ,Leche  ,lácteos,2,1200,2400
1494,2026-06-25,Tienda Mall,Mantequilla  ,Lácteos,2,2500,5000
1494,2026/06/25,Tienda Mall,Pan hallulla,Panadería,1,1500,1500
1494,25-6-2026,Tienda Mall  , Queso ,Lácteos,2,4500,9000
1495,2026-08-16,Tienda Centro,Azúcar,Café/Té,,1300,1300
1495,16-08-2026,Tienda Centro,Café,Café/Té,1,4000,4000
1495,2026-08-16,Tienda Centro,Mantequilla,Lácteos,1,2500,2500
1495,2026-08-16,Tienda Centro, Pan molde ,PANADERÍA,,1800,1800
1495,2026-08-16,Tienda Centro,Yogurt,Lácteos,1,800,800
1496,2026-08-17,  Tienda Norte,Cloro,Limpieza,1,1400,1400
1496,2026/08/17, Tienda Norte ,Papas fritas,Snacks,1,1800,1800
1497,15-07-2026,Tienda Mall, Pan molde ,Panadería,2,1800,3600
1497,2026-07-15,  Tienda Mall,Pañales,bebé,2,8000,16.000
1498,15-06-2026,Tienda Sur,Agua mineral,Bebidas,3,900,2700
1499,14/6/2026,Tienda Norte,Detergente,Limpieza,2,5500,11000
1499,14-6-2026,Tienda Norte, Mantequilla ,Lácteos,1,2500,2500
1499,14-06-2026,Tienda Norte,Pan hallulla,PANADERÍA,1,1500,1500
1499,2026-06-14,Tienda Norte,Pan molde,Panadería,1,1800,1800
1499,14/6/2026,  Tienda Norte,Queso,Lácteos,1,4500,4500
1500,2026-07-20,Tienda Norte,Azúcar  ,CAFÉ/TÉ,1,1300,1300
1500,20-07-2026,Tienda Norte,Vino tinto,Alcohol,1,5000,5000
1501,2026-07-12,Tienda Norte,Galletas,Snacks,2,1000,2000
1501,2026-07-12,Tienda Norte,Vino tinto,alcohol,1,5000,5000
1502,15-08-2026,Tienda Mall,  Croissant,Panadería,2,900,1800
1502,2026-08-15,Tienda Mall,Maní,Snacks,1,1200,1200
1502,2026-08-15, Tienda Mall ,Vino tinto,Alcohol,1,5000,5000
1503,19-07-2026,Tienda Mall,  Cloro,Limpieza,3,1400,4200
1503,2026/07/19,Tienda Mall,Mantequilla,lácteos,1,2500,2500
1503,19/7/2026,Tienda Mall,Pan hallulla,PANADERÍA,1,1500,1500
1503,19/7/2026,Tienda Mall, Yogurt ,LÁCTEOS,1,800,800
1504,10/6/2026,Tienda Norte,Croissant,Panadería,2,900,1800
1504,2026-06-10,Tienda Norte,Esponjas,Limpieza,2,1200,2400
1504,2026/06/10,Tienda Norte,Papas fritas,Snacks,3,1800,5400
1504,10/6/2026,Tienda Norte  , Queso ,Lácteos,,4500,4500
1505,26-07-2026,Tienda Centro,Agua mineral,Bebidas,1,900,900
1505,2026-07-26,Tienda Centro  ,Azúcar,Café/Té,1,1300,1300
1506,2026/06/19,Tienda Sur, Cerveza ,Alcohol,1,3500,3500
1506,2026-06-19,Tienda Sur,Papas fritas,Snacks,1,1800,1800
1506,2026-06-19,Tienda Sur,Vino tinto,Alcohol,2,5000,10000
1507,2026-08-17,Tienda Centro,Cloro,Limpieza,,1400,2800
1507,2026/08/17,Tienda Centro,Detergente,Limpieza,2,5500,11.000
1507,2026-08-17,Tienda Centro  , Galletas ,Snacks,2,1000,2000
1508,2026-07-24,Tienda Centro,Croissant,Panadería,3,900,2700
1508,2026-07-24,Tienda Centro  ,Esponjas,Limpieza,1,1200,1200
1509,2026-07-11,Tienda Sur,Azúcar,CAFÉ/TÉ,1,1300,1300
1509,2026/07/11,Tienda Sur,Detergente,Limpieza,,5500,5500
1509,2026/07/11,Tienda Sur,Esponjas,Limpieza,1,1200,1200
1509,11/7/2026,Tienda Sur,Leche,Lácteos,2,1200,2400
1510,16-8-2026,Tienda Centro,Galletas,Snacks,3,1000,3000
1511,14/7/2026,Tienda Sur,Esponjas,Limpieza,1,1200,1200
1511,2026/07/14,Tienda Sur, Mantequilla ,lácteos,1,2500,2500
1511,14/7/2026,Tienda Sur  ,Pan molde,panadería,1,1800,1800
1511,14/7/2026,Tienda Sur,Toallitas húmedas,BEBÉ,1,2200,2200
1512,7/8/2026, Tienda Centro ,Café,Café/Té,1,4000,4000
1512,7/8/2026,Tienda Centro,  Cerveza,Alcohol,1,3500,3500
1512,2026-08-07,Tienda Centro,Mantequilla,Lácteos,2,2500,5000
1512,2026-08-07,Tienda Centro,Maní,SNACKS,3,1200,3600
1512,7/8/2026, Tienda Centro , Pan hallulla ,panadería,1,1500,1500
1512,2026/08/07,Tienda Centro,Papas fritas,Snacks,3,1800,5400
1513,2026/07/08, Tienda Centro ,Agua mineral,Bebidas,2,900,1800
1513,8-7-2026,Tienda Centro,Azúcar,café/té,1,1300,1300
1513,08-07-2026,Tienda Centro  ,Café,Café/Té,1,4000,4000
1513,8/7/2026,Tienda Centro,Croissant,Panadería,1,900,900
1513,8/7/2026,Tienda Centro,Galletas,Snacks,1,1000,1000
1514,6/8/2026,Tienda Mall  ,Jugo naranja,Bebidas,1,1600,1600
1515,2026-07-17,Tienda Norte,Cloro,Limpieza,2,1400,2800
1515,2026-07-17,Tienda Norte,Leche,Lácteos,3,1200,3600
1515,2026-07-17,  Tienda Norte,Mantequilla,Lácteos,1,2500,2500
1515,2026-07-17,  Tienda Norte,Pan molde,Panadería,1,1800,1800
1516,19-7-2026,Tienda Sur, Azúcar ,Café/Té,1,1300,1300
1516,2026-07-19,Tienda Sur  ,Detergente,Limpieza,1,5500,5500
1516,19-07-2026,Tienda Sur,Esponjas,Limpieza,1,1200,1200
1516,19/7/2026, Tienda Sur , Papas fritas ,snacks,1,1800,1800
1517,10-6-2026,Tienda Centro,  Cerveza,Alcohol,2,3500,7000
1517,2026-06-10,Tienda Centro,  Maní,SNACKS,1,1200,1200
1517,10/6/2026,  Tienda Centro, Papas fritas ,Snacks,,1800,1800
1518,2026-05-21,Tienda Mall,Cloro,Limpieza,1,1400,1400
1518,21-05-2026,Tienda Mall, Detergente ,Limpieza,1,5500,5500
1518,2026-05-21,  Tienda Mall,Esponjas,Limpieza,2,1200,2400
1518,2026/05/21,Tienda Mall,Papas fritas,Snacks,1,1800,1800
1518,21-5-2026,Tienda Mall,Yogurt,Lácteos,1,800,800
1519,2026-08-18,Tienda Centro  ,Mantequilla,Lácteos,1,2500,2500
1520,2026/08/06,Tienda Centro  ,Esponjas,limpieza,2,1200,2400
1520,6/8/2026,Tienda Centro,  Queso,Lácteos,2,4500,9000
1520,6-8-2026,Tienda Centro,Vino tinto,Alcohol,1,5000,5000
1521,2026-07-29,Tienda Centro,Agua mineral,Bebidas,1,900,900
1521,29/7/2026,Tienda Centro,Mantequilla,Lácteos,1,2500,2500
1521,2026-07-29,Tienda Centro  ,Pan hallulla,Panadería,2,1500,3000
1522,2026-08-14,  Tienda Sur,Bebida cola,bebidas,1,1500,1500
1522,14/8/2026,Tienda Sur  ,Té,Café/Té,1,2500,2500
1523,2026-08-02,Tienda Norte,Azúcar,Café/Té,1,1300,1300
1523,2026-08-02, Tienda Norte ,Cloro,Limpieza,1,1400,1400
1523,2026/08/02, Tienda Norte , Galletas ,Snacks,1,1000,1000
1524,2026-08-13,Tienda Norte,Azúcar  ,Café/Té,1,1300,1300
1524,2026-08-13,Tienda Norte,Leche,Lácteos,1,1200,1200
1525,28-06-2026,Tienda Norte,Mantequilla,Lácteos,1,2500,2500
1525,28/6/2026,Tienda Norte,Pan molde,Panadería,1,1800,1800
1525,2026-06-28,Tienda Norte,Papas fritas,Snacks,1,1800,1800
1525,28-6-2026,Tienda Norte  ,Queso,Lácteos,2,4500,9000
1525,2026/06/28,Tienda Norte, Vino tinto ,Alcohol,1,5000,5000
1526,21-6-2026, Tienda Mall ,Azúcar,Café/Té,1,1300,1300
1526,2026-06-21,Tienda Mall,  Café,Café/Té,1,4000,4000
1526,2026-06-21, Tienda Mall ,Cloro,Limpieza,1,1400,1400
1526,2026-06-21,Tienda Mall,Galletas,SNACKS,2,1000,2000
1526,21-6-2026,Tienda Mall,Queso,Lácteos,1,4500,4500
1527,2026-08-14,Tienda Norte,Azúcar,Café/Té,1,1300,1300
1527,2026/08/14,Tienda Norte,Café,CAFÉ/TÉ,1,4000,4000
1527,14-08-2026,  Tienda Norte,Croissant,Panadería,2,900,1800
1527,14-8-2026,  Tienda Norte, Mantequilla ,LÁCTEOS,2,2500,5000
1528,2026-07-06,Tienda Norte,  Cerveza,Alcohol,1,3500,3500
1528,6-7-2026,Tienda Norte,Maní  ,Snacks,1,1200,1200
1528,2026/07/06,Tienda Norte,Pan hallulla,Panadería,2,1500,3000
1528,2026-07-06,Tienda Norte,Queso,Lácteos,2,4500,9000
1529,2026-06-06,Tienda Mall  ,Detergente,Limpieza,1,5500,5500
1529,06-06-2026,Tienda Mall,Esponjas  ,Limpieza,1,1200,1200
1529,2026-06-06,Tienda Mall,Maní,Snacks,1,1200,1200
1529,2026-06-06,Tienda Mall,Té,Café/Té,1,2500,2500
1530,13/7/2026,Tienda Centro  ,Esponjas,Limpieza,2,1200,2400
1530,2026-07-13,Tienda Centro,Mantequilla,Lácteos,1,2500,2500
1531,2026-06-25,Tienda Mall,Cerveza,Alcohol,3,3500,10.500
1531,2026-06-25,Tienda Mall,Cloro,Limpieza,1,1400,1400
1531,25-06-2026,Tienda Mall,Detergente,Limpieza,1,5500,5500
1531,25/6/2026, Tienda Mall ,Maní,Snacks,2,1200,2400
1531,2026/06/25, Tienda Mall , Papas fritas ,Snacks,1,1800,1800
1532,17/8/2026,Tienda Norte,Croissant,Panadería,1,900,900
1532,17-08-2026,Tienda Norte  , Esponjas ,Limpieza,1,1200,1200
1533,2026-07-26,Tienda Centro,  Agua mineral,Bebidas,1,900,900
1533,26-7-2026,Tienda Centro,Jugo naranja,Bebidas,1,1600,1600
1534,2026-07-01,Tienda Norte,Jugo naranja,BEBIDAS,1,1600,1600
1534,01-07-2026,Tienda Norte,Queso,LÁCTEOS,1,4500,4500
1534,2026-07-01,Tienda Norte,Vino tinto  ,ALCOHOL,1,5000,5000
1535,05-08-2026,Tienda Mall,Mantequilla,Lácteos,2,2500,5000
1535,2026-08-05,Tienda Mall,Queso,Lácteos,1,4500,4500
1535,5/8/2026,Tienda Mall,Toallitas húmedas,Bebé,1,2200,2200
1536,2026-08-16,Tienda Sur,Azúcar,Café/Té,1,1300,1300
1536,2026-08-16,Tienda Sur,Cerveza,Alcohol,2,3500,7000
1536,16-08-2026,Tienda Sur,Queso,Lácteos,2,4500,9000
1537,10-8-2026,Tienda Norte,Cerveza,Alcohol,1,3500,3500
1537,2026-08-10,Tienda Norte, Cloro ,Limpieza,1,1400,1400
1537,10-08-2026,Tienda Norte,Detergente,Limpieza,1,5500,5500
1537,2026/08/10,  Tienda Norte,Maní,Snacks,1,1200,1200
1537,2026/08/10,Tienda Norte,Papas fritas,Snacks,1,1800,1800
1538,6/8/2026,Tienda Centro,Azúcar,Café/Té,3,1300,3900
1538,2026/08/06,Tienda Centro,Papas fritas,Snacks,1,1800,1800
1539,14-06-2026,Tienda Sur,  Agua mineral,Bebidas,1,900,900
1539,2026-06-14, Tienda Sur ,Azúcar  ,Café/Té,3,1300,3900
1539,2026-06-14,Tienda Sur,  Galletas,Snacks,1,1000,1000
1539,2026-06-14,Tienda Sur,Pañales  ,Bebé,1,8000,8000
1539,2026-06-14,Tienda Sur,Toallitas húmedas,Bebé,1,2200,2200
1540,2026-07-15,Tienda Mall,Mantequilla,LÁCTEOS,1,2500,2500
1540,15-7-2026,Tienda Mall,Yogurt,Lácteos,2,800,1600
1541,2026-05-27,Tienda Centro,Agua mineral,Bebidas,1,900,900
1541,2026-05-27,Tienda Centro,Azúcar,Café/Té,1,1300,1300
1541,27-5-2026,Tienda Centro,Leche,Lácteos,1,1200,1200
1542,16-8-2026, Tienda Mall ,  Cerveza,Alcohol,3,3500,10.500
1542,16-8-2026,Tienda Mall,Cloro,Limpieza,2,1400,2800
1542,16/8/2026,  Tienda Mall,Pañales,BEBÉ,1,8000,8000
1542,16/8/2026,Tienda Mall,Toallitas húmedas,BEBÉ,1,2200,2200
1543,2026-06-18,Tienda Sur,Bebida cola  ,Bebidas,2,1500,3000
1543,18-06-2026,  Tienda Sur, Mantequilla ,Lácteos,1,2500,2500
1543,2026-06-18, Tienda Sur ,  Pan molde,Panadería,1,1800,1800
1543,2026-06-18,Tienda Sur,Queso,Lácteos,3,4500,13500
1543,2026-06-18, Tienda Sur ,Vino tinto,Alcohol,1,5000,5000
1544,07-08-2026,Tienda Sur,Bebida cola,Bebidas,1,1500,1500
1544,7-8-2026,Tienda Sur  ,  Leche,Lácteos,1,1200,1200
1544,07-08-2026,Tienda Sur,Maní,Snacks,1,1200,1200
1544,07-08-2026,Tienda Sur,Papas fritas,Snacks,1,1800,1800
1545,3-6-2026,Tienda Centro,Jugo naranja  ,Bebidas,1,1600,1600
1545,2026-06-03,Tienda Centro,Maní,Snacks,1,1200,1200
1546,2026-07-09,Tienda Mall,Croissant  ,Panadería,1,900,900
1546,2026/07/09,Tienda Mall,Leche,Lácteos,1,1200,1200
1547,2026-06-09,Tienda Mall,Azúcar,Café/Té,1,1300,1300
1547,2026-06-09,Tienda Mall,Pan molde,Panadería,1,1800,1800
1547,9/6/2026,Tienda Mall,Papas fritas,snacks,2,1800,3600
1547,2026-06-09,Tienda Mall,Queso,Lácteos,1,4500,4500
1548,2026/05/23,Tienda Mall,Galletas,snacks,1,1000,1000
1548,23-05-2026,Tienda Mall,Papas fritas  ,Snacks,1,1800,1800
1549,2026-05-30,Tienda Mall, Papas fritas ,Snacks,1,1800,1800
1550,30-6-2026,Tienda Sur,Bebida cola,Bebidas,1,1500,1500
1550,30-6-2026,Tienda Sur,Esponjas,Limpieza,1,1200,1200
1550,30/6/2026,Tienda Sur,Papas fritas,Snacks,1,1800,1800
1551,2026/05/24,Tienda Norte  ,Croissant,Panadería,2,900,1800
1551,2026-05-24,Tienda Norte,Esponjas,limpieza,1,1200,1200
1551,2026-05-24,Tienda Norte,Galletas,snacks,1,1000,1000
1552,8-7-2026,Tienda Centro,Galletas,SNACKS,1,1000,1000
1552,2026/07/08,Tienda Centro,Maní,Snacks,1,1200,1200
1553,2026-06-19,Tienda Sur,Agua mineral,BEBIDAS,1,900,900
1553,2026/06/19,Tienda Sur,Azúcar,Café/Té,1,1300,1300
1553,19-06-2026,  Tienda Sur,Café,café/té,1,4000,4000
1553,19-6-2026,Tienda Sur,  Galletas,SNACKS,1,1000,1000
1554,2026-05-25,Tienda Mall,Bebida cola,BEBIDAS,1,1500,1500
1554,25-05-2026,  Tienda Mall, Croissant ,Panadería,1,900,900
1555,2026/07/30,Tienda Centro,Agua mineral,Bebidas,1,900,900
1555,2026-07-30,Tienda Centro,Azúcar,café/té,2,1300,2600
1555,30-7-2026,  Tienda Centro,Té,Café/Té,1,2500,2500
1556,13/6/2026,Tienda Norte,Azúcar,café/té,2,1300,2600
1556,2026-06-13,Tienda Norte,Té,café/té,1,2500,2500
1556,2026/06/13,Tienda Norte,Yogurt,Lácteos,1,800,800
1557,12-6-2026, Tienda Sur ,Maní,Snacks,1,1200,1200
1557,2026-06-12,Tienda Sur  , Yogurt ,LÁCTEOS,2,800,1600
1558,2026/06/15,Tienda Centro,Leche,Lácteos,1,1200,1200
1559,2026-06-12,Tienda Centro,Azúcar,CAFÉ/TÉ,3,1300,3900
1559,2026-06-12,  Tienda Centro,Queso,lácteos,1,4500,4500
1559,2026-06-12,Tienda Centro,  Vino tinto,Alcohol,1,5000,5000
1559,12/6/2026,Tienda Centro  ,Yogurt,Lácteos,2,800,1600
1560,2026-06-24, Tienda Centro ,Mantequilla,LÁCTEOS,1,2500,2500
1560,2026-06-24,Tienda Centro,Pan hallulla  ,Panadería,1,1500,1500
1560,24-06-2026,Tienda Centro, Papas fritas ,Snacks,2,1800,3600
1560,2026/06/24,Tienda Centro,Queso,Lácteos,2,4500,9000
1561,02-08-2026,Tienda Sur,Galletas,Snacks,2,1000,2000
1561,2026/08/02,  Tienda Sur, Yogurt ,Lácteos,2,800,1600
1562,10/6/2026,  Tienda Centro,Papas fritas,Snacks,1,1800,1800
1563,26/6/2026,Tienda Mall,Café,Café/Té,2,4000,8000
1563,2026/06/26,Tienda Mall,Cloro,Limpieza,2,1400,2800
1564,19-7-2026,Tienda Sur,  Esponjas,Limpieza,1,1200,1200
1564,2026-07-19,Tienda Sur,Papas fritas,Snacks,1,1800,1800
1564,2026/07/19,Tienda Sur,Pañales,Bebé,1,8000,8000
1565,2026-05-25, Tienda Norte ,Vino tinto,Alcohol,1,5000,5000
1566,12/7/2026,Tienda Mall,  Mantequilla,Lácteos,1,2500,2500
1566,12-7-2026,Tienda Mall,Pan molde,Panadería,1,1800,1800
1566,12-7-2026,Tienda Mall  ,Queso,Lácteos,1,4500,4500
1566,12/7/2026,Tienda Mall,Vino tinto,Alcohol,2,5000,10000
1567,2026-06-07,Tienda Sur,Mantequilla,Lácteos,1,2500,2500
1567,07-06-2026, Tienda Sur ,Pan molde,panadería,1,1800,1800
1568,19-7-2026,Tienda Sur,Galletas,Snacks,,1000,3000
1568,19/7/2026,Tienda Sur,Mantequilla,Lácteos,1,2500,2500
1568,2026-07-19,Tienda Sur,Maní,snacks,1,1200,1200
1569,10-08-2026,Tienda Centro,Mantequilla,LÁCTEOS,1,2500,2500
1569,2026-08-10,Tienda Centro,Pan hallulla,Panadería,1,1500,1500
1569,2026-08-10,Tienda Centro  ,Queso,lácteos,1,4500,4500
1569,2026-08-10,Tienda Centro,Vino tinto,ALCOHOL,1,5000,5000
1570,21-07-2026,Tienda Centro,Café,Café/Té,2,4000,8000
1570,2026-07-21,Tienda Centro, Cerveza ,Alcohol,,3500,3500
1570,2026-07-21,  Tienda Centro,Croissant  ,Panadería,1,900,900
1570,2026-07-21,Tienda Centro  ,Galletas  ,Snacks,1,1000,1000
1570,21/7/2026,Tienda Centro,Maní,SNACKS,1,1200,1200
1570,21-07-2026,Tienda Centro,Queso,Lácteos,1,4500,4500
1570,2026-07-21,Tienda Centro,Vino tinto,Alcohol,1,5000,5000
1571,07-08-2026,  Tienda Mall,Cerveza,ALCOHOL,1,3500,3500
1571,7-8-2026,Tienda Mall,Jugo naranja  ,Bebidas,2,1600,3200
1571,2026-08-07,Tienda Mall,Papas fritas,Snacks,2,1800,3600
1572,2026/07/15, Tienda Centro ,Azúcar,Café/Té,1,1300,1300
1572,15/7/2026,Tienda Centro,Pañales,Bebé,1,8000,8000
1572,2026-07-15,Tienda Centro  ,Té,Café/Té,1,2500,2500
1573,10-08-2026,  Tienda Sur,Queso,Lácteos,1,4500,4500
1574,2026-07-09,Tienda Sur,Jugo naranja,bebidas,1,1600,1600
1574,2026-07-09,  Tienda Sur,Mantequilla,Lácteos,1,2500,2500
1574,2026-07-09,Tienda Sur,Pan hallulla  ,Panadería,2,1500,3000
1574,2026-07-09,Tienda Sur,Queso,Lácteos,2,4500,9000
1575,14/7/2026,Tienda Sur,Croissant,panadería,1,900,900
1575,2026-07-14,Tienda Sur,Pan molde,panadería,1,1800,1800
1575,2026-07-14,Tienda Sur,Queso  ,Lácteos,1,4500,4500
1575,14-7-2026,Tienda Sur,  Yogurt,Lácteos,,800,2400
1576,2026-08-15,Tienda Mall,Cloro,Limpieza,1,1400,1400
1577,2026-07-03,Tienda Sur,Agua mineral,BEBIDAS,2,900,1800
1577,3/7/2026,Tienda Sur,  Azúcar,Café/Té,,1300,1300
1577,2026-07-03,Tienda Sur,Pañales,Bebé,1,8000,8000
1577,3-7-2026,Tienda Sur,Toallitas húmedas,bebé,1,2200,2200
1578,2026-08-16,Tienda Sur,Bebida cola,Bebidas,1,1500,1500
1578,2026-08-16,  Tienda Sur,Mantequilla,lácteos,2,2500,5000
1578,2026-08-16,Tienda Sur,Maní,SNACKS,1,1200,1200
1578,2026-08-16,Tienda Sur  ,Pan molde,Panadería,3,1800,5400
1578,2026-08-16,Tienda Sur  ,Queso  ,Lácteos,1,4500,4500
1579,2026-06-22,Tienda Centro,Azúcar,Café/Té,3,1300,3900
1579,2026-06-22,Tienda Centro,Bebida cola,Bebidas,1,1500,1500
1579,2026-06-22, Tienda Centro ,Galletas,SNACKS,1,1000,1000
1580,12-07-2026,Tienda Mall, Cerveza ,Alcohol,1,3500,3500
1580,2026-07-12,Tienda Mall,  Jugo naranja,BEBIDAS,3,1600,4800
1580,12-07-2026,Tienda Mall, Maní ,Snacks,1,1200,1200
1580,2026-07-12,Tienda Mall,Papas fritas,Snacks,1,1800,1800
1581,2026-05-28,Tienda Mall,Mantequilla,Lácteos,1,2500,2500
1581,2026-05-28, Tienda Mall ,Maní,Snacks,3,1200,3600
1582,2026-07-02,Tienda Sur  ,Bebida cola,Bebidas,3,1500,4500
1583,2026-07-10,Tienda Norte,Bebida cola,Bebidas,,1500,3000
1583,2026-07-10,Tienda Norte,Jugo naranja,Bebidas,1,1600,1600
1583,10-7-2026,Tienda Norte,Papas fritas,Snacks,1,1800,1800
1584,04-08-2026,Tienda Mall,  Croissant,panadería,2,900,1800
1584,2026-08-04,Tienda Mall, Leche ,LÁCTEOS,3,1200,3600
1584,2026-08-04,Tienda Mall  ,Mantequilla,Lácteos,2,2500,5000
1584,2026-08-04,Tienda Mall,Pan molde,panadería,1,1800,1800
1585,2026/06/09,Tienda Centro,Yogurt,Lácteos,1,800,800
1586,2026-06-27,Tienda Sur  ,Cloro,Limpieza,1,1400,1400
1586,27/6/2026,Tienda Sur,Esponjas,Limpieza,2,1200,2400
1586,2026-06-27,Tienda Sur,Vino tinto,Alcohol,1,5000,5000
1587,25-05-2026,Tienda Centro,Pan molde,Panadería,1,1800,1800
1587,2026-05-25,Tienda Centro,Queso,Lácteos,1,4500,4500
1587,25-05-2026,Tienda Centro,Toallitas húmedas,Bebé,1,2200,2200
1587,25/5/2026,Tienda Centro,Yogurt,Lácteos,2,800,1600
1588,2026-05-30,Tienda Sur  ,Galletas,Snacks,1,1000,1000
1589,2026/06/23,Tienda Norte,Azúcar,Café/Té,1,1300,1300
1589,2026-06-23,Tienda Norte  ,Esponjas  ,Limpieza,1,1200,1200
1589,2026-06-23,Tienda Norte,  Leche,Lácteos,1,1200,1200
1589,2026-06-23,Tienda Norte,Té,Café/Té,1,2500,2500
1590,2026/06/10,Tienda Mall,  Azúcar,Café/Té,1,1300,1300
1590,10-06-2026,Tienda Mall,Jugo naranja,bebidas,2,1600,3200
1590,10-6-2026,Tienda Mall,Té,café/té,1,2500,2500
1590,2026-06-10,  Tienda Mall,  Vino tinto,Alcohol,3,5000,15.000
1591,2026-06-29,  Tienda Sur,Galletas,snacks,2,1000,2000
1591,2026-06-29,Tienda Sur,Mantequilla,Lácteos,1,2500,2500
1592,28/5/2026, Tienda Centro ,Galletas,Snacks,1,1000,1000
1593,30-05-2026,Tienda Sur,Cerveza,Alcohol,1,3500,3500
1593,2026-05-30,Tienda Sur,Esponjas,limpieza,1,1200,1200
1593,2026-05-30,Tienda Sur,Papas fritas,Snacks,2,1800,3600
1593,30-5-2026,Tienda Sur  ,Pañales,bebé,1,8000,8000
1593,30-5-2026,Tienda Sur,  Toallitas húmedas,BEBÉ,2,2200,4400
1594,2026-07-20,Tienda Centro,Papas fritas,Snacks,1,1800,1800
1594,20-7-2026,Tienda Centro,Queso,Lácteos,1,4500,4500
1595,2026-06-22,Tienda Mall,Azúcar,Café/Té,2,1300,2600
1595,22-6-2026,Tienda Mall,Café,CAFÉ/TÉ,2,4000,8000
1596,2026-07-17,Tienda Norte,Cloro,Limpieza,1,1400,1400
1596,17-07-2026,Tienda Norte,Esponjas,Limpieza,2,1200,2400
1596,2026-07-17,Tienda Norte, Maní ,Snacks,1,1200,1200
1597,2026-08-18,Tienda Norte,Yogurt,Lácteos,3,800,2400
1598,13/7/2026,Tienda Centro, Cerveza ,alcohol,1,3500,3500
1598,2026-07-13,Tienda Centro,Mantequilla,lácteos,1,2500,2500
1598,2026-07-13,Tienda Centro  ,Maní,Snacks,1,1200,1200
1598,13-07-2026,Tienda Centro,Papas fritas  ,Snacks,1,1800,1800
1599,2026-06-13,Tienda Mall,Pan molde,Panadería,2,1800,3600
1600,2026-07-07,Tienda Sur  ,Café,Café/Té,,4000,4000
1601,2026/06/08,  Tienda Sur,Agua mineral,Bebidas,3,900,2700
1601,2026-06-08,Tienda Sur,Papas fritas,Snacks,1,1800,1800
1601,2026-06-08, Tienda Sur ,Té,Café/Té,1,2500,2500
1602,2026-07-15,Tienda Centro,Azúcar,CAFÉ/TÉ,1,1300,1300
1602,2026-07-15,Tienda Centro,Pañales,bebé,1,8000,8000
1602,2026-07-15,Tienda Centro,Toallitas húmedas,bebé,1,2200,2200
1603,2026-08-04,Tienda Centro,Galletas,SNACKS,2,1000,2000
1603,4/8/2026,Tienda Centro, Maní ,Snacks,1,1200,1200
1604,19/6/2026,  Tienda Sur,Agua mineral,Bebidas,1,900,900
1604,19-6-2026,Tienda Sur, Bebida cola ,Bebidas,1,1500,1500
1604,19/6/2026,Tienda Sur,Galletas,snacks,1,1000,1000
1604,2026-06-19,  Tienda Sur, Papas fritas ,Snacks,2,1800,3600
1605,2026-06-22,Tienda Mall,Azúcar,Café/Té,1,1300,1300
1605,22/6/2026,  Tienda Mall,Bebida cola,Bebidas,1,1500,1500
1605,2026-06-22,Tienda Mall,Té,café/té,1,2500,2500
1606,30-5-2026,Tienda Sur,Azúcar,Café/Té,1,1300,1300
1606,2026-05-30,Tienda Sur,Maní  ,Snacks,2,1200,2400
1607,2026/08/10,Tienda Sur,Café,café/té,1,4000,4000
1607,2026-08-10,Tienda Sur,Cloro,limpieza,1,1400,1400
1607,2026-08-10,Tienda Sur,Galletas,Snacks,3,1000,3000
1607,2026-08-10,Tienda Sur,Pan hallulla,Panadería,1,1500,1500
1607,10-08-2026,Tienda Sur,Queso,Lácteos,1,4500,4500
1608,29-07-2026,Tienda Norte,Maní,Snacks,1,1200,1200
1609,2026-08-11,Tienda Norte,Agua mineral,Bebidas,1,900,900
1609,2026-08-11,Tienda Norte,Leche,LÁCTEOS,1,1200,1200
1609,11/8/2026,Tienda Norte,Mantequilla,LÁCTEOS,1,2500,2500
1609,11-8-2026,Tienda Norte, Pan molde ,Panadería,2,1800,3600
1609,2026/08/11,Tienda Norte,Queso,Lácteos,1,4500,4500
1610,2026-06-26,Tienda Sur,Azúcar,café/té,1,1300,1300
1610,2026-06-26,Tienda Sur,Cloro,limpieza,3,1400,4200
1610,2026-06-26,  Tienda Sur,Croissant,Panadería,3,900,2700
1610,26-06-2026,Tienda Sur,Detergente,Limpieza,1,5500,5500
1610,26-6-2026,Tienda Sur,  Esponjas,Limpieza,2,1200,2400
1611,2026-06-24,  Tienda Norte,  Galletas,SNACKS,1,1000,1000
1612,24-7-2026,Tienda Mall,Azúcar,Café/Té,1,1300,1300
1612,2026-07-24, Tienda Mall ,Café,Café/Té,1,4000,4000
1612,24-7-2026,Tienda Mall,Cloro  ,Limpieza,1,1400,1400
1613,14-06-2026,Tienda Sur,Croissant,Panadería,1,900,900
1613,2026-06-14,Tienda Sur, Toallitas húmedas ,Bebé,1,2200,2200
1613,14/6/2026,Tienda Sur,Yogurt,lácteos,2,800,1600
1614,28-07-2026,Tienda Norte,Detergente,Limpieza,1,5500,5500
1614,28-7-2026,Tienda Norte  ,Queso,LÁCTEOS,2,4500,9000
1614,2026/07/28,Tienda Norte,Vino tinto,Alcohol,2,5000,10.000
1615,2026/07/11,Tienda Norte,Toallitas húmedas,Bebé,1,2200,2200
1616,2026-08-04,Tienda Centro,Azúcar,Café/Té,1,1300,1300
1616,2026-08-04,Tienda Centro,Bebida cola,Bebidas,1,1500,1500
1616,2026-08-04,Tienda Centro,Café  ,Café/Té,1,4000,4000
1616,2026-08-04,Tienda Centro,Cloro,Limpieza,1,1400,1400
1617,05-07-2026,Tienda Centro  ,  Cerveza,Alcohol,1,3500,3500
1617,2026-07-05,Tienda Centro,Cloro,Limpieza,,1400,1400
1617,2026/07/05,Tienda Centro,Detergente,limpieza,2,5500,11000
1617,5/7/2026, Tienda Centro ,Esponjas,Limpieza,1,1200,1200
1617,05-07-2026,Tienda Centro,  Maní,Snacks,1,1200,1200
1617,5/7/2026,Tienda Centro,Papas fritas,Snacks,1,1800,1800
1617,5/7/2026,Tienda Centro,Vino tinto,Alcohol,1,5000,5000
1618,03-07-2026,Tienda Centro,Cerveza,ALCOHOL,1,3500,3500
1618,03-07-2026,Tienda Centro,Cloro,Limpieza,3,1400,4200
1618,2026-07-03,Tienda Centro,Detergente  ,Limpieza,1,5500,5500
1618,3-7-2026,Tienda Centro,Mantequilla  ,Lácteos,2,2500,5000
1618,2026-07-03,Tienda Centro,Pan hallulla,panadería,3,1500,4500
1618,3/7/2026,Tienda Centro, Papas fritas ,Snacks,1,1800,1800
1618,2026-07-03,Tienda Centro,Queso,Lácteos,2,4500,9000
1619,30-05-2026,Tienda Sur,Jugo naranja,Bebidas,2,1600,3200
1620,2026-07-12,Tienda Centro  ,Jugo naranja,Bebidas,1,1600,1600
1621,01-06-2026,Tienda Norte  ,Agua mineral,Bebidas,1,900,900
1621,2026-06-01,  Tienda Norte, Leche ,Lácteos,1,1200,1200
1621,1/6/2026,Tienda Norte,Toallitas húmedas,BEBÉ,1,2200,2200
1621,1/6/2026, Tienda Norte ,Vino tinto,Alcohol,1,5000,5000
1622,2026-05-31,Tienda Norte,Jugo naranja  ,Bebidas,2,1600,3200
1623,2026-07-30, Tienda Centro ,Azúcar,Café/Té,1,1300,1300
1623,30/7/2026,Tienda Centro,Esponjas,limpieza,1,1200,1200
1623,30-7-2026,Tienda Centro,Pañales  ,Bebé,1,8000,8000
1623,2026-07-30,Tienda Centro,  Toallitas húmedas,Bebé,3,2200,6600
1624,2026/06/29,Tienda Mall,Cerveza,alcohol,1,3500,3500
1624,2026-06-29,Tienda Mall,Maní,Snacks,3,1200,3600
1624,2026/06/29,Tienda Mall, Papas fritas ,Snacks,1,1800,1800
1625,3-6-2026,Tienda Mall,Queso  ,Lácteos,1,4500,4500
1625,2026/06/03,Tienda Mall,Vino tinto,Alcohol,1,5000,5000
1626,2026-07-31,  Tienda Norte,Yogurt,Lácteos,,800,800
1627,2026-08-01,Tienda Centro,Café,CAFÉ/TÉ,1,4000,4000
1627,2026-08-01,Tienda Centro,Pan molde,Panadería,1,1800,1800
1627,2026-08-01, Tienda Centro ,Queso,Lácteos,1,4500,4500
1628,16-08-2026, Tienda Sur ,Azúcar,Café/Té,,1300,1300
1628,2026-08-16,Tienda Sur,  Café,Café/Té,1,4000,4000
1628,2026/08/16,Tienda Sur,Galletas  ,Snacks,1,1000,1000
1628,2026-08-16,Tienda Sur,Queso,LÁCTEOS,1,4500,4500
1629,2026-07-04,Tienda Norte,Maní,Snacks,1,1200,1200
1629,4-7-2026,Tienda Norte, Pañales ,Bebé,2,8000,16.000
1630,2026-06-05,Tienda Mall,Azúcar  ,Café/Té,1,1300,1300
1630,2026-06-05,Tienda Mall,Café,Café/Té,2,4000,8000
1630,5-6-2026,Tienda Mall,Galletas,snacks,1,1000,1000
1630,5-6-2026, Tienda Mall ,  Toallitas húmedas,Bebé,1,2200,2200
1631,11/8/2026,Tienda Centro,Bebida cola,bebidas,1,1500,1500
1631,11/8/2026,Tienda Centro,Esponjas,Limpieza,1,1200,1200
1631,11-08-2026, Tienda Centro ,Mantequilla,Lácteos,3,2500,7500
1631,2026-08-11,Tienda Centro  ,Pan hallulla,Panadería,1,1500,1500
1631,11-08-2026,Tienda Centro  ,Papas fritas,Snacks,1,1800,1800
1631,11/8/2026,Tienda Centro,  Queso,lácteos,1,4500,4500
1632,16/6/2026,Tienda Centro,Leche,Lácteos,1,1200,1200
1632,16/6/2026,Tienda Centro,Mantequilla,Lácteos,1,2500,2500
1632,2026/06/16,Tienda Centro,Maní,Snacks,1,1200,1200
1632,2026/06/16,Tienda Centro  , Pan molde ,Panadería,1,1800,1800
1633,12-7-2026,Tienda Mall,Agua mineral,Bebidas,1,900,900
1633,2026/07/12,  Tienda Mall,Cloro,Limpieza,2,1400,2800
1633,2026-07-12,Tienda Mall,Galletas,Snacks,1,1000,1000
1634,2026-07-09,Tienda Sur,Cloro,Limpieza,2,1400,2800
1635,2026-08-13,Tienda Norte,Agua mineral,Bebidas,1,900,900
1635,13-08-2026,Tienda Norte,Maní,SNACKS,1,1200,1200
1636,2026/07/19,Tienda Norte,Pan hallulla  ,Panadería,1,1500,1500
1637,2026-06-04,Tienda Sur,Agua mineral,Bebidas,1,900,900
1638,22-5-2026,Tienda Mall,Azúcar,café/té,1,1300,1300
1638,2026-05-22,Tienda Mall,Cerveza  ,alcohol,2,3500,7000
1638,22-5-2026,  Tienda Mall,Croissant,Panadería,2,900,1800
1638,2026-05-22,Tienda Mall,Pañales  ,Bebé,3,8000,24000
1638,2026-05-22,Tienda Mall,Toallitas húmedas,Bebé,1,2200,2200
1638,22-5-2026,Tienda Mall  ,Té,Café/Té,1,2500,2500
1639,2026/07/16,Tienda Norte,Bebida cola,bebidas,,1500,1500
1640,30/7/2026,Tienda Norte,Vino tinto,Alcohol,1,5000,5000
1641,24-06-2026,Tienda Sur, Croissant ,Panadería,1,900,900
1641,2026-06-24,Tienda Sur,  Pan molde,Panadería,3,1800,5400
1641,24/6/2026,Tienda Sur,Pañales,Bebé,3,8000,24000
1641,2026/06/24,Tienda Sur,Queso,lácteos,2,4500,9000
1642,2/8/2026,Tienda Norte,Mantequilla,Lácteos,1,2500,2500
1642,2026-08-02,Tienda Norte,Pan molde,panadería,1,1800,1800
1642,2026-08-02,Tienda Norte,Té,Café/Té,1,2500,2500
1643,14-06-2026,  Tienda Norte,Jugo naranja,Bebidas,2,1600,3200
1644,2026-07-14,Tienda Sur  ,Agua mineral,Bebidas,3,900,2700
1644,2026-07-14,Tienda Sur, Pañales ,Bebé,1,8000,8000
1644,14-7-2026,Tienda Sur  ,Queso,lácteos,1,4500,4500
1644,2026-07-14,Tienda Sur,Toallitas húmedas,Bebé,1,2200,2200
1645,08-08-2026,Tienda Norte, Cerveza ,ALCOHOL,1,3500,3500
1645,2026-08-08,Tienda Norte,Mantequilla,Lácteos,1,2500,2500
1645,2026-08-08,Tienda Norte,Pan hallulla,Panadería,1,1500,1500
1645,8/8/2026,Tienda Norte,Papas fritas,Snacks,1,1800,1800
1645,2026-08-08,Tienda Norte,Queso,Lácteos,1,4500,4500
1645,08-08-2026,  Tienda Norte,Vino tinto,Alcohol,1,5000,5000
1646,2026-07-19,Tienda Mall,Croissant,Panadería,1,900,900
1646,19-7-2026,Tienda Mall,Leche,Lácteos,3,1200,3600
1647,2026-07-16,Tienda Norte  ,Queso,Lácteos,1,4500,4500
1647,16-07-2026,Tienda Norte, Vino tinto ,ALCOHOL,2,5000,10000
1648,2026/07/12,Tienda Centro,  Detergente,Limpieza,1,5500,5500
1648,12/7/2026,Tienda Centro,Esponjas,LIMPIEZA,1,1200,1200
1648,12-7-2026, Tienda Centro ,Galletas,Snacks,2,1000,2000
1648,12-7-2026,  Tienda Centro,Pañales,Bebé,3,8000,24.000
1648,2026-07-12,Tienda Centro,Queso,LÁCTEOS,1,4500,4500
1648,2026/07/12,Tienda Centro,  Toallitas húmedas,BEBÉ,1,2200,2200
1649,2026-06-25,Tienda Norte, Azúcar ,Café/Té,1,1300,1300
1649,25-06-2026,Tienda Norte,Café,Café/Té,1,4000,4000
1649,2026-06-25,Tienda Norte,Esponjas,Limpieza,3,1200,3600
1649,2026-06-25,Tienda Norte,  Pan molde,PANADERÍA,1,1800,1800
1649,25-06-2026,Tienda Norte,Queso,LÁCTEOS,1,4500,4500
1650,4/7/2026,Tienda Sur,Azúcar,Café/Té,1,1300,1300
1650,04-07-2026,Tienda Sur,Esponjas,Limpieza,1,1200,1200
1650,2026-07-04, Tienda Sur ,Yogurt,LÁCTEOS,1,800,800
1651,2026-05-23,Tienda Sur,Yogurt,Lácteos,1,800,800
1652,2026-05-26,Tienda Norte,  Queso,Lácteos,1,4500,4500
1653,27/6/2026,  Tienda Mall,Galletas,Snacks,1,1000,1000
1654,7/6/2026,Tienda Centro, Queso ,Lácteos,1,4500,4500
1655,2026-06-28,Tienda Mall,Croissant,PANADERÍA,2,900,1800
1656,2026-06-10,Tienda Mall,Queso,Lácteos,1,4500,4500
1656,2026/06/10,Tienda Mall,Vino tinto,Alcohol,2,5000,10.000
1656,2026-06-10,Tienda Mall,Yogurt,Lácteos,,800,800
1657,2026-05-31,Tienda Norte,Mantequilla,lácteos,1,2500,2500
1657,31-05-2026,Tienda Norte,Maní,Snacks,1,1200,1200
1658,2026-06-11,Tienda Sur,Azúcar,café/té,1,1300,1300
1658,2026-06-11,Tienda Sur,Cloro,LIMPIEZA,2,1400,2800
1658,11-6-2026,Tienda Sur,Esponjas,Limpieza,1,1200,1200
1659,2026-08-03,Tienda Sur,Azúcar,CAFÉ/TÉ,1,1300,1300
1659,2026-08-03,Tienda Sur,Toallitas húmedas,Bebé,1,2200,2200
1659,03-08-2026,Tienda Sur, Yogurt ,Lácteos,1,800,800
1660,2026-06-12,Tienda Mall,Agua mineral,BEBIDAS,1,900,900
1660,2026/06/12,Tienda Mall,Toallitas húmedas,Bebé,2,2200,4400
1661,23/5/2026,  Tienda Norte,Azúcar,Café/Té,1,1300,1300
1661,2026-05-23,Tienda Norte,Papas fritas,Snacks,1,1800,1800
1662,03-08-2026,Tienda Centro,Bebida cola,Bebidas,1,1500,1500
1662,2026-08-03,Tienda Centro,Mantequilla,LÁCTEOS,1,2500,2500
1662,3-8-2026,Tienda Centro, Pan hallulla ,Panadería,,1500,1500
1663,2026-06-07,Tienda Centro,Azúcar,CAFÉ/TÉ,1,1300,1300
1663,2026/06/07,Tienda Centro,Bebida cola,Bebidas,1,1500,1500
1664,2026-08-06,Tienda Centro,Azúcar,Café/Té,1,1300,1300
1664,6/8/2026,Tienda Centro,Croissant,Panadería,1,900,900
1665,23-06-2026,Tienda Sur,Mantequilla,Lácteos,1,2500,2500
1665,23-06-2026, Tienda Sur ,Yogurt,Lácteos,1,800,800
1666,2026-06-16, Tienda Norte ,Bebida cola,Bebidas,1,1500,1500
1666,16/6/2026,  Tienda Norte,Cloro,Limpieza,1,1400,1400
1666,2026-06-16,Tienda Norte, Detergente ,Limpieza,1,5500,5500
1666,2026-06-16,Tienda Norte,Esponjas,Limpieza,2,1200,2400
1667,2026/07/18,Tienda Norte,Cerveza,Alcohol,1,3500,3500
1667,2026/07/18,Tienda Norte, Pan hallulla ,panadería,1,1500,1500
1667,2026-07-18,Tienda Norte,Pan molde,panadería,2,1800,3600
1668,10-8-2026,Tienda Centro,Queso,Lácteos,1,4500,4500
1669,2/6/2026,Tienda Mall,Azúcar,café/té,1,1300,1300
1669,2026/06/02,Tienda Mall,Cloro,Limpieza,1,1400,1400
1669,2-6-2026,Tienda Mall,Detergente,Limpieza,1,5500,5500
1669,2026-06-02,Tienda Mall,Vino tinto,Alcohol,1,5000,5000
1670,2026-06-04,Tienda Sur  ,Agua mineral,Bebidas,1,900,900
1670,4-6-2026,Tienda Sur, Croissant ,Panadería,1,900,900
1670,4-6-2026,Tienda Sur,Yogurt,Lácteos,1,800,800
1671,29-07-2026,Tienda Mall,Azúcar,Café/Té,2,1300,2600
1671,2026/07/29,  Tienda Mall,  Croissant,panadería,1,900,900
1671,29/7/2026, Tienda Mall ,Té,café/té,1,2500,2500
1672,26-05-2026,Tienda Sur,Azúcar,Café/Té,1,1300,1300
1672,2026-05-26,Tienda Sur,Mantequilla,Lácteos,1,2500,2500
1672,2026-05-26,Tienda Sur,Pan hallulla,Panadería,1,1500,1500
1672,2026-05-26,Tienda Sur,Té,Café/Té,1,2500,2500
1673,2026-07-03,Tienda Centro,Agua mineral,Bebidas,1,900,900
1673,03-07-2026,Tienda Centro,Azúcar,Café/Té,,1300,1300
1673,3-7-2026,Tienda Centro,Té,Café/Té,1,2500,2500
1674,2026-06-09,Tienda Sur,  Cerveza,Alcohol,2,3500,7000
1674,9-6-2026,Tienda Sur,Papas fritas,snacks,1,1800,1800
1674,9-6-2026,  Tienda Sur,Vino tinto  ,alcohol,1,5000,5000
1675,26-5-2026,Tienda Mall,Queso,lácteos,1,4500,4500
1676,6-8-2026,Tienda Mall,Detergente  ,Limpieza,1,5500,5500
1676,2026-08-06,Tienda Mall,Esponjas,Limpieza,,1200,2400
1676,2026-08-06,Tienda Mall,Pan molde,Panadería,3,1800,5400
1676,2026-08-06,Tienda Mall,Toallitas húmedas,Bebé,2,2200,4400
1677,2026-06-22,Tienda Centro,Agua mineral,BEBIDAS,1,900,900
1677,2026-06-22,Tienda Centro,Mantequilla,Lácteos,3,2500,7500
1677,2026-06-22,Tienda Centro,Pan molde,Panadería,1,1800,1800
1677,2026-06-22,Tienda Centro,Té,café/té,3,2500,7500
1678,26-7-2026,Tienda Norte,Queso,Lácteos,1,4500,4500
1678,2026-07-26, Tienda Norte ,  Té,Café/Té,1,2500,2500
1679,15-08-2026,Tienda Centro,Papas fritas,snacks,1,1800,1800
1680,2026-06-27,  Tienda Norte,Cloro,Limpieza,1,1400,1400
1680,2026-06-27,Tienda Norte  ,Detergente,Limpieza,1,5500,5500
1680,2026-06-27,Tienda Norte,Esponjas,Limpieza,2,1200,2400
1681,2026-06-06,Tienda Sur,Azúcar,Café/Té,,1300,3900
1681,6-6-2026, Tienda Sur ,Maní,snacks,1,1200,1200
1681,2026/06/06,Tienda Sur,Queso,Lácteos,1,4500,4500
1681,2026-06-06,Tienda Sur,Té,Café/Té,,2500,2500
1682,9-7-2026,Tienda Sur,Cloro,Limpieza,2,1400,2800
1682,2026-07-09,Tienda Sur, Detergente ,Limpieza,1,5500,5500
1682,9/7/2026,Tienda Sur,Esponjas,LIMPIEZA,2,1200,2400
1682,9-7-2026,Tienda Sur,Papas fritas,Snacks,2,1800,3600
1682,2026-07-09,Tienda Sur,Vino tinto,Alcohol,1,5000,5000
1682,9/7/2026,Tienda Sur,Yogurt,Lácteos,1,800,800
1683,2026/06/13,Tienda Sur,Pan molde  ,Panadería,1,1800,1800
1684,2026-06-25,Tienda Sur,Pan molde,panadería,1,1800,1800
1684,2026-06-25,Tienda Sur,Té,Café/Té,1,2500,2500
1685,2026-06-12,Tienda Sur,Galletas,Snacks,1,1000,1000
1685,2026-06-12,Tienda Sur,  Mantequilla,Lácteos,1,2500,2500
1686,15/8/2026,Tienda Sur,Cloro,Limpieza,1,1400,1400
1687,2026-06-27,  Tienda Norte,Queso,Lácteos,1,4500,4500
1687,27-06-2026,Tienda Norte, Vino tinto ,ALCOHOL,1,5000,5000
1688,2026/06/05,Tienda Mall,Croissant,Panadería,1,900,900
1688,2026/06/05,Tienda Mall,Leche,LÁCTEOS,1,1200,1200
1688,5/6/2026,Tienda Mall  ,Mantequilla,Lácteos,1,2500,2500
1689,05-06-2026,Tienda Centro  ,Bebida cola,Bebidas,1,1500,1500
1689,5/6/2026,Tienda Centro,  Pañales,Bebé,1,8000,8000
1689,5/6/2026,Tienda Centro  ,Queso,Lácteos,3,4500,13.500
1689,5/6/2026,Tienda Centro  ,Toallitas húmedas,BEBÉ,1,2200,2200
1690,12/7/2026,Tienda Centro  ,Azúcar,CAFÉ/TÉ,3,1300,3900
1690,2026/07/12,Tienda Centro,Croissant,Panadería,3,900,2700
1690,2026-07-12,Tienda Centro,Toallitas húmedas,Bebé,1,2200,2200
1690,12/7/2026,  Tienda Centro,Té,Café/Té,3,2500,7500
1691,12-07-2026,Tienda Centro,Yogurt,Lácteos,1,800,800
1692,2026-05-24,Tienda Centro,Cerveza,Alcohol,1,3500,3500
1692,2026-05-24, Tienda Centro ,Maní,Snacks,3,1200,3600
1692,2026-05-24,Tienda Centro,Papas fritas,Snacks,,1800,1800
1693,2026-07-08,Tienda Sur,Azúcar,CAFÉ/TÉ,3,1300,3900
1693,2026-07-08, Tienda Sur ,  Café,CAFÉ/TÉ,1,4000,4000
1693,8-7-2026,  Tienda Sur,Esponjas  ,LIMPIEZA,2,1200,2400
1693,2026-07-08,Tienda Sur,Galletas,Snacks,1,1000,1000
1694,2026-05-21,Tienda Norte,Queso,Lácteos,1,4500,4500
1694,2026-05-21,Tienda Norte  ,  Toallitas húmedas,Bebé,1,2200,2200
1694,2026-05-21,Tienda Norte,Vino tinto,Alcohol,1,5000,5000
1695,2026-06-05,Tienda Sur,Jugo naranja,Bebidas,1,1600,1600
1696,2026-07-10,Tienda Mall,Mantequilla,Lácteos,1,2500,2500
1696,2026-07-10,Tienda Mall,Pan molde,Panadería,1,1800,1800
1696,2026/07/10,Tienda Mall,Pañales,Bebé,1,8000,8000
1696,2026-07-10,Tienda Mall,Toallitas húmedas,Bebé,1,2200,2200
1697,2026-06-20, Tienda Mall ,Cerveza,Alcohol,1,3500,3500
1697,20/6/2026,Tienda Mall,Maní,Snacks,2,1200,2400
1697,2026-06-20,Tienda Mall  ,Papas fritas,SNACKS,2,1800,3600
1698,2026/06/06,  Tienda Mall,Cloro,Limpieza,1,1400,1400
1698,2026/06/06,Tienda Mall,  Detergente,Limpieza,1,5500,5500
1698,2026-06-06,Tienda Mall,Pan hallulla,panadería,1,1500,1500
1698,2026-06-06,Tienda Mall,Pan molde,panadería,2,1800,3600
1698,6/6/2026,  Tienda Mall,Queso,Lácteos,1,4500,4500
1698,6/6/2026,Tienda Mall,Vino tinto,Alcohol,1,5000,5000
1699,14/6/2026,  Tienda Centro,Queso,Lácteos,2,4500,9000
1699,2026-06-14,Tienda Centro,Vino tinto,Alcohol,1,5000,5000
1700,24-05-2026,Tienda Mall,Galletas,Snacks,1,1000,1000
1701,2026-06-17, Tienda Centro ,Agua mineral  ,Bebidas,1,900,900
1701,2026-06-17,Tienda Centro,Cerveza,Alcohol,1,3500,3500
1701,17/6/2026,Tienda Centro  ,Papas fritas,SNACKS,1,1800,1800
1701,2026-06-17,Tienda Centro,Queso,Lácteos,1,4500,4500
1701,2026-06-17,Tienda Centro,Vino tinto,Alcohol,2,5000,10.000
1702,11-08-2026,Tienda Norte, Agua mineral ,Bebidas,1,900,900
1702,11/8/2026,Tienda Norte,Jugo naranja,Bebidas,1,1600,1600
1702,2026-08-11,Tienda Norte,Té,Café/Té,2,2500,5000
1703,2026/05/21,Tienda Mall, Bebida cola ,Bebidas,2,1500,3000
1703,2026-05-21,Tienda Mall,Cerveza,Alcohol,1,3500,3500
1703,2026-05-21,Tienda Mall  ,Jugo naranja,Bebidas,1,1600,1600
1704,2026/06/19,Tienda Sur,Cloro,limpieza,1,1400,1400
1704,2026-06-19,  Tienda Sur,  Leche,Lácteos,2,1200,2400
1704,19-06-2026,  Tienda Sur,Mantequilla,LÁCTEOS,1,2500,2500
1704,19-6-2026,Tienda Sur  ,Pan hallulla,Panadería,3,1500,4500
1705,2026/08/03,Tienda Centro  ,Jugo naranja,BEBIDAS,1,1600,1600
1705,2026-08-03, Tienda Centro , Pañales ,Bebé,1,8000,8000
1705,2026-08-03,Tienda Centro,Yogurt  ,Lácteos,2,800,1600
1706,2026/07/11, Tienda Mall ,Cloro,Limpieza,1,1400,1400
1706,2026/07/11,Tienda Mall,Papas fritas,Snacks,1,1800,1800
1706,2026/07/11,Tienda Mall,Pañales,bebé,2,8000,16000
1706,2026/07/11,Tienda Mall  ,Toallitas húmedas,Bebé,1,2200,2200
1707,18/7/2026,  Tienda Centro,Azúcar,Café/Té,2,1300,2600
1707,18/7/2026,Tienda Centro,Jugo naranja,Bebidas,1,1600,1600
1707,2026/07/18,Tienda Centro  ,  Mantequilla,Lácteos,1,2500,2500
1708,2026-08-01,Tienda Norte,Cerveza,Alcohol,1,3500,3500
1708,2026-08-01,  Tienda Norte,Pañales,bebé,1,8000,8000
1708,1/8/2026, Tienda Norte ,Toallitas húmedas,BEBÉ,1,2200,2200
1709,14/6/2026,Tienda Norte,  Bebida cola,Bebidas,1,1500,1500
1709,14-06-2026,Tienda Norte,Leche,Lácteos,3,1200,3600
1709,14-6-2026,Tienda Norte,Papas fritas,Snacks,1,1800,1800
1709,14-6-2026,  Tienda Norte,Yogurt,lácteos,,800,800
1710,28-05-2026,Tienda Mall,Azúcar,Café/Té,2,1300,2600
1710,28-05-2026,Tienda Mall,  Café,Café/Té,1,4000,4000
1710,2026-05-28,Tienda Mall,Mantequilla,LÁCTEOS,1,2500,2500
1710,2026-05-28, Tienda Mall ,Pan molde,panadería,1,1800,1800
1711,31/7/2026,Tienda Norte,Bebida cola,Bebidas,1,1500,1500
1711,2026-07-31,Tienda Norte,Cerveza  ,Alcohol,3,3500,10500
1712,2026-06-07,Tienda Centro  ,Jugo naranja,bebidas,1,1600,1600
1712,2026-06-07,Tienda Centro,Pan molde,panadería,1,1800,1800
1712,2026-06-07,Tienda Centro,Queso,Lácteos,1,4500,4500
1712,07-06-2026,Tienda Centro,Vino tinto,Alcohol,1,5000,5000
1713,30/7/2026,Tienda Norte,Azúcar,Café/Té,1,1300,1300
1713,2026-07-30,Tienda Norte,Vino tinto,Alcohol,1,5000,5000
1714,2026-07-30,Tienda Mall,Maní,Snacks,3,1200,3600
1714,2026-07-30,Tienda Mall,  Vino tinto,Alcohol,1,5000,5000
1715,2026-07-31,Tienda Mall,Cloro,Limpieza,2,1400,2800
1715,2026-07-31,Tienda Mall,Leche,Lácteos,2,1200,2400
1715,31-07-2026,Tienda Mall,Mantequilla,Lácteos,1,2500,2500
1716,2026-07-03,Tienda Centro,Agua mineral  ,Bebidas,1,900,900
1716,03-07-2026,Tienda Centro,Queso  ,lácteos,1,4500,4500
1717,2026/08/04,Tienda Sur,Agua mineral,Bebidas,1,900,900
1717,2026-08-04, Tienda Sur ,Detergente  ,Limpieza,1,5500,5500
1717,2026-08-04,Tienda Sur  ,Mantequilla  ,Lácteos,1,2500,2500
1717,2026-08-04,Tienda Sur,Pan hallulla,Panadería,1,1500,1500
1718,2026-07-09,  Tienda Centro,Azúcar,CAFÉ/TÉ,1,1300,1300
1718,2026-07-09,Tienda Centro  ,Leche  ,Lácteos,2,1200,2400
1718,2026/07/09, Tienda Centro ,Papas fritas,Snacks,1,1800,1800
1718,2026-07-09,Tienda Centro,Queso,Lácteos,3,4500,13500
1718,9/7/2026,Tienda Centro,Té,CAFÉ/TÉ,2,2500,5000
1719,2026-05-27,Tienda Centro,Pan hallulla,Panadería,1,1500,1500
1719,2026-05-27, Tienda Centro , Queso ,lácteos,1,4500,4500
1719,27/5/2026,  Tienda Centro,Toallitas húmedas,Bebé,2,2200,4400
1720,2026-05-27,Tienda Mall,Detergente,Limpieza,3,5500,16500
1720,27/5/2026,Tienda Mall,Yogurt,Lácteos,1,800,800
1721,09-08-2026,Tienda Norte,Queso,Lácteos,1,4500,4500
1721,9/8/2026,Tienda Norte, Vino tinto ,Alcohol,1,5000,5000
1722,23-7-2026, Tienda Mall ,Jugo naranja,BEBIDAS,1,1600,1600
1722,2026/07/23,Tienda Mall  ,  Papas fritas,Snacks,2,1800,3600
1723,17-07-2026,Tienda Norte, Cloro ,Limpieza,1,1400,1400
1723,2026-07-17,Tienda Norte,Mantequilla,Lácteos,1,2500,2500
1723,2026-07-17,Tienda Norte, Maní ,Snacks,1,1200,1200
1724,2026-06-01,Tienda Mall  ,  Café,Café/Té,2,4000,8000
1724,2026-06-01,Tienda Mall,  Galletas,Snacks,1,1000,1000
1724,1/6/2026,Tienda Mall,Pan hallulla,Panadería,3,1500,4500
1724,2026-06-01,Tienda Mall,Papas fritas,snacks,1,1800,1800
1725,2026-06-23,Tienda Centro  ,Bebida cola  ,Bebidas,3,1500,4500
1725,2026-06-23,Tienda Centro,Croissant  ,Panadería,1,900,900
1725,2026-06-23,Tienda Centro,Galletas  ,Snacks,2,1000,2000
1725,23/6/2026,Tienda Centro,Queso,Lácteos,1,4500,4500
1726,2026-07-04,Tienda Mall,Azúcar,Café/Té,3,1300,3900
1727,19-07-2026,Tienda Centro,Cloro,Limpieza,,1400,1400
1727,19-7-2026,Tienda Centro  ,Yogurt,Lácteos,1,800,800
1728,21/5/2026,Tienda Mall,Maní,Snacks,1,1200,1200
1729,25-7-2026,Tienda Sur,Azúcar  ,Café/Té,1,1300,1300
1729,2026-07-25,Tienda Sur,Café,Café/Té,1,4000,4000
1730,2026-07-17,Tienda Centro,Agua mineral,Bebidas,1,900,900
1730,2026-07-17,  Tienda Centro,Azúcar,café/té,2,1300,2600
1730,2026/07/17,Tienda Centro,Jugo naranja,Bebidas,1,1600,1600
1731,3/8/2026,Tienda Sur,Papas fritas,snacks,1,1800,1800
1732,26/5/2026,Tienda Centro,Jugo naranja,BEBIDAS,1,1600,1600
1732,2026/05/26, Tienda Centro ,Mantequilla  ,LÁCTEOS,1,2500,2500
1732,2026-05-26,  Tienda Centro,Pan hallulla,Panadería,1,1500,1500
1732,2026-05-26,Tienda Centro,Queso,Lácteos,1,4500,4500
1733,2026-06-08,Tienda Mall,Azúcar,Café/Té,1,1300,1300
1733,2026-06-08, Tienda Mall , Café ,Café/Té,1,4000,4000
1733,8-6-2026,Tienda Mall,Cloro,Limpieza,1,1400,1400
1733,2026-06-08,Tienda Mall,Galletas  ,Snacks,2,1000,2000
1733,08-06-2026,Tienda Mall,Té,Café/Té,1,2500,2500
1734,2026-06-13,Tienda Centro,Agua mineral,Bebidas,1,900,900
1734,2026-06-13,Tienda Centro,Azúcar,Café/Té,2,1300,2600
1734,2026-06-13,Tienda Centro, Maní ,snacks,1,1200,1200
1734,2026-06-13,Tienda Centro,Té,Café/Té,2,2500,5000
1735,2026/08/06,Tienda Mall,Bebida cola,Bebidas,1,1500,1500
1735,6/8/2026,Tienda Mall,Maní,snacks,2,1200,2400
1736,25-7-2026,Tienda Norte,Cerveza,ALCOHOL,2,3500,7000
1736,2026-07-25,Tienda Norte,Maní,Snacks,3,1200,3600
1736,2026-07-25,Tienda Norte,Papas fritas,Snacks,1,1800,1800
1737,18/8/2026,Tienda Mall,Galletas,Snacks,1,1000,1000
1737,18-08-2026,Tienda Mall,Leche,Lácteos,1,1200,1200
1738,2026/07/23,Tienda Norte,  Mantequilla,Lácteos,1,2500,2500
1738,2026-07-23,Tienda Norte,Pan molde,panadería,1,1800,1800
1738,2026-07-23,Tienda Norte,Queso,Lácteos,1,4500,4500
1738,2026/07/23,Tienda Norte,Té,café/té,1,2500,2500
1738,2026-07-23,Tienda Norte,Vino tinto,Alcohol,1,5000,5000
1739,10-7-2026,Tienda Sur,Cerveza,Alcohol,1,3500,3500
1739,10/7/2026,Tienda Sur, Maní ,Snacks,1,1200,1200
1739,2026-07-10,  Tienda Sur,Papas fritas,Snacks,1,1800,1800
1740,2026-05-30,Tienda Norte,Pañales,Bebé,3,8000,24000
1740,2026-05-30,Tienda Norte,Toallitas húmedas  ,Bebé,,2200,4400
1741,2026-05-26,Tienda Sur  ,Azúcar,café/té,1,1300,1300
1741,26/5/2026,Tienda Sur, Toallitas húmedas ,Bebé,1,2200,2200
1742,2026-05-23,Tienda Norte,Pan hallulla,Panadería,3,1500,4500
1743,17-8-2026,Tienda Norte,Azúcar,Café/Té,2,1300,2600
1743,2026-08-17,Tienda Norte,  Maní,snacks,1,1200,1200
1743,2026-08-17, Tienda Norte ,Toallitas húmedas,BEBÉ,3,2200,6600
1744,11/8/2026,  Tienda Norte,Cerveza,Alcohol,1,3500,3500
1744,2026-08-11,  Tienda Norte,  Toallitas húmedas,Bebé,1,2200,2200
1745,2026/05/31,Tienda Sur,  Azúcar,Café/Té,2,1300,2600
1745,2026-05-31,Tienda Sur,Detergente,limpieza,1,5500,5500
1746,2026-08-12,Tienda Mall,Yogurt,Lácteos,1,800,800
1747,29/7/2026, Tienda Mall ,  Azúcar,Café/Té,1,1300,1300
1747,2026-07-29, Tienda Mall ,Café,Café/Té,3,4000,12000
1747,29-7-2026,Tienda Mall, Queso ,Lácteos,1,4500,4500
1748,2026-07-08,Tienda Centro, Cloro ,Limpieza,1,1400,1400
1748,2026-07-08,Tienda Centro,Croissant,Panadería,1,900,900
1748,8-7-2026,Tienda Centro,Detergente,limpieza,1,5500,5500
1748,8/7/2026,  Tienda Centro,Galletas,Snacks,2,1000,2000
1749,24/7/2026,Tienda Mall,Cerveza  ,Alcohol,2,3500,7000
1749,24-07-2026,Tienda Mall,Mantequilla,LÁCTEOS,1,2500,2500
1749,24-7-2026, Tienda Mall ,Papas fritas,SNACKS,1,1800,1800
1749,24/7/2026,Tienda Mall,Té,Café/Té,1,2500,2500
1750,11-08-2026,Tienda Norte,Bebida cola,Bebidas,2,1500,3000
1750,11-08-2026,Tienda Norte, Pan hallulla ,Panadería,1,1500,1500
1750,2026-08-11,Tienda Norte,Vino tinto,Alcohol,2,5000,10.000
1751,2-7-2026,Tienda Mall,Cloro,Limpieza,1,1400,1400
1751,2026-07-02,Tienda Mall,  Mantequilla,Lácteos,2,2500,5000
1751,02-07-2026,Tienda Mall, Pan molde ,Panadería,1,1800,1800
1751,2026-07-02,Tienda Mall,Queso,Lácteos,1,4500,4500
1752,2026-06-22,Tienda Norte,Galletas,SNACKS,1,1000,1000
1752,2026-06-22,Tienda Norte,Papas fritas,snacks,,1800,1800
1752,2026-06-22,Tienda Norte,Pañales,Bebé,1,8000,8000
1752,22/6/2026,Tienda Norte,Queso,lácteos,3,4500,13500
1752,22-6-2026,Tienda Norte,Toallitas húmedas,Bebé,1,2200,2200
1753,2026/08/02,Tienda Sur,Azúcar,café/té,3,1300,3900
1753,2026-08-02,Tienda Sur,Bebida cola,Bebidas,3,1500,4500
1753,2026-08-02,Tienda Sur  ,Queso,Lácteos,1,4500,4500
1754,11-06-2026,  Tienda Sur,Cloro,Limpieza,2,1400,2800
1755,2026-06-13,Tienda Sur, Azúcar ,café/té,1,1300,1300
1755,2026-06-13,Tienda Sur,Café,Café/Té,1,4000,4000
1755,13-06-2026,Tienda Sur,Cerveza,ALCOHOL,1,3500,3500
1755,13-06-2026,Tienda Sur,Papas fritas,Snacks,1,1800,1800
1755,2026-06-13,Tienda Sur,Yogurt,Lácteos,1,800,800
1756,2026-06-03, Tienda Norte ,Azúcar,Café/Té,1,1300,1300
1756,2026/06/03,Tienda Norte,Leche,Lácteos,1,1200,1200
1756,3/6/2026,Tienda Norte,Té,Café/Té,,2500,2500
1757,2026/07/26, Tienda Sur ,Azúcar,Café/Té,1,1300,1300
1757,2026-07-26,Tienda Sur,Cerveza,Alcohol,1,3500,3500
1757,2026-07-26, Tienda Sur ,Mantequilla,LÁCTEOS,1,2500,2500
1757,2026/07/26,Tienda Sur  ,Pan molde,Panadería,1,1800,1800
1757,26/7/2026,Tienda Sur,  Toallitas húmedas,Bebé,1,2200,2200
1758,2026-07-25,Tienda Centro,Azúcar,CAFÉ/TÉ,2,1300,2600
1758,2026-07-25,Tienda Centro,Café,Café/Té,1,4000,4000
1758,25-07-2026,Tienda Centro,Leche,Lácteos,1,1200,1200
1758,2026-07-25,  Tienda Centro, Toallitas húmedas ,BEBÉ,1,2200,2200
1758,25-7-2026,Tienda Centro,Yogurt,Lácteos,2,800,1600
1759,2026-06-16,Tienda Mall,Cerveza,Alcohol,1,3500,3500
1759,2026-06-16,Tienda Mall,  Jugo naranja,Bebidas,1,1600,1600
1759,16/6/2026,Tienda Mall,Maní,Snacks,2,1200,2400
1759,16-06-2026,Tienda Mall,Papas fritas,Snacks,1,1800,1800
1760,2026-06-17,Tienda Mall,Azúcar,Café/Té,1,1300,1300
1760,2026-06-17,Tienda Mall,Leche,LÁCTEOS,2,1200,2400
1760,2026-06-17,Tienda Mall, Té ,café/té,1,2500,2500
1761,2026-08-08,Tienda Sur,Cloro,Limpieza,1,1400,1400
1761,2026-08-08,Tienda Sur,Detergente,LIMPIEZA,2,5500,11000
1761,2026-08-08,Tienda Sur,  Esponjas,LIMPIEZA,1,1200,1200
1761,08-08-2026,Tienda Sur,Leche,Lácteos,1,1200,1200
1761,2026-08-08,  Tienda Sur, Mantequilla ,Lácteos,1,2500,2500
1762,5/6/2026,Tienda Mall,  Mantequilla,Lácteos,2,2500,5000
1762,2026/06/05,Tienda Mall,Toallitas húmedas,Bebé,1,2200,2200
1763,2026/07/06,Tienda Norte,Azúcar,Café/Té,1,1300,1300
1763,6/7/2026, Tienda Norte , Té ,CAFÉ/TÉ,1,2500,2500
1764,7/6/2026, Tienda Sur , Maní ,Snacks,1,1200,1200
1764,7-6-2026,Tienda Sur,Pan hallulla,Panadería,1,1500,1500
1765,17/7/2026,Tienda Mall,Mantequilla  ,Lácteos,1,2500,2500
1765,2026-07-17,Tienda Mall,Yogurt,Lácteos,1,800,800
1766,2026-07-03,Tienda Sur,  Cerveza,Alcohol,2,3500,7000
1766,03-07-2026,Tienda Sur,Pañales,Bebé,1,8000,8000
1766,2026-07-03,  Tienda Sur,Toallitas húmedas  ,Bebé,1,2200,2200
1767,2026-06-28,Tienda Centro  ,Cerveza,alcohol,2,3500,7000
1767,2026-06-28,Tienda Centro,Esponjas,Limpieza,1,1200,1200
1767,2026-06-28,Tienda Centro,Mantequilla,Lácteos,1,2500,2500
1767,2026-06-28,Tienda Centro,  Maní,Snacks,1,1200,1200
1767,28-06-2026,Tienda Centro,Pan molde  ,Panadería,1,1800,1800
1768,20/6/2026,Tienda Norte,Cerveza,Alcohol,1,3500,3500
1768,2026-06-20,Tienda Norte,Croissant,Panadería,1,900,900
1768,20-6-2026,Tienda Norte,Leche,Lácteos,1,1200,1200
1768,2026-06-20,Tienda Norte,Maní,Snacks,1,1200,1200
1768,2026-06-20,Tienda Norte,Papas fritas,Snacks,2,1800,3600
1769,2026-08-16,Tienda Centro  , Azúcar ,Café/Té,1,1300,1300
1769,2026-08-16,Tienda Centro, Jugo naranja ,Bebidas,1,1600,1600
1769,2026/08/16,Tienda Centro,Té,Café/Té,3,2500,7500
1770,2026-07-22,Tienda Norte  ,Bebida cola,Bebidas,2,1500,3000
1770,2026-07-22,Tienda Norte,Esponjas,Limpieza,2,1200,2400
1771,2026-06-27,Tienda Mall,Mantequilla,Lácteos,3,2500,7500
1771,2026-06-27,Tienda Mall,Pan molde,Panadería,,1800,3600
1772,2026/07/07,Tienda Sur  ,Azúcar,CAFÉ/TÉ,2,1300,2600
1772,7/7/2026,Tienda Sur,Croissant,Panadería,2,900,1800
1772,2026/07/07,Tienda Sur  ,Té,Café/Té,2,2500,5000
1773,2026/06/03,Tienda Norte, Croissant ,PANADERÍA,1,900,900
1774,2026-08-06,Tienda Norte,Detergente,LIMPIEZA,1,5500,5500
1774,2026-08-06,Tienda Norte,Jugo naranja,BEBIDAS,1,1600,1600
1774,2026-08-06,Tienda Norte,Pan molde,Panadería,1,1800,1800
1774,2026-08-06,Tienda Norte,Queso  ,LÁCTEOS,1,4500,4500
1775,30/7/2026,  Tienda Mall,Azúcar,café/té,2,1300,2600
1775,30-07-2026,Tienda Mall,Yogurt,Lácteos,1,800,800
1776,2026-06-01,Tienda Mall,Yogurt,lácteos,2,800,1600
1777,2026-07-21,Tienda Mall,Azúcar,Café/Té,1,1300,1300
1777,2026-07-21,Tienda Mall,Vino tinto  ,Alcohol,1,5000,5000
1778,2/8/2026,Tienda Centro,Croissant  ,Panadería,1,900,900
1778,2026-08-02,Tienda Centro, Toallitas húmedas ,BEBÉ,2,2200,4400
1779,14-8-2026,Tienda Mall,Azúcar,Café/Té,1,1300,1300
1779,2026-08-14,Tienda Mall,Cloro,Limpieza,1,1400,1400
1780,2026-05-27,Tienda Norte,Azúcar,Café/Té,2,1300,2600
1780,27-05-2026,Tienda Norte,Café,café/té,1,4000,4000
1780,2026-05-27,Tienda Norte,Cloro,Limpieza,1,1400,1400
1780,27-5-2026, Tienda Norte ,Detergente  ,Limpieza,1,5500,5500
1780,2026-05-27,  Tienda Norte,Leche,Lácteos,1,1200,1200
1781,2026-05-24,Tienda Sur,Mantequilla,Lácteos,1,2500,2500
1782,2026-08-01,Tienda Norte,  Leche,Lácteos,2,1200,2400
1782,2026/08/01,Tienda Norte,Maní,Snacks,1,1200,1200
1782,2026-08-01,Tienda Norte,Yogurt,lácteos,1,800,800
1783,2026-08-10,Tienda Sur  , Azúcar ,Café/Té,1,1300,1300
1783,2026-08-10,Tienda Sur,  Mantequilla,Lácteos,1,2500,2500
1784,12-08-2026,Tienda Sur,Azúcar,Café/Té,1,1300,1300
1784,2026-08-12,Tienda Sur, Bebida cola ,BEBIDAS,1,1500,1500
1784,2026/08/12,Tienda Sur,Papas fritas,snacks,1,1800,1800
1784,2026-08-12,Tienda Sur,  Pañales,BEBÉ,2,8000,16000
1784,2026-08-12,  Tienda Sur,Toallitas húmedas,Bebé,2,2200,4400
1785,18/6/2026,Tienda Norte,Bebida cola,Bebidas,2,1500,3000
1785,2026-06-18,Tienda Norte,Jugo naranja,Bebidas,2,1600,3200
1785,18-06-2026,Tienda Norte,Pan molde,Panadería,1,1800,1800
1785,18/6/2026,Tienda Norte  ,Papas fritas,snacks,2,1800,3600
1785,2026-06-18,Tienda Norte,Queso,Lácteos,1,4500,4500
1786,17/7/2026,Tienda Mall, Cerveza ,alcohol,1,3500,3500
1786,17/7/2026,Tienda Mall,Pañales,Bebé,1,8000,8000
1786,17-7-2026,Tienda Mall,Toallitas húmedas,bebé,2,2200,4400
1787,2026-07-19,Tienda Mall,Café,Café/Té,1,4000,4000
1787,2026-07-19,Tienda Mall,Esponjas,Limpieza,1,1200,1200
1787,2026-07-19,Tienda Mall,Queso,lácteos,2,4500,9000
1788,21-6-2026,Tienda Norte  ,Cloro  ,Limpieza,2,1400,2800
1789,2026-06-02,Tienda Norte  ,Azúcar,Café/Té,1,1300,1300
1789,2026-06-02,Tienda Norte, Mantequilla ,Lácteos,2,2500,5000
1789,2-6-2026, Tienda Norte ,Pan hallulla  ,Panadería,,1500,1500
1789,2026-06-02,Tienda Norte,Papas fritas,Snacks,2,1800,3600
1789,2026-06-02,  Tienda Norte,Queso,Lácteos,1,4500,4500
1790,19-7-2026,Tienda Mall,Esponjas,Limpieza,2,1200,2400
1790,19-7-2026,Tienda Mall,  Queso,Lácteos,2,4500,9000
1791,7/7/2026,Tienda Sur,Detergente,Limpieza,2,5500,11.000
1792,2026-05-26,Tienda Norte,Jugo naranja,BEBIDAS,1,1600,1600
1793,09-07-2026,Tienda Centro,Cerveza,Alcohol,2,3500,7000
1793,2026/07/09,Tienda Centro,Leche  ,Lácteos,1,1200,1200
1793,09-07-2026,  Tienda Centro,Pañales,Bebé,3,8000,24000
1793,9-7-2026,Tienda Centro, Toallitas húmedas ,Bebé,1,2200,2200
1794,2026-06-09,Tienda Norte, Cloro ,Limpieza,1,1400,1400
1794,2026-06-09,Tienda Norte,Pañales  ,Bebé,2,8000,16000
1794,2026-06-09,Tienda Norte,Queso  ,Lácteos,1,4500,4500
1794,2026-06-09,  Tienda Norte,Toallitas húmedas,Bebé,1,2200,2200
1794,9/6/2026,Tienda Norte,Vino tinto,Alcohol,1,5000,5000
1795,2026/05/21,Tienda Mall,Cloro,Limpieza,1,1400,1400
1795,21/5/2026,Tienda Mall,Croissant,Panadería,1,900,900
1795,2026/05/21,Tienda Mall,Pañales,Bebé,1,8000,8000
1795,21-5-2026,Tienda Mall,  Queso,Lácteos,2,4500,9000
1795,2026-05-21,Tienda Mall,Toallitas húmedas,Bebé,1,2200,2200
1796,2026/06/10,Tienda Centro,Esponjas,Limpieza,1,1200,1200
1796,2026-06-10,Tienda Centro,Galletas  ,Snacks,1,1000,1000
1796,2026-06-10,Tienda Centro,Maní,Snacks,1,1200,1200
1797,6-8-2026,Tienda Centro,Papas fritas  ,Snacks,1,1800,1800
1798,2026-06-06,Tienda Norte,Toallitas húmedas,bebé,2,2200,4400
1799,17-07-2026,Tienda Norte,Cloro,Limpieza,1,1400,1400
1799,2026-07-17,Tienda Norte,Galletas  ,Snacks,1,1000,1000
1799,17-7-2026,Tienda Norte,Té,café/té,2,2500,5000
1800,2026-05-25,Tienda Sur,Maní,Snacks,1,1200,1200
1800,2026-05-25,Tienda Sur,Papas fritas,Snacks,1,1800,1800
1801,13/8/2026,Tienda Norte,Cloro,Limpieza,2,1400,2800
1801,2026-08-13, Tienda Norte ,  Jugo naranja,Bebidas,1,1600,1600
1802,2026-06-26,Tienda Norte,Jugo naranja,bebidas,1,1600,1600
1803,2026-07-31,Tienda Mall  ,Cerveza,Alcohol,1,3500,3500
1803,2026-07-31,Tienda Mall,Mantequilla,Lácteos,1,2500,2500
1803,31-7-2026,Tienda Mall,Pan molde,Panadería,2,1800,3600
1803,2026-07-31,Tienda Mall,Papas fritas,snacks,1,1800,1800
1803,2026-07-31,Tienda Mall,Queso,Lácteos,2,4500,9000
1804,4/7/2026,  Tienda Mall,Croissant,Panadería,1,900,900
1804,2026-07-04,Tienda Mall,Detergente,Limpieza,1,5500,5500
1804,2026-07-04,Tienda Mall,Pan molde  ,Panadería,1,1800,1800
1804,4/7/2026,Tienda Mall,Queso,lácteos,1,4500,4500
1805,2026-06-02,Tienda Norte,Agua mineral,bebidas,1,900,900
1805,2026-06-02,  Tienda Norte,Leche,Lácteos,1,1200,1200
1805,02-06-2026,Tienda Norte, Mantequilla ,lácteos,1,2500,2500
1805,2026-06-02,Tienda Norte,Queso,Lácteos,1,4500,4500
1806,2026-06-29,Tienda Norte, Agua mineral ,Bebidas,2,900,1800
1806,2026-06-29,Tienda Norte,Pan molde,Panadería,1,1800,1800
1807,2026/07/21,Tienda Centro,Queso,Lácteos,1,4500,4500
1807,21/7/2026,Tienda Centro,Toallitas húmedas,Bebé,1,2200,2200
1807,21-07-2026,Tienda Centro,Vino tinto,Alcohol,1,5000,5000
1808,2026/08/05,Tienda Centro,Croissant,Panadería,1,900,900
1808,2026-08-05,Tienda Centro,Maní,Snacks,1,1200,1200
1809,2026-07-12,Tienda Norte, Jugo naranja ,Bebidas,1,1600,1600
1810,3-6-2026,Tienda Sur,Cloro,Limpieza,1,1400,1400
1810,3-6-2026,Tienda Sur,Yogurt,Lácteos,1,800,800
1811,2026-08-18,Tienda Sur,  Mantequilla,Lácteos,2,2500,5000
1811,2026-08-18,Tienda Sur,Pan hallulla,panadería,1,1500,1500
1812,2026/07/23,Tienda Mall  ,Jugo naranja,BEBIDAS,1,1600,1600
1812,2026-07-23,Tienda Mall, Toallitas húmedas ,Bebé,1,2200,2200
1813,2026-08-15,Tienda Sur, Maní ,snacks,3,1200,3600
1813,2026-08-15,Tienda Sur,Yogurt,LÁCTEOS,1,800,800
1814,2026-06-03,Tienda Norte,Agua mineral  ,Bebidas,1,900,900
1814,03-06-2026,Tienda Norte, Galletas ,Snacks,1,1000,1000
1814,2026-06-03,Tienda Norte,Maní,Snacks,1,1200,1200
1815,05-06-2026,Tienda Centro,Pan molde,Panadería,1,1800,1800
1816,19/6/2026,Tienda Centro,Agua mineral,Bebidas,1,900,900
1816,2026/06/19,Tienda Centro,Croissant,Panadería,1,900,900
1817,2026-05-26,Tienda Centro,Cloro,Limpieza,1,1400,1400
1817,26-05-2026,Tienda Centro,  Queso,Lácteos,,4500,4500
1817,2026/05/26,Tienda Centro  ,Vino tinto,Alcohol,2,5000,10.000
1818,2026-07-03,Tienda Centro,Azúcar,Café/Té,1,1300,1300
1818,2026-07-03,Tienda Centro, Queso ,Lácteos,1,4500,4500
1818,2026-07-03,Tienda Centro,Té  ,Café/Té,1,2500,2500
1819,19/6/2026,Tienda Sur,Pan hallulla,Panadería,3,1500,4500
1819,2026-06-19,Tienda Sur,Queso,Lácteos,3,4500,13500
1820,22-7-2026,Tienda Sur,Papas fritas,SNACKS,1,1800,1800
1821,15-6-2026,Tienda Centro,Maní,Snacks,1,1200,1200
1822,2026/07/28,Tienda Sur,Esponjas,LIMPIEZA,1,1200,1200
1822,2026-07-28,Tienda Sur,Maní,SNACKS,1,1200,1200
1823,2026-06-16, Tienda Centro ,Cerveza,Alcohol,2,3500,7000
1823,2026-06-16,Tienda Centro,Queso,Lácteos,1,4500,4500
1824,10-6-2026,Tienda Mall,Croissant,Panadería,1,900,900
1824,10-06-2026,Tienda Mall,Mantequilla  ,Lácteos,1,2500,2500
1824,10-6-2026,Tienda Mall,Maní,Snacks,1,1200,1200
1824,2026-06-10,Tienda Mall,Papas fritas  ,Snacks,1,1800,1800
1825,2026-07-20, Tienda Centro ,  Agua mineral,Bebidas,1,900,900
1826,14-7-2026,Tienda Centro,  Cerveza,ALCOHOL,1,3500,3500
1826,2026-07-14,Tienda Centro,Detergente,limpieza,1,5500,5500
1826,14-7-2026,Tienda Centro,Maní,Snacks,1,1200,1200
1827,2026-06-22,Tienda Centro,Cloro,Limpieza,2,1400,2800
1827,2026/06/22,Tienda Centro,Detergente,Limpieza,1,5500,5500
1827,22-6-2026,Tienda Centro,Esponjas,Limpieza,2,1200,2400
1828,2026-08-01,Tienda Sur,Bebida cola,Bebidas,1,1500,1500
1828,01-08-2026, Tienda Sur ,  Cerveza,Alcohol,1,3500,3500
1828,2026-08-01, Tienda Sur ,Maní,SNACKS,1,1200,1200
1829,25/5/2026,Tienda Sur,  Café,Café/Té,1,4000,4000
1829,25-5-2026,Tienda Sur,Papas fritas,Snacks,1,1800,1800
1829,2026-05-25,Tienda Sur  ,Toallitas húmedas,Bebé,1,2200,2200
1830,19/7/2026,Tienda Mall,Maní,Snacks,1,1200,1200
1830,2026-07-19,Tienda Mall,Papas fritas,SNACKS,1,1800,1800
1830,2026/07/19,Tienda Mall,Toallitas húmedas,Bebé,1,2200,2200
1831,2026-07-08,Tienda Centro,Azúcar,café/té,1,1300,1300
1831,8/7/2026,Tienda Centro  ,Café  ,CAFÉ/TÉ,1,4000,4000
1831,2026/07/08,Tienda Centro,Galletas,Snacks,1,1000,1000
1832,12/6/2026,Tienda Sur  ,Esponjas,Limpieza,3,1200,3600
1832,12-06-2026,Tienda Sur, Queso ,Lácteos,1,4500,4500
1833,05-08-2026,Tienda Sur,Leche,Lácteos,1,1200,1200
1833,2026-08-05,Tienda Sur,Toallitas húmedas,BEBÉ,1,2200,2200
1834,2026-06-23,Tienda Norte,Cloro,Limpieza,1,1400,1400
1834,23-6-2026,Tienda Norte, Mantequilla ,lácteos,2,2500,5000
1834,2026-06-23,Tienda Norte,  Pan molde,Panadería,2,1800,3600
1834,2026/06/23,Tienda Norte,Queso,LÁCTEOS,1,4500,4500
1835,12/7/2026, Tienda Centro , Cloro ,Limpieza,3,1400,4200
1835,12-7-2026,Tienda Centro,Detergente,Limpieza,3,5500,16.500
1835,2026-07-12,Tienda Centro,Pan molde,Panadería,2,1800,3600
1836,2026-06-20, Tienda Sur , Pañales ,BEBÉ,1,8000,8000
1836,2026-06-20,Tienda Sur,Toallitas húmedas,Bebé,1,2200,2200
1836,2026-06-20,Tienda Sur, Té ,Café/Té,1,2500,2500
1837,2026-07-16,  Tienda Centro,Azúcar,Café/Té,1,1300,1300
1837,2026-07-16, Tienda Centro ,Cloro,Limpieza,2,1400,2800
1837,2026-07-16,Tienda Centro,Detergente,Limpieza,1,5500,5500
1837,2026-07-16,Tienda Centro,Té,CAFÉ/TÉ,1,2500,2500
1838,2026-07-11,Tienda Sur,Mantequilla,Lácteos,2,2500,5000
1838,2026/07/11,  Tienda Sur,Yogurt,lácteos,1,800,800
1839,05-07-2026,Tienda Norte  ,  Azúcar,Café/Té,3,1300,3900
1839,2026-07-05,Tienda Norte,Galletas  ,Snacks,1,1000,1000
1839,5/7/2026,Tienda Norte,Té,Café/Té,1,2500,2500
1840,24-05-2026,Tienda Sur,Azúcar,Café/Té,2,1300,2600
1840,2026-05-24,Tienda Sur,Café,Café/Té,1,4000,4000
1840,24-05-2026,Tienda Sur  ,Maní,Snacks,1,1200,1200
1841,2026-08-01,Tienda Centro,Croissant,Panadería,2,900,1800
1841,1-8-2026, Tienda Centro ,Papas fritas  ,Snacks,1,1800,1800
1842,10-6-2026,Tienda Mall,Agua mineral,Bebidas,2,900,1800
1842,2026-06-10,Tienda Mall  ,  Pañales,Bebé,1,8000,8000
1842,2026-06-10,Tienda Mall  ,  Toallitas húmedas,BEBÉ,2,2200,4400
1842,10-06-2026,  Tienda Mall,Yogurt,Lácteos,1,800,800
1843,2026-08-14,  Tienda Mall,Agua mineral,Bebidas,2,900,1800
1843,2026/08/14,Tienda Mall,Mantequilla,Lácteos,1,2500,2500
1843,2026-08-14,Tienda Mall, Pan hallulla ,Panadería,1,1500,1500
1843,2026/08/14,Tienda Mall,Pañales,bebé,1,8000,8000
1843,2026-08-14,Tienda Mall,Toallitas húmedas  ,Bebé,2,2200,4400
1844,2026-08-11,Tienda Norte, Jugo naranja ,Bebidas,1,1600,1600
1845,17-8-2026,  Tienda Norte,Papas fritas,Snacks,3,1800,5400
1845,17-08-2026,Tienda Norte,Queso,Lácteos,1,4500,4500
1845,2026/08/17,Tienda Norte,  Vino tinto,Alcohol,,5000,10.000
1846,13-08-2026,Tienda Mall,Cloro,Limpieza,1,1400,1400
1846,2026-08-13, Tienda Mall ,Detergente,limpieza,,5500,5500
1847,2026/08/07,Tienda Mall,Agua mineral,Bebidas,1,900,900
1847,7-8-2026,Tienda Mall,Bebida cola,Bebidas,1,1500,1500
1848,2026-07-25,Tienda Sur,  Galletas,Snacks,1,1000,1000
1849,2026-07-31,Tienda Sur, Mantequilla ,Lácteos,1,2500,2500
1850,05-07-2026,Tienda Norte,Agua mineral,BEBIDAS,,900,900
1850,5/7/2026,Tienda Norte,Azúcar  ,Café/Té,1,1300,1300
1850,2026-07-05,Tienda Norte,  Maní,Snacks,3,1200,3600
1851,2026-06-18,Tienda Sur  ,Azúcar  ,Café/Té,1,1300,1300
1851,2026-06-18, Tienda Sur ,Esponjas,Limpieza,1,1200,1200
1852,15/7/2026,Tienda Norte,Azúcar,Café/Té,1,1300,1300
1852,2026-07-15,Tienda Norte  ,Café,Café/Té,1,4000,4000
1852,15/7/2026,Tienda Norte,  Mantequilla,Lácteos,1,2500,2500
1852,2026-07-15,Tienda Norte,Papas fritas,Snacks,1,1800,1800
1852,15-07-2026,Tienda Norte  ,Té,CAFÉ/TÉ,2,2500,5000
1853,2026-08-04,Tienda Norte,Detergente  ,Limpieza,2,5500,11000
1853,2026-08-04, Tienda Norte ,Toallitas húmedas  ,bebé,2,2200,4400
1854,2026-06-03,  Tienda Norte,Mantequilla,Lácteos,1,2500,2500
1854,2026-06-03, Tienda Norte ,Maní,Snacks,1,1200,1200
1854,3/6/2026,Tienda Norte,Pan molde,Panadería,1,1800,1800
1855,2026-06-02,  Tienda Mall,Esponjas,limpieza,3,1200,3600
1855,2026-06-02,Tienda Mall,Pan molde,Panadería,2,1800,3600
1856,2026-07-23, Tienda Norte , Leche ,Lácteos,1,1200,1200
1856,23-7-2026,Tienda Norte,Toallitas húmedas,BEBÉ,1,2200,2200
1857,14-06-2026,  Tienda Sur,Cerveza,ALCOHOL,2,3500,7000
1857,2026-06-14,Tienda Sur, Maní ,Snacks,1,1200,1200
1857,14/6/2026,Tienda Sur,Pañales,Bebé,2,8000,16000
1857,14/6/2026,Tienda Sur, Toallitas húmedas ,Bebé,2,2200,4400
1858,26-7-2026,  Tienda Norte,Azúcar,Café/Té,1,1300,1300
1858,2026-07-26,Tienda Norte  ,Pañales,Bebé,3,8000,24000
1858,2026-07-26,Tienda Norte,Toallitas húmedas,BEBÉ,,2200,4400
1859,11-07-2026, Tienda Mall ,Agua mineral,BEBIDAS,1,900,900
1859,2026-07-11,Tienda Mall,Leche,Lácteos,1,1200,1200
1859,11-07-2026,Tienda Mall  ,Mantequilla  ,Lácteos,1,2500,2500
1860,2026/06/03,Tienda Norte,Papas fritas,snacks,1,1800,1800
1860,2026/06/03,Tienda Norte,Toallitas húmedas,Bebé,3,2200,6600
1860,2026-06-03,Tienda Norte,  Yogurt,Lácteos,1,800,800
1861,2026/08/07,  Tienda Norte,Esponjas,Limpieza,3,1200,3600
1861,7-8-2026,Tienda Norte,Papas fritas,snacks,1,1800,1800
1861,7/8/2026, Tienda Norte ,Pañales,Bebé,1,8000,8000
1861,7-8-2026,Tienda Norte,Toallitas húmedas,bebé,2,2200,4400
1862,2026-06-01,Tienda Sur  ,Agua mineral,Bebidas,1,900,900
1862,2026-06-01,Tienda Sur,Cerveza,Alcohol,1,3500,3500
1862,2026-06-01,Tienda Sur,Maní,Snacks,1,1200,1200
1863,13-06-2026,Tienda Centro  ,Azúcar,Café/Té,1,1300,1300
1863,2026-06-13,Tienda Centro  ,Bebida cola,Bebidas,1,1500,1500
1863,13-6-2026,Tienda Centro,Café,Café/Té,1,4000,4000
1863,2026/06/13,Tienda Centro,Vino tinto,ALCOHOL,1,5000,5000
1864,5/8/2026,Tienda Mall,Bebida cola,BEBIDAS,1,1500,1500
1864,5/8/2026,Tienda Mall  , Cerveza ,Alcohol,1,3500,3500
1864,2026-08-05,Tienda Mall,Maní  ,Snacks,1,1200,1200
1865,2026/05/28,Tienda Mall,Mantequilla,Lácteos,1,2500,2500
1865,2026-05-28,Tienda Mall,Pan hallulla,Panadería,1,1500,1500
1865,2026/05/28,Tienda Mall,Pan molde,Panadería,1,1800,1800
1865,2026-05-28,Tienda Mall,Queso,Lácteos,1,4500,4500
1866,2026-07-08,Tienda Mall,Agua mineral,BEBIDAS,1,900,900
1866,2026-07-08,Tienda Mall,Azúcar,CAFÉ/TÉ,1,1300,1300
1866,2026-07-08,Tienda Mall,Toallitas húmedas,Bebé,1,2200,2200
1867,2026/07/15,Tienda Sur, Jugo naranja ,Bebidas,1,1600,1600
1868,2026-07-06,  Tienda Mall,Azúcar,Café/Té,1,1300,1300
1868,2026-07-06,Tienda Mall,Cerveza,Alcohol,2,3500,7000
1868,2026-07-06,Tienda Mall, Maní ,Snacks,2,1200,2400
1868,06-07-2026,Tienda Mall,Pan molde,PANADERÍA,,1800,1800
1868,06-07-2026,Tienda Mall,Papas fritas,Snacks,1,1800,1800
1869,2026-07-07,Tienda Sur,Cloro,Limpieza,2,1400,2800
1869,7/7/2026,Tienda Sur  ,Detergente,Limpieza,1,5500,5500
1869,07-07-2026,Tienda Sur,Mantequilla,Lácteos,,2500,2500
1869,2026/07/07,  Tienda Sur,Papas fritas,Snacks,1,1800,1800
1870,06-08-2026, Tienda Sur ,Mantequilla,Lácteos,1,2500,2500
1870,2026-08-06,Tienda Sur  ,Pan hallulla,panadería,1,1500,1500
1870,6/8/2026,  Tienda Sur,Pan molde,Panadería,3,1800,5400
1870,6-8-2026, Tienda Sur ,Queso,Lácteos,2,4500,9000
1871,2026-07-14,Tienda Mall,Azúcar,Café/Té,1,1300,1300
1871,14-7-2026,Tienda Mall,Café,café/té,1,4000,4000
1871,14/7/2026,Tienda Mall,Jugo naranja,Bebidas,1,1600,1600
1871,2026-07-14,Tienda Mall,Papas fritas,Snacks,1,1800,1800
1872,2026-06-02,  Tienda Centro,Agua mineral,Bebidas,1,900,900
1872,2-6-2026,Tienda Centro,Azúcar,Café/Té,1,1300,1300
1872,2026-06-02,Tienda Centro,Té  ,Café/Té,1,2500,2500
1873,28-7-2026,Tienda Centro,  Pañales,Bebé,2,8000,16000
1873,28/7/2026,Tienda Centro, Toallitas húmedas ,Bebé,3,2200,6600
1874,2026-06-06,Tienda Norte  ,Pañales,Bebé,3,8000,24000
1874,06-06-2026,Tienda Norte,Toallitas húmedas  ,Bebé,2,2200,4400
1874,2026-06-06,Tienda Norte,Yogurt,Lácteos,3,800,2400
1875,2026-06-24,  Tienda Mall,  Esponjas,Limpieza,1,1200,1200
1876,2026-06-23,Tienda Norte,Croissant,Panadería,2,900,1800
1876,2026-06-23,Tienda Norte,Mantequilla,Lácteos,2,2500,5000
1876,2026-06-23,Tienda Norte, Maní ,Snacks,1,1200,1200
1877,27/7/2026,Tienda Sur,  Azúcar,Café/Té,2,1300,2600
1877,27-7-2026,Tienda Sur, Café ,Café/Té,1,4000,4000
1877,2026-07-27,Tienda Sur,Cerveza,alcohol,1,3500,3500
1877,2026-07-27,Tienda Sur,Maní,Snacks,3,1200,3600
1877,2026-07-27,Tienda Sur,Papas fritas,Snacks,1,1800,1800
1878,7-7-2026,Tienda Sur,Jugo naranja,Bebidas,1,1600,1600
1878,2026-07-07,Tienda Sur  ,  Leche,Lácteos,1,1200,1200
1878,07-07-2026,Tienda Sur,  Mantequilla,Lácteos,1,2500,2500
1878,7-7-2026,Tienda Sur,Yogurt,Lácteos,1,800,800
1879,2026-06-22,Tienda Sur,Agua mineral,BEBIDAS,1,900,900
1879,22-6-2026,Tienda Sur,Cloro,Limpieza,1,1400,1400
1879,2026-06-22,Tienda Sur,Pan hallulla,panadería,1,1500,1500
1879,2026/06/22,  Tienda Sur,Queso,LÁCTEOS,2,4500,9000
1880,2026-06-15,Tienda Centro,Queso,Lácteos,1,4500,4500
1881,2026-07-17,Tienda Sur,Café,Café/Té,3,4000,12000
1881,2026-07-17,Tienda Sur,Cloro  ,Limpieza,1,1400,1400
1881,17-07-2026,Tienda Sur,Toallitas húmedas,Bebé,2,2200,4400
1882,2026-07-10,Tienda Norte  ,Detergente,Limpieza,1,5500,5500
1882,2026-07-10,Tienda Norte,Jugo naranja,Bebidas,1,1600,1600
1883,31-07-2026,Tienda Mall,Café,Café/Té,2,4000,8000
1883,2026-07-31,Tienda Mall,Croissant,Panadería,1,900,900
1883,2026/07/31,Tienda Mall,Galletas,Snacks,1,1000,1000
1883,31/7/2026,Tienda Mall,Vino tinto,Alcohol,,5000,5000
1884,26-05-2026,Tienda Sur,  Cloro,Limpieza,2,1400,2800
1884,2026-05-26,Tienda Sur  ,Detergente,Limpieza,1,5500,5500
1884,2026-05-26,Tienda Sur,Queso,Lácteos,2,4500,9000
1885,2026-07-24,Tienda Norte,Bebida cola,bebidas,2,1500,3000
1885,24-7-2026,Tienda Norte,Cerveza,ALCOHOL,2,3500,7000
1885,2026/07/24,Tienda Norte,Papas fritas  ,Snacks,2,1800,3600
1886,2026-06-03,  Tienda Centro,  Azúcar,CAFÉ/TÉ,1,1300,1300
1886,2026/06/03,Tienda Centro,Café,Café/Té,1,4000,4000
1886,03-06-2026,Tienda Centro,Galletas,snacks,3,1000,3000
1886,2026-06-03,Tienda Centro,Papas fritas,Snacks,1,1800,1800
1887,2026-06-22,  Tienda Sur,Maní,Snacks,1,1200,1200
1887,2026-06-22,Tienda Sur,Pan hallulla,Panadería,1,1500,1500
1887,2026/06/22,Tienda Sur,Queso,Lácteos,1,4500,4500
1888,6/8/2026,Tienda Norte  ,Azúcar,Café/Té,1,1300,1300
1888,6/8/2026,Tienda Norte,Leche,Lácteos,1,1200,1200
1889,2026-08-14,Tienda Sur  ,Leche,Lácteos,1,1200,1200
1889,2026-08-14,  Tienda Sur,Toallitas húmedas,Bebé,1,2200,2200
1890,2026/07/24, Tienda Sur ,Papas fritas,Snacks,1,1800,1800
1890,2026-07-24,  Tienda Sur,Pañales  ,Bebé,2,8000,16000
1890,2026/07/24,Tienda Sur,Toallitas húmedas,Bebé,2,2200,4400
1891,2026-08-17,Tienda Centro  ,Azúcar,Café/Té,1,1300,1300
1891,2026-08-17,Tienda Centro,Café,Café/Té,1,4000,4000
1891,17-8-2026,Tienda Centro,Cerveza,Alcohol,1,3500,3500
1891,2026-08-17,Tienda Centro,Galletas,Snacks,1,1000,1000
1891,17/8/2026,Tienda Centro,Maní,Snacks,1,1200,1200
1891,2026-08-17,Tienda Centro  ,Papas fritas,Snacks,2,1800,3600
1892,2026-08-05,Tienda Mall,Agua mineral,Bebidas,2,900,1800
1892,2026-08-05,Tienda Mall  ,Mantequilla  ,lácteos,2,2500,5000
1892,2026/08/05,Tienda Mall  ,Yogurt,LÁCTEOS,1,800,800
1893,4-8-2026,Tienda Mall,Bebida cola,Bebidas,2,1500,3000
1893,4/8/2026,Tienda Mall,Papas fritas,snacks,1,1800,1800
1894,2026-06-04,Tienda Mall,Yogurt,Lácteos,3,800,2400
1895,2026-08-01, Tienda Norte ,Cerveza  ,Alcohol,1,3500,3500
1895,2026-08-01,Tienda Norte,  Esponjas,LIMPIEZA,1,1200,1200
1895,1-8-2026,Tienda Norte, Mantequilla ,Lácteos,1,2500,2500
1895,2026-08-01,Tienda Norte,Pan hallulla  ,Panadería,,1500,1500
1895,2026-08-01,Tienda Norte,Pañales,Bebé,1,8000,8000
1895,2026-08-01,Tienda Norte,Queso  ,LÁCTEOS,1,4500,4500
1895,1-8-2026,Tienda Norte, Toallitas húmedas ,BEBÉ,1,2200,2200
1895,1-8-2026,Tienda Norte,Té,Café/Té,1,2500,2500
1896,2026-05-24,Tienda Mall  ,  Azúcar,Café/Té,1,1300,1300
1896,24/5/2026,Tienda Mall,Leche,lácteos,2,1200,2400
1896,2026-05-24,Tienda Mall,Mantequilla,Lácteos,1,2500,2500
1896,2026/05/24,Tienda Mall,Pan molde,Panadería,2,1800,3600
1896,2026-05-24,Tienda Mall,Queso,Lácteos,1,4500,4500
1897,2026/07/30, Tienda Sur ,  Bebida cola,Bebidas,2,1500,3000
1897,30-07-2026,  Tienda Sur,Croissant  ,Panadería,1,900,900
1897,30-7-2026,Tienda Sur,Detergente,Limpieza,1,5500,5500
1897,30-07-2026,Tienda Sur,  Esponjas,Limpieza,1,1200,1200
1897,30-07-2026,Tienda Sur,Pañales,BEBÉ,2,8000,16000
1897,2026-07-30,Tienda Sur,Toallitas húmedas,BEBÉ,1,2200,2200
1898,15/8/2026,Tienda Centro,Queso,Lácteos,2,4500,9000
1899,23-05-2026,Tienda Mall,Mantequilla,Lácteos,3,2500,7500
1899,2026-05-23,Tienda Mall,Pan molde,Panadería,3,1800,5400
1899,23-05-2026,Tienda Mall,Papas fritas,Snacks,1,1800,1800
1899,23/5/2026,  Tienda Mall, Yogurt ,Lácteos,1,800,800
1900,2026-05-30,Tienda Sur,Esponjas,LIMPIEZA,1,1200,1200
1901,2026-07-15,Tienda Mall  ,Croissant,PANADERÍA,1,900,900
1901,15-7-2026,  Tienda Mall,Pan molde,Panadería,2,1800,3600
1902,1-6-2026,  Tienda Norte,Azúcar,Café/Té,2,1300,2600
1902,2026-06-01,Tienda Norte,Cerveza,ALCOHOL,1,3500,3500
1902,2026-06-01,Tienda Norte, Galletas ,Snacks,1,1000,1000
1902,1-6-2026,Tienda Norte,Mantequilla  ,Lácteos,1,2500,2500
1902,01-06-2026,Tienda Norte,Pan molde,Panadería,2,1800,3600
1903,2026/06/14,  Tienda Mall,Jugo naranja  ,BEBIDAS,1,1600,1600
1903,14/6/2026,Tienda Mall,Queso,Lácteos,1,4500,4500
1904,2026-08-01,Tienda Mall,Toallitas húmedas,Bebé,1,2200,2200
1905,2026-05-22,  Tienda Norte,Azúcar,Café/Té,1,1300,1300
1905,2026-05-22,Tienda Norte, Té ,CAFÉ/TÉ,1,2500,2500
1906,2026-08-16,Tienda Mall,Croissant,Panadería,1,900,900
1906,2026/08/16,Tienda Mall,Pan molde,PANADERÍA,1,1800,1800
1906,2026-08-16,Tienda Mall,Queso,Lácteos,1,4500,4500
1906,16-8-2026,Tienda Mall,Vino tinto,Alcohol,1,5000,5000
1907,2026/08/17,Tienda Norte,Croissant  ,Panadería,1,900,900
1908,2026-08-18,Tienda Sur,Detergente,Limpieza,1,5500,5500
1908,18-8-2026,Tienda Sur,Esponjas,Limpieza,3,1200,3600
1908,18-8-2026, Tienda Sur ,Té,Café/Té,1,2500,2500
1909,21-5-2026,Tienda Sur,Cerveza,Alcohol,1,3500,3500
1909,2026-05-21,Tienda Sur,Croissant,Panadería,1,900,900
1909,21-5-2026,Tienda Sur,Galletas,Snacks,1,1000,1000
1909,21-05-2026,Tienda Sur,Maní,Snacks,2,1200,2400
1909,2026-05-21,Tienda Sur,Vino tinto  ,Alcohol,1,5000,5000
1910,2026-07-09,Tienda Norte,Azúcar,Café/Té,2,1300,2600
1910,9-7-2026,Tienda Norte,Cloro,limpieza,1,1400,1400
1910,9/7/2026,Tienda Norte,Leche,LÁCTEOS,1,1200,1200
1911,2026-06-01,Tienda Mall,Agua mineral,Bebidas,1,900,900
1911,1-6-2026,Tienda Mall,Mantequilla  ,lácteos,1,2500,2500
1911,01-06-2026,Tienda Mall,Maní,Snacks,1,1200,1200
1911,2026-06-01,Tienda Mall,Yogurt,Lácteos,1,800,800
1912,2026-05-27,Tienda Sur,Agua mineral,Bebidas,1,900,900
1912,2026/05/27,Tienda Sur,Mantequilla,Lácteos,1,2500,2500
1912,2026-05-27,Tienda Sur,Queso,Lácteos,1,4500,4500
1912,27-05-2026,Tienda Sur  ,Vino tinto,Alcohol,2,5000,10000
1913,26/5/2026,Tienda Sur,Azúcar,CAFÉ/TÉ,1,1300,1300
1913,2026-05-26, Tienda Sur ,Mantequilla,Lácteos,1,2500,2500
1913,2026/05/26,Tienda Sur, Té ,Café/Té,2,2500,5000
1914,23-7-2026,Tienda Centro,Croissant,PANADERÍA,1,900,900
1914,2026-07-23,Tienda Centro,Pan hallulla,Panadería,1,1500,1500
1914,2026-07-23,Tienda Centro,  Pan molde,Panadería,1,1800,1800
1914,23-07-2026,Tienda Centro,Queso,Lácteos,2,4500,9000
1915,2026-06-25,Tienda Mall,Azúcar,Café/Té,2,1300,2600
1915,2026-06-25,  Tienda Mall,Toallitas húmedas,Bebé,2,2200,4400
1915,25-6-2026,Tienda Mall,Té,Café/Té,1,2500,2500
1915,2026-06-25,  Tienda Mall,  Yogurt,lácteos,1,800,800
1916,2026-07-26,Tienda Norte,Agua mineral,Bebidas,2,900,1800
1917,2026-06-20,Tienda Centro,Maní,Snacks,1,1200,1200
1918,2026-07-29,Tienda Sur,Croissant,Panadería,1,900,900
1919,2026-07-04,Tienda Centro,Cerveza,Alcohol,1,3500,3500
1919,2026-07-04,  Tienda Centro,Pañales  ,Bebé,1,8000,8000
1919,4-7-2026, Tienda Centro ,Toallitas húmedas,Bebé,2,2200,4400
1920,2026-08-13,Tienda Centro,Croissant,Panadería,2,900,1800
1920,13-08-2026,Tienda Centro,Maní,SNACKS,1,1200,1200
1921,2026-07-06,Tienda Norte,Galletas,Snacks,1,1000,1000
1921,2026-07-06,Tienda Norte,Mantequilla,Lácteos,1,2500,2500
1921,2026/07/06, Tienda Norte ,Pan hallulla,Panadería,3,1500,4500
1921,2026-07-06,Tienda Norte  ,Pañales,Bebé,1,8000,8000
1921,06-07-2026,Tienda Norte, Queso ,Lácteos,2,4500,9000
1921,2026-07-06,Tienda Norte,Toallitas húmedas  ,Bebé,3,2200,6600
1922,2026-06-01,Tienda Sur,Cerveza,Alcohol,1,3500,3500
1922,2026-06-01,Tienda Sur,Esponjas,Limpieza,1,1200,1200
1922,1-6-2026,Tienda Sur,Papas fritas,snacks,1,1800,1800
1923,2026/08/04,  Tienda Norte,Mantequilla,Lácteos,1,2500,2500
1923,4-8-2026,Tienda Norte,Maní,Snacks,1,1200,1200
1923,2026-08-04,Tienda Norte,Vino tinto,Alcohol,1,5000,5000
1924,1/6/2026,Tienda Norte,Azúcar,Café/Té,1,1300,1300
1924,1-6-2026, Tienda Norte , Croissant ,Panadería,2,900,1800
1924,2026-06-01,Tienda Norte  ,Jugo naranja,Bebidas,2,1600,3200
1924,2026-06-01,Tienda Norte,Queso,lácteos,1,4500,4500
1925,2026-07-02,Tienda Centro, Azúcar ,Café/Té,1,1300,1300
1926,2026/07/11,Tienda Norte,Croissant,Panadería,1,900,900
1926,2026-07-11,Tienda Norte,Galletas,Snacks,2,1000,2000
1926,11/7/2026,Tienda Norte  ,Jugo naranja  ,Bebidas,2,1600,3200
1927,2026-07-06,Tienda Mall,Bebida cola,Bebidas,1,1500,1500
1927,06-07-2026,Tienda Mall  ,Cerveza,Alcohol,1,3500,3500
1927,06-07-2026,Tienda Mall,Maní,Snacks,1,1200,1200
1928,2026-05-25,  Tienda Mall,Azúcar,CAFÉ/TÉ,1,1300,1300
1928,2026/05/25,Tienda Mall,Pañales,bebé,1,8000,8000
1928,25-5-2026,Tienda Mall,Toallitas húmedas,Bebé,1,2200,2200
1929,2026/06/14,Tienda Sur,Bebida cola  ,Bebidas,1,1500,1500
1929,2026/06/14,Tienda Sur,Cerveza,alcohol,2,3500,7000
1929,14-06-2026,Tienda Sur,Detergente,Limpieza,3,5500,16.500
1929,2026-06-14,Tienda Sur,Esponjas,Limpieza,2,1200,2400
1929,14-6-2026,Tienda Sur,Maní,SNACKS,1,1200,1200
1929,2026/06/14,Tienda Sur,Papas fritas,Snacks,1,1800,1800
1930,02-07-2026,Tienda Sur,Papas fritas,Snacks,1,1800,1800
1931,2026-08-01,Tienda Norte,Mantequilla,Lácteos,1,2500,2500
1931,2026/08/01, Tienda Norte , Pan hallulla ,Panadería,1,1500,1500
1931,1/8/2026,Tienda Norte,Pan molde,Panadería,2,1800,3600
1931,01-08-2026,Tienda Norte,Queso,Lácteos,1,4500,4500
1931,2026-08-01,  Tienda Norte,Toallitas húmedas,Bebé,1,2200,2200
1932,2026-06-19,Tienda Centro,Azúcar  ,Café/Té,3,1300,3900
1932,2026-06-19,Tienda Centro,Galletas,Snacks,1,1000,1000
1932,2026/06/19,Tienda Centro,Leche,Lácteos,1,1200,1200
1932,2026-06-19,Tienda Centro  ,  Papas fritas,snacks,1,1800,1800
1932,2026/06/19,Tienda Centro,Té,Café/Té,3,2500,7500
1933,2026-08-16,Tienda Mall,Esponjas,Limpieza,1,1200,1200
1934,10-8-2026,Tienda Centro,Toallitas húmedas,Bebé,1,2200,2200
1934,2026-08-10,Tienda Centro,Vino tinto,Alcohol,,5000,10000
1935,2026-06-24,Tienda Centro,Cloro,Limpieza,1,1400,1400
1935,24/6/2026,Tienda Centro,Croissant,Panadería,2,900,1800
1935,2026-06-24,Tienda Centro,Mantequilla,lácteos,1,2500,2500
1935,2026/06/24,Tienda Centro,Pan molde,Panadería,2,1800,3600
1936,28-5-2026,Tienda Centro,Maní,Snacks,2,1200,2400
1937,2026-08-18,Tienda Centro,Leche,Lácteos,1,1200,1200
1938,2026-06-13,Tienda Sur,Agua mineral,Bebidas,1,900,900
1938,13-06-2026,  Tienda Sur,Cloro,Limpieza,2,1400,2800
1938,2026-06-13,Tienda Sur,Detergente,limpieza,1,5500,5500
1938,13-06-2026,Tienda Sur,Pañales,Bebé,1,8000,8000
1938,2026-06-13, Tienda Sur ,Toallitas húmedas,Bebé,1,2200,2200
1939,2026-06-06,Tienda Mall,Pan hallulla,Panadería,1,1500,1500
1939,2026-06-06,Tienda Mall,  Vino tinto,Alcohol,1,5000,5000
1940,29/5/2026,  Tienda Centro,Papas fritas,Snacks,1,1800,1800
1941,2026-08-15,Tienda Norte,Cerveza,ALCOHOL,1,3500,3500
1941,2026-08-15,Tienda Norte,Esponjas  ,Limpieza,1,1200,1200
1941,2026-08-15,Tienda Norte,Mantequilla,Lácteos,1,2500,2500
1941,2026-08-15,Tienda Norte  ,Pan molde,Panadería,3,1800,5400
1941,2026-08-15,Tienda Norte,Pañales,BEBÉ,1,8000,8000
1941,2026-08-15,  Tienda Norte,  Queso,Lácteos,1,4500,4500
1941,15-8-2026,Tienda Norte,Toallitas húmedas,Bebé,1,2200,2200
1942,07-08-2026, Tienda Centro ,Cerveza,alcohol,1,3500,3500
1942,07-08-2026,Tienda Centro,Detergente,Limpieza,1,5500,5500
1942,2026-08-07,Tienda Centro  ,Maní,Snacks,1,1200,1200
1942,07-08-2026,Tienda Centro,Toallitas húmedas,Bebé,1,2200,2200
1942,2026/08/07,Tienda Centro,Yogurt,Lácteos,1,800,800
1943,2026-05-28,Tienda Mall  ,Cloro,Limpieza,1,1400,1400
1943,2026/05/28,Tienda Mall, Detergente ,Limpieza,1,5500,5500
1943,28-5-2026,Tienda Mall,Pan molde,panadería,2,1800,3600
1943,2026-05-28,Tienda Mall,Papas fritas,Snacks,2,1800,3600
1943,2026-05-28,Tienda Mall,Pañales,Bebé,3,8000,24000
1944,24-7-2026, Tienda Sur ,Esponjas,LIMPIEZA,1,1200,1200
1944,24/7/2026,  Tienda Sur,Mantequilla,Lácteos,1,2500,2500
1944,24-7-2026,Tienda Sur,Queso,Lácteos,1,4500,4500
1945,2026-08-03,Tienda Sur,Café,Café/Té,1,4000,4000
1945,3/8/2026,Tienda Sur,Mantequilla,Lácteos,1,2500,2500
1945,3-8-2026,Tienda Sur,Pan molde,Panadería,1,1800,1800
1945,3-8-2026,Tienda Sur,Papas fritas,Snacks,1,1800,1800
1946,23/7/2026,  Tienda Norte,Agua mineral,Bebidas,1,900,900
1946,2026-07-23,Tienda Norte,Cerveza  ,Alcohol,1,3500,3500
1946,2026-07-23,Tienda Norte,Mantequilla,Lácteos,1,2500,2500
1946,23/7/2026,Tienda Norte,Maní  ,Snacks,1,1200,1200
1946,2026-07-23,Tienda Norte, Papas fritas ,snacks,3,1800,5400
1947,18-8-2026,Tienda Norte,Bebida cola,BEBIDAS,1,1500,1500
1947,2026-08-18,Tienda Norte,Jugo naranja,BEBIDAS,,1600,1600
1947,2026-08-18,Tienda Norte,Papas fritas,SNACKS,2,1800,3600
1948,2026-08-02,Tienda Centro  ,Cloro,Limpieza,2,1400,2800
1948,2026-08-02,Tienda Centro, Mantequilla ,Lácteos,1,2500,2500
1948,2026-08-02,Tienda Centro,Maní,SNACKS,2,1200,2400
1948,2-8-2026,Tienda Centro,Pan hallulla,Panadería,1,1500,1500
1948,2026-08-02, Tienda Centro , Queso ,Lácteos,1,4500,4500
1949,2026-06-09,Tienda Centro, Papas fritas ,Snacks,1,1800,1800
1950,07-06-2026,Tienda Centro,Cerveza  ,Alcohol,1,3500,3500
1950,2026-06-07,Tienda Centro, Cloro ,Limpieza,2,1400,2800
1951,2026-08-01,Tienda Mall,Pañales,Bebé,1,8000,8000
1951,2026-08-01,Tienda Mall,Toallitas húmedas,Bebé,1,2200,2200
1951,1/8/2026,Tienda Mall,  Yogurt,lácteos,1,800,800
1952,2026-05-26,Tienda Norte,Bebida cola,Bebidas,2,1500,3000
1952,2026/05/26,Tienda Norte,  Cloro,Limpieza,1,1400,1400
1952,2026-05-26,Tienda Norte,Maní,Snacks,1,1200,1200
1952,2026-05-26,Tienda Norte  ,Yogurt,Lácteos,1,800,800
1953,2026/05/30,Tienda Sur  ,Galletas,snacks,2,1000,2000
1953,30-5-2026,Tienda Sur,Pan molde  ,PANADERÍA,1,1800,1800
1953,2026-05-30,Tienda Sur,Queso,LÁCTEOS,,4500,9000
1954,10/6/2026,Tienda Norte,  Azúcar,Café/Té,1,1300,1300
1954,2026-06-10,Tienda Norte,Mantequilla,Lácteos,1,2500,2500
1954,2026-06-10,Tienda Norte  ,Pan molde  ,PANADERÍA,1,1800,1800
1954,2026-06-10,Tienda Norte  ,Yogurt,Lácteos,,800,800
1955,2026-05-29,Tienda Sur,Café,Café/Té,1,4000,4000
1955,2026/05/29,Tienda Sur,Leche,LÁCTEOS,1,1200,1200
1955,29-05-2026, Tienda Sur ,Pañales,Bebé,1,8000,8000
1955,2026-05-29,Tienda Sur,  Toallitas húmedas,Bebé,1,2200,2200
1955,29/5/2026,Tienda Sur,Té,Café/Té,1,2500,2500
1956,2026-08-04,Tienda Sur, Esponjas ,Limpieza,3,1200,3600
1956,2026-08-04,Tienda Sur,Galletas,SNACKS,1,1000,1000
1957,2026/08/17,Tienda Centro,Pan hallulla,Panadería,2,1500,3000
1957,17-08-2026,Tienda Centro,Té,Café/Té,1,2500,2500
1958,2026-08-18,Tienda Norte  ,Papas fritas,Snacks,1,1800,1800
1959,2026-06-09,Tienda Mall,Agua mineral,bebidas,,900,900
1959,9-6-2026,Tienda Mall  ,Cerveza,ALCOHOL,1,3500,3500
1959,9-6-2026,  Tienda Mall,Maní  ,Snacks,1,1200,1200
1959,2026-06-09,  Tienda Mall,Papas fritas,Snacks,2,1800,3600
1959,2026-06-09,Tienda Mall,  Té,Café/Té,1,2500,2500
1960,27-05-2026,Tienda Norte,Jugo naranja,Bebidas,1,1600,1600
1960,2026/05/27,Tienda Norte,Toallitas húmedas,BEBÉ,1,2200,2200
1961,2026-06-19,Tienda Norte,Agua mineral,Bebidas,3,900,2700
1961,2026-06-19,Tienda Norte,  Mantequilla,Lácteos,1,2500,2500
1961,2026-06-19,Tienda Norte,Pan hallulla,Panadería,2,1500,3000
1961,2026-06-19,Tienda Norte,Queso,lácteos,3,4500,13500
1962,27-07-2026,  Tienda Centro,Vino tinto,Alcohol,2,5000,10000
1963,18-8-2026,Tienda Centro,Cloro,Limpieza,1,1400,1400
1963,18-08-2026,Tienda Centro,Detergente,Limpieza,,5500,5500
1963,18-08-2026,Tienda Centro,  Mantequilla,Lácteos,1,2500,2500
1963,2026-08-18, Tienda Centro ,Pan molde  ,panadería,2,1800,3600
1963,2026-08-18,Tienda Centro  ,  Queso,Lácteos,1,4500,4500
1964,6-6-2026,Tienda Centro, Esponjas ,Limpieza,1,1200,1200
1964,2026-06-06,Tienda Centro  ,Queso,Lácteos,2,4500,9000
1965,6/6/2026,Tienda Centro,Mantequilla,Lácteos,1,2500,2500
1965,2026-06-06,  Tienda Centro, Maní ,Snacks,2,1200,2400
1965,2026-06-06,Tienda Centro,Pan hallulla  ,Panadería,1,1500,1500
1965,06-06-2026, Tienda Centro ,Queso,Lácteos,2,4500,9000
1966,2026-06-19,Tienda Mall,  Papas fritas,Snacks,1,1800,1800
1966,19/6/2026,Tienda Mall,Vino tinto,Alcohol,1,5000,5000
1967,2026/06/06,Tienda Centro, Cloro ,Limpieza,2,1400,2800
1967,2026-06-06,Tienda Centro,Detergente,Limpieza,3,5500,16500
1967,2026-06-06,Tienda Centro,Toallitas húmedas,Bebé,1,2200,2200
1967,6/6/2026,Tienda Centro,Yogurt,LÁCTEOS,1,800,800
1968,2026/08/06, Tienda Centro ,Azúcar,CAFÉ/TÉ,1,1300,1300
1968,2026-08-06,Tienda Centro  ,Cerveza,alcohol,3,3500,10500
1968,2026-08-06,Tienda Centro,  Pañales,Bebé,1,8000,8000
1968,2026-08-06,Tienda Centro,Té,Café/Té,1,2500,2500
1968,2026-08-06,Tienda Centro,Yogurt,Lácteos,1,800,800
1969,10-07-2026,Tienda Norte,Croissant,Panadería,2,900,1800
1970,2026-06-15,  Tienda Centro,Azúcar  ,Café/Té,3,1300,3900
1970,15-06-2026,  Tienda Centro,Mantequilla,Lácteos,1,2500,2500
1970,2026/06/15,Tienda Centro, Pan molde ,Panadería,3,1800,5400
1970,2026-06-15,Tienda Centro,Té,Café/Té,1,2500,2500
1971,2026-05-26,  Tienda Mall,Mantequilla,Lácteos,1,2500,2500
1971,2026/05/26,Tienda Mall  ,Papas fritas,Snacks,1,1800,1800
1972,2026-07-10,Tienda Sur,Jugo naranja  ,Bebidas,1,1600,1600
1972,2026-07-10,Tienda Sur,Pañales,Bebé,1,8000,8000
1972,10/7/2026,Tienda Sur  ,Toallitas húmedas,Bebé,1,2200,2200
1973,2026-07-15,Tienda Mall, Cloro ,Limpieza,2,1400,2800
1973,2026-07-15,Tienda Mall,Jugo naranja,Bebidas,1,1600,1600
1973,15/7/2026,Tienda Mall,Queso,LÁCTEOS,1,4500,4500
1973,2026-07-15,Tienda Mall  ,Toallitas húmedas  ,Bebé,1,2200,2200
1974,2026-08-06,Tienda Mall,Queso,Lácteos,1,4500,4500
1975,2026-06-11,Tienda Mall, Leche ,lácteos,,1200,1200
1976,2026-06-08,Tienda Sur,Cloro,Limpieza,1,1400,1400
1976,8/6/2026,Tienda Sur,Maní,Snacks,2,1200,2400
1977,2026-07-03,Tienda Sur,Leche  ,Lácteos,1,1200,1200
1977,2026-07-03,Tienda Sur, Mantequilla ,Lácteos,2,2500,5000
1978,10-08-2026,Tienda Centro,Café,Café/Té,2,4000,8000
1978,10/8/2026,Tienda Centro,Toallitas húmedas,BEBÉ,3,2200,6600
1979,08-06-2026,Tienda Norte,Cloro,Limpieza,1,1400,1400
1979,8-6-2026, Tienda Norte ,Croissant,Panadería,1,900,900
1979,2026-06-08,Tienda Norte,Esponjas,Limpieza,1,1200,1200
1980,15/6/2026,Tienda Sur  ,Galletas,Snacks,3,1000,3000
1980,15-06-2026,Tienda Sur,Jugo naranja,bebidas,1,1600,1600
1980,2026/06/15,Tienda Sur,Mantequilla,Lácteos,1,2500,2500
1981,28-5-2026,Tienda Sur  ,Agua mineral,Bebidas,3,900,2700
1981,2026-05-28,Tienda Sur,  Bebida cola,Bebidas,1,1500,1500
1982,2026-08-17,Tienda Norte, Esponjas ,Limpieza,2,1200,2400
1983,2026-08-14,Tienda Mall,Agua mineral,bebidas,1,900,900
1983,2026-08-14, Tienda Mall ,Queso,lácteos,2,4500,9000
1983,2026-08-14,Tienda Mall,Vino tinto,Alcohol,2,5000,10000
1984,2026-08-01,Tienda Sur,Galletas,Snacks,1,1000,1000
1984,1-8-2026,Tienda Sur,Papas fritas,SNACKS,2,1800,3600
1985,24-06-2026,Tienda Sur  ,Bebida cola,BEBIDAS,1,1500,1500
1985,2026-06-24, Tienda Sur ,Maní  ,Snacks,1,1200,1200
1985,2026-06-24,Tienda Sur,Pañales,BEBÉ,3,8000,24000
1985,2026-06-24,Tienda Sur,Queso,LÁCTEOS,1,4500,4500
1985,24/6/2026,Tienda Sur,Vino tinto,Alcohol,1,5000,5000
1986,2026-06-25,Tienda Norte,Cerveza,Alcohol,1,3500,3500
1986,25/6/2026,Tienda Norte,  Maní,Snacks,1,1200,1200
1986,2026-06-25,Tienda Norte,Papas fritas,Snacks,1,1800,1800
1987,2026/08/08,Tienda Sur,Cerveza,Alcohol,1,3500,3500
1987,2026-08-08, Tienda Sur ,Yogurt,Lácteos,3,800,2400
1988,2026-08-02,  Tienda Mall,  Galletas,Snacks,1,1000,1000
1988,2026-08-02,Tienda Mall  ,Yogurt,lácteos,3,800,2400
1989,2026-05-22,Tienda Mall,  Agua mineral,Bebidas,2,900,1800
1989,2026-05-22,Tienda Mall,Bebida cola,bebidas,3,1500,4500
1989,22-5-2026,Tienda Mall  , Mantequilla ,lácteos,1,2500,2500
1990,9-7-2026,Tienda Centro,Agua mineral,BEBIDAS,1,900,900
1990,2026-07-09,Tienda Centro, Cloro ,Limpieza,2,1400,2800
1990,9/7/2026,Tienda Centro  ,  Jugo naranja,Bebidas,3,1600,4800
1990,9-7-2026,Tienda Centro,Pan hallulla,Panadería,2,1500,3000
1991,2026-06-28,Tienda Sur  ,  Esponjas,Limpieza,1,1200,1200
1991,28/6/2026,Tienda Sur,Mantequilla,Lácteos,1,2500,2500
1991,2026-06-28, Tienda Sur ,  Pan hallulla,Panadería,1,1500,1500
1991,2026/06/28,Tienda Sur  ,Queso,Lácteos,2,4500,9000
1992,2026-05-23,  Tienda Centro,Cloro,Limpieza,1,1400,1400
1992,2026-05-23, Tienda Centro ,Leche,LÁCTEOS,1,1200,1200
1993,5-7-2026,Tienda Norte,Leche,LÁCTEOS,1,1200,1200
1994,2026/07/30,Tienda Mall,Azúcar,Café/Té,1,1300,1300
1995,10/6/2026,Tienda Norte,Agua mineral,Bebidas,2,900,1800
1995,10-06-2026,Tienda Norte, Cloro ,Limpieza,1,1400,1400
1996,24-07-2026,Tienda Mall,Cloro  ,LIMPIEZA,1,1400,1400
1996,2026-07-24,Tienda Mall,Detergente  ,Limpieza,1,5500,5500
1997,2026-06-10,Tienda Centro,Cerveza,ALCOHOL,1,3500,3500
1997,2026-06-10,Tienda Centro,Mantequilla,LÁCTEOS,1,2500,2500
1997,2026-06-10,Tienda Centro,  Maní,Snacks,1,1200,1200
1997,10-06-2026,Tienda Centro,Papas fritas,Snacks,1,1800,1800
1998,14-6-2026,Tienda Norte,Agua mineral,Bebidas,2,900,1800
1998,2026-06-14,Tienda Norte,Leche,Lácteos,1,1200,1200
1999,2026-05-26,Tienda Sur,Azúcar,Café/Té,1,1300,1300
1999,2026-05-26,Tienda Sur,Croissant,Panadería,3,900,2700
1999,26/5/2026,Tienda Sur,Galletas,Snacks,1,1000,1000
2000,2026-07-26,Tienda Centro,Mantequilla,Lácteos,1,2500,2500
2001,16-08-2026,Tienda Norte  ,Croissant,PANADERÍA,1,900,900
2001,2026-08-16, Tienda Norte ,Jugo naranja,Bebidas,1,1600,1600
2001,16/8/2026,Tienda Norte,Yogurt,Lácteos,3,800,2400
2002,05-06-2026,Tienda Mall,  Jugo naranja,Bebidas,1,1600,1600
2003,2026-08-02,Tienda Centro,  Papas fritas,SNACKS,1,1800,1800
2003,2026-08-02,Tienda Centro,Queso,Lácteos,1,4500,4500
2003,2/8/2026,Tienda Centro,Té,Café/Té,1,2500,2500
2004,25-5-2026,Tienda Norte,Papas fritas,Snacks,1,1800,1800
2005,04-07-2026, Tienda Norte ,Papas fritas,Snacks,2,1800,3600
2005,04-07-2026,Tienda Norte,Yogurt  ,Lácteos,1,800,800
2006,2026-08-11,Tienda Norte,Café,Café/Té,1,4000,4000
2006,2026-08-11,Tienda Norte,Detergente,Limpieza,2,5500,11.000
2006,2026/08/11,Tienda Norte,Esponjas,Limpieza,1,1200,1200
2007,17-06-2026,Tienda Norte,Mantequilla,Lácteos,1,2500,2500
2008,2026/07/16,Tienda Norte  ,Queso,Lácteos,1,4500,4500
2008,2026-07-16,Tienda Norte,Toallitas húmedas,BEBÉ,1,2200,2200
2008,2026/07/16,Tienda Norte,Té,Café/Té,1,2500,2500
2009,2026-08-17,  Tienda Norte,Bebida cola,Bebidas,1,1500,1500
2009,2026/08/17,  Tienda Norte,Mantequilla,lácteos,3,2500,7500
2009,2026-08-17,Tienda Norte,Maní  ,Snacks,1,1200,1200
2010,2026-06-01,Tienda Centro,Galletas,Snacks,1,1000,1000
2010,2026/06/01,Tienda Centro, Pan hallulla ,Panadería,3,1500,4500
2011,24-07-2026,Tienda Norte,  Mantequilla,Lácteos,1,2500,2500
2011,24/7/2026,Tienda Norte,Pan hallulla,Panadería,1,1500,1500
2011,2026-07-24,  Tienda Norte,Papas fritas,Snacks,1,1800,1800
2011,24-07-2026,Tienda Norte,  Queso,LÁCTEOS,3,4500,13500
2012,30-7-2026,Tienda Norte,Azúcar,Café/Té,3,1300,3900
2012,30-07-2026,Tienda Norte,Cloro,limpieza,1,1400,1400
2012,2026-07-30,Tienda Norte,Detergente,Limpieza,2,5500,11000
2013,2026-08-09, Tienda Mall ,Agua mineral  ,Bebidas,1,900,900
2013,2026-08-09,  Tienda Mall,Azúcar,Café/Té,1,1300,1300
2013,2026-08-09,Tienda Mall  ,Café,CAFÉ/TÉ,3,4000,12000
2013,9-8-2026,Tienda Mall,Papas fritas,Snacks,3,1800,5400
2014,2026-08-17,Tienda Norte,Yogurt,Lácteos,2,800,1600
2015,25/7/2026, Tienda Centro ,Agua mineral,Bebidas,3,900,2700
2015,2026-07-25,Tienda Centro,Jugo naranja,Bebidas,1,1600,1600
2015,2026-07-25,Tienda Centro,Toallitas húmedas  ,BEBÉ,3,2200,6600
2016,2026-08-01,Tienda Norte,Cloro,Limpieza,1,1400,1400
2016,2026-08-01,Tienda Norte,  Detergente,Limpieza,1,5500,5500
2016,1-8-2026,Tienda Norte,Yogurt,LÁCTEOS,2,800,1600
2017,8-8-2026,Tienda Sur,Detergente,Limpieza,1,5500,5500
2017,2026-08-08,Tienda Sur,Esponjas  ,Limpieza,2,1200,2400
2017,2026-08-08,Tienda Sur,Pan hallulla,Panadería,1,1500,1500
2018,11/8/2026,Tienda Centro,Agua mineral,Bebidas,1,900,900
2018,2026-08-11,Tienda Centro,Papas fritas,Snacks,1,1800,1800
2019,2026-06-03,  Tienda Norte,Cloro  ,Limpieza,1,1400,1400
2020,2026/07/31,Tienda Sur, Azúcar ,café/té,1,1300,1300
2020,2026-07-31,Tienda Sur,Cerveza,Alcohol,1,3500,3500
2020,2026-07-31,Tienda Sur  , Cloro ,Limpieza,1,1400,1400
2020,2026-07-31,Tienda Sur,Detergente,Limpieza,1,5500,5500
2020,31/7/2026,Tienda Sur  ,Papas fritas,SNACKS,1,1800,1800
2021,2-8-2026,Tienda Mall,Cerveza  ,Alcohol,1,3500,3500
2021,02-08-2026,Tienda Mall,Croissant,Panadería,1,900,900
2021,2026-08-02,Tienda Mall, Papas fritas ,Snacks,1,1800,1800
2022,2026-06-12,Tienda Centro, Agua mineral ,Bebidas,1,900,900
2022,12/6/2026,Tienda Centro,Maní,SNACKS,1,1200,1200
2023,15-8-2026,Tienda Sur,Agua mineral,Bebidas,1,900,900
2023,15/8/2026,Tienda Sur,Pan molde,PANADERÍA,1,1800,1800
2024,2026/06/17,Tienda Sur,Azúcar,CAFÉ/TÉ,2,1300,2600
2024,2026-06-17,Tienda Sur,Café,Café/Té,1,4000,4000
2024,2026-06-17,Tienda Sur,  Vino tinto,Alcohol,1,5000,5000
2025,2026-06-10, Tienda Centro ,Detergente,Limpieza,1,5500,5500
2025,10-6-2026, Tienda Centro ,Esponjas,LIMPIEZA,1,1200,1200
2026,2026-05-30,Tienda Norte,  Esponjas,Limpieza,2,1200,2400
2026,2026-05-30,Tienda Norte,Maní,Snacks,1,1200,1200
2027,2026-07-19,Tienda Mall,Azúcar,Café/Té,2,1300,2600
2027,19-07-2026,Tienda Mall,Pañales,Bebé,1,8000,8000
2027,19/7/2026,Tienda Mall,Toallitas húmedas  ,Bebé,2,2200,4400
2027,2026-07-19,Tienda Mall  ,Té,café/té,,2500,7500
2028,2026/06/13,Tienda Norte,Cloro,Limpieza,2,1400,2800
2028,2026-06-13, Tienda Norte ,Papas fritas,Snacks,1,1800,1800
2029,3-7-2026,Tienda Mall  ,Bebida cola,Bebidas,3,1500,4500
2029,2026-07-03,Tienda Mall,Maní,Snacks,1,1200,1200
2029,2026-07-03,Tienda Mall, Vino tinto ,Alcohol,2,5000,10000
2030,2026-08-18,Tienda Sur,Croissant,Panadería,1,900,900
2030,2026-08-18,Tienda Sur  ,Toallitas húmedas,Bebé,1,2200,2200
2031,29-6-2026,Tienda Norte, Té ,Café/Té,2,2500,5000
2032,2026/08/10,Tienda Sur, Leche ,LÁCTEOS,1,1200,1200
2033,2026-06-10,Tienda Centro,Mantequilla,Lácteos,3,2500,7500
2033,10-6-2026, Tienda Centro ,Pan molde,Panadería,1,1800,1800
2033,2026-06-10,Tienda Centro,Vino tinto,Alcohol,1,5000,5000
2034,2026-06-26,Tienda Mall,Mantequilla,lácteos,1,2500,2500
2034,2026-06-26,Tienda Mall,Pan hallulla,Panadería,1,1500,1500
2035,29-06-2026,Tienda Mall,Jugo naranja,Bebidas,1,1600,1600
2035,29-6-2026,Tienda Mall,Pañales,Bebé,3,8000,24000
2035,2026-06-29,  Tienda Mall,Toallitas húmedas,Bebé,1,2200,2200
2036,2026-06-15,Tienda Mall,Esponjas,Limpieza,1,1200,1200
2036,2026-06-15,Tienda Mall, Mantequilla ,LÁCTEOS,1,2500,2500
2036,2026-06-15,Tienda Mall,Maní,Snacks,1,1200,1200
2036,2026-06-15,Tienda Mall,  Pan hallulla,panadería,1,1500,1500
2037,2026-06-15,Tienda Centro,Agua mineral,Bebidas,1,900,900
2037,2026-06-15,  Tienda Centro,Papas fritas,Snacks,1,1800,1800
2038,2026-07-19,Tienda Mall,Detergente,Limpieza,1,5500,5500
2039,2026-07-08,Tienda Norte,Esponjas,LIMPIEZA,1,1200,1200
2039,2026/07/08,Tienda Norte  ,Mantequilla,Lácteos,1,2500,2500
2039,08-07-2026,Tienda Norte,Pan hallulla,Panadería,1,1500,1500
2040,2026-07-27,Tienda Norte  ,Cloro,Limpieza,1,1400,1400
2040,27-07-2026,Tienda Norte,Queso,Lácteos,1,4500,4500
2041,2026-05-31, Tienda Sur ,Azúcar,Café/Té,2,1300,2600
2041,2026-05-31,Tienda Sur,Toallitas húmedas,Bebé,1,2200,2200
2041,2026-05-31,Tienda Sur,Té,Café/Té,,2500,2500
2042,2026-06-26,  Tienda Mall,Bebida cola,bebidas,1,1500,1500
2042,2026-06-26,Tienda Mall,Cerveza,Alcohol,1,3500,3500
2042,2026-06-26, Tienda Mall ,Jugo naranja  ,Bebidas,2,1600,3200
2043,30-5-2026,Tienda Sur  ,Papas fritas,SNACKS,1,1800,1800
2043,2026-05-30,Tienda Sur,Pañales,Bebé,2,8000,16000
2043,30-05-2026,Tienda Sur,  Toallitas húmedas,Bebé,2,2200,4400
2044,2026-06-25,Tienda Mall,Agua mineral,BEBIDAS,,900,900
2044,2026-06-25,Tienda Mall,Pañales,Bebé,1,8000,8000
2045,13-8-2026,Tienda Norte,Pan hallulla,Panadería,1,1500,1500
2046,21-07-2026, Tienda Norte ,Azúcar,Café/Té,1,1300,1300
2046,2026/07/21,Tienda Norte,Cloro,Limpieza,3,1400,4200
2046,21-07-2026,Tienda Norte,Detergente,LIMPIEZA,3,5500,16.500
2046,2026/07/21,Tienda Norte,Esponjas,Limpieza,2,1200,2400
2046,2026-07-21,Tienda Norte,Té,Café/Té,1,2500,2500
2047,28/5/2026,Tienda Norte, Café ,café/té,1,4000,4000
2048,26-7-2026,Tienda Sur,Detergente  ,Limpieza,1,5500,5500
2049,2026-08-03,Tienda Norte,Bebida cola,Bebidas,2,1500,3000
2049,03-08-2026,  Tienda Norte,Mantequilla,Lácteos,1,2500,2500
2049,2026-08-03,  Tienda Norte,Pan hallulla,Panadería,1,1500,1500
2050,2026-08-07,Tienda Norte,Mantequilla,lácteos,1,2500,2500
2050,2026-08-07,Tienda Norte,Pan molde,Panadería,2,1800,3600
2051,2026-06-16,Tienda Mall,Papas fritas,Snacks,1,1800,1800
2051,16/6/2026,Tienda Mall,Vino tinto,alcohol,1,5000,5000
2052,2026-08-03,Tienda Sur,Azúcar,Café/Té,1,1300,1300
2052,2026-08-03,Tienda Sur,Café,Café/Té,,4000,4000
2052,03-08-2026,Tienda Sur,Pan molde,Panadería,2,1800,3600
2053,30/7/2026,Tienda Sur,Esponjas,Limpieza,1,1200,1200
2054,09-07-2026,Tienda Norte,Bebida cola,Bebidas,1,1500,1500
2055,27-05-2026,Tienda Norte,Queso,Lácteos,2,4500,9000
2055,2026/05/27,Tienda Norte,Yogurt,Lácteos,1,800,800
2056,14-08-2026,Tienda Norte,  Bebida cola,Bebidas,1,1500,1500
2056,14-08-2026,Tienda Norte,Papas fritas,Snacks,1,1800,1800
2057,12/7/2026,Tienda Norte,Bebida cola,Bebidas,2,1500,3000
2057,2026-07-12,Tienda Norte,Jugo naranja,Bebidas,1,1600,1600
2057,2026-07-12, Tienda Norte , Pan molde ,panadería,1,1800,1800
2058,29-07-2026,  Tienda Centro,Cloro,LIMPIEZA,1,1400,1400
2058,2026-07-29,Tienda Centro,Detergente,LIMPIEZA,2,5500,11000
2059,2026-07-08, Tienda Centro , Cloro ,Limpieza,1,1400,1400
2059,8-7-2026,Tienda Centro,Detergente,Limpieza,2,5500,11000
2060,29/5/2026,Tienda Mall  ,Jugo naranja,bebidas,1,1600,1600
2060,2026-05-29,  Tienda Mall,  Mantequilla,Lácteos,1,2500,2500
2060,2026/05/29,Tienda Mall,Pan hallulla  ,panadería,2,1500,3000
2061,2026-07-06,Tienda Centro, Azúcar ,CAFÉ/TÉ,1,1300,1300
2062,2026-06-25,Tienda Mall,Galletas,Snacks,2,1000,2000
2062,2026/06/25, Tienda Mall ,Yogurt,lácteos,2,800,1600
2063,2026-06-10,  Tienda Norte,  Mantequilla,Lácteos,1,2500,2500
2063,2026/06/10,Tienda Norte,Té,Café/Té,1,2500,2500
2064,7-6-2026,Tienda Sur,Leche,Lácteos,1,1200,1200
2064,2026-06-07,Tienda Sur,Queso,Lácteos,1,4500,4500
2065,23-5-2026,Tienda Norte,Maní,Snacks,,1200,1200
2066,29-5-2026,Tienda Centro  ,Galletas,Snacks,1,1000,1000
2066,2026-05-29,Tienda Centro  , Maní ,snacks,2,1200,2400
2066,29/5/2026,Tienda Centro,Vino tinto,Alcohol,1,5000,5000
2067,2026-07-21,Tienda Sur,Bebida cola,Bebidas,2,1500,3000
2067,2026-07-21,Tienda Sur,Cerveza,Alcohol,2,3500,7000
2067,2026/07/21,Tienda Sur,Pan hallulla,PANADERÍA,1,1500,1500
2067,2026-07-21,Tienda Sur,Papas fritas,SNACKS,1,1800,1800
2067,2026-07-21,Tienda Sur,Queso  ,lácteos,1,4500,4500
2068,2026-06-20,Tienda Centro,Esponjas,limpieza,1,1200,1200
2068,2026-06-20,Tienda Centro,Mantequilla,Lácteos,1,2500,2500
2069,2026-07-18,Tienda Centro,Cerveza,ALCOHOL,1,3500,3500
2069,2026-07-18,Tienda Centro,  Croissant,panadería,1,900,900
2069,18-7-2026,Tienda Centro,Galletas  ,Snacks,1,1000,1000
2069,2026-07-18,Tienda Centro,Pan molde,panadería,2,1800,3600
2069,18-7-2026,Tienda Centro,  Pañales,Bebé,1,8000,8000
2069,18-07-2026,Tienda Centro,Toallitas húmedas  ,Bebé,2,2200,4400
2070,2026/08/13,Tienda Mall,Café,Café/Té,1,4000,4000
2070,2026/08/13,Tienda Mall,Detergente,Limpieza,2,5500,11000
2070,2026-08-13,Tienda Mall,Leche,Lácteos,3,1200,3600
2071,13-6-2026,  Tienda Sur,Vino tinto,Alcohol,1,5000,5000
2072,16-7-2026,Tienda Norte,Azúcar,Café/Té,1,1300,1300
2072,16-7-2026,Tienda Norte,Café,Café/Té,2,4000,8000
2072,2026/07/16,Tienda Norte,Cloro,Limpieza,1,1400,1400
2072,2026/07/16,Tienda Norte,  Detergente,Limpieza,1,5500,5500
2072,2026-07-16,  Tienda Norte,Galletas,snacks,1,1000,1000
2072,2026-07-16,Tienda Norte, Mantequilla ,Lácteos,,2500,5000
2073,2026-06-26,Tienda Sur,Bebida cola,bebidas,1,1500,1500
2073,2026/06/26,Tienda Sur,Café,café/té,3,4000,12.000
2073,26-06-2026,Tienda Sur,Cloro  ,limpieza,1,1400,1400
2073,2026-06-26, Tienda Sur ,Detergente,Limpieza,1,5500,5500
2073,2026/06/26,Tienda Sur,Mantequilla,Lácteos,1,2500,2500
2073,2026/06/26,Tienda Sur,Papas fritas,Snacks,1,1800,1800
2074,2026-07-04,  Tienda Mall,Cloro,Limpieza,1,1400,1400
2074,2026-07-04,Tienda Mall,Pan hallulla,Panadería,2,1500,3000
2074,2026-07-04,Tienda Mall,Toallitas húmedas,Bebé,2,2200,4400
2075,22-07-2026,Tienda Sur,  Bebida cola,Bebidas,1,1500,1500
2075,2026-07-22,Tienda Sur  ,Cloro,LIMPIEZA,1,1400,1400
2075,2026-07-22,Tienda Sur,Detergente,Limpieza,1,5500,5500
2075,2026/07/22,  Tienda Sur, Esponjas ,Limpieza,1,1200,1200
2075,2026-07-22,Tienda Sur,Toallitas húmedas,Bebé,2,2200,4400
2076,04-06-2026,Tienda Mall,  Yogurt,Lácteos,1,800,800
2077,23/7/2026,Tienda Mall,  Azúcar,Café/Té,1,1300,1300
2077,2026/07/23,Tienda Mall,Bebida cola,Bebidas,2,1500,3000
2077,2026/07/23,Tienda Mall,Galletas,Snacks,1,1000,1000
2077,2026-07-23,Tienda Mall,Papas fritas,Snacks,1,1800,1800
2078,2026/06/12, Tienda Mall , Agua mineral ,BEBIDAS,,900,2700
2078,12/6/2026,Tienda Mall,Cloro,LIMPIEZA,2,1400,2800
2078,12/6/2026,Tienda Mall,Pañales,bebé,2,8000,16000
2079,2026-05-21,Tienda Norte,Galletas,Snacks,2,1000,2000
2079,21-5-2026,Tienda Norte, Jugo naranja ,Bebidas,2,1600,3200
2080,2026/06/29,Tienda Mall,Cerveza,Alcohol,1,3500,3500
2080,29-6-2026,Tienda Mall, Maní ,Snacks,1,1200,1200
2080,2026-06-29,Tienda Mall, Pañales ,Bebé,2,8000,16000
2080,29-6-2026, Tienda Mall ,Toallitas húmedas,Bebé,1,2200,2200
2081,2026/05/30,Tienda Sur,Cloro,Limpieza,1,1400,1400
2082,2026-06-22,Tienda Norte  ,Cloro,Limpieza,1,1400,1400
2082,2026/06/22,Tienda Norte,Detergente,Limpieza,1,5500,5500
2083,2026-06-19,Tienda Sur,Azúcar,Café/Té,1,1300,1300
2083,2026/06/19,Tienda Sur,Café,café/té,1,4000,4000
2084,2026-06-09,Tienda Centro,  Papas fritas,Snacks,1,1800,1800
2084,2026-06-09,Tienda Centro,Vino tinto  ,Alcohol,1,5000,5000
2085,24/5/2026,Tienda Sur,  Mantequilla,Lácteos,,2500,2500
2085,2026-05-24,Tienda Sur,Yogurt,lácteos,1,800,800
2086,1/7/2026, Tienda Mall ,Mantequilla,Lácteos,,2500,5000
2086,2026-07-01,Tienda Mall,Pañales  ,Bebé,1,8000,8000
2086,1-7-2026,Tienda Mall,Toallitas húmedas,Bebé,1,2200,2200
2087,2026/07/19,Tienda Norte,Jugo naranja,Bebidas,1,1600,1600
2087,2026-07-19,Tienda Norte,  Toallitas húmedas,Bebé,3,2200,6600
2087,19-7-2026,Tienda Norte,Yogurt,Lácteos,1,800,800
2088,2026-07-08,Tienda Centro,Agua mineral,Bebidas,1,900,900
2088,2026-07-08,Tienda Centro  ,Toallitas húmedas,Bebé,1,2200,2200
2089,30-07-2026,Tienda Sur,Queso,lácteos,2,4500,9000
2090,2026-06-18,Tienda Centro,Pañales,bebé,2,8000,16000
2090,2026-06-18,Tienda Centro,Toallitas húmedas,Bebé,1,2200,2200
2091,2026-08-11,Tienda Centro,Mantequilla,Lácteos,1,2500,2500
2092,12/6/2026,Tienda Centro,Jugo naranja,Bebidas,2,1600,3200
2092,2026-06-12,Tienda Centro,Té,CAFÉ/TÉ,2,2500,5000
2093,2026-07-28,Tienda Norte, Azúcar ,café/té,1,1300,1300
2093,2026-07-28,Tienda Norte,Café,Café/Té,2,4000,8000
2093,28-7-2026,Tienda Norte,Galletas,SNACKS,1,1000,1000
2093,2026-07-28, Tienda Norte ,Maní,Snacks,1,1200,1200
2094,2026/07/31,Tienda Centro,Jugo naranja,Bebidas,2,1600,3200
2094,2026-07-31,Tienda Centro,Mantequilla,lácteos,1,2500,2500
2095,2026/05/26,  Tienda Mall,Té,café/té,1,2500,2500
2096,2026-08-10,Tienda Mall,Azúcar,Café/Té,1,1300,1300
2096,10-08-2026,Tienda Mall,Cerveza,Alcohol,3,3500,10500
2096,2026-08-10,  Tienda Mall,Maní,Snacks,1,1200,1200
2096,2026-08-10,Tienda Mall, Té ,Café/Té,1,2500,2500
2097,2026/06/05,  Tienda Mall,Cloro,limpieza,1,1400,1400
2097,2026-06-05,Tienda Mall,Jugo naranja,BEBIDAS,1,1600,1600
2097,5/6/2026,Tienda Mall,Queso,Lácteos,2,4500,9000
2098,2026-07-15,Tienda Norte,Queso,Lácteos,1,4500,4500
2099,2026-06-29,Tienda Centro,Yogurt  ,LÁCTEOS,1,800,800
2100,2026-07-28,Tienda Norte,Café,Café/Té,1,4000,4000
2100,2026-07-28,Tienda Norte,Jugo naranja,Bebidas,2,1600,3200
2100,2026-07-28,Tienda Norte  ,Leche,Lácteos,,1200,2400
2101,01-06-2026,Tienda Mall, Galletas ,snacks,1,1000,1000
2101,2026/06/01, Tienda Mall ,Mantequilla  ,LÁCTEOS,1,2500,2500
2101,2026-06-01,Tienda Mall,Maní,Snacks,1,1200,1200
2102,2/8/2026,Tienda Centro,Azúcar,Café/Té,1,1300,1300
2102,2026/08/02,Tienda Centro,Esponjas,Limpieza,1,1200,1200
2102,2026-08-02,Tienda Centro,Queso,Lácteos,2,4500,9000
2102,2026-08-02,Tienda Centro,Té,Café/Té,1,2500,2500
2103,2026-05-23,Tienda Norte,Pan hallulla,PANADERÍA,2,1500,3000
2103,23-5-2026,Tienda Norte  , Pan molde ,Panadería,1,1800,1800
2103,2026-05-23,Tienda Norte,Queso,LÁCTEOS,1,4500,4500
2103,23-5-2026,Tienda Norte,  Vino tinto,Alcohol,1,5000,5000
2104,2026-06-12,Tienda Sur,Azúcar,Café/Té,1,1300,1300
2104,2026/06/12, Tienda Sur ,Bebida cola  ,Bebidas,1,1500,1500
2104,2026-06-12,Tienda Sur  , Papas fritas ,SNACKS,3,1800,5400
2104,2026/06/12,Tienda Sur,Té,Café/Té,2,2500,5000
2105,7/8/2026,Tienda Norte,Pan hallulla,Panadería,1,1500,1500
2105,7/8/2026,Tienda Norte,Pañales,Bebé,1,8000,8000
2105,2026-08-07,Tienda Norte,Queso,Lácteos,1,4500,4500
2105,07-08-2026,Tienda Norte,Toallitas húmedas  ,BEBÉ,1,2200,2200
2106,2026-07-31, Tienda Norte ,Papas fritas  ,Snacks,2,1800,3600
2106,2026-07-31,Tienda Norte, Toallitas húmedas ,bebé,1,2200,2200
2106,2026-07-31,Tienda Norte,Té,Café/Té,2,2500,5000
2107,2026-07-12,Tienda Centro,Detergente,Limpieza,2,5500,11000
2107,12/7/2026,Tienda Centro,Leche,Lácteos,2,1200,2400
2108,11-7-2026,Tienda Norte,Bebida cola,Bebidas,1,1500,1500
2108,2026-07-11,  Tienda Norte, Leche ,Lácteos,2,1200,2400
2109,21/5/2026,Tienda Centro,Cloro,Limpieza,1,1400,1400
2110,2026-06-10,Tienda Norte,Esponjas,Limpieza,1,1200,1200
2110,2026-06-10,Tienda Norte,Leche,lácteos,,1200,2400
2110,10/6/2026,  Tienda Norte,Mantequilla,Lácteos,2,2500,5000
2110,2026-06-10,Tienda Norte,Toallitas húmedas,Bebé,,2200,2200
2111,13/6/2026,Tienda Mall,Azúcar,Café/Té,2,1300,2600
2111,2026-06-13,Tienda Mall,Café,Café/Té,1,4000,4000
2111,2026-06-13,Tienda Mall,Croissant  ,Panadería,,900,1800
2111,2026/06/13,Tienda Mall,  Té,CAFÉ/TÉ,1,2500,2500
2112,2026-06-02,  Tienda Centro,Cloro,LIMPIEZA,3,1400,4200
2112,02-06-2026,Tienda Centro,Detergente,Limpieza,1,5500,5500
2112,2026-06-02,Tienda Centro  ,Vino tinto  ,alcohol,2,5000,10000
2113,2026-06-24,Tienda Norte,Galletas  ,Snacks,1,1000,1000
2113,2026-06-24,Tienda Norte,Mantequilla,lácteos,3,2500,7500
2113,2026/06/24,Tienda Norte,Toallitas húmedas,Bebé,1,2200,2200
2114,2026/07/24,Tienda Centro,Maní,Snacks,1,1200,1200
2114,2026-07-24, Tienda Centro ,Pañales,Bebé,1,8000,8000
2114,2026-07-24,Tienda Centro,Toallitas húmedas,Bebé,1,2200,2200
2115,2026-07-23,Tienda Norte,Esponjas,Limpieza,1,1200,1200
2115,23-7-2026,Tienda Norte,Mantequilla,Lácteos,2,2500,5000
2115,2026-07-23,  Tienda Norte,Pan molde,Panadería,1,1800,1800
2116,11-06-2026,Tienda Sur, Leche ,Lácteos,1,1200,1200
2116,11-06-2026,Tienda Sur,Mantequilla,lácteos,1,2500,2500
2117,2026-08-07,Tienda Norte,Bebida cola,Bebidas,1,1500,1500
2117,2026/08/07,Tienda Norte,Papas fritas,Snacks,1,1800,1800
2117,2026-08-07,Tienda Norte,Toallitas húmedas,Bebé,2,2200,4400
2118,2026-06-28,Tienda Norte,Mantequilla,Lácteos,1,2500,2500
2118,28-6-2026, Tienda Norte ,Pan molde,Panadería,1,1800,1800
2118,2026-06-28, Tienda Norte ,Toallitas húmedas,bebé,1,2200,2200
2119,28-06-2026,Tienda Centro,Papas fritas,snacks,1,1800,1800
2119,28-6-2026,Tienda Centro,Pañales,Bebé,1,8000,8000
2119,2026-06-28,Tienda Centro,Toallitas húmedas,Bebé,1,2200,2200
2120,16-08-2026,Tienda Mall,Cloro,LIMPIEZA,1,1400,1400
2120,16/8/2026,Tienda Mall  ,Vino tinto  ,Alcohol,1,5000,5000
2121,30-05-2026,Tienda Norte  ,Azúcar,Café/Té,1,1300,1300
2121,2026-05-30,Tienda Norte  ,Jugo naranja,Bebidas,2,1600,3200
2121,2026-05-30,Tienda Norte,Leche,Lácteos,1,1200,1200
2121,2026-05-30,Tienda Norte,Té,Café/Té,1,2500,2500
2122,2026-06-16,  Tienda Mall,Azúcar,Café/Té,1,1300,1300
2122,16-6-2026,Tienda Mall  ,Leche,Lácteos,1,1200,1200
2122,16/6/2026,Tienda Mall,Papas fritas  ,Snacks,1,1800,1800
2123,2026-06-27, Tienda Sur ,Toallitas húmedas,Bebé,1,2200,2200
2124,2026-08-10,  Tienda Mall,Cerveza,Alcohol,1,3500,3500
2124,10/8/2026,Tienda Mall,Leche,Lácteos,1,1200,1200
2124,10-8-2026,Tienda Mall,Yogurt,Lácteos,1,800,800
2125,2026/07/10,Tienda Mall  ,  Mantequilla,Lácteos,1,2500,2500
2125,2026/07/10,Tienda Mall,Pan hallulla,panadería,2,1500,3000
2125,2026-07-10,Tienda Mall,Toallitas húmedas,Bebé,1,2200,2200
2126,2026-06-03,Tienda Norte,Azúcar,Café/Té,1,1300,1300
2127,14/6/2026,Tienda Centro,Cloro  ,Limpieza,2,1400,2800
2127,2026/06/14,Tienda Centro,Jugo naranja,BEBIDAS,1,1600,1600
2128,2026-08-08,Tienda Mall,Azúcar,Café/Té,1,1300,1300
2128,2026-08-08,Tienda Mall  ,Leche,Lácteos,3,1200,3600
2129,2026-06-20,Tienda Centro,Galletas,Snacks,2,1000,2000
2130,2026-05-22, Tienda Centro ,Pan hallulla,panadería,2,1500,3000
2131,11-7-2026,Tienda Centro,Toallitas húmedas,Bebé,1,2200,2200
2131,2026-07-11,  Tienda Centro,Vino tinto,Alcohol,3,5000,15000
2132,2026/07/05,Tienda Mall,  Agua mineral,Bebidas,2,900,1800
2132,2026-07-05,Tienda Mall  ,Azúcar,Café/Té,1,1300,1300
2133,16/7/2026,  Tienda Sur,Pan hallulla,Panadería,,1500,1500
2133,16-7-2026,Tienda Sur,Pañales  ,Bebé,1,8000,8000
2133,16/7/2026, Tienda Sur ,Queso,Lácteos,1,4500,4500
2133,16-07-2026, Tienda Sur ,Toallitas húmedas,Bebé,1,2200,2200
2134,2026-05-25,Tienda Centro,Queso  ,Lácteos,1,4500,4500
2135,17-08-2026,Tienda Centro,Agua mineral  ,Bebidas,2,900,1800
2136,28/6/2026,Tienda Sur,Toallitas húmedas,bebé,3,2200,6600
2137,2026-07-10,Tienda Mall, Cerveza ,Alcohol,2,3500,7000
2137,10/7/2026,Tienda Mall,Maní,SNACKS,1,1200,1200
2137,2026-07-10, Tienda Mall ,Papas fritas,Snacks,1,1800,1800
2138,2026-05-25,Tienda Mall,Mantequilla,LÁCTEOS,1,2500,2500
2139,2026-07-04, Tienda Mall ,Cerveza,Alcohol,2,3500,7000
2139,2026-07-04,Tienda Mall,Mantequilla,Lácteos,1,2500,2500
2139,4/7/2026,Tienda Mall,Maní,SNACKS,1,1200,1200
2140,2026-06-20,Tienda Norte,Cloro,Limpieza,1,1400,1400
2140,2026-06-20,Tienda Norte,Detergente,limpieza,2,5500,11000
2140,20-6-2026,Tienda Norte,Esponjas,Limpieza,1,1200,1200
2140,2026-06-20,Tienda Norte,  Galletas,Snacks,1,1000,1000
2140,2026-06-20,Tienda Norte,Jugo naranja,Bebidas,2,1600,3200
2141,2026-07-07,Tienda Norte,Cerveza,ALCOHOL,1,3500,3500
2141,2026-07-07, Tienda Norte ,Leche,Lácteos,1,1200,1200
2141,07-07-2026,Tienda Norte,Yogurt,LÁCTEOS,1,800,800
2142,2026/05/31,Tienda Norte,Queso,Lácteos,2,4500,9000
2142,2026-05-31,Tienda Norte,Vino tinto,ALCOHOL,2,5000,10.000
2143,2026-08-05,Tienda Centro,Bebida cola,BEBIDAS,1,1500,1500
2144,2026-06-01,Tienda Centro,  Azúcar,café/té,1,1300,1300
2144,1/6/2026,Tienda Centro,Bebida cola,bebidas,1,1500,1500
2144,1-6-2026,Tienda Centro,Café,Café/Té,1,4000,4000
2144,01-06-2026,Tienda Centro  , Detergente ,Limpieza,1,5500,5500
2144,2026-06-01,Tienda Centro, Mantequilla ,Lácteos,1,2500,2500
2145,2026-07-30,Tienda Sur,Cerveza,Alcohol,2,3500,7000
2145,2026-07-30,  Tienda Sur,Pañales,Bebé,1,8000,8000
2145,30/7/2026,Tienda Sur, Toallitas húmedas ,Bebé,2,2200,4400
2146,2-6-2026,Tienda Mall  ,Azúcar,Café/Té,1,1300,1300
2146,2026-06-02,Tienda Mall,Té,Café/Té,1,2500,2500
2147,29-05-2026,Tienda Centro,Mantequilla,Lácteos,1,2500,2500
2147,29-5-2026,Tienda Centro,Pan hallulla,Panadería,1,1500,1500
2147,29-5-2026,Tienda Centro,Té,café/té,1,2500,2500
2148,2026-07-20, Tienda Norte ,Cloro,Limpieza,2,1400,2800
2148,20-7-2026,Tienda Norte,Detergente  ,Limpieza,2,5500,11000
2148,2026/07/20,Tienda Norte,Queso,Lácteos,1,4500,4500
2148,20-7-2026,Tienda Norte,Vino tinto,alcohol,2,5000,10.000
2149,19-7-2026,Tienda Centro,Esponjas,Limpieza,2,1200,2400
2149,19/7/2026,Tienda Centro,Jugo naranja  ,BEBIDAS,1,1600,1600
2150,2026-06-15,  Tienda Sur,Queso,Lácteos,1,4500,4500
2150,15/6/2026,Tienda Sur,Toallitas húmedas,Bebé,1,2200,2200
2151,2026/07/25, Tienda Centro ,  Azúcar,Café/Té,1,1300,1300
2151,2026-07-25,Tienda Centro, Leche ,Lácteos,2,1200,2400
2151,2026-07-25,Tienda Centro,Té,café/té,1,2500,2500
2152,2026/06/20,  Tienda Norte,Azúcar,CAFÉ/TÉ,2,1300,2600
2152,20/6/2026,Tienda Norte,Pan hallulla,Panadería,1,1500,1500
2152,2026-06-20,Tienda Norte,Queso,Lácteos,2,4500,9000
2152,2026-06-20,Tienda Norte,Té,Café/Té,1,2500,2500
2153,20-7-2026,Tienda Norte,Azúcar,Café/Té,1,1300,1300
2154,2026/06/30,Tienda Centro,Galletas,SNACKS,1,1000,1000
2154,30-06-2026,Tienda Centro,Leche  ,Lácteos,1,1200,1200
2155,2026-08-13,Tienda Norte,Azúcar,Café/Té,2,1300,2600
2155,13-08-2026,Tienda Norte,Bebida cola,Bebidas,1,1500,1500
2155,2026-08-13,Tienda Norte,Café,Café/Té,2,4000,8000
2155,2026-08-13,Tienda Norte,Pan hallulla  ,Panadería,1,1500,1500
2155,13-8-2026,Tienda Norte,  Papas fritas,Snacks,1,1800,1800
2155,2026-08-13,Tienda Norte  , Queso ,Lácteos,1,4500,4500
2155,2026-08-13,Tienda Norte  ,Té,Café/Té,2,2500,5000
2156,2026-08-04,Tienda Centro,Bebida cola,Bebidas,1,1500,1500
2156,2026-08-04,  Tienda Centro, Mantequilla ,Lácteos,2,2500,5000
2156,2026-08-04,Tienda Centro,Papas fritas,SNACKS,1,1800,1800
2156,2026/08/04, Tienda Centro ,Queso,Lácteos,1,4500,4500
2157,2026-07-03,Tienda Centro, Esponjas ,limpieza,1,1200,1200
2157,03-07-2026,Tienda Centro, Mantequilla ,Lácteos,1,2500,2500
2157,2026-07-03,Tienda Centro,Pan molde,Panadería,2,1800,3600
2157,2026-07-03,Tienda Centro,  Pañales,Bebé,2,8000,16000
2157,3/7/2026,Tienda Centro,Queso,Lácteos,1,4500,4500
2157,2026-07-03,Tienda Centro,Toallitas húmedas,Bebé,1,2200,2200
2158,2026-06-02, Tienda Centro , Cloro ,Limpieza,1,1400,1400
2158,2026-06-02,Tienda Centro,Maní,Snacks,2,1200,2400
2159,2026-06-11,Tienda Sur, Jugo naranja ,Bebidas,3,1600,4800
2159,2026-06-11,Tienda Sur,Té,Café/Té,2,2500,5000
2160,07-08-2026, Tienda Mall ,Galletas,SNACKS,1,1000,1000
2160,07-08-2026,Tienda Mall,Yogurt,Lácteos,2,800,1600
2161,2026-07-22,  Tienda Sur,Azúcar,Café/Té,1,1300,1300
2161,2026-07-22,Tienda Sur,Pañales,BEBÉ,1,8000,8000
2161,22-07-2026,Tienda Sur,  Toallitas húmedas,Bebé,2,2200,4400
2161,2026/07/22,Tienda Sur,Té,Café/Té,1,2500,2500
2161,22-07-2026,Tienda Sur,Vino tinto  ,Alcohol,1,5000,5000
2162,13-8-2026,Tienda Centro,Azúcar,Café/Té,1,1300,1300
2162,2026-08-13,Tienda Centro,Jugo naranja,Bebidas,2,1600,3200
2162,2026/08/13,Tienda Centro,Té,CAFÉ/TÉ,2,2500,5000
2163,2026/07/19,Tienda Centro, Agua mineral ,Bebidas,2,900,1800
2163,19-7-2026,Tienda Centro  ,Jugo naranja,Bebidas,1,1600,1600
2163,2026/07/19,Tienda Centro  ,  Pañales,Bebé,1,8000,8000
2163,19/7/2026,Tienda Centro,Té,Café/Té,2,2500,5000
2164,2026-07-26,Tienda Mall,Croissant  ,Panadería,1,900,900
2164,2026/07/26,Tienda Mall,Leche,lácteos,1,1200,1200
2164,2026-07-26,Tienda Mall,  Queso,Lácteos,1,4500,4500
2164,26-07-2026,Tienda Mall,Yogurt  ,LÁCTEOS,2,800,1600
2165,28-7-2026,Tienda Centro,Bebida cola,Bebidas,1,1500,1500
2165,2026-07-28,Tienda Centro,Pañales,bebé,2,8000,16000
2165,2026/07/28,Tienda Centro  ,Toallitas húmedas,BEBÉ,1,2200,2200
2166,2026-05-23,Tienda Norte,Galletas,Snacks,1,1000,1000
2166,2026-05-23,Tienda Norte,Mantequilla,Lácteos,1,2500,2500
2166,2026/05/23,Tienda Norte,Pan hallulla,Panadería,2,1500,3000
2166,23-5-2026,Tienda Norte, Pañales ,Bebé,1,8000,8000
2166,2026-05-23,Tienda Norte,Queso,lácteos,2,4500,9000
2167,2026-06-30,  Tienda Centro,Cloro,limpieza,1,1400,1400
2167,2026-06-30,Tienda Centro,Galletas  ,Snacks,2,1000,2000
2167,30-06-2026,Tienda Centro,Mantequilla  ,lácteos,1,2500,2500
2167,2026-06-30,Tienda Centro,Pan molde,Panadería,1,1800,1800
2167,2026-06-30,Tienda Centro,Queso,Lácteos,2,4500,9000
2168,2026/05/31, Tienda Centro ,Azúcar,Café/Té,2,1300,2600
2168,2026-05-31,Tienda Centro,Mantequilla,LÁCTEOS,,2500,7500
2169,29-06-2026,Tienda Norte,Cerveza,Alcohol,1,3500,3500
2169,29-6-2026,Tienda Norte  ,Leche,Lácteos,1,1200,1200
2169,2026-06-29,Tienda Norte,Papas fritas,snacks,1,1800,1800
2169,29-06-2026,Tienda Norte,Queso,Lácteos,1,4500,4500
2169,29/6/2026,Tienda Norte,Vino tinto  ,alcohol,1,5000,5000
2170,5/6/2026,Tienda Centro,Mantequilla,LÁCTEOS,1,2500,2500
2170,2026-06-05,Tienda Centro,Pan hallulla,PANADERÍA,,1500,1500
2171,2026-07-03,Tienda Mall,Mantequilla,Lácteos,2,2500,5000
2171,3-7-2026,Tienda Mall, Papas fritas ,Snacks,1,1800,1800
2172,2026-08-17,Tienda Sur,Papas fritas,Snacks,1,1800,1800
2172,17-8-2026,Tienda Sur,Toallitas húmedas,BEBÉ,1,2200,2200
2173,20-06-2026,Tienda Centro,Azúcar  ,Café/Té,1,1300,1300
2173,2026-06-20,Tienda Centro,Cerveza,Alcohol,1,3500,3500
2173,20-06-2026,Tienda Centro,Cloro,Limpieza,1,1400,1400
2173,2026/06/20,Tienda Centro,  Detergente,Limpieza,1,5500,5500
2174,2026-06-01, Tienda Sur , Bebida cola ,Bebidas,2,1500,3000
2174,2026-06-01,Tienda Sur,  Cerveza,Alcohol,1,3500,3500
2174,01-06-2026,  Tienda Sur,Papas fritas,Snacks,1,1800,1800
2174,1/6/2026,  Tienda Sur,Pañales,Bebé,1,8000,8000
2174,2026-06-01,Tienda Sur,Toallitas húmedas,bebé,1,2200,2200
2175,2026-05-26,Tienda Norte, Azúcar ,Café/Té,1,1300,1300
2175,26-5-2026,Tienda Norte,Bebida cola,Bebidas,2,1500,3000
2175,2026-05-26,Tienda Norte,Café,Café/Té,1,4000,4000
2175,26-5-2026,Tienda Norte,Yogurt,lácteos,1,800,800
2176,21-06-2026,  Tienda Sur,Croissant  ,Panadería,1,900,900
2177,22/6/2026,Tienda Sur,Esponjas  ,Limpieza,1,1200,1200
2178,2026/05/30,Tienda Centro,Esponjas,LIMPIEZA,3,1200,3600
2178,2026-05-30, Tienda Centro , Galletas ,Snacks,1,1000,1000
2178,2026/05/30,Tienda Centro  ,Toallitas húmedas,Bebé,2,2200,4400
2179,02-07-2026,  Tienda Sur,Agua mineral,Bebidas,1,900,900
2179,2026-07-02,Tienda Sur,Pan hallulla,Panadería,1,1500,1500
2180,2026-07-29,Tienda Centro,Queso,Lácteos,1,4500,4500
2181,2026/06/08,Tienda Mall  ,Mantequilla,lácteos,3,2500,7500
2181,2026-06-08,Tienda Mall,Maní  ,snacks,1,1200,1200
2182,03-06-2026,Tienda Sur,Agua mineral,Bebidas,1,900,900
2182,3-6-2026,Tienda Sur,Cloro  ,LIMPIEZA,2,1400,2800
2182,2026-06-03, Tienda Sur ,Galletas,Snacks,1,1000,1000
2183,30/6/2026,  Tienda Norte,Azúcar,CAFÉ/TÉ,2,1300,2600
2183,2026/06/30,Tienda Norte,Café,Café/Té,1,4000,4000
2183,2026-06-30,Tienda Norte  ,  Maní,Snacks,1,1200,1200
2183,2026-06-30,Tienda Norte,Pan hallulla,Panadería,1,1500,1500
2183,30/6/2026,Tienda Norte  , Pañales ,Bebé,2,8000,16000
2183,30-06-2026, Tienda Norte , Toallitas húmedas ,bebé,3,2200,6600
2184,2026-07-25,Tienda Mall,Cerveza,Alcohol,1,3500,3500
2184,2026-07-25,Tienda Mall,Leche  ,Lácteos,2,1200,2400
2184,2026/07/25,Tienda Mall,Papas fritas  ,Snacks,1,1800,1800
2184,2026/07/25,Tienda Mall,Vino tinto,Alcohol,2,5000,10.000
2185,05-06-2026,Tienda Mall,Pan molde,Panadería,1,1800,1800
2185,5/6/2026,  Tienda Mall,Queso,Lácteos,1,4500,4500
2186,5-6-2026, Tienda Centro ,Agua mineral,Bebidas,1,900,900
2186,2026/06/05,Tienda Centro,Mantequilla,Lácteos,1,2500,2500
2186,05-06-2026,Tienda Centro,Pan hallulla,Panadería,1,1500,1500
2186,2026/06/05, Tienda Centro ,Queso,Lácteos,1,4500,4500
2187,2026-07-30,Tienda Mall, Azúcar ,Café/Té,1,1300,1300
2187,2026-07-30,Tienda Mall, Queso ,Lácteos,2,4500,9000
2187,30-07-2026,Tienda Mall,Té,Café/Té,1,2500,2500
2187,2026/07/30,Tienda Mall,Vino tinto,Alcohol,2,5000,10000
2188,2026-06-02,Tienda Norte,Leche,Lácteos,1,1200,1200
2188,2026-06-02,Tienda Norte,Pan molde,Panadería,1,1800,1800
2188,02-06-2026,Tienda Norte  ,Queso,Lácteos,1,4500,4500
2188,2026-06-02,Tienda Norte  , Toallitas húmedas ,Bebé,1,2200,2200
2189,2026-07-29,Tienda Norte,Agua mineral,Bebidas,3,900,2700
2189,29/7/2026,Tienda Norte,Vino tinto,Alcohol,3,5000,15000
2190,29/5/2026,Tienda Norte,Bebida cola,bebidas,1,1500,1500
2190,2026-05-29,Tienda Norte,  Croissant,PANADERÍA,1,900,900
2190,2026/05/29,Tienda Norte,Papas fritas,Snacks,1,1800,1800
2190,2026-05-29,  Tienda Norte,Toallitas húmedas  ,Bebé,1,2200,2200
2191,2026-06-25,Tienda Centro,Esponjas,limpieza,1,1200,1200
2192,17/8/2026,  Tienda Sur,Queso,Lácteos,1,4500,4500
2193,07-07-2026,Tienda Norte  ,Croissant,Panadería,,900,2700
2193,2026-07-07, Tienda Norte ,Detergente,Limpieza,1,5500,5500
2193,2026/07/07,Tienda Norte  ,Mantequilla,Lácteos,1,2500,2500
2193,07-07-2026,  Tienda Norte,Pan hallulla,Panadería,3,1500,4500
2194,2026/05/24,Tienda Mall, Papas fritas ,SNACKS,3,1800,5400
2195,2026-08-02,  Tienda Mall,Queso,LÁCTEOS,1,4500,4500
2195,2026-08-02,Tienda Mall,Vino tinto,alcohol,1,5000,5000
2195,2/8/2026,Tienda Mall,Yogurt,Lácteos,1,800,800
2196,2026-06-27,Tienda Centro,Detergente,Limpieza,1,5500,5500
2196,2026-06-27,Tienda Centro,Esponjas,Limpieza,1,1200,1200
2197,8-8-2026,Tienda Centro,Jugo naranja,Bebidas,1,1600,1600
2198,15-7-2026,Tienda Centro,Azúcar,Café/Té,1,1300,1300
2198,2026/07/15,Tienda Centro,Café,Café/Té,3,4000,12000
2198,15/7/2026,Tienda Centro,Mantequilla,lácteos,2,2500,5000
2198,15-07-2026,Tienda Centro,Pan hallulla,Panadería,1,1500,1500
2198,15/7/2026,Tienda Centro,Queso,Lácteos,1,4500,4500
2199,2026-06-20,  Tienda Mall,Croissant,Panadería,1,900,900
2199,2026-06-20,Tienda Mall,Mantequilla,Lácteos,1,2500,2500
2199,2026/06/20,Tienda Mall,Maní,Snacks,3,1200,3600
2200,3-8-2026,Tienda Centro,Galletas,snacks,1,1000,1000
2201,2026-06-30,Tienda Centro,  Azúcar,Café/Té,2,1300,2600
2201,2026-06-30,Tienda Centro,Café,Café/Té,3,4000,12000
2202,2026-05-24,Tienda Mall,  Croissant,panadería,1,900,900
2202,2026/05/24,  Tienda Mall,Galletas  ,Snacks,2,1000,2000
2203,12/8/2026,Tienda Mall,  Croissant,Panadería,1,900,900
2204,2026-07-29,Tienda Mall  ,Café,Café/Té,1,4000,4000
2204,2026-07-29,Tienda Mall,Té,CAFÉ/TÉ,1,2500,2500
2205,2026-06-22,Tienda Sur,Agua mineral,Bebidas,2,900,1800
2205,22/6/2026,Tienda Sur,  Esponjas,limpieza,3,1200,3600
2205,22/6/2026,Tienda Sur,Maní  ,Snacks,1,1200,1200
2206,2026-06-11,Tienda Centro,  Galletas,Snacks,1,1000,1000
2206,11-6-2026,Tienda Centro, Mantequilla ,Lácteos,3,2500,7500
2206,2026-06-11,Tienda Centro  ,Pan molde,Panadería,2,1800,3600
2206,2026/06/11,Tienda Centro  ,Queso,Lácteos,2,4500,9000
2207,27/6/2026,Tienda Norte,Mantequilla,Lácteos,1,2500,2500
2208,2026/07/10,Tienda Centro  ,Yogurt,Lácteos,1,800,800
2209,2026/08/04,Tienda Sur  ,Cloro,Limpieza,2,1400,2800
2209,4-8-2026,Tienda Sur,Mantequilla,Lácteos,2,2500,5000
2209,4-8-2026,Tienda Sur,Pan molde,PANADERÍA,1,1800,1800
2209,2026-08-04,Tienda Sur,Queso,Lácteos,1,4500,4500
2210,2026-08-07,Tienda Centro  ,Maní,Snacks,1,1200,1200
2210,7-8-2026,Tienda Centro,Yogurt,Lácteos,1,800,800
2211,2-6-2026,Tienda Norte  ,Café,CAFÉ/TÉ,3,4000,12.000
2211,2/6/2026,Tienda Norte,Croissant,Panadería,1,900,900
2211,2026-06-02, Tienda Norte ,Detergente,Limpieza,3,5500,16500
2211,2026-06-02,Tienda Norte,Galletas,Snacks,2,1000,2000
2211,2026-06-02,Tienda Norte,Maní,snacks,1,1200,1200
2212,2026-07-29,Tienda Sur,  Mantequilla,lácteos,1,2500,2500
2212,29/7/2026,Tienda Sur,Pan hallulla,Panadería,1,1500,1500
2212,2026-07-29,Tienda Sur,Queso,Lácteos,3,4500,13.500
2213,03-08-2026,Tienda Centro,Maní,Snacks,1,1200,1200
2214,11-7-2026,Tienda Sur, Agua mineral ,Bebidas,1,900,900
2214,11-7-2026,Tienda Sur,Azúcar,Café/Té,1,1300,1300
2214,2026/07/11,Tienda Sur,  Maní,Snacks,2,1200,2400
2215,2026/07/25,Tienda Mall,Galletas,Snacks,1,1000,1000
2216,28/5/2026,Tienda Centro,Agua mineral,Bebidas,1,900,900
2216,2026-05-28,  Tienda Centro,Jugo naranja,Bebidas,,1600,1600
2217,19/6/2026,Tienda Mall,Azúcar  ,Café/Té,1,1300,1300
2217,19-6-2026,Tienda Mall  ,Cerveza,Alcohol,2,3500,7000
2217,2026-06-19,Tienda Mall,Croissant,Panadería,1,900,900
2217,2026-06-19, Tienda Mall ,  Pañales,Bebé,1,8000,8000
2217,2026-06-19,Tienda Mall,Toallitas húmedas,BEBÉ,1,2200,2200
2218,2026-07-11,Tienda Norte,Detergente,LIMPIEZA,3,5500,16500
2218,11/7/2026,Tienda Norte  ,Mantequilla,Lácteos,1,2500,2500
2219,24-6-2026,Tienda Mall,Azúcar,Café/Té,1,1300,1300
2219,24/6/2026,Tienda Mall,Mantequilla,lácteos,1,2500,2500
2219,2026-06-24,Tienda Mall,Pan hallulla,Panadería,1,1500,1500
2219,24-06-2026,Tienda Mall,Té  ,café/té,2,2500,5000
2220,22/5/2026,Tienda Norte,Yogurt  ,Lácteos,1,800,800
2221,2026-07-22,Tienda Norte,Cerveza,Alcohol,1,3500,3500
2221,22/7/2026,  Tienda Norte,Pan molde,panadería,2,1800,3600
2221,2026/07/22,Tienda Norte,Papas fritas,SNACKS,2,1800,3600
2221,2026-07-22,Tienda Norte,Queso,Lácteos,3,4500,13500
2221,2026-07-22, Tienda Norte , Vino tinto ,Alcohol,1,5000,5000
2222,2026-08-04,Tienda Centro,Pan molde,Panadería,1,1800,1800
2222,2026-08-04,Tienda Centro,Pañales,Bebé,1,8000,8000
2222,2026-08-04,Tienda Centro,  Queso,Lácteos,2,4500,9000
2222,4/8/2026,Tienda Centro,Toallitas húmedas  ,Bebé,1,2200,2200
2222,4/8/2026,Tienda Centro,Té,Café/Té,1,2500,2500
2223,9/8/2026,Tienda Norte,  Azúcar,café/té,2,1300,2600
2223,9/8/2026,Tienda Norte  ,Café  ,Café/Té,1,4000,4000
2223,2026-08-09,Tienda Norte, Cloro ,Limpieza,3,1400,4200
2223,2026-08-09,Tienda Norte,Mantequilla,Lácteos,1,2500,2500
2224,18/7/2026,Tienda Centro,Azúcar,Café/Té,3,1300,3900
2224,2026/07/18,Tienda Centro,Cerveza,Alcohol,3,3500,10500
2224,2026-07-18, Tienda Centro ,Papas fritas,Snacks,2,1800,3600
2225,2026-07-30,Tienda Mall,Agua mineral,BEBIDAS,1,900,900
2225,30-7-2026,Tienda Mall  ,Papas fritas,Snacks,1,1800,1800
2226,2026/08/05,Tienda Sur,Bebida cola,BEBIDAS,2,1500,3000
2226,2026-08-05,Tienda Sur,Leche,Lácteos,1,1200,1200
2226,2026-08-05,Tienda Sur,Maní,Snacks,1,1200,1200
2227,2026/06/02,Tienda Centro,Cloro,limpieza,1,1400,1400
2227,2/6/2026,Tienda Centro,Toallitas húmedas,Bebé,1,2200,2200
2228,2026/06/23,Tienda Sur  ,Cerveza,Alcohol,1,3500,3500
2228,23-06-2026,Tienda Sur,Jugo naranja,Bebidas,2,1600,3200
2228,2026/06/23,Tienda Sur,Pañales  ,bebé,1,8000,8000
2228,23/6/2026,Tienda Sur,Toallitas húmedas,Bebé,1,2200,2200
2229,16-06-2026,Tienda Sur,  Agua mineral,Bebidas,1,900,900
2229,2026-06-16,Tienda Sur,Mantequilla,lácteos,1,2500,2500
2229,16-06-2026, Tienda Sur , Maní ,Snacks,1,1200,1200
2229,2026-06-16,Tienda Sur,Pan molde,PANADERÍA,2,1800,3600
2230,2026-06-24,Tienda Mall,Esponjas,Limpieza,1,1200,1200
2230,2026-06-24,Tienda Mall,Mantequilla,lácteos,1,2500,2500
2231,2026-06-07,Tienda Sur,Esponjas,Limpieza,1,1200,1200
2231,2026-06-07,Tienda Sur,Mantequilla,Lácteos,1,2500,2500
2231,2026-06-07,Tienda Sur,  Pan molde,Panadería,1,1800,1800
2232,2026-06-18,Tienda Mall,Jugo naranja,BEBIDAS,1,1600,1600
2232,2026-06-18,Tienda Mall,Mantequilla,Lácteos,1,2500,2500
2232,2026/06/18,Tienda Mall,Pan molde,PANADERÍA,1,1800,1800
2233,29-5-2026,  Tienda Mall,  Cerveza,Alcohol,1,3500,3500
2233,2026-05-29,Tienda Mall,Mantequilla,Lácteos,3,2500,7500
2233,29/5/2026,Tienda Mall,Papas fritas,Snacks,1,1800,1800
2234,2026-06-10,Tienda Norte,Galletas  ,Snacks,1,1000,1000
2234,2026/06/10,Tienda Norte,Mantequilla,Lácteos,3,2500,7500
2234,10-06-2026, Tienda Norte ,Pan molde  ,Panadería,1,1800,1800
2234,2026/06/10,  Tienda Norte,Queso,lácteos,1,4500,4500
2235,18-08-2026,  Tienda Sur,Leche  ,Lácteos,1,1200,1200
2236,2026-05-29,Tienda Norte,  Cerveza,Alcohol,1,3500,3500
2236,2026-05-29,Tienda Norte,Maní,Snacks,1,1200,1200
2236,29/5/2026,Tienda Norte,Papas fritas,snacks,1,1800,1800
2236,2026-05-29,Tienda Norte,Pañales,Bebé,1,8000,8000
2236,2026-05-29,Tienda Norte,Queso,Lácteos,1,4500,4500
2236,2026-05-29,Tienda Norte,Toallitas húmedas,Bebé,1,2200,2200
2236,2026-05-29,Tienda Norte,Vino tinto,ALCOHOL,1,5000,5000
2237,2026-07-26,  Tienda Norte,Croissant,panadería,1,900,900
2237,2026-07-26,Tienda Norte,Pan molde,Panadería,3,1800,5400
2238,2026-06-06,Tienda Mall, Croissant ,Panadería,1,900,900
2239,2026-08-12,Tienda Sur  ,Azúcar,Café/Té,2,1300,2600
2239,12/8/2026,Tienda Sur,Café,café/té,3,4000,12000
2239,12-8-2026,Tienda Sur,Esponjas,limpieza,1,1200,1200
2239,2026-08-12,Tienda Sur,Pan molde,Panadería,1,1800,1800
2239,12-08-2026,Tienda Sur,Vino tinto,Alcohol,1,5000,5000
2240,2026-06-29,Tienda Norte,Bebida cola,Bebidas,1,1500,1500
2240,2026-06-29,Tienda Norte,Galletas,SNACKS,2,1000,2000
2240,2026-06-29,Tienda Norte,Maní,Snacks,1,1200,1200
2241,2026/08/08,Tienda Centro,Mantequilla  ,Lácteos,1,2500,2500
2241,2026-08-08,Tienda Centro,Pan molde  ,Panadería,2,1800,3600
2241,2026-08-08,  Tienda Centro,Vino tinto,Alcohol,1,5000,5000
2242,2026-06-09,Tienda Sur,Azúcar,Café/Té,1,1300,1300
2242,9-6-2026,Tienda Sur  ,Maní,Snacks,3,1200,3600
2243,2026-07-28,Tienda Norte,Cerveza,Alcohol,1,3500,3500
2244,2026-07-18,Tienda Norte, Azúcar ,Café/Té,3,1300,3900
2244,2026-07-18,Tienda Norte,Mantequilla,Lácteos,3,2500,7500
2244,18-7-2026,  Tienda Norte,Pan molde,Panadería,2,1800,3600
2244,2026-07-18,Tienda Norte,Té,Café/Té,,2500,7500
2245,6-6-2026,Tienda Sur,Azúcar,Café/Té,1,1300,1300
2245,06-06-2026,Tienda Sur,Galletas,Snacks,2,1000,2000
2245,2026-06-06,Tienda Sur,Maní,Snacks,1,1200,1200
2245,06-06-2026,Tienda Sur,  Toallitas húmedas,Bebé,1,2200,2200
2246,20-07-2026,Tienda Mall,Cerveza,Alcohol,1,3500,3500
2246,2026-07-20,Tienda Mall  , Cloro ,limpieza,1,1400,1400
2246,2026-07-20,Tienda Mall  ,Pañales,Bebé,3,8000,24.000
2246,2026-07-20, Tienda Mall ,  Toallitas húmedas,Bebé,2,2200,4400
2246,2026-07-20,Tienda Mall  ,Yogurt,lácteos,1,800,800
2247,2026-08-01,Tienda Mall,Agua mineral  ,Bebidas,1,900,900
2247,2026/08/01,Tienda Mall  ,Bebida cola,BEBIDAS,2,1500,3000
2247,2026-08-01,Tienda Mall,Cerveza,alcohol,1,3500,3500
2247,2026-08-01,Tienda Mall,Mantequilla,Lácteos,1,2500,2500
2247,2026/08/01,Tienda Mall,Maní,snacks,1,1200,1200
2247,2026-08-01, Tienda Mall ,  Papas fritas,Snacks,1,1800,1800
2248,10-8-2026,Tienda Mall,Queso,Lácteos,1,4500,4500
2248,2026-08-10,Tienda Mall  ,  Toallitas húmedas,Bebé,1,2200,2200
2248,10-8-2026,Tienda Mall,Vino tinto,Alcohol,3,5000,15.000
2248,2026-08-10,Tienda Mall,Yogurt,Lácteos,1,800,800
2249,2026-06-25,Tienda Sur,Cloro,limpieza,2,1400,2800
2249,2026-06-25,Tienda Sur, Croissant ,panadería,1,900,900
2249,2026-06-25,Tienda Sur, Leche ,Lácteos,1,1200,1200
2250,2026-07-30,Tienda Centro,  Bebida cola,Bebidas,1,1500,1500
2250,2026-07-30,Tienda Centro,Galletas,SNACKS,1,1000,1000
2250,30-7-2026,Tienda Centro, Papas fritas ,Snacks,1,1800,1800
2251,2026-08-15,Tienda Sur,Té,Café/Té,1,2500,2500
2251,15-8-2026,  Tienda Sur,Yogurt,Lácteos,,800,800
2252,2026-07-13,Tienda Centro,Agua mineral,Bebidas,1,900,900
2252,13-07-2026, Tienda Centro ,Pan molde,panadería,1,1800,1800
2252,13-07-2026,Tienda Centro, Papas fritas ,Snacks,2,1800,3600
2252,2026-07-13,Tienda Centro, Vino tinto ,Alcohol,1,5000,5000
2253,2026-08-13, Tienda Sur ,Yogurt,Lácteos,1,800,800
2254,2026-05-24,Tienda Centro  ,Jugo naranja,BEBIDAS,1,1600,1600
2254,24-05-2026,Tienda Centro  ,Pan hallulla,Panadería,3,1500,4500
2254,2026-05-24,Tienda Centro  ,Toallitas húmedas,Bebé,1,2200,2200
2255,2-6-2026,Tienda Mall,Mantequilla,Lácteos,1,2500,2500
2255,2/6/2026,Tienda Mall,Pan hallulla,Panadería,1,1500,1500
2255,02-06-2026,  Tienda Mall,Queso  ,Lácteos,1,4500,4500
2256,2026/08/04, Tienda Centro ,Agua mineral,BEBIDAS,1,900,900
2257,2026-05-22,Tienda Norte,Azúcar,café/té,1,1300,1300
2257,22-5-2026,Tienda Norte,  Café,café/té,1,4000,4000
2257,22-05-2026, Tienda Norte ,Leche,LÁCTEOS,2,1200,2400
2258,2026-08-12,Tienda Mall,Leche,Lácteos,2,1200,2400
2259,2026/07/09,Tienda Norte, Cloro ,Limpieza,2,1400,2800
2259,09-07-2026,Tienda Norte,Esponjas,Limpieza,1,1200,1200
2259,9-7-2026,Tienda Norte  ,Vino tinto,alcohol,1,5000,5000
2260,2026-06-02,Tienda Sur,Azúcar,Café/Té,1,1300,1300
2260,2-6-2026,  Tienda Sur,Cloro,limpieza,1,1400,1400
2260,2026-06-02,Tienda Sur,Detergente,Limpieza,1,5500,5500
2260,2-6-2026,Tienda Sur,Esponjas,Limpieza,1,1200,1200
2260,2026/06/02,Tienda Sur,Galletas,Snacks,1,1000,1000
2260,02-06-2026,Tienda Sur,Té,Café/Té,2,2500,5000
2261,2026-05-23,Tienda Mall  , Azúcar ,Café/Té,1,1300,1300
2261,23/5/2026,  Tienda Mall,Cloro,Limpieza,1,1400,1400
2261,23/5/2026, Tienda Mall ,Galletas,Snacks,1,1000,1000
2261,2026-05-23,  Tienda Mall,Té,Café/Té,,2500,5000
2262,2026-06-19,  Tienda Mall,Maní,Snacks,1,1200,1200
2263,24-5-2026,Tienda Centro,Café,Café/Té,1,4000,4000
2263,2026-05-24,Tienda Centro  ,Mantequilla,Lácteos,3,2500,7500
2263,2026-05-24,Tienda Centro, Queso ,Lácteos,1,4500,4500
2264,2026-07-22,Tienda Centro,Café,Café/Té,1,4000,4000
2264,22-7-2026,Tienda Centro,Cerveza,Alcohol,2,3500,7000
2264,2026/07/22,Tienda Centro,Galletas,Snacks,1,1000,1000
2265,2026/06/26,Tienda Centro,Azúcar,Café/Té,1,1300,1300
2265,2026-06-26,  Tienda Centro,Esponjas,LIMPIEZA,3,1200,3600
2265,26-06-2026,Tienda Centro,  Vino tinto,Alcohol,1,5000,5000
2266,2026-06-11,Tienda Sur,Jugo naranja,Bebidas,1,1600,1600
2266,11-06-2026,  Tienda Sur,Mantequilla,Lácteos,1,2500,2500
2266,2026-06-11,Tienda Sur,Queso,Lácteos,,4500,4500
2267,2026/06/05, Tienda Mall ,Papas fritas,Snacks,1,1800,1800
2267,2026/06/05,  Tienda Mall,Toallitas húmedas,Bebé,1,2200,2200
2268,5/7/2026,Tienda Mall  ,Azúcar  ,Café/Té,1,1300,1300
2268,5-7-2026,Tienda Mall,  Café,Café/Té,1,4000,4000
2268,2026-07-05,Tienda Mall,Cloro,Limpieza,1,1400,1400
2269,2026-08-17,Tienda Centro  ,Esponjas,limpieza,2,1200,2400
2269,17/8/2026,Tienda Centro, Vino tinto ,ALCOHOL,1,5000,5000
2270,2026-07-01,Tienda Centro,Jugo naranja  ,bebidas,1,1600,1600
2270,2026-07-01,Tienda Centro,Mantequilla,Lácteos,1,2500,2500
2270,2026-07-01,Tienda Centro,Maní,SNACKS,3,1200,3600
2271,2026-06-17,Tienda Norte,Detergente,Limpieza,2,5500,11.000
2271,2026-06-17,Tienda Norte,Esponjas,LIMPIEZA,2,1200,2400
2271,17/6/2026,Tienda Norte,Té,Café/Té,1,2500,2500
2272,8-8-2026,Tienda Norte  ,Azúcar,Café/Té,2,1300,2600
2272,08-08-2026,Tienda Norte,Jugo naranja,Bebidas,1,1600,1600
2273,18-06-2026,Tienda Centro,  Leche,lácteos,2,1200,2400
2274,2026/08/05,Tienda Centro,Bebida cola,Bebidas,2,1500,3000
2274,2026/08/05,Tienda Centro,Cerveza,Alcohol,,3500,3500
2274,5-8-2026,Tienda Centro,Mantequilla,Lácteos,1,2500,2500
2274,5-8-2026,Tienda Centro,Maní,Snacks,1,1200,1200
2274,05-08-2026,Tienda Centro,  Pan hallulla,Panadería,2,1500,3000
2274,05-08-2026,Tienda Centro,  Papas fritas,SNACKS,1,1800,1800
2274,5/8/2026,Tienda Centro  ,Queso,Lácteos,1,4500,4500
2275,2026-08-07,Tienda Sur, Azúcar ,Café/Té,1,1300,1300
2275,2026/08/07,Tienda Sur,Croissant,Panadería,1,900,900
2276,2026-06-05,Tienda Sur,Agua mineral,Bebidas,2,900,1800
2276,2026-06-05,Tienda Sur,Azúcar,CAFÉ/TÉ,2,1300,2600
2276,2026-06-05,Tienda Sur,Café,Café/Té,1,4000,4000
2276,2026-06-05,Tienda Sur,Mantequilla,lácteos,1,2500,2500
2276,2026-06-05,Tienda Sur,  Maní,SNACKS,1,1200,1200
2277,01-07-2026,Tienda Centro,  Croissant,Panadería,2,900,1800
2278,2026/07/23,  Tienda Sur,Bebida cola  ,BEBIDAS,1,1500,1500
2278,2026/07/23,Tienda Sur,Mantequilla,Lácteos,1,2500,2500
2278,2026-07-23,Tienda Sur,  Pañales,Bebé,1,8000,8000
2278,23-07-2026,Tienda Sur,Toallitas húmedas,Bebé,3,2200,6600
2279,26/5/2026,Tienda Mall,Papas fritas,snacks,1,1800,1800
2280,2026-06-27,Tienda Sur,  Agua mineral,Bebidas,1,900,900
2280,27-6-2026,Tienda Sur,Queso,lácteos,1,4500,4500
2280,2026-06-27,Tienda Sur,Vino tinto,Alcohol,1,5000,5000
2281,16-7-2026,Tienda Centro,Queso,Lácteos,1,4500,4500
2282,24-07-2026,Tienda Mall,Papas fritas,Snacks,2,1800,3600
2283,12-08-2026,Tienda Mall,Bebida cola,Bebidas,1,1500,1500
2283,12-8-2026,Tienda Mall, Detergente ,Limpieza,,5500,5500
2283,12-8-2026,Tienda Mall,Papas fritas,snacks,1,1800,1800
2284,2026-05-23,Tienda Norte, Croissant ,Panadería,2,900,1800
2284,2026-05-23,Tienda Norte,Jugo naranja  ,Bebidas,1,1600,1600
2284,2026-05-23,Tienda Norte,Té,café/té,1,2500,2500
2285,10-6-2026,Tienda Norte, Cloro ,Limpieza,1,1400,1400
2285,10-6-2026,Tienda Norte  ,Papas fritas  ,snacks,3,1800,5400
2286,2026-07-17,Tienda Norte,Jugo naranja  ,Bebidas,1,1600,1600
2286,2026-07-17, Tienda Norte ,Mantequilla,Lácteos,1,2500,2500
2286,2026-07-17,  Tienda Norte,Pan hallulla,PANADERÍA,2,1500,3000
2287,2026-08-16,Tienda Norte,Croissant,PANADERÍA,2,900,1800
2288,16/6/2026,Tienda Sur,Azúcar,Café/Té,1,1300,1300
2288,16/6/2026,Tienda Sur,Papas fritas,Snacks,1,1800,1800
2289,2026-07-05,Tienda Norte,Maní,Snacks,2,1200,2400
2289,2026-07-05,Tienda Norte,Té,Café/Té,1,2500,2500
2290,2026/07/12,Tienda Centro,Papas fritas,Snacks,2,1800,3600
2290,2026-07-12,Tienda Centro,Pañales,Bebé,2,8000,16000
2290,2026/07/12,Tienda Centro,  Toallitas húmedas,Bebé,1,2200,2200
2290,2026-07-12,Tienda Centro,Té,Café/Té,1,2500,2500
2291,2026-05-24,Tienda Norte,Maní,Snacks,1,1200,1200
2291,24-05-2026,Tienda Norte  ,Pañales,Bebé,2,8000,16000
2292,2026-07-14, Tienda Sur ,Cerveza,Alcohol,1,3500,3500
2292,2026-07-14,Tienda Sur,Cloro,Limpieza,2,1400,2800
2292,2026-07-14,Tienda Sur, Maní ,Snacks,1,1200,1200
2292,14/7/2026,Tienda Sur,Queso  ,Lácteos,2,4500,9000
2293,2026/07/23,Tienda Sur  ,Maní,Snacks,2,1200,2400
2293,2026-07-23,  Tienda Sur, Yogurt ,Lácteos,1,800,800
2294,2026-05-24,Tienda Norte,Agua mineral,bebidas,1,900,900
2294,24-5-2026,Tienda Norte  ,Mantequilla,Lácteos,2,2500,5000
2294,2026-05-24,Tienda Norte, Té ,Café/Té,2,2500,5000
2295,2026-06-06,Tienda Mall  ,Esponjas  ,Limpieza,1,1200,1200
2295,2026/06/06,Tienda Mall,Mantequilla,lácteos,1,2500,2500
2295,2026-06-06,Tienda Mall,Pan hallulla,Panadería,2,1500,3000
2295,2026-06-06,  Tienda Mall,Yogurt,lácteos,2,800,1600
2296,7/7/2026, Tienda Mall ,Azúcar,CAFÉ/TÉ,2,1300,2600
2296,2026-07-07,  Tienda Mall,Café,Café/Té,1,4000,4000
2296,2026-07-07,Tienda Mall,  Galletas,Snacks,2,1000,2000
2296,7-7-2026,Tienda Mall, Leche ,lácteos,1,1200,1200
2297,2026-06-26,Tienda Sur,Azúcar,CAFÉ/TÉ,3,1300,3900
2297,26/6/2026,Tienda Sur,Papas fritas,SNACKS,2,1800,3600
2297,2026-06-26, Tienda Sur ,Pañales,Bebé,3,8000,24000
2297,2026-06-26,Tienda Sur,Toallitas húmedas,Bebé,1,2200,2200
2298,2026-08-03,Tienda Norte  ,Yogurt,Lácteos,2,800,1600
2299,2026-08-01,Tienda Centro,Agua mineral,bebidas,1,900,900
2300,10/7/2026,Tienda Sur,  Croissant,Panadería,1,900,900
2300,2026-07-10,Tienda Sur,Mantequilla,Lácteos,1,2500,2500
2300,10-07-2026,Tienda Sur,Pan hallulla,Panadería,2,1500,3000
2300,2026-07-10,Tienda Sur,Queso  ,Lácteos,1,4500,4500
2301,17/6/2026, Tienda Centro ,Galletas,SNACKS,2,1000,2000
2301,2026-06-17,Tienda Centro,Queso,Lácteos,1,4500,4500
2302,3-7-2026,Tienda Centro,Jugo naranja,bebidas,1,1600,1600
2302,2026-07-03,Tienda Centro,Pañales,Bebé,1,8000,8000
2302,2026-07-03,Tienda Centro,Queso,Lácteos,1,4500,4500
2302,3-7-2026,Tienda Centro,Toallitas húmedas,Bebé,2,2200,4400
2302,2026/07/03,  Tienda Centro,Yogurt,Lácteos,2,800,1600
2303,2026-07-16,Tienda Norte,  Galletas,SNACKS,3,1000,3000
2303,16-7-2026,Tienda Norte, Maní ,Snacks,2,1200,2400
2304,2026-05-21, Tienda Norte ,Agua mineral,Bebidas,3,900,2700
2304,2026/05/21,Tienda Norte,Cerveza,Alcohol,1,3500,3500
2304,2026-05-21,Tienda Norte,Mantequilla,Lácteos,1,2500,2500
2304,2026-05-21,Tienda Norte,Pan hallulla,panadería,1,1500,1500
2304,2026/05/21,Tienda Norte,Papas fritas,Snacks,1,1800,1800
2305,6-6-2026,Tienda Mall,Azúcar,Café/Té,1,1300,1300
2305,6-6-2026,Tienda Mall,Café,Café/Té,2,4000,8000
2305,2026-06-06, Tienda Mall ,Galletas,Snacks,1,1000,1000
2305,06-06-2026,Tienda Mall, Yogurt ,LÁCTEOS,1,800,800
2306,2026-06-28,Tienda Mall,Maní,SNACKS,2,1200,2400
2307,17/7/2026,Tienda Mall, Azúcar ,Café/Té,1,1300,1300
2307,2026/07/17,Tienda Mall,  Galletas,snacks,1,1000,1000
2307,2026-07-17,Tienda Mall,Yogurt,Lácteos,1,800,800
2308,2026-07-22,Tienda Sur,Detergente  ,Limpieza,1,5500,5500
2308,2026-07-22,Tienda Sur,Esponjas,Limpieza,2,1200,2400
2308,22-7-2026,Tienda Sur,Pañales,Bebé,3,8000,24000
2308,2026-07-22,Tienda Sur,  Queso,Lácteos,2,4500,9000
2308,2026-07-22,Tienda Sur,Vino tinto,Alcohol,2,5000,10000
2309,2026-05-23,  Tienda Norte,  Pan molde,Panadería,1,1800,1800
2310,11/6/2026,Tienda Centro,Croissant,Panadería,2,900,1800
2311,2026-06-28,  Tienda Norte,Agua mineral,BEBIDAS,1,900,900
2311,2026-06-28,Tienda Norte,Azúcar,Café/Té,1,1300,1300
2311,2026-06-28,Tienda Norte,Pañales,Bebé,3,8000,24.000
2312,21/6/2026,Tienda Norte,Yogurt  ,lácteos,1,800,800
2313,2026/05/29,  Tienda Centro,Vino tinto,Alcohol,2,5000,10000
2314,2026-07-04,Tienda Centro, Bebida cola ,Bebidas,1,1500,1500
2315,2026-08-16,Tienda Centro,Papas fritas,Snacks,1,1800,1800
2315,2026/08/16,  Tienda Centro,Pañales,Bebé,,8000,8000
2315,2026-08-16,Tienda Centro, Toallitas húmedas ,Bebé,1,2200,2200
2316,2026-06-14, Tienda Norte ,Yogurt,lácteos,1,800,800
2317,2026-06-21,Tienda Mall,  Mantequilla,LÁCTEOS,3,2500,7500
2317,2026-06-21,  Tienda Mall,Maní,Snacks,1,1200,1200
2317,2026-06-21,Tienda Mall,Pan molde,PANADERÍA,1,1800,1800
2317,2026-06-21,Tienda Mall,Pañales,Bebé,3,8000,24000
2317,2026-06-21,Tienda Mall,Queso,Lácteos,1,4500,4500
2317,2026-06-21,Tienda Mall,Toallitas húmedas,bebé,1,2200,2200
2318,2026-06-10,  Tienda Centro,Cerveza,Alcohol,1,3500,3500
2318,2026-06-10, Tienda Centro ,Papas fritas,Snacks,,1800,1800
2318,2026-06-10,Tienda Centro  ,Toallitas húmedas,Bebé,3,2200,6600
2319,5-6-2026,  Tienda Norte,Azúcar,Café/Té,1,1300,1300
2319,5-6-2026,Tienda Norte,Café,café/té,1,4000,4000
2319,2026-06-05,Tienda Norte,Papas fritas,snacks,1,1800,1800
2320,22-5-2026,Tienda Mall,Agua mineral,BEBIDAS,1,900,900
2321,2026-08-01,Tienda Norte,Cerveza,Alcohol,1,3500,3500
2321,01-08-2026,Tienda Norte,Leche,Lácteos,1,1200,1200
2321,2026-08-01,Tienda Norte,Maní,SNACKS,1,1200,1200
2321,2026-08-01,Tienda Norte,Papas fritas,Snacks,3,1800,5400
2321,2026-08-01,Tienda Norte,Pañales,BEBÉ,2,8000,16000
2321,1/8/2026, Tienda Norte , Toallitas húmedas ,Bebé,1,2200,2200
2322,2026-06-30, Tienda Norte , Azúcar ,Café/Té,2,1300,2600
2322,30-06-2026,Tienda Norte,Cloro,Limpieza,2,1400,2800
2322,2026-06-30,Tienda Norte,Detergente,Limpieza,1,5500,5500
2322,2026/06/30,Tienda Norte,Papas fritas,snacks,1,1800,1800
2322,2026-06-30,Tienda Norte,Té  ,Café/Té,2,2500,5000
2323,2026-05-24,Tienda Centro,Cloro,Limpieza,2,1400,2800
2323,2026-05-24,Tienda Centro,Yogurt,lácteos,1,800,800
2324,2026/06/24, Tienda Sur ,Agua mineral,bebidas,1,900,900
2324,2026-06-24,Tienda Sur  , Mantequilla ,Lácteos,1,2500,2500
2324,2026-06-24,Tienda Sur,Pan hallulla,panadería,1,1500,1500
2324,24-06-2026,Tienda Sur,Queso,lácteos,1,4500,4500
2325,2026-06-02,Tienda Sur,Leche,Lácteos,1,1200,1200
2325,2026-06-02,Tienda Sur,Mantequilla,Lácteos,1,2500,2500
2326,2026-06-20,Tienda Centro,Café,Café/Té,1,4000,4000
2326,20/6/2026,Tienda Centro,Galletas,Snacks,1,1000,1000
2327,06-06-2026,Tienda Sur,Agua mineral,bebidas,1,900,900
2327,2026-06-06,Tienda Sur,Croissant,Panadería,1,900,900
2327,06-06-2026,Tienda Sur,Mantequilla,lácteos,2,2500,5000
2328,2026/08/09,Tienda Sur, Azúcar ,CAFÉ/TÉ,1,1300,1300
2328,2026/08/09,Tienda Sur,Leche,Lácteos,2,1200,2400
2328,2026/08/09,  Tienda Sur, Pañales ,Bebé,1,8000,8000
2328,2026-08-09,  Tienda Sur,Toallitas húmedas,Bebé,1,2200,2200
2329,23-07-2026,Tienda Mall,Bebida cola,Bebidas,3,1500,4500
2329,2026-07-23,Tienda Mall,Queso,Lácteos,1,4500,4500
2329,2026-07-23,Tienda Mall,Yogurt,Lácteos,1,800,800
2330,2026-08-08,Tienda Centro,Galletas,Snacks,2,1000,2000
2331,2026-08-14,Tienda Sur,Agua mineral,Bebidas,2,900,1800
2331,2026-08-14,Tienda Sur,  Cerveza,Alcohol,1,3500,3500
2331,2026/08/14, Tienda Sur ,Maní  ,Snacks,2,1200,2400
2331,2026-08-14,Tienda Sur,Pan hallulla,Panadería,1,1500,1500
2331,14-8-2026,Tienda Sur,Papas fritas,Snacks,2,1800,3600
2331,14-08-2026,Tienda Sur,Té,Café/Té,1,2500,2500
2332,11-07-2026,Tienda Norte,Azúcar,Café/Té,1,1300,1300
2332,2026-07-11,Tienda Norte,Té,Café/Té,1,2500,2500
2333,2026/06/11, Tienda Sur ,Detergente,Limpieza,1,5500,5500
2333,2026-06-11,  Tienda Sur,Queso,Lácteos,1,4500,4500
2334,11/6/2026,Tienda Norte,Queso,Lácteos,1,4500,4500
2334,11-06-2026,  Tienda Norte,Vino tinto,Alcohol,1,5000,5000
2335,13-8-2026,Tienda Mall,Jugo naranja,Bebidas,1,1600,1600
2336,2026-07-30, Tienda Mall ,Agua mineral,Bebidas,2,900,1800
2337,2026-08-11,  Tienda Centro,Yogurt,Lácteos,2,800,1600
2338,2026-06-21,Tienda Sur, Pañales ,Bebé,2,8000,16000
2338,2026-06-21,Tienda Sur,Toallitas húmedas,Bebé,1,2200,2200
2339,2026-08-12,Tienda Mall,Esponjas,Limpieza,1,1200,1200
2339,12-8-2026,Tienda Mall,Galletas,snacks,1,1000,1000
2340,21/5/2026, Tienda Sur ,Cerveza,Alcohol,1,3500,3500
2340,21/5/2026,Tienda Sur,Mantequilla,Lácteos,2,2500,5000
2340,2026/05/21,Tienda Sur,Pan hallulla,Panadería,1,1500,1500
2340,21-5-2026,Tienda Sur,  Pañales,Bebé,1,8000,8000
2340,21-5-2026,Tienda Sur,  Queso,Lácteos,2,4500,9000
2340,2026-05-21,Tienda Sur,Toallitas húmedas,Bebé,1,2200,2200
2340,2026-05-21,Tienda Sur,Vino tinto,Alcohol,1,5000,5000
2341,2026-06-10,Tienda Sur,Bebida cola,Bebidas,3,1500,4500
2341,2026-06-10,Tienda Sur,Cerveza,Alcohol,3,3500,10.500
2341,2026-06-10, Tienda Sur ,  Croissant,Panadería,1,900,900
2341,10-06-2026, Tienda Sur ,Papas fritas,Snacks,1,1800,1800
2341,2026/06/10,Tienda Sur,Pañales,BEBÉ,1,8000,8000
2341,2026-06-10,  Tienda Sur,Toallitas húmedas,bebé,1,2200,2200
2342,11-07-2026,Tienda Centro, Azúcar ,Café/Té,1,1300,1300
2342,11-7-2026,Tienda Centro,  Café,Café/Té,1,4000,4000
2342,2026/07/11,Tienda Centro,Mantequilla,Lácteos,1,2500,2500
2342,2026-07-11,Tienda Centro  ,Maní,Snacks,1,1200,1200
2342,2026-07-11, Tienda Centro ,Pan hallulla,PANADERÍA,1,1500,1500
2342,2026/07/11,Tienda Centro,Queso,Lácteos,1,4500,4500
2343,2026-07-14,Tienda Norte,  Cloro,Limpieza,3,1400,4200
2343,2026-07-14,Tienda Norte, Leche ,Lácteos,2,1200,2400
2343,14-7-2026,Tienda Norte,Queso,Lácteos,2,4500,9000
2344,04-06-2026,Tienda Centro,Agua mineral,Bebidas,2,900,1800
2344,4/6/2026,  Tienda Centro,Jugo naranja,BEBIDAS,3,1600,4800
2344,2026-06-04,Tienda Centro,Toallitas húmedas,bebé,1,2200,2200
2345,2026/06/15,Tienda Centro,Agua mineral,Bebidas,1,900,900
2345,15-06-2026,Tienda Centro,Jugo naranja,Bebidas,2,1600,3200
2346,2026-07-18,Tienda Norte,Cloro,Limpieza,1,1400,1400
2346,2026-07-18,Tienda Norte,Papas fritas,Snacks,1,1800,1800
2347,2026-07-13,Tienda Centro,Esponjas  ,Limpieza,2,1200,2400
2347,2026-07-13, Tienda Centro ,Queso,Lácteos,1,4500,4500
2348,2026-06-13,Tienda Centro,Azúcar,CAFÉ/TÉ,1,1300,1300
2348,2026-06-13,Tienda Centro,Café,Café/Té,1,4000,4000
2348,2026/06/13,Tienda Centro,Croissant,Panadería,3,900,2700
2348,2026-06-13,Tienda Centro,Maní,Snacks,2,1200,2400
2349,23/7/2026,Tienda Norte,Esponjas,Limpieza,1,1200,1200
2350,2026/06/11,  Tienda Sur,Galletas,Snacks,1,1000,1000
2350,2026-06-11,Tienda Sur,  Jugo naranja,Bebidas,1,1600,1600
2351,2026-07-23,Tienda Norte, Maní ,snacks,2,1200,2400
2351,2026-07-23,Tienda Norte, Vino tinto ,Alcohol,1,5000,5000
2352,2026/07/09,Tienda Sur,  Mantequilla,Lácteos,1,2500,2500
2352,2026-07-09,Tienda Sur,Pan molde,Panadería,2,1800,3600
2352,09-07-2026,Tienda Sur  ,  Queso,Lácteos,1,4500,4500
2352,2026-07-09,  Tienda Sur,Yogurt,LÁCTEOS,2,800,1600
2353,2026-07-13,Tienda Centro,Galletas,Snacks,1,1000,1000
2353,2026/07/13,Tienda Centro,Yogurt,Lácteos,1,800,800
2354,24/6/2026,Tienda Centro,Cerveza,alcohol,2,3500,7000
2354,2026-06-24, Tienda Centro , Mantequilla ,Lácteos,1,2500,2500
2354,24-06-2026,Tienda Centro,Maní,Snacks,1,1200,1200
2354,2026-06-24,Tienda Centro,Pan molde,Panadería,2,1800,3600
2354,2026-06-24,Tienda Centro,Toallitas húmedas,Bebé,1,2200,2200
2355,04-08-2026,  Tienda Centro,Bebida cola,Bebidas,1,1500,1500
2355,2026-08-04,Tienda Centro,  Cerveza,Alcohol,1,3500,3500
2355,04-08-2026,Tienda Centro,Pan hallulla  ,Panadería,1,1500,1500
2355,04-08-2026,  Tienda Centro,Pañales,BEBÉ,1,8000,8000
2355,2026/08/04,Tienda Centro  ,Queso,Lácteos,1,4500,4500
2355,4-8-2026,Tienda Centro,Toallitas húmedas,Bebé,2,2200,4400
2356,2026/06/23,Tienda Sur,Pan hallulla,Panadería,2,1500,3000
2356,2026/06/23,Tienda Sur,  Papas fritas,Snacks,2,1800,3600
2356,2026-06-23,Tienda Sur,Queso,LÁCTEOS,3,4500,13500
2357,04-07-2026,Tienda Mall,Galletas,Snacks,1,1000,1000
2357,4/7/2026,Tienda Mall,Maní,snacks,2,1200,2400
2358,19-6-2026,Tienda Mall,Croissant,Panadería,2,900,1800
2358,2026-06-19,Tienda Mall,Vino tinto,Alcohol,1,5000,5000
2359,2026-07-07,Tienda Centro,Azúcar,Café/Té,1,1300,1300
2359,2026-07-07,Tienda Centro,Café,Café/Té,1,4000,4000
2359,7/7/2026,Tienda Centro,Esponjas,limpieza,1,1200,1200
2359,07-07-2026,Tienda Centro, Galletas ,Snacks,1,1000,1000
2359,2026-07-07,Tienda Centro,Mantequilla,Lácteos,1,2500,2500
2360,2026-07-31,Tienda Mall,Bebida cola,Bebidas,2,1500,3000
2361,2026/07/14,Tienda Centro,Bebida cola,Bebidas,1,1500,1500
2361,14/7/2026,Tienda Centro,Pan hallulla,Panadería,1,1500,1500
2362,24-05-2026,Tienda Mall,Cloro,limpieza,1,1400,1400
2362,24-5-2026,Tienda Mall,Galletas,snacks,2,1000,2000
2363,20-07-2026,Tienda Centro,Mantequilla,Lácteos,2,2500,5000
2363,2026-07-20,Tienda Centro, Yogurt ,LÁCTEOS,,800,800
2364,20-7-2026,Tienda Sur,  Azúcar,CAFÉ/TÉ,1,1300,1300
2364,2026/07/20,Tienda Sur,  Pan molde,Panadería,2,1800,3600
2364,2026-07-20,Tienda Sur,Toallitas húmedas,Bebé,1,2200,2200
2364,2026-07-20,Tienda Sur, Té ,Café/Té,2,2500,5000
2365,26/5/2026,Tienda Mall,Pañales,Bebé,2,8000,16.000
2365,2026/05/26,Tienda Mall,Queso,Lácteos,1,4500,4500
2365,26-5-2026,Tienda Mall,Toallitas húmedas  ,Bebé,1,2200,2200
2366,24-07-2026,Tienda Mall,  Cerveza,Alcohol,2,3500,7000
2366,2026-07-24, Tienda Mall ,Cloro,Limpieza,1,1400,1400
2366,24/7/2026,Tienda Mall  ,Detergente,Limpieza,2,5500,11000
2366,2026-07-24,Tienda Mall,Esponjas,Limpieza,1,1200,1200
2366,2026-07-24,Tienda Mall,Maní,Snacks,2,1200,2400
2366,2026-07-24,Tienda Mall,Pan molde,Panadería,1,1800,1800
2366,2026/07/24, Tienda Mall ,Papas fritas,Snacks,1,1800,1800
2367,12-07-2026,Tienda Mall, Croissant ,Panadería,3,900,2700
2367,2026-07-12,Tienda Mall,Mantequilla,lácteos,1,2500,2500
2367,2026-07-12,Tienda Mall,Pan hallulla,Panadería,2,1500,3000
2367,12-7-2026,Tienda Mall,Queso,lácteos,1,4500,4500
2368,03-08-2026,Tienda Norte,Croissant,Panadería,1,900,900
2368,2026/08/03, Tienda Norte ,Toallitas húmedas,Bebé,1,2200,2200
2368,03-08-2026,Tienda Norte,Té  ,Café/Té,1,2500,2500
2369,2026/06/05,Tienda Norte  ,Cerveza,Alcohol,,3500,3500
2369,2026/06/05,  Tienda Norte,Maní,SNACKS,2,1200,2400
2369,5-6-2026,Tienda Norte  ,Queso,Lácteos,3,4500,13500
2370,2026-07-28,Tienda Mall,Agua mineral,Bebidas,1,900,900
2370,2026/07/28,Tienda Mall, Jugo naranja ,Bebidas,1,1600,1600
2370,2026-07-28,Tienda Mall,Toallitas húmedas,BEBÉ,1,2200,2200
2371,2026-06-16,Tienda Norte,Bebida cola,bebidas,1,1500,1500
2371,16-06-2026,Tienda Norte,Cerveza,Alcohol,1,3500,3500
2371,2026-06-16,Tienda Norte,Cloro,LIMPIEZA,2,1400,2800
2371,2026-06-16,Tienda Norte  ,Croissant  ,Panadería,1,900,900
2371,2026-06-16,Tienda Norte,Papas fritas,snacks,1,1800,1800
2372,24-05-2026,  Tienda Mall,  Croissant,Panadería,1,900,900
2372,2026-05-24,Tienda Mall,Toallitas húmedas,Bebé,1,2200,2200
2373,14/6/2026,Tienda Centro,Azúcar,Café/Té,3,1300,3900
2373,14-6-2026,Tienda Centro, Toallitas húmedas ,Bebé,,2200,2200
2373,2026-06-14,Tienda Centro  ,Té,Café/Té,2,2500,5000
2374,2026-06-25,Tienda Norte,Cloro  ,LIMPIEZA,2,1400,2800
2374,2026-06-25,Tienda Norte,Esponjas,Limpieza,1,1200,1200
2374,2026-06-25,Tienda Norte,Mantequilla,LÁCTEOS,2,2500,5000
2375,4-6-2026,Tienda Mall,Pan molde,PANADERÍA,1,1800,1800
2375,04-06-2026,  Tienda Mall,Papas fritas,SNACKS,1,1800,1800
2376,2026-06-04,Tienda Sur,  Azúcar,Café/Té,1,1300,1300
2376,04-06-2026,Tienda Sur,  Pan hallulla,Panadería,2,1500,3000
2376,4-6-2026,Tienda Sur,Pañales,Bebé,1,8000,8000
2376,2026-06-04,Tienda Sur,Toallitas húmedas,Bebé,1,2200,2200
2376,4/6/2026, Tienda Sur ,Té,café/té,1,2500,2500
2377,2026-07-17,Tienda Centro,Pan hallulla,Panadería,1,1500,1500
2378,2026-06-28,Tienda Centro,Mantequilla,Lácteos,1,2500,2500
2378,2026-06-28,Tienda Centro,Pan hallulla,Panadería,1,1500,1500
2378,2026-06-28,Tienda Centro,Queso,Lácteos,2,4500,9000
2379,29-05-2026,  Tienda Mall,Mantequilla,Lácteos,1,2500,2500
2380,05-08-2026,Tienda Mall,Detergente,Limpieza,1,5500,5500
2380,2026-08-05,Tienda Mall,Jugo naranja,Bebidas,3,1600,4800
2381,2026-08-13,Tienda Centro, Cloro ,Limpieza,1,1400,1400
2381,2026-08-13,Tienda Centro,Té,Café/Té,1,2500,2500
2382,2026-08-11, Tienda Mall ,Azúcar  ,café/té,1,1300,1300
2382,2026-08-11,Tienda Mall,  Croissant,Panadería,3,900,2700
2382,2026-08-11,Tienda Mall, Maní ,Snacks,1,1200,1200
2383,2026-08-05,Tienda Mall,Azúcar  ,Café/Té,1,1300,1300
2383,2026-08-05,Tienda Mall,Café,Café/Té,1,4000,4000
2383,2026-08-05,Tienda Mall,Galletas,Snacks,1,1000,1000
2383,2026/08/05,Tienda Mall,Papas fritas,Snacks,1,1800,1800
2383,2026-08-05,Tienda Mall,Yogurt,Lácteos,1,800,800
2384,2026-08-10,Tienda Norte,Agua mineral,Bebidas,1,900,900
2384,2026-08-10,Tienda Norte,Cloro,Limpieza,1,1400,1400
2384,10/8/2026, Tienda Norte ,Maní,Snacks,2,1200,2400
2384,10-08-2026,  Tienda Norte,Queso,LÁCTEOS,1,4500,4500
2385,2026-08-12, Tienda Norte ,  Cerveza,Alcohol,1,3500,3500
2385,2026-08-12,Tienda Norte,Cloro,Limpieza,2,1400,2800
2385,2026-08-12,  Tienda Norte,Maní,snacks,1,1200,1200
2385,2026-08-12,Tienda Norte  ,Papas fritas,Snacks,1,1800,1800
2385,2026-08-12,Tienda Norte,  Té,Café/Té,1,2500,2500
2386,28/6/2026, Tienda Norte ,  Maní,Snacks,1,1200,1200
2386,2026-06-28,Tienda Norte,Queso,Lácteos,3,4500,13.500
2386,28/6/2026,Tienda Norte  ,Vino tinto,Alcohol,1,5000,5000
2387,2026-06-18,Tienda Mall,  Pan molde,Panadería,1,1800,1800
2387,18/6/2026,Tienda Mall,Queso,Lácteos,2,4500,9000
2387,2026-06-18,Tienda Mall,Yogurt  ,Lácteos,3,800,2400
2388,28-5-2026,Tienda Norte,Cloro,Limpieza,2,1400,2800
2388,2026-05-28,Tienda Norte,Detergente,LIMPIEZA,2,5500,11000
2388,28-05-2026,Tienda Norte,Esponjas,Limpieza,1,1200,1200
2388,28-05-2026,Tienda Norte,Galletas,Snacks,1,1000,1000
2388,2026-05-28, Tienda Norte ,Mantequilla,Lácteos,1,2500,2500
2388,28-5-2026,Tienda Norte,Pan molde,Panadería,2,1800,3600
2389,2026-06-22,Tienda Centro,Agua mineral,Bebidas,3,900,2700
2389,2026-06-22,Tienda Centro,Galletas,Snacks,,1000,2000
2389,2026-06-22,Tienda Centro,Vino tinto,Alcohol,2,5000,10000
2390,24-06-2026,Tienda Norte,Esponjas,LIMPIEZA,1,1200,1200
2391,23/7/2026,Tienda Norte,Agua mineral  ,Bebidas,1,900,900
2391,2026-07-23,Tienda Norte,Esponjas,Limpieza,1,1200,1200
2392,2026-06-15,Tienda Norte,  Mantequilla,Lácteos,2,2500,5000
2392,15/6/2026,Tienda Norte,Pan hallulla,PANADERÍA,3,1500,4500
2392,2026-06-15,Tienda Norte  ,Papas fritas,Snacks,1,1800,1800
2393,2026/08/03,Tienda Centro,Pañales,Bebé,3,8000,24000
2393,2026-08-03,Tienda Centro,Toallitas húmedas,Bebé,2,2200,4400
2394,14-8-2026,  Tienda Norte,Pan hallulla,Panadería,,1500,1500
2394,2026/08/14,Tienda Norte  ,  Queso,Lácteos,1,4500,4500
2395,2026-07-12,  Tienda Norte,Maní,snacks,1,1200,1200
2396,2026-07-18,Tienda Mall,Queso,Lácteos,3,4500,13500
2396,18/7/2026,Tienda Mall,Vino tinto,Alcohol,2,5000,10000
2397,05-08-2026,Tienda Norte,Azúcar  ,CAFÉ/TÉ,1,1300,1300
2397,2026-08-05,  Tienda Norte,Toallitas húmedas,BEBÉ,1,2200,2200
2398,30-07-2026,Tienda Mall,Azúcar,Café/Té,1,1300,1300
2398,2026/07/30,Tienda Mall,Papas fritas,Snacks,1,1800,1800
2398,2026-07-30, Tienda Mall ,Té,café/té,1,2500,2500
2399,15-07-2026,Tienda Centro,Agua mineral,BEBIDAS,1,900,900
2399,2026-07-15,Tienda Centro,Bebida cola  ,BEBIDAS,3,1500,4500
2400,2026/06/22, Tienda Norte ,Queso,Lácteos,1,4500,4500
2401,14-06-2026,Tienda Centro,Mantequilla,LÁCTEOS,1,2500,2500
2402,2026-05-24,Tienda Centro,Detergente,Limpieza,1,5500,5500
2402,2026-05-24, Tienda Centro , Jugo naranja ,Bebidas,2,1600,3200
2402,2026/05/24,Tienda Centro, Pan hallulla ,Panadería,1,1500,1500
2402,2026/05/24, Tienda Centro ,Queso,Lácteos,2,4500,9000
2403,12-8-2026,  Tienda Norte,Cerveza,Alcohol,1,3500,3500
2403,12-8-2026,Tienda Norte,Croissant,panadería,2,900,1800
2403,12-08-2026,Tienda Norte,Jugo naranja,Bebidas,1,1600,1600
2403,12-08-2026, Tienda Norte ,  Pañales,Bebé,1,8000,8000
2403,2026-08-12,Tienda Norte,Toallitas húmedas,Bebé,1,2200,2200
2404,29/7/2026,Tienda Mall,Pañales  ,Bebé,1,8000,8000
2404,29-07-2026,Tienda Mall,Toallitas húmedas  ,Bebé,1,2200,2200
2405,28-6-2026,Tienda Norte,Cloro,Limpieza,1,1400,1400
2405,28-06-2026,Tienda Norte,Esponjas,Limpieza,,1200,1200
2405,28/6/2026,Tienda Norte,Mantequilla  ,LÁCTEOS,1,2500,2500
2406,2026/08/12,Tienda Norte,Yogurt,Lácteos,1,800,800
2407,2026-06-19, Tienda Centro ,Azúcar,Café/Té,1,1300,1300
2407,2026/06/19,Tienda Centro,Café,CAFÉ/TÉ,3,4000,12000
2407,2026/06/19,Tienda Centro,Maní,Snacks,1,1200,1200
2408,8/8/2026,Tienda Mall, Pañales ,Bebé,1,8000,8000
2409,2026-05-25,Tienda Sur,Mantequilla,Lácteos,1,2500,2500
2409,2026-05-25,Tienda Sur,Pan molde,Panadería,3,1800,5400
2410,2026-07-17,Tienda Mall,Maní,SNACKS,3,1200,3600
2410,2026-07-17,Tienda Mall,Té,café/té,1,2500,2500
2411,2026-08-12,Tienda Sur,Bebida cola,Bebidas,2,1500,3000
2411,2026-08-12,Tienda Sur,Jugo naranja,BEBIDAS,1,1600,1600
2411,12/8/2026,Tienda Sur,Pan molde,Panadería,3,1800,5400
2411,2026-08-12,Tienda Sur,  Papas fritas,Snacks,1,1800,1800
2411,12-8-2026,Tienda Sur,Queso  ,Lácteos,1,4500,4500
2412,2026-08-08,Tienda Sur,Leche,Lácteos,3,1200,3600
2412,2026/08/08,Tienda Sur,Mantequilla,lácteos,1,2500,2500
2412,8-8-2026,Tienda Sur, Pan hallulla ,Panadería,1,1500,1500
2412,2026/08/08, Tienda Sur ,Pan molde,Panadería,1,1800,1800
2412,8-8-2026,Tienda Sur,  Queso,lácteos,1,4500,4500
2413,2026-08-13,Tienda Norte,Cerveza,Alcohol,2,3500,7000
2413,13/8/2026,Tienda Norte,Esponjas,LIMPIEZA,1,1200,1200
2413,2026/08/13,Tienda Norte,Mantequilla,Lácteos,1,2500,2500
2413,13/8/2026,Tienda Norte,Toallitas húmedas,Bebé,1,2200,2200
2414,18/7/2026,Tienda Centro,Yogurt,Lácteos,2,800,1600
2415,29-6-2026,Tienda Sur  ,Azúcar,Café/Té,1,1300,1300
2415,2026/06/29,Tienda Sur,Jugo naranja,BEBIDAS,1,1600,1600
2415,29-6-2026,Tienda Sur,Toallitas húmedas,Bebé,1,2200,2200
2416,16-07-2026,Tienda Mall,Bebida cola,Bebidas,1,1500,1500
2416,2026-07-16,Tienda Mall,Cerveza,Alcohol,1,3500,3500
2416,2026-07-16,Tienda Mall,  Croissant,Panadería,2,900,1800
2417,2026/08/06,  Tienda Centro,Detergente,limpieza,1,5500,5500
2417,6/8/2026, Tienda Centro ,Esponjas  ,Limpieza,1,1200,1200
2417,2026-08-06,Tienda Centro,Mantequilla,Lácteos,2,2500,5000
2417,2026-08-06,Tienda Centro,Pan hallulla,Panadería,1,1500,1500
2418,31/5/2026,Tienda Sur,Agua mineral,Bebidas,1,900,900
2418,31-05-2026,Tienda Sur,Queso,lácteos,2,4500,9000
2419,2026-07-31,Tienda Sur  ,Azúcar,Café/Té,2,1300,2600
2419,2026-07-31,Tienda Sur  ,Vino tinto,Alcohol,,5000,10000
2420,2026-07-01,Tienda Mall, Esponjas ,Limpieza,1,1200,1200
2420,01-07-2026,Tienda Mall,Toallitas húmedas,Bebé,1,2200,2200
2421,6-8-2026,Tienda Centro,Café,Café/Té,1,4000,4000
2421,2026-08-06,Tienda Centro,Cloro,Limpieza,1,1400,1400
2421,2026-08-06,Tienda Centro,Detergente,Limpieza,2,5500,11.000
2421,06-08-2026,Tienda Centro,Galletas,Snacks,1,1000,1000
2421,6/8/2026,Tienda Centro,Mantequilla,Lácteos,2,2500,5000
2421,6-8-2026,Tienda Centro,Pan hallulla,Panadería,1,1500,1500
2421,2026-08-06, Tienda Centro ,Pan molde,Panadería,1,1800,1800
2421,2026-08-06,Tienda Centro  ,Queso,lácteos,,4500,9000
2422,24-5-2026,  Tienda Norte,  Papas fritas,Snacks,2,1800,3600
2422,2026-05-24,Tienda Norte,Yogurt,lácteos,2,800,1600
2423,26/5/2026,Tienda Norte,Azúcar  ,CAFÉ/TÉ,,1300,1300
2423,2026/05/26,Tienda Norte,Papas fritas,Snacks,1,1800,1800
2424,17/8/2026,Tienda Centro,Azúcar,Café/Té,1,1300,1300
2424,17-8-2026,Tienda Centro,Mantequilla,lácteos,1,2500,2500
2424,2026-08-17,Tienda Centro,Pan molde,Panadería,2,1800,3600
2424,2026-08-17,Tienda Centro,Queso,Lácteos,1,4500,4500
2425,2026-07-15,Tienda Norte,Bebida cola,Bebidas,3,1500,4500
2425,2026-07-15,Tienda Norte  ,Cerveza,Alcohol,1,3500,3500
2425,15-07-2026,Tienda Norte, Maní ,Snacks,2,1200,2400
2425,2026-07-15,Tienda Norte,Papas fritas,SNACKS,1,1800,1800
2426,2026/07/24,Tienda Centro,Azúcar,café/té,,1300,1300
2426,2026-07-24,Tienda Centro,Café,café/té,1,4000,4000
2426,24/7/2026,Tienda Centro,Maní,Snacks,3,1200,3600
2426,2026-07-24,Tienda Centro,Pan hallulla,Panadería,2,1500,3000
2427,2026-08-05,  Tienda Centro,Detergente,Limpieza,1,5500,5500
2427,2026-08-05,Tienda Centro,Esponjas,Limpieza,1,1200,1200
2428,2026-08-16,Tienda Norte, Cerveza ,Alcohol,1,3500,3500
2428,16-8-2026,Tienda Norte,Leche,Lácteos,1,1200,1200
2428,16-8-2026,Tienda Norte,Papas fritas,Snacks,2,1800,3600
2429,20-6-2026,Tienda Norte,Detergente,Limpieza,1,5500,5500
2429,2026-06-20,Tienda Norte,Esponjas,Limpieza,1,1200,1200
2429,2026-06-20,Tienda Norte,Leche,Lácteos,3,1200,3600
2429,2026-06-20,Tienda Norte  ,Toallitas húmedas,BEBÉ,1,2200,2200
2430,2026-06-30,Tienda Norte,Azúcar,CAFÉ/TÉ,1,1300,1300
2430,30-6-2026, Tienda Norte ,Café  ,Café/Té,1,4000,4000
2430,2026-06-30,Tienda Norte,Cloro,Limpieza,2,1400,2800
2430,2026-06-30,Tienda Norte,Galletas,Snacks,2,1000,2000
2430,30-6-2026, Tienda Norte ,Mantequilla,Lácteos,1,2500,2500
2430,30-6-2026,  Tienda Norte,Pan molde,Panadería,1,1800,1800
2431,2026-06-07,Tienda Norte,Croissant,Panadería,1,900,900
2432,2026/05/30,Tienda Sur  , Agua mineral ,Bebidas,1,900,900
2432,30-5-2026,Tienda Sur, Maní ,SNACKS,1,1200,1200
2432,2026-05-30,Tienda Sur,  Pañales,Bebé,2,8000,16000
2433,2026-06-13, Tienda Norte ,Papas fritas,Snacks,3,1800,5400
2433,13-6-2026,Tienda Norte,Pañales,bebé,,8000,8000
2434,2026-07-09,Tienda Centro,Jugo naranja,BEBIDAS,2,1600,3200
2434,2026/07/09,Tienda Centro,Mantequilla,LÁCTEOS,1,2500,2500
2434,2026-07-09,  Tienda Centro,Pan molde,Panadería,2,1800,3600
2435,2026-07-26,Tienda Mall,Mantequilla  ,Lácteos,1,2500,2500
2435,26-7-2026,  Tienda Mall,Pan hallulla,Panadería,1,1500,1500
2435,2026-07-26,Tienda Mall  ,Queso,LÁCTEOS,1,4500,4500
2436,2026-05-26,Tienda Norte,Cloro,limpieza,1,1400,1400
2436,2026-05-26,Tienda Norte, Croissant ,Panadería,1,900,900
2436,2026-05-26,Tienda Norte  ,Detergente,LIMPIEZA,2,5500,11000
2436,2026-05-26,Tienda Norte,Esponjas,Limpieza,1,1200,1200
2436,2026-05-26, Tienda Norte ,Maní,snacks,1,1200,1200
2437,11/6/2026,Tienda Centro,  Bebida cola,BEBIDAS,2,1500,3000
2437,2026/06/11,  Tienda Centro,Detergente,Limpieza,1,5500,5500
2437,11-06-2026,Tienda Centro,Esponjas,Limpieza,1,1200,1200
2437,11-6-2026,Tienda Centro,Mantequilla,LÁCTEOS,1,2500,2500
2437,11-06-2026,Tienda Centro,Pan molde,Panadería,1,1800,1800
2437,11/6/2026,Tienda Centro,Queso,Lácteos,1,4500,4500
2438,2026/06/04,Tienda Norte, Azúcar ,Café/Té,3,1300,3900
2438,2026-06-04,Tienda Norte, Esponjas ,Limpieza,1,1200,1200
2438,2026/06/04, Tienda Norte ,Mantequilla  ,Lácteos,2,2500,5000
2438,2026-06-04,Tienda Norte,Pan hallulla,Panadería,1,1500,1500
2438,2026-06-04,Tienda Norte,  Queso,Lácteos,1,4500,4500
2438,2026/06/04,Tienda Norte  ,Toallitas húmedas,Bebé,1,2200,2200
2439,24-6-2026,Tienda Norte,Jugo naranja,Bebidas,2,1600,3200
2440,6-8-2026, Tienda Sur ,Azúcar,Café/Té,1,1300,1300
2440,6/8/2026,Tienda Sur,Bebida cola  ,BEBIDAS,1,1500,1500
2440,6/8/2026,Tienda Sur,Cerveza,Alcohol,1,3500,3500
2440,6-8-2026,Tienda Sur, Maní ,Snacks,1,1200,1200
2440,2026-08-06, Tienda Sur ,Té,Café/Té,1,2500,2500
2441,2026-06-26,  Tienda Sur,  Papas fritas,Snacks,2,1800,3600
2441,2026-06-26,Tienda Sur  ,Yogurt,Lácteos,1,800,800
2442,16-8-2026,Tienda Sur,Azúcar,Café/Té,1,1300,1300
2442,2026-08-16,Tienda Sur,Café,Café/Té,1,4000,4000
2442,2026-08-16,Tienda Sur,Galletas,Snacks,1,1000,1000
2443,12-7-2026,Tienda Centro,Azúcar,Café/Té,1,1300,1300
2443,2026-07-12,Tienda Centro,  Jugo naranja,BEBIDAS,1,1600,1600
2443,2026-07-12,Tienda Centro,  Mantequilla,Lácteos,1,2500,2500
2444,10/8/2026,Tienda Norte  ,Mantequilla,LÁCTEOS,1,2500,2500
2444,2026-08-10,Tienda Norte,Pan molde,Panadería,1,1800,1800
2444,10/8/2026,Tienda Norte,Papas fritas,Snacks,1,1800,1800
2445,2026-07-07,Tienda Norte,Bebida cola,Bebidas,1,1500,1500
2445,7/7/2026,Tienda Norte,Croissant,Panadería,1,900,900
2445,2026-07-07,Tienda Norte,Galletas,snacks,1,1000,1000
2446,02-06-2026,Tienda Sur,Azúcar,CAFÉ/TÉ,1,1300,1300
2446,02-06-2026,Tienda Sur,Queso,lácteos,1,4500,4500
2446,2026/06/02,Tienda Sur,Té,Café/Té,1,2500,2500
2446,2026-06-02,Tienda Sur,Vino tinto,Alcohol,1,5000,5000
2447,1/7/2026,Tienda Sur,Agua mineral,Bebidas,2,900,1800
2447,2026-07-01,Tienda Sur, Pan hallulla ,Panadería,1,1500,1500
2448,2-6-2026,Tienda Sur,Galletas,Snacks,2,1000,2000
2448,2026/06/02,  Tienda Sur,Mantequilla,Lácteos,3,2500,7500
2448,2026-06-02,Tienda Sur,Pan hallulla,Panadería,1,1500,1500
2448,2026-06-02,Tienda Sur,Pañales,Bebé,1,8000,8000
2448,2026-06-02,Tienda Sur,Toallitas húmedas,Bebé,1,2200,2200
2449,2026/06/28,Tienda Mall  ,  Cerveza,Alcohol,1,3500,3500
2449,2026-06-28,Tienda Mall,Maní,Snacks,2,1200,2400
2449,2026-06-28,Tienda Mall,  Papas fritas,SNACKS,2,1800,3600
2450,2026-07-23,Tienda Sur,Azúcar,Café/Té,1,1300,1300
2450,2026-07-23,Tienda Sur,Galletas  ,Snacks,1,1000,1000
2450,23-07-2026,  Tienda Sur,Papas fritas,Snacks,1,1800,1800
2451,2026-05-27,Tienda Norte, Azúcar ,Café/Té,2,1300,2600
2451,27-05-2026, Tienda Norte ,  Café,Café/Té,1,4000,4000
2451,2026-05-27,Tienda Norte, Croissant ,Panadería,1,900,900
2451,27-05-2026,Tienda Norte,Esponjas,Limpieza,1,1200,1200
2452,2026/07/06,Tienda Mall,Mantequilla,Lácteos,1,2500,2500
2452,6/7/2026,Tienda Mall,Queso,Lácteos,1,4500,4500
2453,21-07-2026,Tienda Norte,Mantequilla,Lácteos,1,2500,2500
2453,21/7/2026,Tienda Norte,Pañales,Bebé,1,8000,8000
2453,21-7-2026,Tienda Norte,Queso,lácteos,1,4500,4500
2454,2026-06-07,Tienda Sur  ,  Papas fritas,Snacks,3,1800,5400
2454,2026-06-07,Tienda Sur,Yogurt,Lácteos,2,800,1600
2455,2026-07-18,Tienda Mall,Detergente,limpieza,2,5500,11.000
2455,2026-07-18,Tienda Mall,Pañales,Bebé,1,8000,8000
2455,2026/07/18,Tienda Mall,Toallitas húmedas,Bebé,1,2200,2200
2455,18/7/2026,Tienda Mall,Yogurt,Lácteos,1,800,800
2456,2026-06-08,Tienda Centro  ,Cloro,LIMPIEZA,1,1400,1400
2457,2-8-2026,Tienda Centro,Croissant  ,Panadería,2,900,1800
2457,2026/08/02,Tienda Centro, Mantequilla ,Lácteos,,2500,2500
2457,2026-08-02,Tienda Centro,Pan molde,Panadería,1,1800,1800
2457,02-08-2026,Tienda Centro,Queso,Lácteos,1,4500,4500
2458,2026-06-28,Tienda Mall,Azúcar,Café/Té,1,1300,1300
2458,2026-06-28,  Tienda Mall,Pañales,Bebé,2,8000,16000
2458,2026-06-28,Tienda Mall,Toallitas húmedas,Bebé,2,2200,4400
2458,2026-06-28,Tienda Mall  ,Té,café/té,1,2500,2500
2459,2026-06-24,Tienda Sur,Papas fritas,Snacks,1,1800,1800
2460,2026/07/16,Tienda Sur,Esponjas  ,Limpieza,1,1200,1200
2460,2026-07-16,Tienda Sur,  Toallitas húmedas,BEBÉ,1,2200,2200
2461,2026-06-18,Tienda Centro,Esponjas,Limpieza,2,1200,2400
2462,26-06-2026,Tienda Norte,Mantequilla,Lácteos,2,2500,5000
2462,2026-06-26,Tienda Norte, Yogurt ,Lácteos,1,800,800
2463,2026-08-09,Tienda Norte,Azúcar,Café/Té,,1300,1300
2463,2026-08-09,Tienda Norte,Café,Café/Té,1,4000,4000
2463,2026-08-09,  Tienda Norte,Croissant,PANADERÍA,1,900,900
2463,2026-08-09,Tienda Norte,Galletas,Snacks,3,1000,3000
2463,2026/08/09,Tienda Norte  ,Queso,lácteos,2,4500,9000
2464,24-05-2026,Tienda Mall,Azúcar,CAFÉ/TÉ,1,1300,1300
2465,2026/06/20, Tienda Mall ,Cerveza,Alcohol,1,3500,3500
2465,2026/06/20,Tienda Mall,Toallitas húmedas,Bebé,1,2200,2200
2465,20-06-2026,Tienda Mall,Yogurt,Lácteos,,800,1600
2466,2026-05-25,Tienda Mall,  Jugo naranja,Bebidas,1,1600,1600
2466,25-05-2026,Tienda Mall  ,Mantequilla,Lácteos,2,2500,5000
2466,2026-05-25,Tienda Mall, Pan hallulla ,Panadería,1,1500,1500
2466,2026-05-25,Tienda Mall,  Queso,Lácteos,2,4500,9000
2467,24-07-2026,Tienda Norte,Mantequilla,Lácteos,1,2500,2500
2467,2026-07-24,Tienda Norte,  Maní,Snacks,3,1200,3600
2468,2026/07/15,Tienda Norte,Mantequilla,lácteos,2,2500,5000
2468,2026-07-15,Tienda Norte,Pan hallulla,PANADERÍA,1,1500,1500
2469,2026-07-05,  Tienda Mall,Agua mineral  ,Bebidas,1,900,900
2469,05-07-2026,Tienda Mall,Croissant,Panadería,1,900,900
2469,2026-07-05,  Tienda Mall,Maní,Snacks,1,1200,1200
2470,2026-07-22,Tienda Norte  ,Queso,Lácteos,3,4500,13.500
2471,18/8/2026,Tienda Mall,Agua mineral,Bebidas,2,900,1800
2471,2026/08/18,Tienda Mall, Azúcar ,café/té,1,1300,1300
2471,18-08-2026,Tienda Mall,Esponjas,Limpieza,1,1200,1200
2472,5-8-2026,Tienda Mall,Toallitas húmedas,Bebé,2,2200,4400
2473,2026-06-30,Tienda Centro, Cloro ,limpieza,1,1400,1400
2473,2026-06-30,Tienda Centro,Esponjas,LIMPIEZA,2,1200,2400
2473,2026-06-30, Tienda Centro ,Toallitas húmedas  ,Bebé,2,2200,4400
2474,2026-07-15,Tienda Sur,Bebida cola,bebidas,1,1500,1500
2474,2026-07-15,Tienda Sur,Mantequilla,Lácteos,1,2500,2500
2475,06-06-2026,Tienda Centro,Azúcar,Café/Té,1,1300,1300
2476,2026-07-28,Tienda Centro,  Cerveza,Alcohol,1,3500,3500
2476,2026-07-28,Tienda Centro,Leche,Lácteos,1,1200,1200
2476,28-7-2026,  Tienda Centro,Papas fritas,Snacks,1,1800,1800
2476,28/7/2026,Tienda Centro,Toallitas húmedas,Bebé,1,2200,2200
2477,2026-07-17, Tienda Mall ,  Mantequilla,Lácteos,2,2500,5000
2477,2026-07-17,Tienda Mall,Queso,Lácteos,3,4500,13500
2477,2026-07-17, Tienda Mall ,Yogurt,Lácteos,2,800,1600
2478,2026-06-28,  Tienda Mall,Cloro,Limpieza,2,1400,2800
2478,28-06-2026,Tienda Mall  ,Detergente,Limpieza,1,5500,5500
2478,2026-06-28,Tienda Mall,Yogurt,LÁCTEOS,1,800,800
2479,2026-07-25,Tienda Norte,  Galletas,Snacks,1,1000,1000
2479,2026-07-25,Tienda Norte,Mantequilla  ,Lácteos,1,2500,2500
2479,25/7/2026,Tienda Norte,Queso,LÁCTEOS,1,4500,4500
2479,2026-07-25,Tienda Norte,Té,Café/Té,3,2500,7500
2480,2026-06-27,Tienda Centro,Pan hallulla,Panadería,1,1500,1500
2480,2026/06/27, Tienda Centro ,Papas fritas,Snacks,2,1800,3600
2481,2/8/2026,Tienda Sur  ,Galletas,Snacks,3,1000,3000
2481,2/8/2026,Tienda Sur,Pañales  ,BEBÉ,1,8000,8000
2481,2026-08-02,Tienda Sur  ,  Toallitas húmedas,Bebé,2,2200,4400
2482,2026/07/01,Tienda Mall,Agua mineral,Bebidas,,900,1800
2482,2026/07/01,Tienda Mall,Pañales  ,Bebé,1,8000,8000
2482,1-7-2026,Tienda Mall,Toallitas húmedas,Bebé,3,2200,6600
2483,08-08-2026, Tienda Mall ,Papas fritas,SNACKS,2,1800,3600
2484,2026/05/27,Tienda Centro,Mantequilla,Lácteos,1,2500,2500
2484,27-05-2026,Tienda Centro,Maní,Snacks,1,1200,1200
2485,2026-05-21,Tienda Centro,Cerveza,Alcohol,1,3500,3500
2485,2026-05-21,Tienda Centro  ,  Maní,Snacks,,1200,1200
2485,2026/05/21, Tienda Centro ,Vino tinto,Alcohol,3,5000,15000
2486,2026/07/11,Tienda Sur,Café,Café/Té,1,4000,4000
2486,2026-07-11,Tienda Sur,Galletas,SNACKS,,1000,1000
2486,2026-07-11,Tienda Sur,Queso,Lácteos,1,4500,4500
2486,11-07-2026,Tienda Sur,Vino tinto  ,Alcohol,1,5000,5000
2487,2026/07/17,Tienda Sur,Maní,Snacks,1,1200,1200
2487,2026-07-17,Tienda Sur  ,Té,Café/Té,1,2500,2500
2488,2026-05-30,Tienda Mall,Agua mineral,BEBIDAS,1,900,900
2488,30/5/2026,Tienda Mall,Cerveza  ,Alcohol,1,3500,3500
2488,2026-05-30,Tienda Mall,Maní,Snacks,1,1200,1200
2488,2026-05-30,Tienda Mall,Papas fritas  ,Snacks,,1800,1800
2489,2026/08/07,Tienda Mall,Azúcar,CAFÉ/TÉ,1,1300,1300
2489,07-08-2026,Tienda Mall,Mantequilla,Lácteos,1,2500,2500
2489,2026-08-07,Tienda Mall,  Pan molde,Panadería,1,1800,1800
2489,2026-08-07,Tienda Mall,  Queso,Lácteos,1,4500,4500
2489,2026/08/07,  Tienda Mall,  Té,Café/Té,1,2500,2500
2490,29-5-2026,Tienda Mall,Bebida cola,BEBIDAS,1,1500,1500
2491,2026-08-08,Tienda Sur  ,Agua mineral,Bebidas,1,900,900
2491,2026/08/08,Tienda Sur  ,  Mantequilla,Lácteos,1,2500,2500
2491,08-08-2026,Tienda Sur,Queso  ,Lácteos,1,4500,4500
2492,17-08-2026,Tienda Sur,Azúcar,Café/Té,1,1300,1300
2492,2026/08/17,Tienda Sur,Bebida cola,Bebidas,2,1500,3000
2492,17-08-2026,Tienda Sur,Papas fritas,SNACKS,2,1800,3600
2492,17/8/2026, Tienda Sur ,Toallitas húmedas,BEBÉ,1,2200,2200
2493,2026/08/14,Tienda Centro,Cloro  ,Limpieza,1,1400,1400
2493,2026-08-14,  Tienda Centro,Detergente,limpieza,2,5500,11000
2493,2026/08/14,  Tienda Centro,Maní,Snacks,2,1200,2400
2494,2026-08-02,Tienda Mall,  Agua mineral,BEBIDAS,1,900,900
2495,2026-06-09, Tienda Sur ,Queso,Lácteos,1,4500,4500
2495,2026-06-09,Tienda Sur,Vino tinto,Alcohol,1,5000,5000
2496,30/6/2026,Tienda Centro,Papas fritas,Snacks,1,1800,1800
2496,2026-06-30,Tienda Centro,Vino tinto,Alcohol,,5000,15000
2497,22-5-2026,Tienda Sur,Bebida cola,bebidas,1,1500,1500
2497,22/5/2026,Tienda Sur,Detergente  ,Limpieza,1,5500,5500
2498,30-07-2026,Tienda Centro,Maní,Snacks,1,1200,1200
2499,2026/08/07,Tienda Sur,  Detergente,limpieza,3,5500,16.500
2499,2026-08-07,Tienda Sur,Mantequilla,Lácteos,1,2500,2500
2499,2026-08-07, Tienda Sur ,Pan hallulla,Panadería,1,1500,1500
2500,7-8-2026,Tienda Centro,Jugo naranja,Bebidas,1,1600,1600
2500,2026-08-07,  Tienda Centro,Mantequilla,Lácteos,1,2500,2500
2501,16/7/2026,Tienda Mall,Azúcar,Café/Té,1,1300,1300
2501,2026-07-16,Tienda Mall,Maní,Snacks,1,1200,1200
2502,2026-06-04,Tienda Sur,Maní,Snacks,2,1200,2400
2503,16-08-2026,Tienda Norte,Mantequilla  ,Lácteos,1,2500,2500
2503,16/8/2026,Tienda Norte,Té  ,café/té,1,2500,2500
2504,2026-07-10,  Tienda Sur, Maní ,Snacks,1,1200,1200
2505,2026-08-11,Tienda Norte,  Maní,Snacks,,1200,1200
2506,2026-08-11,Tienda Sur,Esponjas,Limpieza,2,1200,2400
2506,11-8-2026,Tienda Sur,Papas fritas  ,Snacks,1,1800,1800
2506,2026-08-11,Tienda Sur  ,Toallitas húmedas,Bebé,1,2200,2200
2507,21-7-2026,Tienda Sur,Esponjas,Limpieza,1,1200,1200
2507,21-07-2026,Tienda Sur,Galletas,Snacks,1,1000,1000
2507,2026-07-21,Tienda Sur,Leche,Lácteos,2,1200,2400
2507,2026-07-21,Tienda Sur,Queso,LÁCTEOS,1,4500,4500
2508,2026-08-11,Tienda Centro,Azúcar,café/té,1,1300,1300
2508,2026-08-11, Tienda Centro ,Croissant,Panadería,1,900,900
2508,11/8/2026,Tienda Centro,Té  ,Café/Té,1,2500,2500
2509,08-07-2026,Tienda Sur, Jugo naranja ,BEBIDAS,1,1600,1600
2509,2026-07-08,  Tienda Sur,Maní,snacks,1,1200,1200
2509,8/7/2026,Tienda Sur,Pañales,Bebé,1,8000,8000
2509,2026/07/08,Tienda Sur  ,Toallitas húmedas,Bebé,1,2200,2200
2510,2026/06/08,Tienda Norte, Galletas ,Snacks,1,1000,1000
2510,08-06-2026,Tienda Norte,Leche,Lácteos,1,1200,1200
2510,8-6-2026,Tienda Norte,Toallitas húmedas,Bebé,3,2200,6600
2511,11-06-2026,Tienda Norte, Pan hallulla ,Panadería,2,1500,3000
2511,11/6/2026,Tienda Norte,Pañales,Bebé,2,8000,16000
2511,2026-06-11,Tienda Norte,  Toallitas húmedas,BEBÉ,2,2200,4400
2512,09-08-2026, Tienda Mall ,Azúcar,Café/Té,1,1300,1300
2513,19-07-2026,Tienda Mall,Agua mineral,Bebidas,1,900,900
2513,2026-07-19,Tienda Mall,Esponjas,limpieza,2,1200,2400
2514,2026-07-13,Tienda Mall,Pañales,Bebé,2,8000,16000
2514,13/7/2026,Tienda Mall,  Queso,lácteos,1,4500,4500
2514,2026/07/13,Tienda Mall,Toallitas húmedas,BEBÉ,1,2200,2200
2515,2026-05-26,Tienda Mall,Azúcar  ,Café/Té,1,1300,1300
2515,2026-05-26, Tienda Mall ,  Croissant,Panadería,1,900,900
2515,2026/05/26,Tienda Mall,Galletas,SNACKS,1,1000,1000
2515,2026-05-26, Tienda Mall , Té ,Café/Té,1,2500,2500
2516,2026-07-07, Tienda Mall ,  Azúcar,Café/Té,1,1300,1300
2517,2026-06-23,Tienda Mall,Pan molde,Panadería,1,1800,1800
2517,2026-06-23,Tienda Mall,Té,Café/Té,1,2500,2500
2518,2026/08/04,Tienda Mall  ,Detergente,LIMPIEZA,1,5500,5500
2518,2026-08-04,Tienda Mall  ,Leche,lácteos,1,1200,1200
2518,4/8/2026,Tienda Mall,Yogurt,lácteos,1,800,800
2519,2026-07-29,  Tienda Centro, Pañales ,Bebé,1,8000,8000
2519,2026/07/29, Tienda Centro , Toallitas húmedas ,Bebé,2,2200,4400
2520,2026-06-02,Tienda Norte,  Azúcar,Café/Té,1,1300,1300
2520,2026-06-02,Tienda Norte  ,Café,Café/Té,1,4000,4000
2520,2/6/2026,Tienda Norte,Detergente,Limpieza,1,5500,5500
2520,2-6-2026,  Tienda Norte,Mantequilla,Lácteos,2,2500,5000
2520,2-6-2026,Tienda Norte,Pan molde,Panadería,1,1800,1800
2521,8-6-2026,Tienda Mall,Agua mineral,Bebidas,1,900,900
2521,8/6/2026,Tienda Mall,Bebida cola,BEBIDAS,3,1500,4500
2522,2026-07-15,Tienda Sur,Bebida cola,BEBIDAS,1,1500,1500
2522,2026/07/15,Tienda Sur,Galletas,Snacks,1,1000,1000
2522,15-7-2026,Tienda Sur,  Pan hallulla,Panadería,2,1500,3000
2522,2026/07/15,Tienda Sur,Queso,lácteos,2,4500,9000
2523,2026-06-18,Tienda Norte,Esponjas,limpieza,1,1200,1200
2523,2026-06-18,Tienda Norte  ,Galletas,Snacks,1,1000,1000
2524,20/6/2026,Tienda Centro,Cloro,Limpieza,1,1400,1400
2524,2026-06-20,Tienda Centro,Leche,Lácteos,1,1200,1200
2524,20/6/2026,Tienda Centro,Queso,Lácteos,1,4500,4500
2525,2026-06-30,Tienda Mall, Mantequilla ,lácteos,1,2500,2500
2525,2026-06-30,Tienda Mall,Pan hallulla,Panadería,2,1500,3000
2525,30-06-2026,Tienda Mall,Vino tinto,Alcohol,1,5000,5000
2526,2026-06-25,Tienda Sur,Vino tinto,ALCOHOL,1,5000,5000
2527,3/6/2026,Tienda Centro,Café,Café/Té,2,4000,8000
2527,2026-06-03,  Tienda Centro,Jugo naranja,BEBIDAS,2,1600,3200
2528,2026-06-19,Tienda Sur,Azúcar,Café/Té,3,1300,3900
2528,19/6/2026,Tienda Sur  ,Papas fritas,Snacks,1,1800,1800
2528,2026/06/19,Tienda Sur,Queso,LÁCTEOS,1,4500,4500
2529,10-07-2026, Tienda Centro ,Detergente  ,LIMPIEZA,2,5500,11.000
2529,2026-07-10,Tienda Centro,Esponjas,Limpieza,1,1200,1200
2529,10-07-2026,Tienda Centro,Galletas,snacks,3,1000,3000
2529,2026/07/10,Tienda Centro,Pañales,BEBÉ,2,8000,16.000
2530,2026/08/09,Tienda Sur,Azúcar,Café/Té,3,1300,3900
2530,09-08-2026,Tienda Sur,Jugo naranja,Bebidas,1,1600,1600
2530,9/8/2026,Tienda Sur, Té ,café/té,1,2500,2500
2531,2026-06-19,Tienda Mall,Jugo naranja,Bebidas,1,1600,1600
2531,19/6/2026,Tienda Mall,Mantequilla,LÁCTEOS,1,2500,2500
2531,2026-06-19,Tienda Mall,  Maní,Snacks,1,1200,1200
2531,19-06-2026,Tienda Mall,Pan molde,Panadería,1,1800,1800
2531,2026-06-19,Tienda Mall  , Queso ,Lácteos,1,4500,4500
2532,5-6-2026,Tienda Sur,Café,Café/Té,2,4000,8000
2532,05-06-2026,Tienda Sur,Queso,Lácteos,1,4500,4500
2532,2026-06-05, Tienda Sur ,Vino tinto,alcohol,1,5000,5000
2533,3-6-2026,  Tienda Mall,Esponjas,Limpieza,1,1200,1200
2533,2026/06/03,Tienda Mall,Mantequilla,Lácteos,3,2500,7500
2533,3/6/2026,Tienda Mall,Pan hallulla,Panadería,1,1500,1500
2533,2026/06/03,Tienda Mall,Queso  ,Lácteos,1,4500,4500
2534,2026-06-19,Tienda Norte,Croissant,panadería,1,900,900
2535,2026-07-07,Tienda Centro,  Agua mineral,Bebidas,2,900,1800
2535,7-7-2026,Tienda Centro,Detergente,LIMPIEZA,1,5500,5500
2536,2026-07-19,Tienda Norte,Café,CAFÉ/TÉ,2,4000,8000
2536,19/7/2026, Tienda Norte ,Papas fritas,snacks,1,1800,1800
2537,2026/08/09,Tienda Sur,Croissant,panadería,2,900,1800
2537,9/8/2026,Tienda Sur,  Detergente,Limpieza,3,5500,16.500
2538,7/8/2026, Tienda Centro ,Galletas,Snacks,2,1000,2000
2538,2026/08/07,Tienda Centro,Mantequilla,Lácteos,1,2500,2500
2538,7/8/2026,Tienda Centro,Pan molde,Panadería,1,1800,1800
2539,2026/07/11, Tienda Centro ,Bebida cola,Bebidas,1,1500,1500
2539,11/7/2026,Tienda Centro,Jugo naranja,Bebidas,1,1600,1600
2539,11-7-2026,Tienda Centro,Leche,Lácteos,1,1200,1200
2540,2026-08-18,Tienda Centro,Agua mineral,Bebidas,1,900,900
2540,2026/08/18,Tienda Centro,Azúcar,CAFÉ/TÉ,2,1300,2600
2540,2026/08/18,Tienda Centro,Queso,Lácteos,1,4500,4500
2541,2026/06/06,Tienda Norte,  Cloro,Limpieza,1,1400,1400
2541,06-06-2026,Tienda Norte,Jugo naranja,Bebidas,1,1600,1600
2542,2026/06/15,Tienda Centro,Detergente,LIMPIEZA,1,5500,5500
2542,15/6/2026, Tienda Centro ,Maní,SNACKS,1,1200,1200
2542,15-06-2026,Tienda Centro,Vino tinto  ,Alcohol,2,5000,10.000
2543,2026-06-04,Tienda Norte  , Galletas ,SNACKS,1,1000,1000
2543,2026-06-04,Tienda Norte,Leche  ,Lácteos,1,1200,1200
2544,13/7/2026,Tienda Mall,  Croissant,Panadería,1,900,900
2544,2026/07/13,Tienda Mall,Mantequilla,Lácteos,1,2500,2500
2544,13-07-2026,Tienda Mall,Pan molde,PANADERÍA,1,1800,1800
2544,2026-07-13,Tienda Mall,Queso,Lácteos,3,4500,13500
2545,2026/05/25,Tienda Norte,Cloro,Limpieza,3,1400,4200
2545,2026-05-25,Tienda Norte,Esponjas,Limpieza,1,1200,1200
2545,2026-05-25,Tienda Norte,Mantequilla,Lácteos,1,2500,2500
2546,2026-05-26,Tienda Centro,Galletas,Snacks,1,1000,1000
2546,26-5-2026,Tienda Centro,Maní,Snacks,2,1200,2400
2546,26-5-2026,Tienda Centro,Queso,Lácteos,1,4500,4500
2547,2026-08-08, Tienda Centro ,Galletas,Snacks,1,1000,1000
2548,2026-07-01,Tienda Norte, Agua mineral ,Bebidas,1,900,900
2548,01-07-2026,  Tienda Norte,Leche,LÁCTEOS,1,1200,1200
2548,2026-07-01,  Tienda Norte,Papas fritas,Snacks,1,1800,1800
2549,2026-06-21,Tienda Sur,Jugo naranja,Bebidas,2,1600,3200
2550,2026-07-06,Tienda Mall,Mantequilla,Lácteos,1,2500,2500
2550,2026-07-06,Tienda Mall, Pan hallulla ,PANADERÍA,1,1500,1500
2550,2026-07-06,Tienda Mall,Papas fritas,SNACKS,1,1800,1800
2551,01-08-2026,Tienda Sur,  Detergente,Limpieza,2,5500,11000
2551,2026-08-01,Tienda Sur,Papas fritas,Snacks,1,1800,1800
2551,2026/08/01, Tienda Sur ,Toallitas húmedas,Bebé,1,2200,2200
2552,2026/07/16,Tienda Mall,Agua mineral,Bebidas,1,900,900
2552,2026-07-16, Tienda Mall ,Croissant,PANADERÍA,1,900,900
2552,2026-07-16,Tienda Mall,Jugo naranja,Bebidas,3,1600,4800
2553,2026-07-30,Tienda Sur,Yogurt,LÁCTEOS,2,800,1600
2554,02-07-2026,Tienda Sur,Queso,LÁCTEOS,2,4500,9000
2555,2026-06-24,  Tienda Sur,Agua mineral,bebidas,1,900,900
2555,2026-06-24,Tienda Sur,Azúcar,café/té,1,1300,1300
2555,2026/06/24,  Tienda Sur, Café ,Café/Té,1,4000,4000
2555,2026-06-24, Tienda Sur ,Papas fritas,Snacks,2,1800,3600
2556,2026/06/19,Tienda Centro,  Agua mineral,Bebidas,2,900,1800
2556,2026-06-19,Tienda Centro,Queso,Lácteos,1,4500,4500
2556,2026-06-19,Tienda Centro,Vino tinto,Alcohol,1,5000,5000
2557,2026-06-27,Tienda Norte,Croissant,Panadería,1,900,900
2558,2026-08-18,Tienda Mall,Cerveza,Alcohol,1,3500,3500
2558,18/8/2026,Tienda Mall,Galletas,Snacks,1,1000,1000
2558,2026-08-18,  Tienda Mall,Pañales,bebé,1,8000,8000
2559,2026-08-03,Tienda Sur,  Café,Café/Té,1,4000,4000
2559,3/8/2026,Tienda Sur,Galletas,snacks,1,1000,1000
2560,27/7/2026,Tienda Sur,Leche,LÁCTEOS,3,1200,3600
2560,27-7-2026,Tienda Sur, Pan hallulla ,Panadería,1,1500,1500
2561,2026-06-16,Tienda Centro,Agua mineral,Bebidas,1,900,900
2561,2026-06-16,Tienda Centro,Croissant,Panadería,1,900,900
2562,12/7/2026,Tienda Norte,Azúcar,Café/Té,1,1300,1300
2562,2026-07-12,Tienda Norte,Café  ,Café/Té,1,4000,4000
2562,12-7-2026,Tienda Norte,Mantequilla,Lácteos,1,2500,2500
2562,2026-07-12,Tienda Norte, Pan molde ,Panadería,1,1800,1800
2563,2026-07-18, Tienda Centro ,Azúcar,Café/Té,1,1300,1300
2563,18-07-2026,Tienda Centro,Detergente,LIMPIEZA,1,5500,5500
2563,2026-07-18,Tienda Centro,  Esponjas,LIMPIEZA,1,1200,1200
2564,2026/05/30, Tienda Sur ,Esponjas  ,Limpieza,1,1200,1200
2564,30-5-2026,Tienda Sur  ,Mantequilla  ,lácteos,1,2500,2500
2564,30-05-2026,Tienda Sur,Pan molde,Panadería,1,1800,1800
2564,30-5-2026,Tienda Sur, Queso ,Lácteos,2,4500,9000
2564,30-05-2026,Tienda Sur,Yogurt,Lácteos,3,800,2400
2565,17-08-2026,Tienda Sur,Cerveza,Alcohol,1,3500,3500
2565,2026-08-17,Tienda Sur,Cloro,Limpieza,1,1400,1400
2565,2026-08-17,Tienda Sur,Mantequilla,LÁCTEOS,1,2500,2500
2565,2026-08-17,Tienda Sur, Pan molde ,Panadería,1,1800,1800
2565,2026-08-17,Tienda Sur,Papas fritas,snacks,1,1800,1800
2566,4/8/2026,Tienda Norte, Papas fritas ,Snacks,1,1800,1800
2567,21-6-2026,Tienda Norte,Agua mineral,Bebidas,3,900,2700
2567,2026-06-21,Tienda Norte,Azúcar,CAFÉ/TÉ,1,1300,1300
2567,21-06-2026,Tienda Norte,Mantequilla,lácteos,3,2500,7500
2567,21-6-2026, Tienda Norte , Té ,CAFÉ/TÉ,1,2500,2500
2568,14-08-2026,  Tienda Norte,Papas fritas  ,snacks,1,1800,1800
2569,2026-05-24,Tienda Centro,Croissant,Panadería,1,900,900
2569,2026-05-24,Tienda Centro,Leche,LÁCTEOS,1,1200,1200
2569,2026-05-24,Tienda Centro,Pan hallulla,Panadería,1,1500,1500
2569,2026-05-24,Tienda Centro  ,Queso,Lácteos,1,4500,4500
2569,2026-05-24,Tienda Centro,Toallitas húmedas,Bebé,1,2200,2200
2570,13-6-2026,Tienda Mall,Bebida cola,BEBIDAS,1,1500,1500
2570,13-6-2026, Tienda Mall ,Leche,Lácteos,2,1200,2400
2570,2026-06-13,Tienda Mall,Queso,Lácteos,1,4500,4500
2570,13-06-2026,Tienda Mall  ,Yogurt,Lácteos,1,800,800
2571,2026/06/06,Tienda Norte,Azúcar,Café/Té,2,1300,2600
2571,2026/06/06, Tienda Norte ,Papas fritas,Snacks,1,1800,1800
2571,6/6/2026,Tienda Norte,Té  ,Café/Té,1,2500,2500
2572,2026-05-21,Tienda Norte,Azúcar,Café/Té,1,1300,1300
2572,21-05-2026,Tienda Norte,  Maní,Snacks,2,1200,2400
2572,2026-05-21,Tienda Norte,Té,Café/Té,2,2500,5000
2573,2026-08-03,Tienda Sur,Detergente,Limpieza,2,5500,11.000
2573,3-8-2026,Tienda Sur,Galletas,Snacks,1,1000,1000
2574,2026/08/13,Tienda Sur,  Café,Café/Té,2,4000,8000
2575,2026-06-01,Tienda Sur,Cerveza,Alcohol,2,3500,7000
2575,01-06-2026,Tienda Sur,Papas fritas,Snacks,3,1800,5400
2575,1/6/2026,Tienda Sur,Vino tinto,Alcohol,1,5000,5000
2576,2026-06-21,Tienda Centro,Jugo naranja,Bebidas,1,1600,1600
2576,2026-06-21,Tienda Centro,Leche,Lácteos,2,1200,2400
2576,2026-06-21,Tienda Centro,Maní,Snacks,1,1200,1200
2577,2026-06-21,Tienda Mall, Esponjas ,Limpieza,1,1200,1200
2577,21/6/2026,Tienda Mall,Queso,Lácteos,3,4500,13500
2577,2026-06-21,Tienda Mall  ,Vino tinto,alcohol,1,5000,5000
2577,2026/06/21, Tienda Mall ,Yogurt,Lácteos,2,800,1600
2578,15/7/2026,Tienda Sur  ,  Azúcar,Café/Té,3,1300,3900
2578,15/7/2026,Tienda Sur,Cerveza,Alcohol,1,3500,3500
2578,15-7-2026,Tienda Sur,Papas fritas,Snacks,1,1800,1800
2578,2026-07-15,Tienda Sur,Queso,Lácteos,2,4500,9000
2579,2026-07-30,  Tienda Sur,Jugo naranja,bebidas,2,1600,3200
2579,2026-07-30,Tienda Sur,Mantequilla,Lácteos,2,2500,5000
2579,30/7/2026,Tienda Sur,  Queso,Lácteos,3,4500,13.500
2580,23-7-2026,Tienda Norte,Azúcar,Café/Té,1,1300,1300
2580,23-07-2026,Tienda Norte,Café,Café/Té,1,4000,4000
2580,2026-07-23,Tienda Norte, Cerveza ,Alcohol,1,3500,3500
2581,18-6-2026,Tienda Sur,  Cloro,Limpieza,1,1400,1400
2581,18-6-2026,Tienda Sur,Jugo naranja,Bebidas,1,1600,1600
2582,14/7/2026,Tienda Norte,Leche,Lácteos,1,1200,1200
2582,2026-07-14,Tienda Norte,Mantequilla,Lácteos,1,2500,2500
2582,2026/07/14,Tienda Norte,Maní,snacks,1,1200,1200
2582,14-7-2026,Tienda Norte,Pan molde,Panadería,1,1800,1800
2583,29-07-2026,Tienda Centro,Bebida cola,Bebidas,1,1500,1500
2583,2026-07-29,Tienda Centro  ,Vino tinto,Alcohol,2,5000,10.000
2584,25-7-2026,Tienda Norte,Bebida cola,BEBIDAS,1,1500,1500
2584,2026-07-25,Tienda Norte, Croissant ,Panadería,1,900,900
2584,25-07-2026,Tienda Norte,Mantequilla,Lácteos,1,2500,2500
2584,25-7-2026,Tienda Norte,Pan molde,Panadería,2,1800,3600
2585,21-5-2026,Tienda Centro,Maní,Snacks,2,1200,2400
2585,2026-05-21,Tienda Centro,Toallitas húmedas,BEBÉ,3,2200,6600
2586,2026-05-23,Tienda Norte,Agua mineral,Bebidas,1,900,900
2586,2026-05-23,Tienda Norte,Cerveza,Alcohol,1,3500,3500
2586,23/5/2026,Tienda Norte,Pañales,Bebé,2,8000,16000
2586,2026-05-23,Tienda Norte,  Toallitas húmedas,Bebé,1,2200,2200
2587,2026/06/28,Tienda Mall,Cerveza,alcohol,1,3500,3500
2587,2026-06-28,Tienda Mall,Cloro,Limpieza,2,1400,2800
2587,28/6/2026,Tienda Mall,Detergente,Limpieza,1,5500,5500
2587,2026-06-28, Tienda Mall ,Esponjas,LIMPIEZA,2,1200,2400
2587,2026-06-28,Tienda Mall,Papas fritas,Snacks,1,1800,1800
2588,14/6/2026,Tienda Centro  ,Cerveza,Alcohol,1,3500,3500
2588,2026-06-14,Tienda Centro  ,Cloro,Limpieza,1,1400,1400
2588,2026-06-14,Tienda Centro,Detergente,LIMPIEZA,3,5500,16500
2588,2026-06-14,Tienda Centro, Pañales ,bebé,1,8000,8000
2589,2026-08-11,Tienda Mall,Esponjas,Limpieza,1,1200,1200
2589,2026-08-11,Tienda Mall,  Jugo naranja,Bebidas,1,1600,1600
2589,2026-08-11,Tienda Mall,Papas fritas,Snacks,1,1800,1800
2590,2026-08-15,Tienda Centro,Azúcar,Café/Té,1,1300,1300
2590,2026-08-15,  Tienda Centro,  Bebida cola,Bebidas,1,1500,1500
2590,2026-08-15,Tienda Centro,Papas fritas,Snacks,1,1800,1800
2591,2026-07-09,Tienda Centro  ,Pañales  ,Bebé,,8000,16000
2591,2026/07/09,Tienda Centro  ,Toallitas húmedas,Bebé,1,2200,2200
2592,2026-06-24,Tienda Centro, Bebida cola ,Bebidas,,1500,4500
2592,2026-06-24,Tienda Centro,Croissant,Panadería,1,900,900
2592,24-6-2026,Tienda Centro,  Papas fritas,Snacks,2,1800,3600
2592,24-6-2026,Tienda Centro,Queso,Lácteos,1,4500,4500
2593,2026-07-21,  Tienda Norte, Agua mineral ,Bebidas,1,900,900
2593,2026-07-21,Tienda Norte,Azúcar,Café/Té,1,1300,1300
2593,21/7/2026,Tienda Norte  ,Jugo naranja,Bebidas,2,1600,3200
2593,2026-07-21, Tienda Norte ,Leche,Lácteos,1,1200,1200
2594,2026-05-28,Tienda Centro,Azúcar,Café/Té,2,1300,2600
2594,2026/05/28,Tienda Centro,Café,CAFÉ/TÉ,1,4000,4000
2594,2026-05-28,Tienda Centro,Queso  ,Lácteos,1,4500,4500
2594,2026-05-28,Tienda Centro,  Toallitas húmedas,Bebé,3,2200,6600
2595,3/8/2026,Tienda Centro,Detergente,Limpieza,1,5500,5500
2595,3/8/2026,Tienda Centro,Esponjas,LIMPIEZA,2,1200,2400
2595,2026-08-03,Tienda Centro,Jugo naranja,BEBIDAS,2,1600,3200
2595,2026/08/03,Tienda Centro,Pan hallulla,Panadería,3,1500,4500
2595,3/8/2026,Tienda Centro,Queso,Lácteos,1,4500,4500
2596,2026-07-29,Tienda Centro,Croissant,Panadería,3,900,2700
2596,29/7/2026,  Tienda Centro,  Mantequilla,lácteos,2,2500,5000
2596,29-7-2026,Tienda Centro,  Pan hallulla,Panadería,1,1500,1500
2596,2026/07/29,Tienda Centro,Queso,Lácteos,2,4500,9000
2596,29-7-2026, Tienda Centro ,  Toallitas húmedas,Bebé,3,2200,6600
2597,28-6-2026,Tienda Sur,Cerveza,Alcohol,,3500,3500
2597,2026-06-28,Tienda Sur,Mantequilla,Lácteos,1,2500,2500
2597,2026-06-28,Tienda Sur,Pan hallulla,Panadería,3,1500,4500
2597,2026-06-28,Tienda Sur,  Queso,Lácteos,1,4500,4500
2598,2026-06-16, Tienda Mall ,Cerveza,Alcohol,2,3500,7000
2598,2026/06/16,Tienda Mall,Maní,Snacks,1,1200,1200
2599,2026-07-23,Tienda Centro  ,Esponjas,Limpieza,1,1200,1200
2599,2026-07-23,Tienda Centro, Mantequilla ,Lácteos,1,2500,2500
2600,2026/05/23,Tienda Norte,  Cloro,Limpieza,2,1400,2800
2600,2026-05-23,Tienda Norte,Galletas,Snacks,1,1000,1000
2601,26-7-2026,Tienda Centro  ,Leche,LÁCTEOS,2,1200,2400
2601,2026-07-26,Tienda Centro,Mantequilla,Lácteos,,2500,2500
2602,2026-08-09,Tienda Sur,Azúcar,Café/Té,,1300,1300
2602,2026/08/09,Tienda Sur,Café,Café/Té,,4000,4000
2602,2026-08-09,Tienda Sur,Esponjas,Limpieza,2,1200,2400
2603,7/7/2026,Tienda Mall,  Maní,SNACKS,1,1200,1200
2603,2026-07-07,  Tienda Mall,  Queso,Lácteos,1,4500,4500
2604,2026/05/31,Tienda Centro  ,Café,Café/Té,2,4000,8000
2604,31-5-2026, Tienda Centro ,Jugo naranja,Bebidas,3,1600,4800
2604,2026-05-31,Tienda Centro,Leche,Lácteos,1,1200,1200
2604,2026-05-31,Tienda Centro,Toallitas húmedas,bebé,1,2200,2200
2605,2026-06-05,Tienda Sur,Croissant,Panadería,1,900,900
2605,5-6-2026,Tienda Sur,Pan hallulla,panadería,1,1500,1500
2605,05-06-2026,Tienda Sur,Queso,Lácteos,1,4500,4500
2606,2026-08-13,  Tienda Mall,Croissant  ,Panadería,1,900,900
2606,2026/08/13,Tienda Mall,Maní,Snacks,2,1200,2400
2606,13-08-2026,Tienda Mall,Papas fritas,Snacks,1,1800,1800
2606,2026-08-13,Tienda Mall  ,  Yogurt,LÁCTEOS,3,800,2400
2607,2026-06-12,Tienda Mall,Croissant,Panadería,2,900,1800
2607,12-6-2026,Tienda Mall,Mantequilla,Lácteos,1,2500,2500
2607,2026-06-12,Tienda Mall,Pan molde,PANADERÍA,2,1800,3600
2607,2026-06-12,Tienda Mall  , Queso ,lácteos,1,4500,4500
2608,05-08-2026,Tienda Sur  ,Maní,SNACKS,1,1200,1200
2608,2026-08-05, Tienda Sur ,Queso  ,Lácteos,1,4500,4500
2608,2026/08/05,Tienda Sur,Vino tinto,Alcohol,3,5000,15.000
2609,18/6/2026,Tienda Centro,Leche,Lácteos,1,1200,1200
2610,2026-08-09,Tienda Sur,Cloro,LIMPIEZA,1,1400,1400
2610,2026-08-09,Tienda Sur,Vino tinto,alcohol,1,5000,5000
2611,24-7-2026,Tienda Sur,Detergente,Limpieza,1,5500,5500
2611,2026-07-24,Tienda Sur,Galletas,snacks,1,1000,1000
2611,24-7-2026,Tienda Sur  ,Yogurt,Lácteos,1,800,800
2612,2026/07/11,Tienda Sur,Papas fritas,Snacks,2,1800,3600
2613,20/7/2026,Tienda Centro,Croissant  ,Panadería,1,900,900
2613,2026-07-20,Tienda Centro  ,Detergente,Limpieza,3,5500,16500
2613,20/7/2026,Tienda Centro,Esponjas,Limpieza,1,1200,1200
2613,20-7-2026, Tienda Centro ,Jugo naranja  ,Bebidas,1,1600,1600
2614,2026-07-13,Tienda Norte,Azúcar,Café/Té,2,1300,2600
2614,2026-07-13,Tienda Norte  ,Esponjas,limpieza,2,1200,2400
2614,13-7-2026,Tienda Norte,Té,Café/Té,1,2500,2500
2615,2026-08-10,Tienda Mall,Pan hallulla,Panadería,2,1500,3000
2615,2026-08-10,Tienda Mall,  Toallitas húmedas,Bebé,1,2200,2200
2616,2026-06-07,  Tienda Norte,Maní,Snacks,1,1200,1200
2617,2026-07-24,Tienda Centro  ,Cloro,Limpieza,1,1400,1400
2618,19-06-2026,Tienda Norte,Azúcar  ,Café/Té,1,1300,1300
2618,2026-06-19,Tienda Norte,Yogurt,Lácteos,1,800,800
2619,25-06-2026,Tienda Mall,Azúcar  ,Café/Té,3,1300,3900
2619,2026-06-25, Tienda Mall ,  Mantequilla,Lácteos,1,2500,2500
2619,2026-06-25,Tienda Mall,Té,CAFÉ/TÉ,1,2500,2500
2620,21-5-2026, Tienda Sur ,Azúcar,Café/Té,1,1300,1300
2621,2026-08-06,Tienda Centro,Esponjas,limpieza,1,1200,1200
2621,6-8-2026,Tienda Centro  ,Leche,Lácteos,1,1200,1200
2622,2026-08-14, Tienda Centro ,Cerveza,ALCOHOL,1,3500,3500
2622,2026-08-14,Tienda Centro,Galletas  ,Snacks,1,1000,1000
2622,2026-08-14,Tienda Centro,Maní,Snacks,3,1200,3600
2622,14-08-2026,Tienda Centro,Queso,Lácteos,1,4500,4500
2623,15/7/2026,Tienda Sur,Esponjas,Limpieza,3,1200,3600
2624,6/7/2026,Tienda Mall,Pan hallulla,Panadería,1,1500,1500
2624,2026-07-06,Tienda Mall  ,Toallitas húmedas,Bebé,3,2200,6600
2625,2026-05-23,Tienda Centro, Jugo naranja ,Bebidas,1,1600,1600
2626,26/6/2026,Tienda Sur,Croissant,Panadería,,900,900
2626,26-06-2026,Tienda Sur,Toallitas húmedas,Bebé,2,2200,4400
2627,2026/07/25,Tienda Centro,Agua mineral,BEBIDAS,2,900,1800
2627,2026/07/25,  Tienda Centro,Azúcar,Café/Té,1,1300,1300
2627,2026-07-25,Tienda Centro,Café,CAFÉ/TÉ,1,4000,4000
2627,25-07-2026,Tienda Centro,  Jugo naranja,bebidas,1,1600,1600
2628,11-8-2026, Tienda Norte ,Bebida cola,bebidas,1,1500,1500
2629,2026-07-31,Tienda Centro,Azúcar,café/té,1,1300,1300
2629,2026-07-31,Tienda Centro, Bebida cola ,Bebidas,1,1500,1500
2629,31-7-2026,Tienda Centro,Galletas,Snacks,1,1000,1000
2630,2026/08/13,Tienda Mall,Bebida cola,Bebidas,1,1500,1500
2630,2026-08-13,Tienda Mall,Papas fritas,Snacks,2,1800,3600
2631,2026-07-30,Tienda Sur,Azúcar,Café/Té,1,1300,1300
2631,2026-07-30,Tienda Sur,Café,Café/Té,1,4000,4000
2631,30-07-2026,Tienda Sur,Jugo naranja  ,BEBIDAS,3,1600,4800
2631,2026-07-30,  Tienda Sur,Pañales,Bebé,1,8000,8000
2631,2026-07-30,Tienda Sur,Toallitas húmedas,Bebé,1,2200,2200
2631,2026/07/30,Tienda Sur,Vino tinto,Alcohol,1,5000,5000
2632,2026-06-09,Tienda Mall,  Croissant,Panadería,2,900,1800
2633,09-07-2026,Tienda Sur,Bebida cola,Bebidas,1,1500,1500
2633,2026-07-09, Tienda Sur ,Galletas,Snacks,2,1000,2000
2634,2026-05-31,Tienda Mall, Galletas ,Snacks,1,1000,1000
2634,2026-05-31,Tienda Mall,Maní,Snacks,1,1200,1200
2635,13/8/2026,Tienda Centro,Azúcar,Café/Té,1,1300,1300
2635,2026-08-13,  Tienda Centro,Mantequilla,Lácteos,1,2500,2500
2635,13/8/2026,  Tienda Centro,Pan hallulla  ,panadería,1,1500,1500
2635,13-8-2026,  Tienda Centro,Queso,Lácteos,1,4500,4500
2636,7/8/2026,Tienda Norte,Agua mineral,Bebidas,1,900,900
2636,7/8/2026,Tienda Norte,Jugo naranja,BEBIDAS,2,1600,3200
2636,2026-08-07,Tienda Norte,Papas fritas,SNACKS,1,1800,1800
2637,2026/06/13, Tienda Sur ,Azúcar,Café/Té,1,1300,1300
2637,13-06-2026,Tienda Sur,Jugo naranja,Bebidas,1,1600,1600
2637,2026-06-13,Tienda Sur,Pan molde,Panadería,1,1800,1800
2637,13-06-2026,Tienda Sur,Queso,lácteos,1,4500,4500
2638,2026-05-25,Tienda Sur,Esponjas,Limpieza,1,1200,1200
2639,2026-06-04,Tienda Sur,Papas fritas,Snacks,1,1800,1800
2639,4-6-2026,Tienda Sur,Toallitas húmedas,Bebé,1,2200,2200
2640,2026-06-30,Tienda Mall,Mantequilla  ,Lácteos,1,2500,2500
2640,2026-06-30,Tienda Mall,Pan molde,Panadería,1,1800,1800
2640,2026-06-30,Tienda Mall,Pañales,Bebé,1,8000,8000
2640,2026-06-30,Tienda Mall  ,Toallitas húmedas  ,BEBÉ,1,2200,2200
2641,2026-06-17,Tienda Norte,Cerveza,Alcohol,3,3500,10500
2641,2026-06-17,Tienda Norte, Cloro ,Limpieza,2,1400,2800
2641,17-6-2026, Tienda Norte ,Maní,Snacks,1,1200,1200
2641,2026-06-17,Tienda Norte,  Papas fritas,Snacks,1,1800,1800
2641,17/6/2026,Tienda Norte,Toallitas húmedas,Bebé,2,2200,4400
2642,27-07-2026,Tienda Mall,Agua mineral,Bebidas,1,900,900
2642,2026-07-27, Tienda Mall , Pan molde ,panadería,1,1800,1800
2642,27/7/2026,Tienda Mall,Queso,Lácteos,2,4500,9000
2643,2026-08-08,  Tienda Centro,Azúcar,CAFÉ/TÉ,1,1300,1300
2643,08-08-2026,Tienda Centro,Café,Café/Té,1,4000,4000
2643,2026-08-08,Tienda Centro,Galletas  ,Snacks,1,1000,1000
2643,2026-08-08,Tienda Centro,Leche,Lácteos,1,1200,1200
2644,2026-07-29,Tienda Norte,Bebida cola,BEBIDAS,3,1500,4500
2644,29/7/2026,Tienda Norte,Cloro,Limpieza,1,1400,1400
2644,2026-07-29,Tienda Norte,Pañales  ,Bebé,1,8000,8000
2644,29/7/2026,Tienda Norte,Queso,Lácteos,1,4500,4500
2644,29-7-2026,Tienda Norte,Toallitas húmedas,Bebé,,2200,2200
2644,2026-07-29,Tienda Norte,Vino tinto,Alcohol,1,5000,5000
2645,2026-06-17,Tienda Centro,Azúcar,café/té,1,1300,1300
2645,2026-06-17,Tienda Centro,Pañales,Bebé,1,8000,8000
2645,17-6-2026,Tienda Centro,Toallitas húmedas,BEBÉ,1,2200,2200
2645,2026-06-17,Tienda Centro,Té,Café/Té,1,2500,2500
2645,2026-06-17,Tienda Centro,Yogurt,lácteos,,800,800
2646,2026-06-03,Tienda Norte,Queso,Lácteos,1,4500,4500
2646,2026-06-03,Tienda Norte,  Toallitas húmedas,BEBÉ,1,2200,2200
2646,3/6/2026,Tienda Norte,Vino tinto,ALCOHOL,1,5000,5000
2647,28-5-2026,  Tienda Centro, Pañales ,bebé,1,8000,8000
2647,28/5/2026,Tienda Centro,Toallitas húmedas,Bebé,1,2200,2200
2648,2026-07-03,Tienda Mall,Agua mineral,Bebidas,1,900,900
2648,2026-07-03,  Tienda Mall, Cloro ,LIMPIEZA,1,1400,1400
2648,03-07-2026,Tienda Mall,  Esponjas,Limpieza,1,1200,1200
2649,5/8/2026,Tienda Sur,Galletas,Snacks,1,1000,1000
2650,08-08-2026,  Tienda Norte,Jugo naranja,BEBIDAS,3,1600,4800
2650,2026-08-08,Tienda Norte, Vino tinto ,Alcohol,1,5000,5000
2651,2026-06-19,Tienda Centro,Azúcar,café/té,1,1300,1300
2651,2026-06-19,Tienda Centro, Cloro ,Limpieza,1,1400,1400
2651,19/6/2026,  Tienda Centro,Croissant,Panadería,1,900,900
2651,2026-06-19,Tienda Centro  ,Detergente,Limpieza,1,5500,5500
2651,2026-06-19,Tienda Centro  ,Galletas,Snacks,2,1000,2000
2652,2026-08-07,  Tienda Sur,Cloro,Limpieza,1,1400,1400
2652,2026-08-07,Tienda Sur,Queso,Lácteos,1,4500,4500
2652,2026-08-07,Tienda Sur,Toallitas húmedas,Bebé,1,2200,2200
2652,07-08-2026,Tienda Sur,Vino tinto,Alcohol,1,5000,5000
2653,13-07-2026,Tienda Mall,Vino tinto,Alcohol,1,5000,5000
2653,2026-07-13,Tienda Mall,Yogurt,LÁCTEOS,2,800,1600
2654,2026-05-29,  Tienda Norte,Cerveza,ALCOHOL,2,3500,7000
2654,2026-05-29, Tienda Norte ,Pañales,BEBÉ,1,8000,8000
2654,2026-05-29,Tienda Norte  ,  Toallitas húmedas,Bebé,,2200,2200
2655,2026/07/12, Tienda Centro ,Mantequilla,Lácteos,1,2500,2500
2655,12-07-2026,Tienda Centro, Pan hallulla ,Panadería,1,1500,1500
2655,12-7-2026,Tienda Centro,Queso  ,Lácteos,1,4500,4500
2655,2026-07-12,Tienda Centro, Toallitas húmedas ,Bebé,3,2200,6600
2656,2026-05-24,  Tienda Mall,Azúcar,Café/Té,1,1300,1300
2656,2026-05-24,Tienda Mall  ,Café  ,Café/Té,1,4000,4000
2656,24-05-2026,  Tienda Mall,Cloro,Limpieza,1,1400,1400
2656,24/5/2026,Tienda Mall,Detergente,Limpieza,2,5500,11.000
2656,24/5/2026,Tienda Mall,Esponjas,LIMPIEZA,1,1200,1200
2656,2026/05/24,  Tienda Mall,Maní,Snacks,1,1200,1200
2657,26-06-2026,Tienda Sur,  Azúcar,Café/Té,1,1300,1300
2657,26/6/2026,Tienda Sur,Café,Café/Té,1,4000,4000
2657,2026-06-26,Tienda Sur,Croissant,Panadería,1,900,900
2658,2026/06/21,Tienda Mall,Azúcar,CAFÉ/TÉ,2,1300,2600
2658,21-06-2026,Tienda Mall,Bebida cola  ,Bebidas,1,1500,1500
2658,21-06-2026,Tienda Mall,Pañales,bebé,1,8000,8000
2658,2026-06-21,Tienda Mall,Toallitas húmedas,BEBÉ,1,2200,2200
2659,2026-08-05,Tienda Mall,  Mantequilla,Lácteos,3,2500,7500
2659,05-08-2026,Tienda Mall,Queso,Lácteos,2,4500,9000
2660,2026-07-28,Tienda Sur,Cloro,LIMPIEZA,1,1400,1400
2661,2026-08-16,Tienda Mall,  Croissant,Panadería,1,900,900
2661,2026/08/16, Tienda Mall ,Pañales,Bebé,,8000,8000
2662,26-05-2026,Tienda Centro,  Agua mineral,BEBIDAS,1,900,900
2663,24-5-2026,Tienda Mall,Esponjas,Limpieza,1,1200,1200
2663,2026-05-24,Tienda Mall,Maní,Snacks,1,1200,1200
2663,2026-05-24,Tienda Mall  ,Yogurt,Lácteos,1,800,800
2664,2026-06-18,Tienda Sur  , Mantequilla ,Lácteos,1,2500,2500
2665,25/6/2026,Tienda Sur,Bebida cola,Bebidas,1,1500,1500
2665,2026/06/25,Tienda Sur,Café,Café/Té,1,4000,4000
2665,2026-06-25,Tienda Sur,Cloro  ,Limpieza,1,1400,1400
2665,25/6/2026, Tienda Sur ,Queso,Lácteos,1,4500,4500
2665,25-06-2026,Tienda Sur,Vino tinto,Alcohol,1,5000,5000
2666,25-06-2026,Tienda Sur,Jugo naranja  ,bebidas,1,1600,1600
2666,25-6-2026,Tienda Sur,Leche,lácteos,1,1200,1200
2666,25/6/2026,Tienda Sur,Mantequilla,LÁCTEOS,1,2500,2500
2666,2026-06-25,Tienda Sur  ,Pan molde,Panadería,1,1800,1800
2666,25/6/2026,Tienda Sur,Queso,Lácteos,1,4500,4500
2667,2026-07-28,Tienda Sur,Cloro,LIMPIEZA,2,1400,2800
2667,2026-07-28,Tienda Sur  ,Mantequilla,Lácteos,2,2500,5000
2667,2026-07-28,Tienda Sur,  Pan hallulla,Panadería,2,1500,3000
2668,2026-06-12,Tienda Norte,Esponjas,LIMPIEZA,1,1200,1200
2668,2026-06-12,Tienda Norte  ,Mantequilla,Lácteos,2,2500,5000
2668,2026-06-12,Tienda Norte  ,Pan molde,Panadería,2,1800,3600
2668,2026-06-12,Tienda Norte,  Toallitas húmedas,Bebé,1,2200,2200
2669,2-8-2026,Tienda Centro,Cloro,limpieza,1,1400,1400
2669,2026-08-02,Tienda Centro,Vino tinto,Alcohol,2,5000,10000
2670,2026-06-27, Tienda Mall ,Cloro,Limpieza,2,1400,2800
2670,2026-06-27,Tienda Mall,Esponjas,Limpieza,1,1200,1200
2671,04-07-2026,Tienda Mall, Galletas ,SNACKS,1,1000,1000
2671,04-07-2026,  Tienda Mall,Mantequilla,Lácteos,1,2500,2500
2671,2026-07-04, Tienda Mall ,Queso,Lácteos,1,4500,4500
2671,2026-07-04,  Tienda Mall,Vino tinto  ,Alcohol,1,5000,5000
2672,2026/06/19,Tienda Norte, Galletas ,Snacks,,1000,1000
2673,8/6/2026,Tienda Norte,Detergente,Limpieza,1,5500,5500
2673,2026-06-08,Tienda Norte  ,Esponjas,Limpieza,1,1200,1200
2674,2026-06-24,Tienda Sur,Papas fritas,Snacks,1,1800,1800
2675,16-07-2026,Tienda Centro,Cloro,Limpieza,2,1400,2800
2675,16/7/2026,Tienda Centro,Detergente,Limpieza,3,5500,16.500
2675,16-07-2026,Tienda Centro,Esponjas,Limpieza,1,1200,1200
2675,2026-07-16,  Tienda Centro,Maní,Snacks,1,1200,1200
2676,2026-06-04,  Tienda Centro,Cloro,Limpieza,1,1400,1400
2676,2026-06-04,Tienda Centro,  Mantequilla,LÁCTEOS,3,2500,7500
2676,2026-06-04,Tienda Centro, Pan hallulla ,Panadería,1,1500,1500
2676,2026/06/04,Tienda Centro  ,Pan molde,Panadería,1,1800,1800
2677,17-06-2026,Tienda Mall,Cloro,Limpieza,1,1400,1400
2677,2026-06-17,Tienda Mall,Papas fritas,Snacks,3,1800,5400
2677,2026-06-17,Tienda Mall,  Pañales,Bebé,1,8000,8000
2677,2026/06/17,Tienda Mall,Toallitas húmedas,Bebé,1,2200,2200
2678,2026/08/10,Tienda Centro,Cerveza,Alcohol,2,3500,7000
2678,10-08-2026,  Tienda Centro, Pan molde ,Panadería,1,1800,1800
2678,2026-08-10,Tienda Centro  ,  Papas fritas,Snacks,1,1800,1800
2678,2026-08-10,Tienda Centro,  Queso,Lácteos,3,4500,13500
2679,13/7/2026,Tienda Sur,Leche,Lácteos,1,1200,1200
2679,2026-07-13,Tienda Sur  ,Pan hallulla,Panadería,2,1500,3000
2679,2026-07-13,Tienda Sur,Queso,Lácteos,1,4500,4500
2680,01-08-2026,Tienda Norte,  Cloro,limpieza,1,1400,1400
2680,2026-08-01,Tienda Norte,Detergente,LIMPIEZA,2,5500,11.000
2680,2026-08-01,Tienda Norte,Esponjas,Limpieza,2,1200,2400
2680,2026/08/01,Tienda Norte,Mantequilla,Lácteos,2,2500,5000
2680,2026-08-01, Tienda Norte ,Pan molde,Panadería,1,1800,1800
2681,29-07-2026,  Tienda Centro,Cerveza,Alcohol,1,3500,3500
2681,29-7-2026,Tienda Centro,Pañales,Bebé,1,8000,8000
2681,29-07-2026,Tienda Centro,Té,Café/Té,1,2500,2500
2682,2026-06-24, Tienda Norte ,Papas fritas,snacks,1,1800,1800
2683,2026-07-25,Tienda Sur,Queso,Lácteos,2,4500,9000
2684,2026/06/14,  Tienda Centro,Detergente,Limpieza,1,5500,5500
2684,2026-06-14,Tienda Centro,Queso,Lácteos,1,4500,4500
2685,2026/05/26,Tienda Centro  ,Papas fritas,Snacks,1,1800,1800
2686,2026-06-30,Tienda Mall,Café,Café/Té,1,4000,4000
2686,2026-06-30,Tienda Mall,Leche,Lácteos,1,1200,1200
2687,2026-08-06,Tienda Centro,Galletas,Snacks,2,1000,2000
2688,2026-08-13,  Tienda Centro,  Toallitas húmedas,Bebé,1,2200,2200
2688,13-8-2026,  Tienda Centro,Té,CAFÉ/TÉ,1,2500,2500
2689,2026-08-18,  Tienda Centro,Leche  ,Lácteos,1,1200,1200
2689,2026-08-18,Tienda Centro,Vino tinto,Alcohol,3,5000,15000
2690,26-07-2026,Tienda Mall,Pañales,Bebé,1,8000,8000
2690,2026-07-26,  Tienda Mall,Toallitas húmedas,BEBÉ,1,2200,2200
2691,2026-07-26,Tienda Norte,Croissant,Panadería,1,900,900
2691,2026-07-26,Tienda Norte,Maní,Snacks,1,1200,1200
2691,26-07-2026,Tienda Norte,Yogurt,Lácteos,1,800,800
2692,24/5/2026,Tienda Sur,Agua mineral,BEBIDAS,1,900,900
2692,2026-05-24,Tienda Sur  ,Azúcar,Café/Té,1,1300,1300
2692,24-5-2026,Tienda Sur,Queso,Lácteos,1,4500,4500
2692,2026-05-24, Tienda Sur ,  Vino tinto,Alcohol,1,5000,5000
2693,2026-06-09,Tienda Sur,Bebida cola,Bebidas,1,1500,1500
2693,09-06-2026,Tienda Sur,Pañales,Bebé,1,8000,8000
2693,2026-06-09,  Tienda Sur,Toallitas húmedas,Bebé,1,2200,2200
2694,2026-06-02,Tienda Mall,Azúcar,Café/Té,1,1300,1300
2694,2026-06-02,Tienda Mall,  Café,café/té,1,4000,4000
2694,2026-06-02,Tienda Mall, Cerveza ,Alcohol,1,3500,3500
2694,2/6/2026,Tienda Mall,Esponjas,Limpieza,1,1200,1200
2694,2026-06-02,Tienda Mall,Maní,Snacks,2,1200,2400
2694,2026/06/02,Tienda Mall,Papas fritas,Snacks,,1800,3600
2695,21-05-2026,Tienda Norte,Cerveza,alcohol,1,3500,3500
2695,2026-05-21,Tienda Norte,Queso,Lácteos,1,4500,4500
2695,21-05-2026,Tienda Norte,Yogurt,Lácteos,1,800,800
2696,11-8-2026,Tienda Norte,Cloro,Limpieza,1,1400,1400
2696,2026-08-11,Tienda Norte  ,Croissant  ,Panadería,1,900,900
2696,2026-08-11,  Tienda Norte,Detergente,Limpieza,2,5500,11000
2697,2026/07/07,Tienda Sur,Bebida cola,Bebidas,2,1500,3000
2697,2026-07-07,Tienda Sur,Pan molde,Panadería,1,1800,1800
2697,2026/07/07,Tienda Sur,Papas fritas,Snacks,1,1800,1800
2698,2026-07-20,Tienda Norte,Detergente,Limpieza,3,5500,16500
2698,2026/07/20,Tienda Norte,Galletas,Snacks,2,1000,2000
2698,20-7-2026,Tienda Norte,Pan molde,PANADERÍA,1,1800,1800
2698,20-07-2026,Tienda Norte,Queso,Lácteos,2,4500,9000
2699,2026-06-04,Tienda Centro,Azúcar,Café/Té,1,1300,1300
2699,4/6/2026, Tienda Centro ,Jugo naranja,Bebidas,1,1600,1600
2699,04-06-2026,Tienda Centro,Mantequilla,lácteos,1,2500,2500
2699,04-06-2026,Tienda Centro,Té,CAFÉ/TÉ,1,2500,2500
2700,21-5-2026,Tienda Centro,Croissant,Panadería,1,900,900
2701,2026/05/27,Tienda Norte,  Agua mineral,Bebidas,1,900,900
2701,2026-05-27,  Tienda Norte,Mantequilla,Lácteos,1,2500,2500
2701,2026-05-27,Tienda Norte,Queso,Lácteos,1,4500,4500
2702,15-8-2026,  Tienda Centro,Café,Café/Té,1,4000,4000
2702,2026-08-15, Tienda Centro ,Cloro,LIMPIEZA,1,1400,1400
2703,8/8/2026,  Tienda Mall,Azúcar,café/té,1,1300,1300
2703,2026/08/08,Tienda Mall,Café,Café/Té,1,4000,4000
2703,2026/08/08,Tienda Mall,Cloro,Limpieza,1,1400,1400
2703,8-8-2026,Tienda Mall,Detergente,Limpieza,1,5500,5500
2703,2026-08-08,Tienda Mall,Esponjas,Limpieza,1,1200,1200
2703,2026-08-08,Tienda Mall,Pañales,bebé,1,8000,8000
2703,2026/08/08,Tienda Mall,Toallitas húmedas,Bebé,1,2200,2200
2704,2026-06-24, Tienda Centro ,Esponjas,Limpieza,1,1200,1200
2705,2026-06-10,Tienda Sur,Cloro,Limpieza,1,1400,1400
2705,10/6/2026,Tienda Sur,Esponjas,Limpieza,1,1200,1200
2705,10-6-2026,Tienda Sur  ,Papas fritas,Snacks,1,1800,1800
2705,2026/06/10,Tienda Sur  ,Queso,LÁCTEOS,1,4500,4500
2705,2026-06-10, Tienda Sur ,Vino tinto,ALCOHOL,1,5000,5000
2706,2026-05-30,Tienda Sur,Esponjas,Limpieza,1,1200,1200
2706,2026-05-30, Tienda Sur ,  Toallitas húmedas,Bebé,1,2200,2200
2707,17/8/2026,  Tienda Sur,Bebida cola,Bebidas,1,1500,1500
2707,2026-08-17,Tienda Sur,Maní  ,snacks,1,1200,1200
2707,17-8-2026,Tienda Sur,Papas fritas,SNACKS,1,1800,1800
2708,2026/06/04, Tienda Centro ,Cerveza,alcohol,1,3500,3500
2708,4-6-2026,Tienda Centro,Esponjas,Limpieza,1,1200,1200
2708,2026-06-04,Tienda Centro,Leche,Lácteos,1,1200,1200
2708,2026-06-04,Tienda Centro,Mantequilla,Lácteos,1,2500,2500
2708,2026-06-04,Tienda Centro,Maní,Snacks,1,1200,1200
2708,2026-06-04,Tienda Centro,Pan hallulla,Panadería,1,1500,1500
2709,2026-06-23, Tienda Mall ,Azúcar,Café/Té,1,1300,1300
2709,23-6-2026,Tienda Mall,Galletas,Snacks,1,1000,1000
2709,23/6/2026,Tienda Mall,Queso,Lácteos,1,4500,4500
2709,2026-06-23,Tienda Mall,Toallitas húmedas,Bebé,1,2200,2200
2710,22-07-2026,Tienda Centro,Jugo naranja,Bebidas,2,1600,3200
2710,22/7/2026,Tienda Centro  ,Leche,Lácteos,1,1200,1200
2710,22-7-2026,Tienda Centro, Pañales ,Bebé,3,8000,24000
2710,2026-07-22,Tienda Centro,Toallitas húmedas,Bebé,2,2200,4400
2711,2026-07-12,Tienda Mall,Bebida cola,Bebidas,1,1500,1500
2711,2026-07-12, Tienda Mall ,Cloro,limpieza,3,1400,4200
2711,12-07-2026,Tienda Mall,Mantequilla,Lácteos,3,2500,7500
2711,12/7/2026,Tienda Mall,Papas fritas,Snacks,1,1800,1800
2712,2026-08-13,Tienda Mall,Azúcar,Café/Té,1,1300,1300
2712,13-8-2026,Tienda Mall,  Mantequilla,lácteos,1,2500,2500
2712,13-8-2026,Tienda Mall,Té,Café/Té,2,2500,5000
2713,2026-08-04,Tienda Norte,Azúcar,Café/Té,1,1300,1300
2713,4-8-2026,Tienda Norte  ,Café,Café/Té,2,4000,8000
2713,4-8-2026,Tienda Norte,Cloro,LIMPIEZA,1,1400,1400
2713,4-8-2026,Tienda Norte,Jugo naranja,Bebidas,1,1600,1600
2713,2026-08-04,Tienda Norte,Mantequilla,LÁCTEOS,1,2500,2500
2714,2026-05-27,Tienda Centro,Mantequilla,Lácteos,1,2500,2500
2714,2026-05-27, Tienda Centro ,Pan molde,PANADERÍA,1,1800,1800
2714,2026-05-27,Tienda Centro  ,Papas fritas,snacks,1,1800,1800
2715,2026-06-08,Tienda Mall,Detergente,Limpieza,1,5500,5500
2715,2026-06-08,Tienda Mall,Papas fritas,Snacks,1,1800,1800
2715,8/6/2026, Tienda Mall ,Queso,Lácteos,1,4500,4500
2716,2026-07-13,Tienda Norte,  Esponjas,Limpieza,2,1200,2400
2716,2026-07-13,Tienda Norte,Queso,Lácteos,1,4500,4500
2717,28-5-2026,Tienda Centro,Cerveza,Alcohol,1,3500,3500
2717,2026-05-28,Tienda Centro,Mantequilla,Lácteos,3,2500,7500
2717,2026-05-28,Tienda Centro,Pan hallulla,Panadería,2,1500,3000
2717,2026-05-28,Tienda Centro,Pañales,Bebé,1,8000,8000
2717,2026-05-28,Tienda Centro,Queso,lácteos,1,4500,4500
2717,28-5-2026,Tienda Centro,Toallitas húmedas,bebé,,2200,2200
2717,2026-05-28,Tienda Centro,Té  ,Café/Té,3,2500,7500
2718,19-6-2026,Tienda Sur,Agua mineral,Bebidas,,900,1800
2718,2026-06-19,Tienda Sur,Cerveza,ALCOHOL,,3500,3500
2718,19-06-2026,Tienda Sur,Croissant,PANADERÍA,1,900,900
2718,2026-06-19,Tienda Sur,Papas fritas,Snacks,2,1800,3600
2719,2026-05-27,Tienda Sur  ,Detergente,Limpieza,1,5500,5500
2719,27/5/2026,Tienda Sur,Esponjas,Limpieza,1,1200,1200
2719,2026-05-27,Tienda Sur  ,Galletas,Snacks,2,1000,2000
2719,27-05-2026,Tienda Sur,Maní,Snacks,1,1200,1200
2720,2026-05-31,Tienda Norte,Azúcar  ,café/té,1,1300,1300
2720,31-05-2026,Tienda Norte  ,Cloro,Limpieza,2,1400,2800
2720,31/5/2026, Tienda Norte ,Detergente,Limpieza,2,5500,11000
2720,2026-05-31,Tienda Norte  ,Maní,Snacks,3,1200,3600
2720,2026-05-31, Tienda Norte ,Té  ,café/té,2,2500,5000
2721,2026/05/21,  Tienda Sur,Bebida cola,BEBIDAS,1,1500,1500
2721,2026-05-21,Tienda Sur,Croissant  ,Panadería,1,900,900
2721,2026-05-21,Tienda Sur,Pan hallulla,Panadería,1,1500,1500
2721,2026-05-21,Tienda Sur,Vino tinto,Alcohol,1,5000,5000
2722,2026-07-17,Tienda Sur,Azúcar,Café/Té,1,1300,1300
2722,17-7-2026,Tienda Sur,Jugo naranja,Bebidas,3,1600,4800
2722,17/7/2026,Tienda Sur,Leche,Lácteos,2,1200,2400
2722,17/7/2026,Tienda Sur,Pañales,Bebé,,8000,8000
2722,2026-07-17,Tienda Sur,Toallitas húmedas,Bebé,1,2200,2200
2723,3-6-2026,Tienda Mall,Café,Café/Té,1,4000,4000
2723,2026-06-03,Tienda Mall,Esponjas,Limpieza,2,1200,2400
2723,2026-06-03,Tienda Mall,Maní,SNACKS,1,1200,1200
2724,2026-07-27,Tienda Norte  ,Bebida cola,bebidas,2,1500,3000
2724,27-07-2026,Tienda Norte,Maní  ,Snacks,1,1200,1200
2725,2026-05-24,  Tienda Centro,  Detergente,Limpieza,1,5500,5500
2725,2026-05-24,Tienda Centro,Papas fritas,Snacks,1,1800,1800
2725,2026-05-24,Tienda Centro,Yogurt,Lácteos,1,800,800
2726,2026-07-16,Tienda Centro,Esponjas,Limpieza,1,1200,1200
2726,2026-07-16,Tienda Centro  ,Queso,Lácteos,1,4500,4500
2727,2026-07-10,Tienda Sur,Azúcar,Café/Té,2,1300,2600
2728,2026-08-06,Tienda Centro,Bebida cola,Bebidas,1,1500,1500
2728,2026-08-06,Tienda Centro,Papas fritas,snacks,1,1800,1800
2728,2026/08/06,Tienda Centro, Pañales ,bebé,1,8000,8000
2729,9/6/2026,Tienda Mall,Azúcar,Café/Té,,1300,2600
2729,9-6-2026,Tienda Mall,Café,café/té,2,4000,8000
2729,09-06-2026,Tienda Mall,Galletas,Snacks,1,1000,1000
2729,2026-06-09, Tienda Mall ,Toallitas húmedas,Bebé,2,2200,4400
2730,24-5-2026,Tienda Sur,Croissant,PANADERÍA,2,900,1800
2731,2026-06-27,Tienda Centro,Cerveza,Alcohol,1,3500,3500
2731,2026-06-27,Tienda Centro,Leche,LÁCTEOS,3,1200,3600
2731,27-06-2026,  Tienda Centro,Papas fritas,Snacks,1,1800,1800
2732,2026-07-05,Tienda Mall,Azúcar,Café/Té,1,1300,1300
2732,2026-07-05,Tienda Mall,Croissant,Panadería,1,900,900
2733,2026-06-04,Tienda Sur,Cloro,Limpieza,1,1400,1400
2733,4/6/2026,Tienda Sur  ,Detergente  ,Limpieza,2,5500,11.000
2733,4-6-2026,Tienda Sur,Esponjas,Limpieza,1,1200,1200
2733,2026-06-04,Tienda Sur,Pan hallulla,Panadería,3,1500,4500
2733,4/6/2026,Tienda Sur,Queso,Lácteos,1,4500,4500
2734,2026-07-22,  Tienda Sur,Bebida cola,Bebidas,2,1500,3000
2734,22-7-2026,Tienda Sur,Detergente,limpieza,1,5500,5500
2734,22-7-2026,Tienda Sur,Pan hallulla,Panadería,1,1500,1500
2734,2026-07-22,Tienda Sur,Papas fritas,Snacks,1,1800,1800
2734,22-07-2026,Tienda Sur,Queso,lácteos,1,4500,4500
2735,2026/08/09,Tienda Centro,Cerveza  ,Alcohol,1,3500,3500
2735,2026-08-09,  Tienda Centro,Pañales  ,Bebé,1,8000,8000
2735,9/8/2026,Tienda Centro,Yogurt,Lácteos,1,800,800
2736,2026-06-13,Tienda Norte,Maní,Snacks,1,1200,1200
2736,13-06-2026,  Tienda Norte,Queso,Lácteos,2,4500,9000
2737,2026-08-10,Tienda Centro,Mantequilla,Lácteos,2,2500,5000
2737,2026/08/10,  Tienda Centro,  Pan hallulla,Panadería,2,1500,3000
2737,2026-08-10,Tienda Centro,Pan molde,Panadería,2,1800,3600
2738,12-8-2026,  Tienda Mall, Esponjas ,Limpieza,2,1200,2400
2739,2026-07-17,Tienda Sur, Detergente ,Limpieza,1,5500,5500
2739,17-7-2026,Tienda Sur,Jugo naranja  ,Bebidas,2,1600,3200
2740,2026-08-17,Tienda Centro,Agua mineral,bebidas,3,900,2700
2740,17-08-2026,  Tienda Centro,Jugo naranja,Bebidas,3,1600,4800
2740,2026-08-17,Tienda Centro,Papas fritas,Snacks,1,1800,1800
2741,12-07-2026,Tienda Mall,  Azúcar,Café/Té,2,1300,2600
2741,2026-07-12,Tienda Mall,Papas fritas,Snacks,2,1800,3600
2742,2026-07-06,Tienda Sur,Bebida cola,BEBIDAS,1,1500,1500
2742,2026-07-06,Tienda Sur,Queso,Lácteos,1,4500,4500
2742,2026/07/06,Tienda Sur,  Vino tinto,Alcohol,,5000,10000
2743,2026-07-28,Tienda Mall, Queso ,LÁCTEOS,2,4500,9000
2743,28/7/2026,Tienda Mall,Té,Café/Té,1,2500,2500
2744,2026-06-27,Tienda Norte,Azúcar,Café/Té,2,1300,2600
2744,2026-06-27,Tienda Norte,Detergente,limpieza,1,5500,5500
2744,2026-06-27,Tienda Norte,Vino tinto,alcohol,3,5000,15000
2745,2026-06-28,Tienda Sur,Cloro,Limpieza,1,1400,1400
2745,28-06-2026,Tienda Sur, Pan molde ,PANADERÍA,1,1800,1800
2746,2026-07-25,Tienda Sur,Detergente,Limpieza,1,5500,5500
2746,25/7/2026,  Tienda Sur,Maní,Snacks,2,1200,2400
2747,2026-06-22,Tienda Sur,Maní,Snacks,1,1200,1200
2747,2026-06-22,Tienda Sur,Toallitas húmedas,Bebé,2,2200,4400
2748,25/5/2026,  Tienda Sur,Jugo naranja,BEBIDAS,1,1600,1600
2749,2026/05/28,Tienda Sur,Azúcar,Café/Té,2,1300,2600
2749,2026-05-28, Tienda Sur ,Mantequilla,Lácteos,1,2500,2500
2749,2026-05-28,Tienda Sur,Pan hallulla,Panadería,1,1500,1500
2749,2026-05-28,  Tienda Sur,Toallitas húmedas,Bebé,1,2200,2200
2749,28/5/2026,Tienda Sur,Yogurt  ,LÁCTEOS,2,800,1600
2750,2026-08-06,Tienda Norte,Esponjas,Limpieza,1,1200,1200
2750,2026/08/06,Tienda Norte,  Galletas,Snacks,2,1000,2000
2751,2026/07/22, Tienda Norte , Agua mineral ,Bebidas,,900,900
2751,2026-07-22,Tienda Norte,Cerveza,Alcohol,1,3500,3500
2751,22-07-2026,Tienda Norte,Pañales,Bebé,1,8000,8000
2751,22/7/2026,Tienda Norte,Toallitas húmedas,Bebé,1,2200,2200
2752,2026-07-02,Tienda Sur,Pan hallulla,PANADERÍA,1,1500,1500
2753,28-6-2026,Tienda Sur  ,Yogurt,Lácteos,3,800,2400
2754,2026-06-02,Tienda Sur,Bebida cola,BEBIDAS,1,1500,1500
2754,2-6-2026,Tienda Sur, Croissant ,Panadería,1,900,900
2754,2026/06/02,Tienda Sur,Papas fritas,Snacks,1,1800,1800
2755,15-8-2026,Tienda Norte,Azúcar,Café/Té,1,1300,1300
2755,2026-08-15,Tienda Norte,Café,Café/Té,1,4000,4000
2755,15-08-2026,Tienda Norte,Cerveza,alcohol,1,3500,3500
2755,2026-08-15,Tienda Norte,Maní,SNACKS,1,1200,1200
2755,2026-08-15,Tienda Norte,Toallitas húmedas,Bebé,2,2200,4400
2756,2026-07-11,Tienda Sur,Galletas,snacks,2,1000,2000
2757,2026-06-09,Tienda Mall,Cloro,limpieza,1,1400,1400
2757,2026-06-09,Tienda Mall,Papas fritas,Snacks,1,1800,1800
2757,2026-06-09,Tienda Mall,Yogurt  ,lácteos,1,800,800
2758,2026-07-23,Tienda Norte,Azúcar,CAFÉ/TÉ,1,1300,1300
2758,23-07-2026,Tienda Norte,Esponjas,Limpieza,1,1200,1200
2759,2026-07-03,Tienda Centro,Maní,Snacks,1,1200,1200
2759,3-7-2026,Tienda Centro, Pan hallulla ,Panadería,1,1500,1500
2760,2026/07/01,Tienda Centro  ,Cloro,Limpieza,2,1400,2800
2761,28/6/2026,Tienda Sur,  Bebida cola,BEBIDAS,1,1500,1500
2761,28/6/2026,Tienda Sur,Cerveza,Alcohol,1,3500,3500
2761,2026-06-28,  Tienda Sur,Cloro,LIMPIEZA,1,1400,1400
2762,3-6-2026,Tienda Mall,Bebida cola,Bebidas,1,1500,1500
2762,3/6/2026,  Tienda Mall, Galletas ,SNACKS,2,1000,2000
2762,2026/06/03,Tienda Mall,  Papas fritas,Snacks,2,1800,3600
2763,2026-08-14,Tienda Sur,Maní,SNACKS,1,1200,1200
2763,2026-08-14,Tienda Sur,  Vino tinto,alcohol,,5000,5000
2763,14/8/2026,Tienda Sur,Yogurt,lácteos,,800,1600
2764,2026/05/24,Tienda Sur,Azúcar,café/té,3,1300,3900
2764,2026-05-24,Tienda Sur,Cloro  ,Limpieza,1,1400,1400
2764,2026-05-24,Tienda Sur  ,Detergente,Limpieza,1,5500,5500
2764,24-5-2026,  Tienda Sur,Té,Café/Té,1,2500,2500
2765,2026/07/15,Tienda Norte,Bebida cola,bebidas,1,1500,1500
2766,2026-05-30,  Tienda Mall,Cerveza,Alcohol,1,3500,3500
2766,2026-05-30,Tienda Mall,Jugo naranja,bebidas,2,1600,3200
2766,2026/05/30,Tienda Mall,Mantequilla,Lácteos,2,2500,5000
2766,30-05-2026,Tienda Mall,  Pan hallulla,Panadería,2,1500,3000
2767,13-07-2026,Tienda Mall,Leche,Lácteos,3,1200,3600
2767,2026-07-13,  Tienda Mall,  Yogurt,lácteos,,800,800
2768,2026-06-19, Tienda Centro , Croissant ,Panadería,1,900,900
2768,19/6/2026, Tienda Centro ,Vino tinto,Alcohol,1,5000,5000
2769,2026-07-07,Tienda Norte,Mantequilla,Lácteos,2,2500,5000
2769,2026/07/07,Tienda Norte,Pan hallulla,panadería,1,1500,1500
2769,07-07-2026, Tienda Norte ,Queso,lácteos,1,4500,4500
2769,2026-07-07,Tienda Norte,Vino tinto,Alcohol,1,5000,5000
2770,7/7/2026,Tienda Mall,Toallitas húmedas  ,Bebé,1,2200,2200
2770,2026-07-07,Tienda Mall,Yogurt,Lácteos,1,800,800
2771,2026-07-02,Tienda Sur,  Cloro,LIMPIEZA,1,1400,1400
2771,02-07-2026, Tienda Sur ,Detergente,Limpieza,2,5500,11000
2771,2/7/2026,Tienda Sur,Jugo naranja,Bebidas,1,1600,1600
2772,2026-06-21,Tienda Mall,  Bebida cola,bebidas,2,1500,3000
2772,2026-06-21,Tienda Mall,Croissant,Panadería,1,900,900
2772,2026-06-21,Tienda Mall,Vino tinto,Alcohol,1,5000,5000
2773,2026-07-21,Tienda Centro,Cerveza,ALCOHOL,1,3500,3500
2773,2026-07-21,Tienda Centro,  Leche,Lácteos,1,1200,1200
2773,2026-07-21,Tienda Centro,Mantequilla,Lácteos,2,2500,5000
2773,2026-07-21,Tienda Centro,Pan molde,Panadería,3,1800,5400
2773,2026-07-21,Tienda Centro, Papas fritas ,snacks,2,1800,3600
2774,2026-07-17, Tienda Norte ,Azúcar,Café/Té,1,1300,1300
2774,2026-07-17,Tienda Norte,  Leche,Lácteos,2,1200,2400
2774,2026-07-17,  Tienda Norte,Maní  ,Snacks,2,1200,2400
2774,2026-07-17,Tienda Norte,Té,Café/Té,1,2500,2500
2775,2026-08-08,Tienda Norte,Pañales,bebé,2,8000,16000
2775,08-08-2026,Tienda Norte,Toallitas húmedas,bebé,2,2200,4400
2776,2026-07-16,Tienda Norte,Café,Café/Té,1,4000,4000
2776,16-7-2026,Tienda Norte,Leche,LÁCTEOS,1,1200,1200
2776,2026-07-16,Tienda Norte,Maní,Snacks,1,1200,1200
2777,16/7/2026,Tienda Sur,Croissant,Panadería,1,900,900
2777,2026/07/16, Tienda Sur , Toallitas húmedas ,BEBÉ,1,2200,2200
2778,2026-06-22,Tienda Sur,Mantequilla,Lácteos,1,2500,2500
2778,2026/06/22,Tienda Sur,Pan molde,panadería,2,1800,3600
2778,22/6/2026,Tienda Sur,  Yogurt,Lácteos,1,800,800
2779,2026-07-23,Tienda Centro,  Detergente,LIMPIEZA,1,5500,5500
2779,2026-07-23,Tienda Centro,Esponjas,limpieza,2,1200,2400
2779,2026/07/23,Tienda Centro,Jugo naranja,Bebidas,1,1600,1600
2779,2026-07-23,  Tienda Centro,Queso,Lácteos,1,4500,4500
2779,23-7-2026,Tienda Centro,Vino tinto  ,ALCOHOL,1,5000,5000
2780,22-05-2026, Tienda Norte , Cloro ,Limpieza,1,1400,1400
2780,2026-05-22,Tienda Norte  ,Esponjas,Limpieza,1,1200,1200
2781,9/8/2026,Tienda Centro,Bebida cola,Bebidas,1,1500,1500
2781,2026-08-09,Tienda Centro,Mantequilla,Lácteos,1,2500,2500
2782,30-5-2026, Tienda Norte ,Cloro,Limpieza,1,1400,1400
2782,30/5/2026,Tienda Norte,Galletas,Snacks,1,1000,1000
2782,2026-05-30,Tienda Norte,Mantequilla,LÁCTEOS,2,2500,5000
2783,2/6/2026,Tienda Norte,  Mantequilla,Lácteos,1,2500,2500
2783,2026-06-02,Tienda Norte,Pan hallulla,panadería,1,1500,1500
2783,02-06-2026,  Tienda Norte,Papas fritas  ,Snacks,1,1800,1800
2784,30-7-2026,Tienda Norte,Bebida cola  ,Bebidas,1,1500,1500
2784,30-7-2026,Tienda Norte,Papas fritas,SNACKS,1,1800,1800
2784,2026-07-30,Tienda Norte, Yogurt ,Lácteos,2,800,1600
2785,15-08-2026,Tienda Mall, Cloro ,LIMPIEZA,1,1400,1400
2785,2026-08-15,Tienda Mall,Detergente,Limpieza,1,5500,5500
2785,15/8/2026,Tienda Mall,Maní  ,Snacks,1,1200,1200
2786,2026-06-01,Tienda Mall  ,Galletas,Snacks,1,1000,1000
2786,01-06-2026,Tienda Mall,  Pan molde,Panadería,1,1800,1800
2786,2026-06-01,Tienda Mall,Papas fritas,Snacks,1,1800,1800
2786,2026-06-01,Tienda Mall  ,Toallitas húmedas,Bebé,1,2200,2200
2787,2026-05-23, Tienda Sur ,Agua mineral,Bebidas,1,900,900
2788,2026-06-02,  Tienda Centro,Galletas,SNACKS,2,1000,2000
2788,2026-06-02,  Tienda Centro,  Leche,Lácteos,1,1200,1200
2788,2026-06-02,Tienda Centro,Mantequilla,Lácteos,1,2500,2500
2788,2026-06-02,Tienda Centro,Maní  ,Snacks,1,1200,1200
2788,2026-06-02,Tienda Centro,Pan molde,Panadería,1,1800,1800
2789,03-06-2026,Tienda Norte,Azúcar,Café/Té,1,1300,1300
2789,2026-06-03,Tienda Norte  , Pan molde ,PANADERÍA,1,1800,1800
2789,2026/06/03,Tienda Norte,Té,Café/Té,1,2500,2500
2790,2026-08-11,Tienda Sur,Maní,Snacks,1,1200,1200
2790,11/8/2026,Tienda Sur,Vino tinto,alcohol,1,5000,5000
2791,2026-07-03,Tienda Mall,  Galletas,Snacks,1,1000,1000
2791,2026-07-03,Tienda Mall,Toallitas húmedas,Bebé,1,2200,2200
2791,3/7/2026, Tienda Mall ,Yogurt,Lácteos,1,800,800
2792,2026-08-16,Tienda Centro,Cloro,Limpieza,2,1400,2800
2792,2026-08-16,Tienda Centro,Maní,Snacks,1,1200,1200
2792,16-8-2026,Tienda Centro,Té,CAFÉ/TÉ,1,2500,2500
2793,2026-06-03,Tienda Norte  ,Azúcar,Café/Té,1,1300,1300
2793,3-6-2026,Tienda Norte,  Galletas,Snacks,1,1000,1000
2793,03-06-2026,Tienda Norte,Papas fritas,Snacks,1,1800,1800
2794,16-6-2026,Tienda Mall,Azúcar  ,Café/Té,2,1300,2600
2795,27/7/2026,Tienda Mall  ,Mantequilla,Lácteos,2,2500,5000
2795,27/7/2026,Tienda Mall,Pan hallulla,PANADERÍA,3,1500,4500
2795,27-07-2026,Tienda Mall,Yogurt,lácteos,1,800,800
2796,2026/05/29,Tienda Sur,Papas fritas,Snacks,1,1800,1800
2796,2026-05-29,Tienda Sur,Yogurt,Lácteos,1,800,800
2797,17/6/2026,Tienda Centro,Cloro,Limpieza,1,1400,1400
2797,17/6/2026,Tienda Centro,Leche,Lácteos,1,1200,1200
2798,2/6/2026,Tienda Sur,Cloro,Limpieza,1,1400,1400
2799,2026-06-13,Tienda Sur  ,Leche,Lácteos,1,1200,1200
2799,2026-06-13,Tienda Sur  ,Toallitas húmedas,Bebé,1,2200,2200
2800,13-07-2026,Tienda Norte,Agua mineral,Bebidas,1,900,900
2800,13-7-2026,Tienda Norte  ,  Azúcar,Café/Té,1,1300,1300
2800,13-7-2026,Tienda Norte,Café,CAFÉ/TÉ,1,4000,4000
2800,13/7/2026,Tienda Norte,Galletas,Snacks,1,1000,1000
2800,2026-07-13,Tienda Norte,Maní,Snacks,2,1200,2400
2801,2026-05-23,Tienda Norte,Azúcar,Café/Té,1,1300,1300
2801,2026-05-23, Tienda Norte ,Bebida cola,Bebidas,1,1500,1500
2801,23/5/2026,Tienda Norte,Papas fritas,Snacks,1,1800,1800
2802,2026-08-11,Tienda Norte,Bebida cola,Bebidas,2,1500,3000
2802,2026/08/11,Tienda Norte,Esponjas,limpieza,1,1200,1200
2803,2026-06-13,Tienda Norte,Esponjas,Limpieza,1,1200,1200
2803,2026-06-13,Tienda Norte,Leche,lácteos,1,1200,1200
2803,2026-06-13,Tienda Norte,Toallitas húmedas,Bebé,3,2200,6600
2804,09-07-2026,Tienda Sur,Agua mineral  ,Bebidas,1,900,900
2804,2026-07-09,Tienda Sur,Croissant,Panadería,1,900,900
2805,2026-07-08,Tienda Norte  ,Azúcar,Café/Té,1,1300,1300
2805,2026-07-08,Tienda Norte,Croissant,PANADERÍA,1,900,900
2806,2026-06-10,Tienda Sur,Azúcar  ,Café/Té,1,1300,1300
2806,2026-06-10,Tienda Sur,Queso,lácteos,1,4500,4500
2806,2026-06-10,  Tienda Sur,Té,Café/Té,1,2500,2500
2807,2026-07-11,Tienda Centro,Azúcar,Café/Té,1,1300,1300
2807,2026-07-11,Tienda Centro  ,Café,Café/Té,2,4000,8000
2807,2026-07-11,Tienda Centro,Cerveza,ALCOHOL,1,3500,3500
2807,2026-07-11,Tienda Centro,Cloro,Limpieza,1,1400,1400
2808,2026-08-07,Tienda Mall,Cerveza,Alcohol,1,3500,3500
2808,2026-08-07,  Tienda Mall,  Maní,Snacks,1,1200,1200
2808,2026-08-07,Tienda Mall,Pan hallulla,PANADERÍA,1,1500,1500
2808,2026-08-07,Tienda Mall,  Papas fritas,snacks,1,1800,1800
2808,2026-08-07,Tienda Mall,  Queso,Lácteos,1,4500,4500
2808,2026-08-07,Tienda Mall,Yogurt  ,LÁCTEOS,1,800,800
2809,2026-08-08,Tienda Centro,Café,Café/Té,1,4000,4000
2809,2026-08-08,Tienda Centro,Croissant,Panadería,2,900,1800
2809,2026-08-08, Tienda Centro ,Mantequilla,Lácteos,1,2500,2500
2809,2026-08-08,Tienda Centro,Maní,snacks,1,1200,1200
2809,2026-08-08,Tienda Centro  ,  Pan molde,panadería,2,1800,3600
2810,2026-06-11,Tienda Mall,Galletas,Snacks,1,1000,1000
2810,11-06-2026,Tienda Mall,Maní,SNACKS,1,1200,1200
2810,11/6/2026,Tienda Mall,Queso,Lácteos,1,4500,4500
2810,11-06-2026,Tienda Mall  ,Vino tinto,ALCOHOL,2,5000,10000
2810,2026-06-11, Tienda Mall ,Yogurt,lácteos,1,800,800
2811,2026-06-01,Tienda Norte  ,Esponjas,Limpieza,1,1200,1200
2811,1-6-2026,Tienda Norte,Pañales,BEBÉ,1,8000,8000
2811,2026-06-01,Tienda Norte,Toallitas húmedas,Bebé,3,2200,6600
2812,2026/08/18,Tienda Centro,Queso,Lácteos,1,4500,4500
2813,22/5/2026,  Tienda Mall,Azúcar,café/té,1,1300,1300
2813,2026-05-22,Tienda Mall,Café,Café/Té,1,4000,4000
2814,2026/06/18,Tienda Norte,Bebida cola,bebidas,1,1500,1500
2814,18-06-2026,Tienda Norte,Leche,LÁCTEOS,1,1200,1200
2814,2026-06-18,Tienda Norte,Papas fritas,Snacks,1,1800,1800
2815,2026/05/25, Tienda Centro ,Mantequilla,Lácteos,1,2500,2500
2815,25-05-2026,Tienda Centro,Pan hallulla,Panadería,2,1500,3000
2815,2026-05-25,Tienda Centro,Toallitas húmedas,Bebé,1,2200,2200
2816,2/7/2026,Tienda Norte  ,Bebida cola,Bebidas,2,1500,3000
2816,2026-07-02,Tienda Norte  ,Maní,SNACKS,1,1200,1200
2817,2026-06-05,Tienda Norte,Agua mineral  ,Bebidas,1,900,900
2817,5/6/2026,Tienda Norte,Queso,Lácteos,1,4500,4500
2818,2026/07/01,Tienda Sur,Agua mineral,bebidas,1,900,900
2819,2026-08-05,Tienda Norte,Croissant,PANADERÍA,3,900,2700
2819,5-8-2026,Tienda Norte,Detergente,Limpieza,1,5500,5500
2820,23-7-2026,Tienda Mall,Esponjas,LIMPIEZA,2,1200,2400
2820,23-7-2026,Tienda Mall,Leche,Lácteos,1,1200,1200
2820,23-07-2026,Tienda Mall,Yogurt,LÁCTEOS,1,800,800
2821,2026-08-18,Tienda Mall,Agua mineral,Bebidas,1,900,900
2821,2026-08-18,Tienda Mall,Toallitas húmedas,BEBÉ,1,2200,2200
2822,2026/06/16,Tienda Sur,Cerveza,Alcohol,1,3500,3500
2822,2026-06-16, Tienda Sur ,Leche,Lácteos,1,1200,1200
2822,16-6-2026,Tienda Sur,Papas fritas,Snacks,2,1800,3600
2823,20/7/2026,Tienda Mall,Cerveza,Alcohol,1,3500,3500
2823,20/7/2026,Tienda Mall,Papas fritas,Snacks,1,1800,1800
2823,2026-07-20,Tienda Mall,Toallitas húmedas,Bebé,2,2200,4400
2824,3-8-2026,Tienda Mall,Agua mineral,Bebidas,2,900,1800
2825,25-5-2026,Tienda Norte,  Café,café/té,1,4000,4000
2825,2026-05-25,Tienda Norte,Detergente,Limpieza,1,5500,5500
2825,25-05-2026,Tienda Norte,Esponjas,Limpieza,1,1200,1200
2825,25-05-2026,Tienda Norte  ,Galletas,Snacks,2,1000,2000
2826,2026-06-17,Tienda Mall,Maní,snacks,,1200,1200
2827,21/7/2026,Tienda Norte,Cloro,Limpieza,1,1400,1400
2828,27-06-2026,Tienda Centro,Jugo naranja,Bebidas,1,1600,1600
2828,27/6/2026,Tienda Centro,Mantequilla  ,Lácteos,1,2500,2500
2828,2026-06-27,Tienda Centro,Yogurt,Lácteos,2,800,1600
2829,2026/06/24,Tienda Centro,Azúcar,Café/Té,1,1300,1300
2829,2026-06-24,Tienda Centro,Bebida cola,Bebidas,2,1500,3000
2829,2026-06-24,Tienda Centro, Pan hallulla ,panadería,1,1500,1500
2829,24-06-2026,Tienda Centro,Papas fritas,SNACKS,1,1800,1800
2829,24-06-2026,Tienda Centro  ,Queso,lácteos,1,4500,4500
2829,24-06-2026,Tienda Centro  ,Té,Café/Té,1,2500,2500
2830,24-06-2026,Tienda Norte,Agua mineral,bebidas,1,900,900
2830,24/6/2026,Tienda Norte,Azúcar,Café/Té,3,1300,3900
2831,24-5-2026, Tienda Norte ,Bebida cola,Bebidas,3,1500,4500
2831,2026-05-24,Tienda Norte,Mantequilla,LÁCTEOS,1,2500,2500
2831,2026-05-24,Tienda Norte,Pan molde,Panadería,2,1800,3600
2831,2026-05-24,Tienda Norte, Vino tinto ,Alcohol,1,5000,5000
2832,2026-05-29,Tienda Sur,Agua mineral,Bebidas,1,900,900
2832,2026-05-29,Tienda Sur,Pan molde  ,Panadería,1,1800,1800
2833,2026-06-14,Tienda Centro,Cerveza,Alcohol,,3500,3500
2833,2026/06/14,  Tienda Centro,  Galletas,snacks,1,1000,1000
2833,2026/06/14,Tienda Centro  ,Mantequilla,Lácteos,1,2500,2500
2833,2026-06-14,Tienda Centro,Maní,Snacks,2,1200,2400
2833,2026-06-14,  Tienda Centro,Pan hallulla,Panadería,1,1500,1500
2833,14/6/2026,Tienda Centro,Papas fritas,snacks,2,1800,3600
2834,14-8-2026,Tienda Centro, Queso ,Lácteos,1,4500,4500
2835,2026-06-30,Tienda Sur,Cerveza,Alcohol,1,3500,3500
2835,2026/06/30, Tienda Sur ,Pañales  ,Bebé,1,8000,8000
2835,2026-06-30,Tienda Sur,Toallitas húmedas,Bebé,1,2200,2200
2836,2026-07-08,Tienda Mall, Maní ,Snacks,1,1200,1200
2836,2026-07-08,Tienda Mall,Toallitas húmedas,Bebé,1,2200,2200
2837,2026-07-04, Tienda Norte ,Croissant,Panadería,1,900,900
2837,4-7-2026,Tienda Norte,Papas fritas,Snacks,1,1800,1800
2838,29-05-2026, Tienda Norte ,  Bebida cola,BEBIDAS,1,1500,1500
2838,29-05-2026,Tienda Norte  ,  Pan molde,panadería,1,1800,1800
2838,29-05-2026,Tienda Norte,Papas fritas,Snacks,1,1800,1800
2838,29-5-2026,Tienda Norte  ,Queso,Lácteos,1,4500,4500
2838,2026-05-29,Tienda Norte,Toallitas húmedas,bebé,1,2200,2200
2839,14/6/2026,Tienda Sur, Jugo naranja ,BEBIDAS,1,1600,1600
2839,2026-06-14,  Tienda Sur,Queso,Lácteos,1,4500,4500
2840,19-6-2026,Tienda Norte,Café,Café/Té,1,4000,4000
2840,2026/06/19,Tienda Norte,Queso,Lácteos,1,4500,4500
2840,2026-06-19,Tienda Norte,  Vino tinto,Alcohol,2,5000,10000
2841,2026-07-24,  Tienda Mall,Jugo naranja  ,bebidas,2,1600,3200
2841,2026-07-24,Tienda Mall,  Queso,LÁCTEOS,1,4500,4500
2841,2026-07-24,  Tienda Mall,Vino tinto,ALCOHOL,3,5000,15000
2841,24-7-2026,Tienda Mall,Yogurt,Lácteos,3,800,2400
2842,2026-07-30, Tienda Sur ,Agua mineral  ,Bebidas,1,900,900
2842,30-07-2026,Tienda Sur,Galletas,Snacks,2,1000,2000
2843,23-5-2026,Tienda Sur,Azúcar,café/té,1,1300,1300
2844,26-07-2026,Tienda Sur,Azúcar,CAFÉ/TÉ,1,1300,1300
2844,26/7/2026,Tienda Sur,Café,CAFÉ/TÉ,1,4000,4000
2844,26-7-2026,Tienda Sur,Detergente,Limpieza,2,5500,11000
2844,26-07-2026,Tienda Sur,Mantequilla,lácteos,1,2500,2500
2844,26-7-2026,Tienda Sur,Pan molde,Panadería,1,1800,1800
2845,2026-07-18,Tienda Centro,Azúcar,Café/Té,1,1300,1300
2845,18-7-2026, Tienda Centro ,Pan molde,panadería,1,1800,1800
2845,2026-07-18,Tienda Centro, Queso ,Lácteos,3,4500,13.500
2845,18-7-2026,Tienda Centro,Té,Café/Té,1,2500,2500
2846,2026/06/25,Tienda Sur,Detergente,Limpieza,1,5500,5500
2846,2026-06-25,Tienda Sur  ,Papas fritas,Snacks,1,1800,1800
2846,25-6-2026,Tienda Sur,Toallitas húmedas,bebé,1,2200,2200
2847,2026-08-03,Tienda Sur,Esponjas,Limpieza,1,1200,1200
2847,3/8/2026,Tienda Sur,Maní,Snacks,2,1200,2400
2848,11-08-2026,Tienda Centro,Mantequilla,lácteos,1,2500,2500
2848,11/8/2026,Tienda Centro,Maní  ,Snacks,2,1200,2400
2848,2026-08-11,Tienda Centro,Pan hallulla,Panadería,2,1500,3000
2848,2026/08/11,  Tienda Centro, Pañales ,Bebé,1,8000,8000
2848,2026/08/11,Tienda Centro,Queso,Lácteos,3,4500,13500
2848,2026-08-11,Tienda Centro,Toallitas húmedas,bebé,2,2200,4400
2849,2026-07-17,Tienda Centro,Café,Café/Té,1,4000,4000
2849,2026-07-17,Tienda Centro,Galletas,Snacks,1,1000,1000
2849,17/7/2026,Tienda Centro,Queso,Lácteos,1,4500,4500
2849,2026-07-17, Tienda Centro ,Vino tinto,Alcohol,3,5000,15000
2850,2026-08-16,Tienda Centro,  Cloro,Limpieza,1,1400,1400
2850,2026-08-16,Tienda Centro,Jugo naranja,Bebidas,2,1600,3200
2851,2026-08-16, Tienda Norte ,Esponjas,Limpieza,3,1200,3600
2851,2026-08-16,Tienda Norte, Queso ,Lácteos,1,4500,4500
2852,10/8/2026,Tienda Mall,Cerveza,alcohol,1,3500,3500
2852,10/8/2026,Tienda Mall,Pan molde,PANADERÍA,1,1800,1800
2852,2026/08/10,Tienda Mall  ,Papas fritas,Snacks,1,1800,1800
2853,2026-08-02,Tienda Norte,Jugo naranja,Bebidas,2,1600,3200
2853,2-8-2026, Tienda Norte ,Mantequilla,Lácteos,2,2500,5000
2853,2026-08-02,Tienda Norte  ,Pan hallulla,panadería,2,1500,3000
2854,15-7-2026,Tienda Centro,Azúcar,Café/Té,1,1300,1300
2854,15-7-2026,Tienda Centro,Esponjas,LIMPIEZA,2,1200,2400
2855,17-7-2026, Tienda Centro ,Mantequilla,Lácteos,1,2500,2500
2855,17/7/2026,Tienda Centro,Pan hallulla,Panadería,1,1500,1500
2856,2026-07-01,Tienda Mall,Papas fritas,Snacks,2,1800,3600
2856,2026/07/01,Tienda Mall,Yogurt,lácteos,1,800,800
2857,2026/05/30,Tienda Mall,Azúcar,Café/Té,2,1300,2600
2857,2026-05-30,Tienda Mall,Bebida cola,Bebidas,1,1500,1500
2857,2026-05-30,Tienda Mall,Cloro,limpieza,1,1400,1400
2857,2026/05/30,Tienda Mall,Detergente,Limpieza,1,5500,5500
2857,30-05-2026,Tienda Mall,Té,Café/Té,1,2500,2500
2858,2026-05-31,  Tienda Centro,Azúcar,Café/Té,1,1300,1300
2858,31/5/2026,Tienda Centro,Galletas,snacks,1,1000,1000
2858,2026-05-31,  Tienda Centro,Mantequilla  ,Lácteos,1,2500,2500
2859,7-8-2026,Tienda Norte,Jugo naranja,Bebidas,1,1600,1600
2860,2026-07-24,Tienda Sur,Esponjas,Limpieza,1,1200,1200
2861,4-7-2026,Tienda Mall,Mantequilla,Lácteos,3,2500,7500
2861,4/7/2026,Tienda Mall, Pan hallulla ,Panadería,2,1500,3000
2861,04-07-2026,Tienda Mall  ,Papas fritas,Snacks,1,1800,1800
2861,2026/07/04,  Tienda Mall,Queso,Lácteos,1,4500,4500
2862,26/6/2026,Tienda Norte  ,Agua mineral,Bebidas,1,900,900
2862,26/6/2026,Tienda Norte,Papas fritas,snacks,2,1800,3600
2862,2026-06-26,Tienda Norte,Té,café/té,1,2500,2500
2863,03-06-2026,Tienda Centro,Bebida cola,Bebidas,1,1500,1500
2863,2026-06-03,Tienda Centro,Mantequilla,Lácteos,1,2500,2500
2863,2026/06/03,Tienda Centro,Queso,Lácteos,2,4500,9000
2864,2026-05-27,Tienda Mall,Galletas,Snacks,1,1000,1000
2864,27-5-2026, Tienda Mall ,Jugo naranja,Bebidas,1,1600,1600
2864,2026-05-27,Tienda Mall,Leche,Lácteos,1,1200,1200
2865,2026-07-14,Tienda Norte,Bebida cola,Bebidas,1,1500,1500
2865,2026-07-14,Tienda Norte,Mantequilla,Lácteos,1,2500,2500
2865,2026/07/14,Tienda Norte,Papas fritas,snacks,1,1800,1800
2866,2026-08-07,Tienda Mall,Agua mineral,Bebidas,3,900,2700
2866,7/8/2026,Tienda Mall,Café,Café/Té,2,4000,8000
2866,2026-08-07,Tienda Mall,Vino tinto,alcohol,2,5000,10.000
2867,7/6/2026,  Tienda Sur,Agua mineral,BEBIDAS,1,900,900
2867,7-6-2026,Tienda Sur,Galletas,Snacks,1,1000,1000
2867,2026/06/07,Tienda Sur,Pan molde,Panadería,1,1800,1800
2868,2026-06-26,Tienda Centro,Mantequilla,Lácteos,1,2500,2500
2868,26-06-2026,Tienda Centro,Pan molde,panadería,1,1800,1800
2869,2026-08-05,  Tienda Mall,Croissant,Panadería,1,900,900
2869,2026-08-05,Tienda Mall,Jugo naranja,Bebidas,2,1600,3200
2870,16-06-2026,  Tienda Norte,Cerveza,Alcohol,2,3500,7000
2870,16-6-2026,Tienda Norte,Pañales,BEBÉ,1,8000,8000
2870,2026-06-16,Tienda Norte,Toallitas húmedas,BEBÉ,1,2200,2200
2871,2026-05-25,Tienda Mall  ,  Azúcar,café/té,2,1300,2600
2871,25-05-2026,Tienda Mall,Té,Café/Té,1,2500,2500
2871,2026-05-25,Tienda Mall,Vino tinto,Alcohol,1,5000,5000
2872,2-7-2026,Tienda Mall,Cerveza,Alcohol,1,3500,3500
2872,2-7-2026,Tienda Mall  ,Yogurt,Lácteos,1,800,800
2873,25/5/2026,  Tienda Centro,  Agua mineral,bebidas,2,900,1800
2873,25/5/2026,Tienda Centro,Galletas,SNACKS,1,1000,1000
2873,2026-05-25,Tienda Centro,Mantequilla,Lácteos,2,2500,5000
2873,2026/05/25,Tienda Centro,Pan hallulla,Panadería,2,1500,3000
2874,3-8-2026,Tienda Sur,Croissant,Panadería,2,900,1800
2874,2026/08/03,Tienda Sur,Esponjas,Limpieza,1,1200,1200
2874,03-08-2026,Tienda Sur,Toallitas húmedas,Bebé,1,2200,2200
2875,11-07-2026,Tienda Sur,Azúcar,Café/Té,2,1300,2600
2875,11-07-2026,Tienda Sur,Cloro,Limpieza,1,1400,1400
2875,11/7/2026,  Tienda Sur,Croissant,Panadería,2,900,1800
2875,11-07-2026,Tienda Sur,Leche,lácteos,1,1200,1200
2876,2026-06-25,Tienda Mall, Azúcar ,café/té,1,1300,1300
2876,25-06-2026,Tienda Mall  ,Café,Café/Té,2,4000,8000
2876,25-06-2026,Tienda Mall,Jugo naranja,bebidas,1,1600,1600
2877,2026-07-22,Tienda Centro,Galletas  ,SNACKS,2,1000,2000
2877,2026/07/22,Tienda Centro,Pañales,BEBÉ,2,8000,16000
2877,2026-07-22,Tienda Centro,Toallitas húmedas,BEBÉ,1,2200,2200
2878,8/6/2026, Tienda Centro ,  Esponjas,Limpieza,3,1200,3600
2878,2026-06-08,Tienda Centro,Mantequilla,Lácteos,1,2500,2500
2878,8-6-2026,  Tienda Centro,Queso,Lácteos,1,4500,4500
2878,2026-06-08,Tienda Centro,  Vino tinto,Alcohol,1,5000,5000
2879,2026-05-29,Tienda Sur,Bebida cola,Bebidas,1,1500,1500
2879,2026/05/29,Tienda Sur,Esponjas,Limpieza,1,1200,1200
2879,2026-05-29,Tienda Sur, Pan molde ,Panadería,1,1800,1800
2879,2026-05-29,Tienda Sur,Papas fritas,Snacks,1,1800,1800
2880,2026-07-21,Tienda Norte,Mantequilla  ,Lácteos,1,2500,2500
2880,2026-07-21,Tienda Norte,Maní,Snacks,1,1200,1200
2880,2026/07/21, Tienda Norte ,Yogurt,Lácteos,1,800,800
2881,2026/06/01,Tienda Mall,Azúcar,CAFÉ/TÉ,1,1300,1300
2881,01-06-2026,Tienda Mall,Café,Café/Té,1,4000,4000
2881,2026/06/01,Tienda Mall,Jugo naranja,bebidas,1,1600,1600
2882,2026-07-18,  Tienda Sur, Galletas ,Snacks,1,1000,1000
2883,2026-06-28,Tienda Norte, Cerveza ,Alcohol,1,3500,3500
2883,28-6-2026,Tienda Norte, Maní ,Snacks,2,1200,2400
2884,2026-08-15,Tienda Norte,Azúcar,CAFÉ/TÉ,1,1300,1300
2884,2026-08-15,Tienda Norte,Bebida cola,Bebidas,1,1500,1500
2884,15-08-2026,Tienda Norte,Café,Café/Té,2,4000,8000
2884,2026-08-15,Tienda Norte,Cloro,LIMPIEZA,1,1400,1400
2884,2026/08/15,Tienda Norte,Detergente,LIMPIEZA,1,5500,5500
2884,2026-08-15,Tienda Norte,  Esponjas,Limpieza,1,1200,1200
2884,15/8/2026,Tienda Norte,Té  ,Café/Té,3,2500,7500
2885,6/7/2026, Tienda Centro ,Mantequilla  ,Lácteos,1,2500,2500
2885,6-7-2026,Tienda Centro, Pan molde ,PANADERÍA,2,1800,3600
2885,2026-07-06,  Tienda Centro,Queso,Lácteos,3,4500,13500
2886,2026-06-30,Tienda Centro,  Toallitas húmedas,Bebé,1,2200,2200
2886,30-6-2026,Tienda Centro,Té  ,Café/Té,1,2500,2500
2887,2026-06-05,Tienda Mall,Cerveza  ,ALCOHOL,1,3500,3500
2887,2026-06-05,Tienda Mall,Maní,Snacks,1,1200,1200
2887,05-06-2026,  Tienda Mall,Toallitas húmedas,Bebé,2,2200,4400
2888,2026-05-30,  Tienda Norte,  Azúcar,Café/Té,1,1300,1300
2888,30-5-2026,Tienda Norte,Cerveza,alcohol,1,3500,3500
2888,30/5/2026,  Tienda Norte,Papas fritas  ,Snacks,2,1800,3600
2888,2026-05-30, Tienda Norte ,Vino tinto,Alcohol,1,5000,5000
2889,2026/07/28,Tienda Norte,Bebida cola,Bebidas,2,1500,3000
2889,2026-07-28,  Tienda Norte,Jugo naranja,Bebidas,2,1600,3200
2889,2026-07-28,Tienda Norte  ,Leche,Lácteos,2,1200,2400
2889,28-7-2026,Tienda Norte,Papas fritas,SNACKS,3,1800,5400
2889,28-07-2026,Tienda Norte,  Pañales,Bebé,3,8000,24000
2889,2026-07-28,Tienda Norte, Toallitas húmedas ,Bebé,1,2200,2200
2890,2026/06/23,Tienda Mall,Mantequilla,Lácteos,2,2500,5000
2891,2026-06-12,Tienda Sur  ,Esponjas,limpieza,2,1200,2400
2891,2026/06/12,Tienda Sur,Leche,Lácteos,1,1200,1200
2891,12-6-2026,Tienda Sur, Toallitas húmedas ,bebé,2,2200,4400
2891,2026/06/12,Tienda Sur,Vino tinto,Alcohol,1,5000,5000
2892,4/8/2026, Tienda Centro ,Azúcar,Café/Té,1,1300,1300
2892,2026/08/04,Tienda Centro,Té  ,Café/Té,1,2500,2500
2893,1-6-2026,Tienda Centro,Croissant,Panadería,1,900,900
2893,1-6-2026, Tienda Centro ,Papas fritas,Snacks,1,1800,1800
2894,2026-08-11,Tienda Sur,Croissant,PANADERÍA,1,900,900
2894,11/8/2026,Tienda Sur,Mantequilla,LÁCTEOS,1,2500,2500
2894,11-8-2026,Tienda Sur,Pan hallulla,Panadería,1,1500,1500
2894,11/8/2026, Tienda Sur ,Queso,Lácteos,1,4500,4500
2895,1/6/2026, Tienda Centro ,Maní,SNACKS,1,1200,1200
2895,1-6-2026,Tienda Centro  ,Toallitas húmedas,Bebé,2,2200,4400
2895,2026-06-01,Tienda Centro,Vino tinto,Alcohol,1,5000,5000
2896,12/7/2026,Tienda Mall,Cerveza,Alcohol,2,3500,7000
2896,2026-07-12,Tienda Mall, Jugo naranja ,bebidas,2,1600,3200
2896,2026/07/12,  Tienda Mall,Maní,snacks,1,1200,1200
2897,2026-08-04,Tienda Centro,Toallitas húmedas,Bebé,2,2200,4400
2898,5/8/2026,Tienda Sur,Mantequilla,Lácteos,1,2500,2500
2898,2026-08-05,Tienda Sur,Maní,Snacks,2,1200,2400
2898,2026-08-05,Tienda Sur,Pan hallulla,Panadería,1,1500,1500
2898,5/8/2026,Tienda Sur,Queso,lácteos,1,4500,4500
2899,2026/06/03,Tienda Mall,Croissant  ,Panadería,1,900,900
2899,3/6/2026,Tienda Mall, Esponjas ,Limpieza,2,1200,2400
2899,03-06-2026,Tienda Mall,Papas fritas,Snacks,2,1800,3600
2899,2026-06-03, Tienda Mall ,Toallitas húmedas,Bebé,2,2200,4400
2900,2026-07-27,Tienda Norte,Agua mineral,Bebidas,1,900,900
2901,2026-06-05,Tienda Mall,Maní,Snacks,1,1200,1200
2901,2026-06-05,  Tienda Mall,Té,Café/Té,1,2500,2500
2902,2026-07-23,Tienda Sur,Detergente,Limpieza,1,5500,5500
2902,2026-07-23,Tienda Sur,Papas fritas,SNACKS,1,1800,1800
2902,23/7/2026,Tienda Sur,Toallitas húmedas,bebé,1,2200,2200
2902,23/7/2026,Tienda Sur,Yogurt,lácteos,1,800,800
2903,1/6/2026,  Tienda Centro,  Pañales,BEBÉ,1,8000,8000
2903,2026-06-01,  Tienda Centro,Toallitas húmedas,BEBÉ,3,2200,6600
2904,10-8-2026,Tienda Sur,Azúcar,Café/Té,1,1300,1300
2904,2026-08-10,Tienda Sur,Mantequilla,Lácteos,1,2500,2500
2905,2026-06-15,Tienda Norte,Pan hallulla,Panadería,2,1500,3000
2906,24-6-2026,Tienda Sur,Agua mineral,Bebidas,1,900,900
2906,24-6-2026,Tienda Sur,Mantequilla,Lácteos,,2500,7500
2906,2026-06-24,Tienda Sur, Queso ,Lácteos,1,4500,4500
2907,2026-07-04,  Tienda Centro,Esponjas,Limpieza,2,1200,2400
2907,4-7-2026,Tienda Centro,Yogurt,Lácteos,1,800,800
2908,2026-07-25,Tienda Centro,Azúcar,Café/Té,1,1300,1300
2908,2026-07-25,Tienda Centro,Cloro  ,Limpieza,1,1400,1400
2908,2026/07/25,Tienda Centro, Detergente ,limpieza,3,5500,16500
2908,25-07-2026,Tienda Centro,Mantequilla,Lácteos,1,2500,2500
2908,2026-07-25,Tienda Centro,Té,Café/Té,1,2500,2500
2909,5/7/2026,Tienda Sur,Agua mineral,Bebidas,1,900,900
2909,2026-07-05,Tienda Sur,Galletas,Snacks,1,1000,1000
2909,05-07-2026,Tienda Sur,Papas fritas,Snacks,1,1800,1800
2910,03-08-2026,  Tienda Centro,Croissant,Panadería,1,900,900
2910,2026-08-03, Tienda Centro ,Detergente,Limpieza,1,5500,5500
2911,2026-08-17,  Tienda Sur,Leche,LÁCTEOS,1,1200,1200
2911,2026-08-17,  Tienda Sur,  Papas fritas,snacks,2,1800,3600
2912,15-07-2026,Tienda Norte,Azúcar,Café/Té,1,1300,1300
2912,2026-07-15,Tienda Norte,Café,Café/Té,2,4000,8000
2913,2026-07-04,Tienda Mall,Bebida cola,Bebidas,1,1500,1500
2913,4-7-2026,Tienda Mall,Croissant,Panadería,1,900,900
2913,04-07-2026,Tienda Mall,Papas fritas,Snacks,1,1800,1800
2913,2026-07-04,Tienda Mall,Toallitas húmedas,Bebé,2,2200,4400
2914,2026/06/07,Tienda Centro,Azúcar,Café/Té,1,1300,1300
2914,2026/06/07, Tienda Centro ,Leche,Lácteos,3,1200,3600
2914,2026-06-07,Tienda Centro,  Queso,Lácteos,1,4500,4500
2915,2026-08-04,  Tienda Sur,Cerveza  ,Alcohol,1,3500,3500
2915,2026-08-04, Tienda Sur ,Croissant,Panadería,1,900,900
2915,2026/08/04,Tienda Sur,Galletas,snacks,2,1000,2000
2915,4-8-2026,Tienda Sur,  Pañales,Bebé,2,8000,16000
2915,04-08-2026,Tienda Sur,Toallitas húmedas,bebé,2,2200,4400
2916,2026-07-26,Tienda Sur,Azúcar,Café/Té,1,1300,1300
2916,26-7-2026,Tienda Sur,Esponjas,Limpieza,1,1200,1200
2916,26-7-2026,Tienda Sur,Yogurt,Lácteos,1,800,800
2917,05-06-2026, Tienda Sur ,Cerveza  ,Alcohol,1,3500,3500
2917,05-06-2026,Tienda Sur,Mantequilla,Lácteos,2,2500,5000
2917,2026-06-05,  Tienda Sur, Pan hallulla ,Panadería,3,1500,4500
2917,2026-06-05,Tienda Sur,Pañales,Bebé,1,8000,8000
2918,2026-06-17,Tienda Centro,Bebida cola,Bebidas,1,1500,1500
2918,2026-06-17,Tienda Centro,Cerveza,Alcohol,2,3500,7000
2918,2026/06/17,Tienda Centro,  Mantequilla,Lácteos,2,2500,5000
2918,2026/06/17,  Tienda Centro,Maní,Snacks,1,1200,1200
2918,2026-06-17,Tienda Centro,Papas fritas,Snacks,1,1800,1800
2919,2026-07-12,  Tienda Sur,Cloro  ,Limpieza,1,1400,1400
2919,12-7-2026, Tienda Sur ,Mantequilla,Lácteos,1,2500,2500
2920,13/8/2026,Tienda Norte  ,Azúcar,Café/Té,1,1300,1300
2920,2026-08-13, Tienda Norte ,Esponjas  ,Limpieza,2,1200,2400
2920,2026/08/13,Tienda Norte,Té,Café/Té,1,2500,2500
2920,13-8-2026,Tienda Norte, Yogurt ,Lácteos,1,800,800
2921,07-07-2026,Tienda Norte,Azúcar,Café/Té,1,1300,1300
2921,2026-07-07,  Tienda Norte,Té,Café/Té,2,2500,5000
2922,16-08-2026,Tienda Mall,Detergente,Limpieza,3,5500,16500
2922,16-8-2026,Tienda Mall, Esponjas ,Limpieza,1,1200,1200
2922,2026-08-16,  Tienda Mall,Maní,Snacks,2,1200,2400
2923,18-6-2026, Tienda Mall ,Agua mineral,Bebidas,1,900,900
2923,18-6-2026,  Tienda Mall,Azúcar,Café/Té,2,1300,2600
2923,2026-06-18,Tienda Mall  ,Café,Café/Té,1,4000,4000
2923,2026-06-18,Tienda Mall,Cerveza,ALCOHOL,1,3500,3500
2923,2026-06-18,Tienda Mall,Galletas,Snacks,3,1000,3000
2923,2026/06/18,Tienda Mall,Maní,Snacks,2,1200,2400
2923,18/6/2026,Tienda Mall,Pañales  ,Bebé,1,8000,8000
2923,2026-06-18,Tienda Mall,Toallitas húmedas,Bebé,1,2200,2200
2924,18-07-2026,  Tienda Sur,Cloro,Limpieza,1,1400,1400
2925,2026/08/10,Tienda Sur  ,Cloro,LIMPIEZA,1,1400,1400
2925,2026-08-10,Tienda Sur,Maní,Snacks,2,1200,2400
2925,2026/08/10,Tienda Sur,Papas fritas,SNACKS,2,1800,3600
2925,2026-08-10,Tienda Sur,Yogurt,Lácteos,1,800,800
2926,2026-08-07,Tienda Mall,Bebida cola,Bebidas,1,1500,1500
2926,2026-08-07,  Tienda Mall,Cerveza,Alcohol,1,3500,3500
2926,2026-08-07,Tienda Mall,Papas fritas,Snacks,1,1800,1800
2927,2026-06-29,Tienda Centro,Azúcar,Café/Té,,1300,3900
2927,2026/06/29,Tienda Centro,Galletas,SNACKS,1,1000,1000
2927,2026-06-29,Tienda Centro,Toallitas húmedas,Bebé,2,2200,4400
2927,2026/06/29,Tienda Centro, Té ,Café/Té,1,2500,2500
2928,16-6-2026,Tienda Sur, Leche ,Lácteos,1,1200,1200
2928,2026-06-16,Tienda Sur,Mantequilla  ,lácteos,2,2500,5000
2928,2026-06-16,Tienda Sur,Pan hallulla  ,Panadería,1,1500,1500
2928,16-06-2026,  Tienda Sur,Queso,Lácteos,1,4500,4500
2928,2026-06-16,Tienda Sur,  Yogurt,Lácteos,1,800,800
2929,2026-06-12,Tienda Sur,Azúcar,Café/Té,1,1300,1300
2929,2026-06-12,Tienda Sur  ,Té,Café/Té,2,2500,5000
2930,2026-06-29,Tienda Norte,Azúcar,Café/Té,1,1300,1300
2930,2026-06-29,  Tienda Norte,Maní,snacks,1,1200,1200
2931,22-6-2026,Tienda Mall,Croissant,Panadería,1,900,900
2931,2026/06/22,Tienda Mall,Detergente,Limpieza,1,5500,5500
2931,22/6/2026,Tienda Mall,Mantequilla,Lácteos,1,2500,2500
2931,22-06-2026,  Tienda Mall,Pan hallulla,PANADERÍA,2,1500,3000
2932,02-07-2026,Tienda Norte,Bebida cola,Bebidas,1,1500,1500
2932,2026-07-02,Tienda Norte,Vino tinto,Alcohol,2,5000,10000
2933,3/6/2026,Tienda Sur,Agua mineral,Bebidas,2,900,1800
2933,03-06-2026,Tienda Sur,  Maní,Snacks,1,1200,1200
2934,2026-08-03,  Tienda Norte,Mantequilla  ,lácteos,2,2500,5000
2934,3/8/2026,Tienda Norte,Maní,Snacks,3,1200,3600
2934,3-8-2026,Tienda Norte,Pan hallulla,PANADERÍA,1,1500,1500
2934,2026-08-03,Tienda Norte,Queso,Lácteos,1,4500,4500
2934,2026-08-03,Tienda Norte,Toallitas húmedas,Bebé,1,2200,2200
2935,09-08-2026, Tienda Sur , Esponjas ,LIMPIEZA,1,1200,1200
2935,2026/08/09,Tienda Sur,Jugo naranja,Bebidas,1,1600,1600
2935,2026/08/09,Tienda Sur,Papas fritas,Snacks,1,1800,1800
2936,09-06-2026,Tienda Sur,Cloro  ,Limpieza,2,1400,2800
2936,9-6-2026,  Tienda Sur,Detergente,Limpieza,1,5500,5500
2937,31-5-2026,Tienda Sur,  Azúcar,Café/Té,1,1300,1300
2937,31-05-2026,Tienda Sur,Cloro,Limpieza,1,1400,1400
2937,2026/05/31,Tienda Sur,Detergente,Limpieza,1,5500,5500
2937,31/5/2026,Tienda Sur,Esponjas,limpieza,1,1200,1200
2937,2026-05-31,Tienda Sur,Queso,LÁCTEOS,2,4500,9000
2938,2026/07/09,Tienda Norte  ,Queso,lácteos,1,4500,4500
2938,9-7-2026,  Tienda Norte,Toallitas húmedas,Bebé,1,2200,2200
2939,25-7-2026,Tienda Sur,Mantequilla,Lácteos,2,2500,5000
2939,2026-07-25,Tienda Sur,Pan molde,Panadería,2,1800,3600
2939,2026-07-25,  Tienda Sur,Papas fritas  ,Snacks,2,1800,3600
2940,31-05-2026,Tienda Centro,Azúcar,Café/Té,1,1300,1300
2940,31/5/2026,Tienda Centro, Café ,Café/Té,1,4000,4000
2940,2026-05-31,Tienda Centro,Croissant,Panadería,1,900,900
2940,2026/05/31,Tienda Centro,Galletas,Snacks,2,1000,2000
2941,6-8-2026,Tienda Norte,Cloro,Limpieza,1,1400,1400
2941,2026-08-06, Tienda Norte ,Leche,Lácteos,1,1200,1200
2942,29/7/2026,Tienda Norte,Bebida cola,bebidas,1,1500,1500
2942,29-7-2026,Tienda Norte, Cloro ,Limpieza,1,1400,1400
2943,2026-07-20,Tienda Sur,Maní,Snacks,1,1200,1200
2943,20-7-2026,Tienda Sur  ,Queso,Lácteos,2,4500,9000
2943,2026-07-20,Tienda Sur,  Vino tinto,Alcohol,1,5000,5000
2944,2026-07-06,Tienda Sur,Agua mineral,Bebidas,1,900,900
2944,2026/07/06,Tienda Sur,Toallitas húmedas,Bebé,2,2200,4400
2945,10-08-2026,Tienda Sur,Azúcar,café/té,1,1300,1300
2945,2026-08-10,Tienda Sur,Maní,Snacks,1,1200,1200
2946,2026-07-03,Tienda Mall  ,Mantequilla,Lácteos,1,2500,2500
2946,3-7-2026,Tienda Mall,  Pan molde,Panadería,2,1800,3600
2946,03-07-2026,Tienda Mall,Queso,Lácteos,1,4500,4500
2946,2026-07-03,Tienda Mall,Yogurt,Lácteos,3,800,2400
2947,2026-08-17,Tienda Norte  ,Leche,Lácteos,1,1200,1200
2947,2026-08-17,Tienda Norte,Queso  ,LÁCTEOS,1,4500,4500
2947,17-8-2026,Tienda Norte,Vino tinto,Alcohol,3,5000,15000
2948,13/8/2026,Tienda Centro,Cerveza,Alcohol,2,3500,7000
2949,26/6/2026,  Tienda Sur,Cloro,Limpieza,1,1400,1400
2949,26-6-2026,Tienda Sur,Croissant,Panadería,1,900,900
2950,2026-06-07,Tienda Norte,Galletas,Snacks,1,1000,1000
2950,2026/06/07,Tienda Norte,Vino tinto,Alcohol,1,5000,5000
2951,18/6/2026,Tienda Sur,Azúcar,CAFÉ/TÉ,1,1300,1300
2951,18-6-2026,Tienda Sur,Café,Café/Té,1,4000,4000
2951,2026-06-18,Tienda Sur,Cloro,LIMPIEZA,1,1400,1400
2951,2026-06-18,Tienda Sur,Detergente,limpieza,1,5500,5500
2952,2026-06-08,Tienda Sur,Azúcar,café/té,1,1300,1300
2952,8/6/2026,Tienda Sur,  Cloro,Limpieza,1,1400,1400
2952,2026-06-08,Tienda Sur,Pan molde  ,Panadería,2,1800,3600
2952,8-6-2026,Tienda Sur,  Vino tinto,alcohol,1,5000,5000
2953,2026-07-24,Tienda Centro  ,Mantequilla,Lácteos,2,2500,5000
2953,24/7/2026,Tienda Centro,Pan hallulla,Panadería,1,1500,1500
2953,24/7/2026,Tienda Centro  ,Papas fritas,snacks,1,1800,1800
2954,2026-06-14,Tienda Mall,Queso,Lácteos,2,4500,9000
2955,2026-08-12,Tienda Sur,Jugo naranja  ,bebidas,2,1600,3200
2955,2026-08-12,Tienda Sur,Mantequilla,lácteos,3,2500,7500
2955,2026-08-12, Tienda Sur , Pan molde ,Panadería,1,1800,1800
2955,2026-08-12,Tienda Sur,  Queso,Lácteos,2,4500,9000
2956,2026/06/22,Tienda Mall,Bebida cola,Bebidas,1,1500,1500
2956,22/6/2026,Tienda Mall,Café,café/té,1,4000,4000
2956,2026-06-22,Tienda Mall  ,Esponjas,Limpieza,1,1200,1200
2956,2026/06/22,Tienda Mall,Galletas,Snacks,2,1000,2000
2956,22-6-2026,Tienda Mall,Papas fritas,Snacks,1,1800,1800
2957,26-6-2026,Tienda Sur,Leche,Lácteos,2,1200,2400
2957,2026-06-26,Tienda Sur,Mantequilla,Lácteos,1,2500,2500
2957,2026/06/26,Tienda Sur, Pan hallulla ,Panadería,1,1500,1500
2957,26-06-2026,Tienda Sur,Papas fritas,Snacks,1,1800,1800
2957,26-6-2026,Tienda Sur,Queso,Lácteos,1,4500,4500
2958,13/8/2026,Tienda Centro,Galletas,Snacks,1,1000,1000
2958,2026-08-13,Tienda Centro,Mantequilla,Lácteos,1,2500,2500
2958,2026-08-13, Tienda Centro ,Pan hallulla,Panadería,1,1500,1500
2958,13-08-2026,Tienda Centro,Papas fritas,snacks,2,1800,3600
2959,12-06-2026,Tienda Sur,Leche,Lácteos,2,1200,2400
2959,12/6/2026,Tienda Sur,Papas fritas,Snacks,1,1800,1800
2960,6-7-2026,Tienda Norte, Cerveza ,Alcohol,3,3500,10500
2960,06-07-2026,Tienda Norte,Galletas,snacks,2,1000,2000
2960,06-07-2026,Tienda Norte, Maní ,Snacks,1,1200,1200
2960,6-7-2026,Tienda Norte,Pañales,BEBÉ,1,8000,8000
2960,2026-07-06,Tienda Norte  ,Toallitas húmedas,Bebé,2,2200,4400
2961,5-7-2026,Tienda Mall,Mantequilla  ,Lácteos,1,2500,2500
2961,2026-07-05,Tienda Mall  ,Pan hallulla  ,Panadería,1,1500,1500
2961,2026-07-05, Tienda Mall ,Queso,Lácteos,1,4500,4500
2962,2026-06-17,Tienda Norte,Leche,Lácteos,1,1200,1200
2962,17-06-2026,  Tienda Norte,Queso,Lácteos,1,4500,4500
2962,17-06-2026, Tienda Norte ,  Toallitas húmedas,Bebé,1,2200,2200
2963,2026-07-19,Tienda Sur,Cloro,Limpieza,1,1400,1400
2963,19-07-2026,Tienda Sur,Detergente,Limpieza,2,5500,11000
2964,2026-06-18,Tienda Sur,Maní,Snacks,1,1200,1200
2964,18-6-2026,Tienda Sur,Pañales,Bebé,1,8000,8000
2964,18-06-2026,Tienda Sur, Toallitas húmedas ,Bebé,1,2200,2200
2965,2026/05/23,Tienda Norte,Cloro,LIMPIEZA,1,1400,1400
2965,2026/05/23, Tienda Norte ,Mantequilla,Lácteos,2,2500,5000
2965,23-5-2026,Tienda Norte,Pan hallulla,PANADERÍA,1,1500,1500
2965,23-5-2026,Tienda Norte,Pan molde,Panadería,1,1800,1800
2966,2026-05-24,Tienda Norte, Cerveza ,alcohol,2,3500,7000
2966,24/5/2026,Tienda Norte,Cloro,Limpieza,3,1400,4200
2966,2026-05-24,Tienda Norte,Maní  ,Snacks,2,1200,2400
2966,2026-05-24,Tienda Norte  ,Papas fritas  ,snacks,2,1800,3600
2966,2026-05-24,Tienda Norte,Yogurt,Lácteos,1,800,800
2967,2026/07/24, Tienda Mall ,Cerveza,alcohol,1,3500,3500
2967,2026-07-24,  Tienda Mall,  Leche,Lácteos,1,1200,1200
2967,24-7-2026,Tienda Mall,Pañales  ,Bebé,2,8000,16000
2967,2026/07/24,Tienda Mall,Toallitas húmedas,bebé,1,2200,2200
2968,2026-08-09,Tienda Norte,Papas fritas,Snacks,1,1800,1800
2968,2026-08-09,Tienda Norte,Yogurt  ,lácteos,1,800,800
2969,22-7-2026,Tienda Norte,Jugo naranja,Bebidas,3,1600,4800
2969,2026/07/22,Tienda Norte,Papas fritas,snacks,2,1800,3600
2969,2026-07-22,Tienda Norte,Toallitas húmedas,Bebé,1,2200,2200
2970,23-6-2026,Tienda Sur,Esponjas,Limpieza,1,1200,1200
2970,2026-06-23,Tienda Sur  ,Queso,Lácteos,2,4500,9000
2970,2026-06-23,Tienda Sur,Vino tinto,Alcohol,1,5000,5000
2971,2026-05-30,Tienda Centro,  Azúcar,Café/Té,1,1300,1300
2971,2026-05-30,Tienda Centro,Esponjas,Limpieza,2,1200,2400
2972,2026/08/18, Tienda Sur ,  Papas fritas,Snacks,3,1800,5400
2973,2026-06-14,Tienda Centro,Mantequilla,LÁCTEOS,1,2500,2500
2973,2026-06-14,Tienda Centro,Pan hallulla,panadería,1,1500,1500
2973,14-06-2026,Tienda Centro,Queso,Lácteos,1,4500,4500
2974,2026-07-14,Tienda Sur,Agua mineral,Bebidas,1,900,900
2974,2026-07-14,Tienda Sur,Azúcar,Café/Té,1,1300,1300
2974,14-07-2026,Tienda Sur,Café,café/té,3,4000,12000
2974,14-07-2026,Tienda Sur,Galletas,snacks,1,1000,1000
2975,26-7-2026,  Tienda Norte,Cerveza  ,Alcohol,1,3500,3500
2975,2026-07-26,Tienda Norte,Maní,Snacks,1,1200,1200
2975,2026-07-26,Tienda Norte,Papas fritas,Snacks,1,1800,1800
2976,16-06-2026,  Tienda Mall,Mantequilla,Lácteos,1,2500,2500
2976,2026-06-16,  Tienda Mall,Pan molde,panadería,1,1800,1800
2977,2026-07-21,Tienda Centro, Cloro ,Limpieza,3,1400,4200
2977,2026-07-21,  Tienda Centro,  Maní,Snacks,1,1200,1200
2977,2026-07-21, Tienda Centro ,Pan molde  ,panadería,1,1800,1800
2978,8-6-2026,Tienda Sur,Maní,SNACKS,1,1200,1200
2979,2026-08-17,Tienda Centro,Azúcar,Café/Té,1,1300,1300
2979,2026-08-17,Tienda Centro  ,  Café,Café/Té,1,4000,4000
2979,17/8/2026,Tienda Centro,Galletas,SNACKS,1,1000,1000
2979,2026-08-17,  Tienda Centro,Leche,LÁCTEOS,1,1200,1200
2979,17-8-2026,Tienda Centro,Yogurt,Lácteos,1,800,800
2980,9/7/2026,Tienda Norte,Cloro,Limpieza,1,1400,1400
2981,2026-06-28,Tienda Sur,Agua mineral,Bebidas,1,900,900
2981,28/6/2026,Tienda Sur,Maní,Snacks,1,1200,1200
2981,2026-06-28,Tienda Sur,Toallitas húmedas,Bebé,,2200,2200
2982,11-07-2026,Tienda Centro,Bebida cola,Bebidas,1,1500,1500
2982,2026-07-11,Tienda Centro,Cloro  ,Limpieza,2,1400,2800
2983,22-6-2026,Tienda Centro,Café,café/té,1,4000,4000
2983,22/6/2026,Tienda Centro,Detergente,Limpieza,1,5500,5500
2983,2026-06-22,Tienda Centro  ,  Esponjas,Limpieza,1,1200,1200
2983,2026-06-22,Tienda Centro,Mantequilla,Lácteos,2,2500,5000
2983,2026-06-22, Tienda Centro ,Pan molde,Panadería,1,1800,1800
2983,2026-06-22,Tienda Centro,Queso,Lácteos,1,4500,4500
2984,2026-07-10,Tienda Norte,Galletas,Snacks,3,1000,3000
2984,2026-07-10,Tienda Norte,Mantequilla,Lácteos,3,2500,7500
2984,2026-07-10,Tienda Norte,Pan molde,Panadería,1,1800,1800
2984,10-07-2026,Tienda Norte,Queso,Lácteos,1,4500,4500
2985,2026/07/10, Tienda Norte ,Cerveza,Alcohol,1,3500,3500
2985,2026-07-10,Tienda Norte, Maní ,snacks,1,1200,1200
2985,10-07-2026,Tienda Norte  ,  Papas fritas,Snacks,3,1800,5400
2985,2026/07/10,Tienda Norte,Yogurt  ,LÁCTEOS,1,800,800
2986,25/7/2026,Tienda Mall,Agua mineral,Bebidas,2,900,1800
2986,2026-07-25,Tienda Mall,Azúcar,café/té,3,1300,3900
2986,25/7/2026,Tienda Mall,  Té,Café/Té,1,2500,2500
2987,2026-07-07,Tienda Norte,Cloro,Limpieza,2,1400,2800
2987,2026-07-07,  Tienda Norte,Jugo naranja,Bebidas,1,1600,1600
2987,07-07-2026, Tienda Norte ,Queso,Lácteos,1,4500,4500
2988,2026-07-06,Tienda Mall,Cerveza,Alcohol,1,3500,3500
2988,2026-07-06,Tienda Mall,Croissant,panadería,1,900,900
2988,2026-07-06,Tienda Mall,Maní,Snacks,2,1200,2400
2988,2026-07-06,Tienda Mall,Papas fritas,Snacks,2,1800,3600
2989,2026/06/05,Tienda Centro,Croissant,Panadería,1,900,900
2989,2026-06-05,Tienda Centro,Jugo naranja,Bebidas,1,1600,1600
2989,2026-06-05,Tienda Centro,Pan hallulla,panadería,1,1500,1500
2990,02-08-2026,Tienda Sur,Cloro,limpieza,2,1400,2800
2990,2026-08-02,Tienda Sur,Detergente,LIMPIEZA,2,5500,11000
2990,2026-08-02, Tienda Sur ,Esponjas,Limpieza,1,1200,1200
2990,2026-08-02,Tienda Sur,Pañales,Bebé,1,8000,8000
2991,23-7-2026,Tienda Centro,Esponjas,Limpieza,1,1200,1200
2991,23-07-2026, Tienda Centro , Mantequilla ,Lácteos,1,2500,2500
2991,2026/07/23,Tienda Centro,Pan molde,Panadería,1,1800,1800
2991,2026-07-23,Tienda Centro,Queso,Lácteos,1,4500,4500
2992,2026-06-22,Tienda Mall,  Croissant,Panadería,3,900,2700
2993,22-6-2026,Tienda Norte,Azúcar,Café/Té,2,1300,2600
2993,2026-06-22,Tienda Norte,Cerveza  ,Alcohol,1,3500,3500
2993,2026-06-22,Tienda Norte,Cloro,Limpieza,2,1400,2800
2993,2026-06-22,Tienda Norte,Detergente  ,Limpieza,1,5500,5500
2993,22-6-2026,Tienda Norte,Esponjas,Limpieza,2,1200,2400
2993,2026-06-22,Tienda Norte  ,Pañales,Bebé,1,8000,8000
2993,22-6-2026,Tienda Norte,  Toallitas húmedas,Bebé,1,2200,2200
2994,2026-07-09,Tienda Sur,Cerveza,Alcohol,1,3500,3500
2994,2026-07-09,Tienda Sur,Detergente,LIMPIEZA,2,5500,11.000
2995,2026-05-31,Tienda Mall,Bebida cola  ,bebidas,2,1500,3000
2995,2026/05/31,Tienda Mall,Mantequilla,Lácteos,1,2500,2500
2995,2026-05-31,Tienda Mall,Pan hallulla,PANADERÍA,2,1500,3000
2995,2026-05-31,Tienda Mall,Yogurt,Lácteos,3,800,2400
2996,23-06-2026,Tienda Sur,Mantequilla,Lácteos,1,2500,2500
2996,23/6/2026,Tienda Sur,Pan molde,Panadería,1,1800,1800
2996,23-6-2026,Tienda Sur,Queso,Lácteos,1,4500,4500
2997,2026-07-16,Tienda Norte,Azúcar,Café/Té,2,1300,2600
2997,2026-07-16,Tienda Norte,Croissant,PANADERÍA,2,900,1800
2997,2026-07-16,Tienda Norte, Queso ,Lácteos,1,4500,4500
2997,2026-07-16,Tienda Norte,Vino tinto,Alcohol,1,5000,5000
2998,2026-08-05,Tienda Sur  ,Azúcar,Café/Té,1,1300,1300
2998,05-08-2026,Tienda Sur,Café,Café/Té,1,4000,4000
2998,5/8/2026,  Tienda Sur,Esponjas,Limpieza,,1200,3600
2998,2026/08/05,Tienda Sur,Galletas,Snacks,,1000,1000
2998,5/8/2026, Tienda Sur ,Jugo naranja,BEBIDAS,1,1600,1600
2999,2026-07-17,Tienda Sur,Maní,Snacks,1,1200,1200
2999,2026-07-17,Tienda Sur,Queso,Lácteos,1,4500,4500
2999,2026/07/17,Tienda Sur,Vino tinto,ALCOHOL,1,5000,5000
3000,2026-06-11, Tienda Mall ,Azúcar,Café/Té,3,1300,3900
3000,2026-06-11,Tienda Mall,Jugo naranja  ,BEBIDAS,1,1600,1600
3000,11/6/2026,  Tienda Mall,Queso,Lácteos,2,4500,9000
3000,2026-06-11,Tienda Mall,Té,Café/Té,1,2500,2500
3001,2026/08/06,Tienda Sur,Azúcar,café/té,2,1300,2600
3001,6/8/2026, Tienda Sur ,Maní  ,Snacks,2,1200,2400
3001,2026-08-06,Tienda Sur,Papas fritas,snacks,1,1800,1800
3001,2026-08-06,  Tienda Sur,Queso,Lácteos,2,4500,9000
3001,6-8-2026,Tienda Sur,Té  ,Café/Té,1,2500,2500
3001,6-8-2026,  Tienda Sur,Vino tinto,Alcohol,2,5000,10000
3002,29-05-2026,Tienda Norte,Azúcar,Café/Té,1,1300,1300
3002,29-5-2026,Tienda Norte,Maní,Snacks,1,1200,1200
3003,2026-07-16, Tienda Mall ,Galletas,SNACKS,2,1000,2000
3003,16-7-2026,Tienda Mall, Queso ,LÁCTEOS,1,4500,4500
3003,2026-07-16,Tienda Mall,Toallitas húmedas,Bebé,1,2200,2200
3003,16-7-2026,  Tienda Mall,Vino tinto,Alcohol,2,5000,10000
3004,2026-06-08,Tienda Mall,Galletas,snacks,2,1000,2000
3004,8-6-2026, Tienda Mall ,  Pañales,bebé,1,8000,8000
3004,08-06-2026,Tienda Mall  ,Toallitas húmedas,Bebé,1,2200,2200
3005,2026/05/31,Tienda Centro,Bebida cola,Bebidas,1,1500,1500
3005,2026/05/31,Tienda Centro,  Leche,Lácteos,2,1200,2400
3005,2026-05-31,Tienda Centro,Mantequilla,Lácteos,1,2500,2500
3005,2026/05/31,Tienda Centro,Vino tinto,Alcohol,,5000,15.000
3006,12/8/2026, Tienda Norte ,Bebida cola,bebidas,3,1500,4500
3006,2026-08-12,Tienda Norte,Papas fritas,Snacks,1,1800,1800
3006,2026/08/12,Tienda Norte,Yogurt  ,Lácteos,2,800,1600
3007,2026-06-17,  Tienda Norte,Pan molde,Panadería,2,1800,3600
3007,2026-06-17,Tienda Norte,Papas fritas,Snacks,2,1800,3600
3008,8-7-2026,Tienda Sur,Cloro,Limpieza,1,1400,1400
3008,2026-07-08, Tienda Sur ,Pan molde,panadería,1,1800,1800
3008,8/7/2026,Tienda Sur,Papas fritas,Snacks,2,1800,3600
3009,1/7/2026,Tienda Norte,Croissant,Panadería,1,900,900
3009,2026-07-01,Tienda Norte,Mantequilla,Lácteos,1,2500,2500
3010,2026-05-27,Tienda Centro,Agua mineral,Bebidas,1,900,900
3010,27/5/2026, Tienda Centro ,Azúcar,café/té,2,1300,2600
3010,2026-05-27,Tienda Centro,Té,Café/Té,1,2500,2500
3011,2026-06-03,Tienda Centro  ,Agua mineral,Bebidas,1,900,900
3011,2026/06/03,Tienda Centro,Azúcar,CAFÉ/TÉ,3,1300,3900
3011,2026-06-03,Tienda Centro, Cloro ,Limpieza,1,1400,1400
3011,2026/06/03,Tienda Centro,Detergente,Limpieza,3,5500,16500
3011,2026-06-03,Tienda Centro,  Mantequilla,LÁCTEOS,3,2500,7500
3011,03-06-2026,Tienda Centro,Pan molde,Panadería,1,1800,1800
3011,2026/06/03,Tienda Centro,Queso,Lácteos,2,4500,9000
3011,3/6/2026,Tienda Centro,Té,Café/Té,1,2500,2500
3012,14-7-2026,Tienda Mall,Cloro,LIMPIEZA,1,1400,1400
3012,2026-07-14,Tienda Mall,  Mantequilla,Lácteos,1,2500,2500
3012,14-07-2026,Tienda Mall,  Pan molde,Panadería,1,1800,1800
3012,2026-07-14,Tienda Mall,  Queso,Lácteos,2,4500,9000
3013,2026-07-21, Tienda Centro ,Cerveza,Alcohol,3,3500,10500
3013,2026-07-21,Tienda Centro,  Croissant,Panadería,3,900,2700
3013,21-7-2026,Tienda Centro,Esponjas,LIMPIEZA,2,1200,2400
3013,21-07-2026,Tienda Centro,Papas fritas,snacks,1,1800,1800
3013,2026-07-21,Tienda Centro  ,Toallitas húmedas  ,Bebé,1,2200,2200
3014,2026-07-20,Tienda Mall,Azúcar,Café/Té,2,1300,2600
3014,2026-07-20,Tienda Mall, Té ,Café/Té,1,2500,2500
3015,22-6-2026,  Tienda Norte,Maní,Snacks,1,1200,1200
3015,2026-06-22,Tienda Norte,Pañales,Bebé,1,8000,8000
3015,2026-06-22,Tienda Norte,Queso,Lácteos,1,4500,4500
3015,22/6/2026,Tienda Norte,Vino tinto,Alcohol,1,5000,5000
3016,2026-06-20,Tienda Norte,Azúcar,Café/Té,1,1300,1300
3016,2026/06/20,Tienda Norte,  Mantequilla,LÁCTEOS,1,2500,2500
3016,2026/06/20, Tienda Norte , Pan molde ,Panadería,,1800,1800
3016,2026-06-20,Tienda Norte,Queso,Lácteos,1,4500,4500
3016,2026-06-20,Tienda Norte,Té,Café/Té,1,2500,2500
3017,2026-05-23,  Tienda Norte,Cloro,limpieza,1,1400,1400
3017,2026-05-23,  Tienda Norte,  Detergente,LIMPIEZA,1,5500,5500
3017,2026-05-23,  Tienda Norte,Esponjas,Limpieza,1,1200,1200
3017,2026-05-23,  Tienda Norte,Mantequilla,Lácteos,1,2500,2500
3017,2026-05-23,Tienda Norte,Pan molde,Panadería,1,1800,1800
3018,2026-08-18,Tienda Centro,Agua mineral,Bebidas,1,900,900
3019,2026-06-06,Tienda Mall,Leche,lácteos,1,1200,1200
3019,2026-06-06,Tienda Mall,Mantequilla,Lácteos,1,2500,2500
3019,06-06-2026,  Tienda Mall,Pan molde,Panadería,1,1800,1800
3020,27-5-2026,Tienda Norte,Azúcar,Café/Té,3,1300,3900
3020,27/5/2026,Tienda Norte  ,Café,Café/Té,1,4000,4000
3020,27-5-2026,  Tienda Norte,Pan hallulla,Panadería,1,1500,1500
3020,27/5/2026,Tienda Norte,Papas fritas,Snacks,3,1800,5400
3021,24/7/2026,Tienda Mall,Bebida cola,Bebidas,1,1500,1500
3022,2026/07/28,Tienda Centro,Agua mineral,Bebidas,1,900,900
3022,2026-07-28,Tienda Centro,Croissant  ,Panadería,3,900,2700
3023,2026-06-09,Tienda Norte,Azúcar,Café/Té,1,1300,1300
3023,9/6/2026,Tienda Norte, Café ,Café/Té,1,4000,4000
3024,2/6/2026,  Tienda Mall,Queso,Lácteos,1,4500,4500
3024,2026-06-02,  Tienda Mall,Vino tinto,Alcohol,1,5000,5000
3025,6/8/2026,Tienda Mall,Mantequilla,Lácteos,1,2500,2500
3025,2026-08-06,Tienda Mall,Pan molde  ,Panadería,2,1800,3600
3025,6-8-2026,Tienda Mall,Toallitas húmedas,Bebé,1,2200,2200
3026,2026-07-05,Tienda Norte,Esponjas,Limpieza,3,1200,3600
3026,2026/07/05, Tienda Norte ,Mantequilla,Lácteos,1,2500,2500
3027,21/5/2026,Tienda Sur  ,Azúcar  ,Café/Té,1,1300,1300
3027,2026-05-21,Tienda Sur,Café,Café/Té,1,4000,4000
3027,21-05-2026,Tienda Sur,Queso  ,Lácteos,1,4500,4500
3028,2026/08/09,  Tienda Sur,Croissant,Panadería,2,900,1800
3028,2026-08-09,Tienda Sur,Leche,Lácteos,1,1200,1200
3028,2026-08-09,  Tienda Sur,Maní,SNACKS,1,1200,1200
3028,2026-08-09,Tienda Sur,Queso,Lácteos,1,4500,4500
3029,23-5-2026,Tienda Mall,Galletas,Snacks,1,1000,1000
3029,2026-05-23,Tienda Mall,  Jugo naranja,Bebidas,1,1600,1600
3030,29/6/2026,Tienda Norte, Bebida cola ,bebidas,1,1500,1500
3030,2026-06-29,Tienda Norte,Galletas,Snacks,,1000,1000
3031,2026-08-05,Tienda Centro,Azúcar,Café/Té,1,1300,1300
3031,2026-08-05,Tienda Centro, Bebida cola ,Bebidas,1,1500,1500
3032,20/7/2026,Tienda Mall,Detergente,Limpieza,1,5500,5500
3032,2026-07-20,Tienda Mall,Maní,Snacks,2,1200,2400
3033,2026-06-28,Tienda Norte,Cerveza,Alcohol,1,3500,3500
3033,2026/06/28, Tienda Norte ,Detergente,Limpieza,2,5500,11000
3033,2026-06-28,Tienda Norte,Papas fritas,Snacks,1,1800,1800
3033,28-06-2026,Tienda Norte, Queso ,Lácteos,1,4500,4500
3034,11-7-2026,  Tienda Sur,Cloro,Limpieza,2,1400,2800
3034,11-7-2026,  Tienda Sur,  Té,CAFÉ/TÉ,1,2500,2500
3035,2026-08-02,Tienda Centro,Agua mineral,bebidas,1,900,900
3035,2026-08-02,Tienda Centro,Azúcar,Café/Té,1,1300,1300
3035,2026/08/02,Tienda Centro,Bebida cola,Bebidas,,1500,1500
3036,2026-07-13,Tienda Centro,Cerveza,Alcohol,1,3500,3500
3036,2026-07-13,Tienda Centro,Jugo naranja,Bebidas,1,1600,1600
3036,13-7-2026, Tienda Centro ,  Pan hallulla,Panadería,2,1500,3000
3036,2026/07/13,Tienda Centro,Pañales,Bebé,1,8000,8000
3036,2026-07-13,Tienda Centro,Toallitas húmedas  ,Bebé,1,2200,2200
3037,2026-08-17,Tienda Norte,Agua mineral,Bebidas,1,900,900
3038,2026-05-25,Tienda Norte,Bebida cola,Bebidas,2,1500,3000
3038,2026/05/25,Tienda Norte,Papas fritas,Snacks,2,1800,3600
3038,2026-05-25,Tienda Norte, Toallitas húmedas ,Bebé,1,2200,2200
3039,09-08-2026,Tienda Centro,Cerveza,Alcohol,1,3500,3500
3039,2026-08-09,Tienda Centro,Cloro,LIMPIEZA,1,1400,1400
3039,2026-08-09,Tienda Centro,Galletas,Snacks,2,1000,2000
3039,09-08-2026,Tienda Centro,Mantequilla,Lácteos,1,2500,2500
3039,2026-08-09,Tienda Centro  ,Papas fritas,SNACKS,2,1800,3600
3040,23/6/2026,Tienda Mall,Cerveza,Alcohol,3,3500,10500
3040,23-6-2026,Tienda Mall,Maní,Snacks,1,1200,1200
3040,2026-06-23,Tienda Mall,Pan molde,Panadería,3,1800,5400
3040,2026-06-23,Tienda Mall, Pañales ,Bebé,1,8000,8000
3040,2026-06-23,Tienda Mall, Toallitas húmedas ,Bebé,2,2200,4400
3041,2026-06-10,  Tienda Norte,  Bebida cola,Bebidas,1,1500,1500
3041,10-6-2026,Tienda Norte,Detergente  ,Limpieza,1,5500,5500
3042,13-7-2026,Tienda Mall,Bebida cola,Bebidas,1,1500,1500
3042,2026-07-13,Tienda Mall,Croissant  ,Panadería,1,900,900
3042,13-07-2026,Tienda Mall,  Papas fritas,Snacks,2,1800,3600
3042,2026-07-13,Tienda Mall,Vino tinto  ,Alcohol,2,5000,10000
3043,2026-07-19,Tienda Norte  ,Pan hallulla,Panadería,2,1500,3000
3043,2026-07-19,Tienda Norte,Pan molde,Panadería,1,1800,1800
3043,2026-07-19,Tienda Norte,Queso,LÁCTEOS,1,4500,4500
3044,2026-07-18, Tienda Mall ,Cloro,LIMPIEZA,1,1400,1400
3044,18-7-2026,Tienda Mall,Detergente,Limpieza,1,5500,5500
3044,18/7/2026, Tienda Mall ,Esponjas,Limpieza,2,1200,2400
3045,1-7-2026,Tienda Sur,Esponjas,Limpieza,1,1200,1200
3045,1-7-2026,Tienda Sur, Pan hallulla ,Panadería,1,1500,1500
3045,2026-07-01,Tienda Sur,Queso,lácteos,1,4500,4500
3046,2026/06/08,Tienda Centro,Agua mineral,Bebidas,1,900,900
3046,8-6-2026,Tienda Centro,Galletas,Snacks,1,1000,1000
3046,2026/06/08,Tienda Centro,Vino tinto,alcohol,3,5000,15000
3047,16-08-2026,Tienda Mall  ,Agua mineral,Bebidas,1,900,900
3047,2026-08-16,Tienda Mall,Cerveza,Alcohol,2,3500,7000
3048,17-08-2026,Tienda Sur  ,Azúcar,Café/Té,1,1300,1300
3048,2026-08-17,Tienda Sur  ,Café,Café/Té,1,4000,4000
3048,2026-08-17,Tienda Sur,Galletas  ,snacks,2,1000,2000
3049,2026/07/25,Tienda Centro,Azúcar,CAFÉ/TÉ,1,1300,1300
3049,25/7/2026, Tienda Centro ,  Bebida cola,Bebidas,1,1500,1500
3049,2026/07/25,Tienda Centro, Café ,Café/Té,1,4000,4000
3049,2026/07/25,Tienda Centro,Mantequilla,LÁCTEOS,2,2500,5000
3049,25-7-2026,Tienda Centro,Pan molde  ,Panadería,1,1800,1800
3049,25-07-2026,Tienda Centro,Papas fritas,Snacks,2,1800,3600
3049,2026-07-25, Tienda Centro ,Queso,Lácteos,3,4500,13.500
3050,2026-05-23,Tienda Sur,Galletas  ,Snacks,,1000,1000
3051,2026-06-20,Tienda Norte,Cerveza,Alcohol,2,3500,7000
3051,2026-06-20,Tienda Norte,Croissant,Panadería,1,900,900
3051,20-06-2026,Tienda Norte,Maní  ,Snacks,2,1200,2400
3051,2026-06-20,Tienda Norte,Papas fritas,Snacks,1,1800,1800
3052,2026-06-01,Tienda Sur,  Azúcar,Café/Té,2,1300,2600
3052,2026/06/01,  Tienda Sur,Café,Café/Té,2,4000,8000
3052,2026/06/01,Tienda Sur,Cerveza,Alcohol,1,3500,3500
3052,2026/06/01,Tienda Sur,Maní,Snacks,3,1200,3600
3052,2026-06-01,Tienda Sur, Pan hallulla ,Panadería,1,1500,1500
3052,2026-06-01,Tienda Sur, Papas fritas ,Snacks,1,1800,1800
3053,2026-08-04,  Tienda Norte,Croissant,Panadería,1,900,900
3053,2026-08-04,Tienda Norte,Queso,Lácteos,2,4500,9000
3053,04-08-2026,Tienda Norte,Vino tinto,Alcohol,1,5000,5000
3054,2026-07-22, Tienda Centro ,Bebida cola  ,Bebidas,2,1500,3000
3054,22/7/2026,Tienda Centro  ,  Papas fritas,Snacks,2,1800,3600
3054,2026-07-22,Tienda Centro, Vino tinto ,Alcohol,1,5000,5000
3055,22-06-2026, Tienda Centro ,Café,Café/Té,1,4000,4000
3055,22-06-2026,Tienda Centro,Cerveza,Alcohol,3,3500,10500
3055,22-06-2026,Tienda Centro,Leche,Lácteos,1,1200,1200
3055,2026-06-22, Tienda Centro ,Papas fritas  ,Snacks,1,1800,1800
3056,25-7-2026, Tienda Norte ,Bebida cola,bebidas,1,1500,1500
3056,2026-07-25, Tienda Norte ,Leche,Lácteos,2,1200,2400
3056,2026-07-25,Tienda Norte,Maní,Snacks,1,1200,1200
3056,2026/07/25,Tienda Norte,Pan molde,Panadería,2,1800,3600
3056,25-07-2026,Tienda Norte,Queso  ,Lácteos,2,4500,9000
3057,2026-06-20,  Tienda Sur,Mantequilla,Lácteos,1,2500,2500
3057,2026-06-20, Tienda Sur ,Pan molde,Panadería,1,1800,1800
3058,2026-05-28,Tienda Sur,  Cloro,Limpieza,1,1400,1400
3058,2026-05-28,Tienda Sur,Papas fritas,Snacks,1,1800,1800
3058,2026-05-28,Tienda Sur,Té  ,Café/Té,1,2500,2500
3059,2026-05-30,Tienda Sur  ,Queso,Lácteos,1,4500,4500
3060,2026-07-14,Tienda Centro,Azúcar,CAFÉ/TÉ,1,1300,1300
3060,2026/07/14,Tienda Centro,Leche,Lácteos,1,1200,1200
3060,2026-07-14,Tienda Centro  ,Mantequilla,Lácteos,1,2500,2500
3060,14-7-2026,Tienda Centro,  Pan hallulla,Panadería,2,1500,3000
3060,2026-07-14,Tienda Centro,Pañales,Bebé,1,8000,8000
3060,14-7-2026, Tienda Centro ,Queso,Lácteos,1,4500,4500
3060,2026-07-14,Tienda Centro,Té  ,Café/Té,1,2500,2500
3061,2026/06/16,Tienda Centro,Cloro,Limpieza,1,1400,1400
3061,2026-06-16,Tienda Centro,Papas fritas,snacks,3,1800,5400
3062,2026-07-31,Tienda Centro,  Café,Café/Té,2,4000,8000
3062,2026-07-31,Tienda Centro, Galletas ,SNACKS,1,1000,1000
3062,2026-07-31, Tienda Centro ,  Té,Café/Té,1,2500,2500
3063,2026-08-05,Tienda Centro,  Cloro,limpieza,1,1400,1400
3063,2026-08-05,Tienda Centro,Detergente,Limpieza,1,5500,5500
3063,2026-08-05,Tienda Centro, Mantequilla ,Lácteos,3,2500,7500
3063,5-8-2026,Tienda Centro,Pan hallulla,Panadería,2,1500,3000
3063,05-08-2026,Tienda Centro  ,Pañales,Bebé,1,8000,8000
3063,2026-08-05,  Tienda Centro,Toallitas húmedas,Bebé,1,2200,2200
3064,10-8-2026,Tienda Centro,Galletas,snacks,1,1000,1000
3064,2026-08-10,  Tienda Centro,Jugo naranja,Bebidas,1,1600,1600
3064,2026/08/10,Tienda Centro,Mantequilla,Lácteos,1,2500,2500
3065,26/6/2026,  Tienda Centro,Bebida cola,Bebidas,3,1500,4500
3065,26-06-2026,Tienda Centro,Esponjas  ,LIMPIEZA,1,1200,1200
3066,11-07-2026,Tienda Mall,Cloro,Limpieza,1,1400,1400
3066,11/7/2026,Tienda Mall,Detergente,limpieza,1,5500,5500
3066,2026-07-11,Tienda Mall,Pañales,Bebé,2,8000,16000
3066,11/7/2026,Tienda Mall,Toallitas húmedas,Bebé,1,2200,2200
3066,2026/07/11,Tienda Mall,Té,Café/Té,1,2500,2500
3067,2026-08-01,Tienda Centro,  Azúcar,Café/Té,2,1300,2600
3067,1/8/2026,Tienda Centro,Galletas,Snacks,1,1000,1000
3067,1-8-2026,Tienda Centro  ,Maní  ,Snacks,1,1200,1200
3067,2026-08-01,Tienda Centro,Papas fritas,Snacks,1,1800,1800
3067,2026-08-01,Tienda Centro,  Té,Café/Té,1,2500,2500
3068,5-7-2026,Tienda Mall,Cloro,LIMPIEZA,1,1400,1400
3069,2026-07-06,  Tienda Mall,Bebida cola,Bebidas,1,1500,1500
3069,2026-07-06,Tienda Mall,Jugo naranja,bebidas,1,1600,1600
3070,2026-08-09,Tienda Mall,Mantequilla,Lácteos,1,2500,2500
3070,9-8-2026,Tienda Mall,Pan molde,PANADERÍA,3,1800,5400
3070,2026-08-09,Tienda Mall,Queso,Lácteos,1,4500,4500
3071,17/6/2026,Tienda Norte  ,Azúcar,Café/Té,1,1300,1300
3071,2026-06-17, Tienda Norte ,Bebida cola,Bebidas,1,1500,1500
3071,2026-06-17, Tienda Norte ,Café,Café/Té,1,4000,4000
3071,2026-06-17,Tienda Norte,Esponjas  ,Limpieza,1,1200,1200
3071,17/6/2026,Tienda Norte,Galletas,Snacks,1,1000,1000
3072,7/7/2026,Tienda Sur,Cloro,limpieza,1,1400,1400
3072,2026-07-07,Tienda Sur,Mantequilla,Lácteos,1,2500,2500
3073,23-06-2026,Tienda Centro,Vino tinto,Alcohol,1,5000,5000
3074,2026-07-01,Tienda Centro,  Cerveza,Alcohol,1,3500,3500
3074,2026-07-01,  Tienda Centro,Jugo naranja,Bebidas,2,1600,3200
3074,2026/07/01,Tienda Centro,Maní,Snacks,2,1200,2400
3074,1/7/2026,  Tienda Centro,Pañales,bebé,1,8000,8000
3075,2026-07-23,Tienda Mall,Azúcar,CAFÉ/TÉ,,1300,2600
3075,2026/07/23,Tienda Mall,Bebida cola,Bebidas,2,1500,3000
3075,23-7-2026,Tienda Mall,Café,CAFÉ/TÉ,1,4000,4000
3075,2026-07-23,Tienda Mall,Papas fritas,Snacks,1,1800,1800
3075,2026/07/23,Tienda Mall,Té  ,CAFÉ/TÉ,1,2500,2500
3076,2026-05-24,Tienda Centro,Bebida cola,BEBIDAS,1,1500,1500
3076,24-05-2026,Tienda Centro  ,  Jugo naranja,Bebidas,1,1600,1600
3076,24/5/2026,Tienda Centro,Papas fritas,Snacks,1,1800,1800
3077,2026-05-23,Tienda Mall,Agua mineral,Bebidas,1,900,900
3077,23-05-2026,  Tienda Mall,  Esponjas,Limpieza,1,1200,1200
3077,2026-05-23, Tienda Mall ,Leche  ,Lácteos,3,1200,3600
3078,2026/07/12,Tienda Sur,Mantequilla,Lácteos,1,2500,2500
3078,2026-07-12,Tienda Sur,Maní,snacks,1,1200,1200
3078,2026-07-12,Tienda Sur,  Papas fritas,SNACKS,1,1800,1800
3078,2026-07-12,Tienda Sur, Té ,Café/Té,2,2500,5000
3079,2026-06-10,Tienda Norte,Cerveza,Alcohol,1,3500,3500
3079,2026-06-10,Tienda Norte,Galletas,snacks,1,1000,1000
3079,2026-06-10,Tienda Norte  ,Maní,SNACKS,1,1200,1200
3080,2026-06-26, Tienda Centro ,Galletas  ,Snacks,1,1000,1000
3080,26/6/2026,Tienda Centro, Leche ,Lácteos,1,1200,1200
3081,2026-07-07,Tienda Centro, Cloro ,Limpieza,1,1400,1400
3081,2026-07-07,Tienda Centro,Detergente,Limpieza,1,5500,5500
3081,7/7/2026,Tienda Centro, Leche ,Lácteos,1,1200,1200
3081,2026/07/07,Tienda Centro,Té,Café/Té,1,2500,2500
3082,29/7/2026,Tienda Centro  ,Mantequilla,LÁCTEOS,2,2500,5000
3082,29/7/2026,Tienda Centro,Pañales  ,bebé,,8000,8000
3082,29-07-2026,Tienda Centro,Queso,Lácteos,1,4500,4500
3082,2026-07-29,Tienda Centro,Toallitas húmedas,BEBÉ,1,2200,2200
3083,2026/07/08,Tienda Norte, Cerveza ,Alcohol,2,3500,7000
3083,2026/07/08,Tienda Norte,Mantequilla,lácteos,2,2500,5000
3083,2026-07-08,Tienda Norte,  Papas fritas,SNACKS,2,1800,3600
3084,2026-06-26,Tienda Sur, Mantequilla ,Lácteos,1,2500,2500
3084,2026-06-26,Tienda Sur,Pan molde,Panadería,1,1800,1800
3085,2026/07/28,Tienda Mall  ,Croissant,Panadería,1,900,900
3086,19/7/2026,Tienda Norte,Jugo naranja,Bebidas,3,1600,4800
3086,19-07-2026,Tienda Norte,Queso,Lácteos,2,4500,9000
3086,19-7-2026,Tienda Norte,Vino tinto  ,Alcohol,2,5000,10000
3087,2026-07-28,Tienda Centro,Cloro,Limpieza,1,1400,1400
3087,2026-07-28,Tienda Centro  ,Detergente,Limpieza,1,5500,5500
3087,2026-07-28,Tienda Centro,Esponjas,LIMPIEZA,2,1200,2400
3087,2026-07-28,Tienda Centro,Papas fritas,Snacks,1,1800,1800
3088,2026-07-12,Tienda Centro,Agua mineral,Bebidas,1,900,900
3088,2026-07-12, Tienda Centro ,  Mantequilla,Lácteos,1,2500,2500
3088,2026/07/12,Tienda Centro,Pan molde,PANADERÍA,2,1800,3600
3089,5/6/2026, Tienda Centro ,Cerveza  ,Alcohol,1,3500,3500
3089,2026-06-05, Tienda Centro ,Mantequilla,Lácteos,1,2500,2500
3089,5/6/2026, Tienda Centro ,Maní,Snacks,2,1200,2400
3089,2026-06-05,Tienda Centro,Toallitas húmedas,Bebé,2,2200,4400
3090,2026/07/12,  Tienda Norte,  Bebida cola,Bebidas,1,1500,1500
3090,2026-07-12,Tienda Norte,Mantequilla,Lácteos,1,2500,2500
3090,12-7-2026,Tienda Norte,Pan hallulla,Panadería,3,1500,4500
3090,12-07-2026,  Tienda Norte,  Papas fritas,Snacks,3,1800,5400
3090,12/7/2026,Tienda Norte,Queso,Lácteos,1,4500,4500
3091,03-06-2026,Tienda Sur,Cerveza,Alcohol,1,3500,3500
3092,2026-06-30,  Tienda Centro,Cloro,Limpieza,1,1400,1400
3092,2026/06/30,Tienda Centro, Pañales ,Bebé,1,8000,8000
3092,2026/06/30,Tienda Centro, Toallitas húmedas ,BEBÉ,1,2200,2200
3093,25/6/2026,Tienda Centro,Galletas,Snacks,1,1000,1000
3093,2026/06/25,Tienda Centro,Leche,Lácteos,2,1200,2400
3093,2026-06-25,Tienda Centro,Papas fritas,Snacks,1,1800,1800
3094,2026-06-17,Tienda Centro,Leche,Lácteos,1,1200,1200
3095,2026/07/05,  Tienda Mall,Café,CAFÉ/TÉ,1,4000,4000
3095,5-7-2026,Tienda Mall,Galletas,Snacks,3,1000,3000
3095,5-7-2026,Tienda Mall,Mantequilla,Lácteos,1,2500,2500
3096,2026-05-27,Tienda Mall,Bebida cola  ,Bebidas,1,1500,1500
3096,2026-05-27,Tienda Mall,Pan molde,Panadería,1,1800,1800
3096,2026/05/27,Tienda Mall,Papas fritas,Snacks,3,1800,5400
3096,2026-05-27, Tienda Mall ,Queso,lácteos,1,4500,4500
3097,21-05-2026,  Tienda Norte,Esponjas,Limpieza,1,1200,1200
3097,21/5/2026,Tienda Norte,Leche,Lácteos,2,1200,2400
3098,2026-08-07,  Tienda Sur,Detergente,Limpieza,1,5500,5500
3098,7/8/2026, Tienda Sur , Esponjas ,Limpieza,1,1200,1200
3099,18-06-2026,Tienda Norte,Galletas,Snacks,1,1000,1000
3099,18-06-2026, Tienda Norte ,  Queso,Lácteos,1,4500,4500
3099,2026-06-18,Tienda Norte,  Vino tinto,ALCOHOL,1,5000,5000
3100,22-7-2026,Tienda Mall,Cloro,limpieza,1,1400,1400
3100,2026-07-22,Tienda Mall,Mantequilla,Lácteos,1,2500,2500
3100,22-07-2026,  Tienda Mall,Pan hallulla,PANADERÍA,1,1500,1500
3101,2026-06-02,Tienda Norte,Mantequilla,Lácteos,1,2500,2500
3101,2026/06/02,Tienda Norte,Pan hallulla,Panadería,1,1500,1500
3101,2026-06-02,Tienda Norte,Papas fritas,SNACKS,3,1800,5400
3101,2026/06/02,Tienda Norte,Queso,LÁCTEOS,1,4500,4500
3102,2026-08-05,Tienda Sur,Detergente,Limpieza,1,5500,5500
3102,2026-08-05,Tienda Sur,Papas fritas,SNACKS,2,1800,3600
3102,5/8/2026,Tienda Sur, Pañales ,Bebé,1,8000,8000
3103,2026/06/03,Tienda Centro,Café,Café/Té,1,4000,4000
3103,2026-06-03,Tienda Centro,  Croissant,PANADERÍA,1,900,900
3103,3/6/2026,Tienda Centro,Galletas,Snacks,1,1000,1000
3103,2026-06-03,Tienda Centro,  Mantequilla,lácteos,,2500,2500
3103,3/6/2026,Tienda Centro,Pan molde  ,Panadería,3,1800,5400
3104,25-05-2026,Tienda Mall,Croissant,Panadería,1,900,900
3104,2026/05/25,  Tienda Mall, Leche ,lácteos,1,1200,1200
3105,14/7/2026, Tienda Centro , Agua mineral ,Bebidas,1,900,900
3105,2026-07-14,Tienda Centro  ,Pan molde,Panadería,3,1800,5400
3105,2026-07-14, Tienda Centro ,Queso,Lácteos,2,4500,9000
3105,14/7/2026,Tienda Centro,Toallitas húmedas,Bebé,1,2200,2200
3105,2026-07-14,Tienda Centro,Yogurt,lácteos,1,800,800
3106,2026-07-17,Tienda Sur  ,Bebida cola,Bebidas,1,1500,1500
3106,2026-07-17,Tienda Sur,Cloro,LIMPIEZA,1,1400,1400
3107,2026-07-12,Tienda Sur,Bebida cola,Bebidas,1,1500,1500
3107,2026/07/12,Tienda Sur,Yogurt,Lácteos,2,800,1600
3108,2026/05/24,Tienda Norte  ,Bebida cola,bebidas,1,1500,1500
3108,2026-05-24,Tienda Norte, Pan molde ,Panadería,1,1800,1800
3108,2026-05-24,Tienda Norte,Queso,Lácteos,1,4500,4500
3108,24/5/2026,Tienda Norte,Vino tinto,ALCOHOL,3,5000,15000
3109,17-06-2026,Tienda Mall,Café,Café/Té,1,4000,4000
3109,2026-06-17,  Tienda Mall,Detergente,Limpieza,1,5500,5500
3109,17-06-2026,Tienda Mall,Esponjas,LIMPIEZA,1,1200,1200
3109,17/6/2026,Tienda Mall, Galletas ,Snacks,2,1000,2000
3109,2026-06-17,  Tienda Mall,Toallitas húmedas,Bebé,1,2200,2200
3110,23/7/2026,Tienda Norte,  Azúcar,Café/Té,1,1300,1300
3110,2026/07/23,Tienda Norte,Queso,Lácteos,2,4500,9000
3110,23/7/2026,Tienda Norte,Té,Café/Té,1,2500,2500
3110,23-7-2026, Tienda Norte ,Vino tinto,Alcohol,1,5000,5000
3111,9/7/2026,Tienda Mall,Agua mineral,Bebidas,3,900,2700
3111,09-07-2026,Tienda Mall,Croissant,Panadería,3,900,2700
3111,9/7/2026,Tienda Mall, Esponjas ,Limpieza,1,1200,1200
3112,15-6-2026,Tienda Centro,  Azúcar,Café/Té,1,1300,1300
3112,2026-06-15,Tienda Centro,Café,café/té,1,4000,4000
3112,2026-06-15,Tienda Centro,Galletas,Snacks,1,1000,1000
3112,15-6-2026,Tienda Centro,Papas fritas,Snacks,1,1800,1800
3112,2026-06-15,Tienda Centro,  Toallitas húmedas,Bebé,1,2200,2200
3113,2026-06-30,  Tienda Mall,Esponjas,Limpieza,1,1200,1200
3113,30-6-2026,Tienda Mall,Leche,Lácteos,1,1200,1200
3113,2026-06-30,  Tienda Mall,Papas fritas,Snacks,1,1800,1800
3114,4-8-2026,Tienda Norte,Agua mineral,BEBIDAS,2,900,1800
3114,2026-08-04, Tienda Norte ,Jugo naranja,Bebidas,,1600,1600
3114,04-08-2026,Tienda Norte,Papas fritas,SNACKS,1,1800,1800
3114,4-8-2026,Tienda Norte,Queso,Lácteos,1,4500,4500
3114,2026/08/04,Tienda Norte  ,Vino tinto,Alcohol,3,5000,15.000
3115,2026-08-13,Tienda Sur,Bebida cola,Bebidas,1,1500,1500
3115,2026/08/13,Tienda Sur, Pan molde ,Panadería,2,1800,3600
3115,2026-08-13,  Tienda Sur, Queso ,Lácteos,1,4500,4500
3116,29/7/2026,Tienda Mall,Cerveza,alcohol,2,3500,7000
3116,29-7-2026,Tienda Mall,Mantequilla,Lácteos,1,2500,2500
3116,29/7/2026,Tienda Mall,Pañales,bebé,1,8000,8000
3116,2026/07/29,Tienda Mall,Toallitas húmedas,Bebé,1,2200,2200
3117,2026/06/12,Tienda Mall,Cloro,Limpieza,1,1400,1400
3117,12-6-2026, Tienda Mall ,Croissant,Panadería,2,900,1800
3117,12-06-2026,  Tienda Mall, Mantequilla ,Lácteos,1,2500,2500
3117,2026-06-12,Tienda Mall,Pan hallulla,Panadería,1,1500,1500
3117,2026-06-12,Tienda Mall,Pan molde,panadería,2,1800,3600
3118,2026-07-18,Tienda Norte,  Agua mineral,Bebidas,1,900,900
3118,18-07-2026,Tienda Norte, Toallitas húmedas ,bebé,1,2200,2200
3119,2026-06-01,Tienda Norte,Cloro,Limpieza,2,1400,2800
3120,2026-07-25,Tienda Norte  ,Jugo naranja,Bebidas,1,1600,1600
3120,25-7-2026,Tienda Norte,Queso  ,Lácteos,1,4500,4500
3120,2026/07/25,Tienda Norte,Té,Café/Té,1,2500,2500
3121,16/8/2026,  Tienda Mall,Cloro,Limpieza,3,1400,4200
3121,16-8-2026,Tienda Mall,Queso  ,Lácteos,1,4500,4500
3122,23-06-2026,Tienda Sur,Café,Café/Té,3,4000,12000
3122,2026/06/23,Tienda Sur,Cloro,Limpieza,1,1400,1400
3123,12-7-2026,Tienda Sur,Croissant,PANADERÍA,1,900,900
3123,2026-07-12,Tienda Sur,Mantequilla,Lácteos,1,2500,2500
3123,12-07-2026,Tienda Sur,Maní,Snacks,3,1200,3600
3123,2026-07-12,Tienda Sur,Toallitas húmedas,Bebé,1,2200,2200
3124,2026-06-07,Tienda Centro,Croissant,Panadería,,900,900
3124,2026/06/07,Tienda Centro,Té,Café/Té,1,2500,2500
3125,21/7/2026,Tienda Mall  ,Detergente  ,Limpieza,2,5500,11000
3126,2026-06-09,Tienda Norte,Esponjas,LIMPIEZA,1,1200,1200
3126,2026/06/09,Tienda Norte,Leche  ,Lácteos,1,1200,1200
3127,14-7-2026,Tienda Norte,Detergente,Limpieza,1,5500,5500
3127,2026/07/14,Tienda Norte,Toallitas húmedas,Bebé,1,2200,2200
3128,2026-06-21,Tienda Norte,Cloro,Limpieza,1,1400,1400
3128,2026/06/21,Tienda Norte,Pañales,Bebé,1,8000,8000
3128,21-06-2026,Tienda Norte, Toallitas húmedas ,Bebé,1,2200,2200
3129,28/7/2026,Tienda Norte,Detergente,limpieza,2,5500,11.000
3129,2026/07/28,Tienda Norte,  Esponjas,limpieza,1,1200,1200
3129,28-07-2026,Tienda Norte,Galletas,Snacks,1,1000,1000
3129,2026-07-28, Tienda Norte ,Papas fritas  ,Snacks,1,1800,1800
3130,2026-08-08,Tienda Sur,Cerveza,Alcohol,1,3500,3500
3130,2026-08-08,  Tienda Sur,  Maní,Snacks,1,1200,1200
3130,08-08-2026,Tienda Sur,Papas fritas,Snacks,2,1800,3600
3130,08-08-2026,Tienda Sur,Toallitas húmedas,Bebé,1,2200,2200
3130,08-08-2026,Tienda Sur,Yogurt,Lácteos,3,800,2400
3131,2026-08-09,Tienda Mall, Azúcar ,CAFÉ/TÉ,3,1300,3900
3131,2026-08-09, Tienda Mall ,  Maní,Snacks,1,1200,1200
3131,2026-08-09,Tienda Mall,Té  ,CAFÉ/TÉ,1,2500,2500
3132,18-6-2026,Tienda Norte,Agua mineral,bebidas,1,900,900
3133,2026/07/26,Tienda Centro,  Café,Café/Té,1,4000,4000
3133,2026/07/26,Tienda Centro,Croissant,Panadería,1,900,900
3134,2026-08-17, Tienda Centro , Esponjas ,Limpieza,2,1200,2400
3134,2026/08/17,Tienda Centro,Papas fritas,Snacks,1,1800,1800
3134,17-08-2026,Tienda Centro,Yogurt,Lácteos,3,800,2400
3135,2026-05-27,  Tienda Norte,Esponjas,Limpieza,3,1200,3600
3135,2026-05-27,Tienda Norte  ,Leche,Lácteos,3,1200,3600
3135,2026-05-27,Tienda Norte,Mantequilla,Lácteos,1,2500,2500
3135,27-05-2026,Tienda Norte  ,Pañales,bebé,1,8000,8000
3135,27/5/2026,Tienda Norte,Toallitas húmedas,Bebé,1,2200,2200
3136,2026/07/10,  Tienda Mall,Cerveza,ALCOHOL,2,3500,7000
3136,10-07-2026,Tienda Mall,Mantequilla,Lácteos,1,2500,2500
3136,2026-07-10,Tienda Mall,Maní  ,Snacks,1,1200,1200
3136,2026-07-10,Tienda Mall,Papas fritas,Snacks,1,1800,1800
3136,2026/07/10,Tienda Mall,Queso,Lácteos,1,4500,4500
3137,2026-07-22,Tienda Mall,Galletas,Snacks,1,1000,1000
3137,2026-07-22,Tienda Mall,Pañales,Bebé,1,8000,8000
3137,2026-07-22,Tienda Mall,Queso,lácteos,2,4500,9000
3137,2026/07/22,Tienda Mall, Toallitas húmedas ,Bebé,1,2200,2200
3138,2026-08-11,Tienda Norte,Agua mineral,Bebidas,1,900,900
3138,11-8-2026,Tienda Norte,Galletas,Snacks,1,1000,1000
3139,21-07-2026,Tienda Norte,Esponjas,LIMPIEZA,1,1200,1200
3139,2026-07-21,  Tienda Norte, Galletas ,Snacks,3,1000,3000
3139,2026-07-21,Tienda Norte,Mantequilla  ,Lácteos,1,2500,2500
3139,2026-07-21,Tienda Norte, Pan molde ,PANADERÍA,1,1800,1800
3139,2026/07/21,Tienda Norte,Queso,lácteos,1,4500,4500
3140,6/7/2026,Tienda Sur,Pan molde,Panadería,1,1800,1800
3140,06-07-2026,Tienda Sur,Queso,Lácteos,3,4500,13500
3140,2026-07-06, Tienda Sur ,Yogurt,Lácteos,1,800,800
3141,2026-07-25,  Tienda Norte,Cloro,limpieza,1,1400,1400
3141,25-07-2026,Tienda Norte,Detergente,Limpieza,1,5500,5500
3141,25-7-2026,Tienda Norte,  Yogurt,Lácteos,3,800,2400
3142,11/6/2026,Tienda Centro,Café,Café/Té,1,4000,4000
3143,2026/06/11,Tienda Mall,Maní,Snacks,1,1200,1200
3143,2026-06-11,Tienda Mall,Vino tinto,ALCOHOL,1,5000,5000
3144,13-06-2026,Tienda Centro  ,Croissant,Panadería,,900,900
3144,2026-06-13,Tienda Centro,Pan molde,Panadería,1,1800,1800
3145,20-7-2026,Tienda Sur,Cloro,Limpieza,2,1400,2800
3145,2026-07-20,Tienda Sur,Croissant,Panadería,1,900,900
3145,2026-07-20,Tienda Sur,  Maní,Snacks,1,1200,1200
3146,2026-06-16,Tienda Mall  , Toallitas húmedas ,Bebé,2,2200,4400
3146,2026-06-16,Tienda Mall,Yogurt,Lácteos,1,800,800
3147,02-07-2026,Tienda Centro,Croissant,Panadería,1,900,900
3147,2026-07-02,Tienda Centro,Mantequilla,Lácteos,,2500,2500
3147,2/7/2026,  Tienda Centro, Pan molde ,Panadería,1,1800,1800
3147,2026-07-02,Tienda Centro,Queso,Lácteos,1,4500,4500
3147,2026/07/02,Tienda Centro,  Vino tinto,Alcohol,1,5000,5000
3148,17-8-2026,Tienda Centro,  Maní,Snacks,1,1200,1200
3149,2026-07-17,Tienda Norte,Cerveza,alcohol,1,3500,3500
3149,2026-07-17,Tienda Norte,Papas fritas,SNACKS,1,1800,1800
3150,2026-06-14,Tienda Sur,Agua mineral,Bebidas,1,900,900
3150,2026-06-14,  Tienda Sur,Detergente  ,Limpieza,1,5500,5500
3150,14/6/2026,Tienda Sur  ,  Esponjas,Limpieza,1,1200,1200
3150,2026-06-14,Tienda Sur,Queso,lácteos,1,4500,4500
3151,31-7-2026,Tienda Centro,Esponjas  ,LIMPIEZA,1,1200,1200
3151,31/7/2026,  Tienda Centro,  Leche,Lácteos,1,1200,1200
3151,2026-07-31,Tienda Centro,Maní,Snacks,2,1200,2400
3152,14/7/2026,Tienda Mall  ,Azúcar,Café/Té,1,1300,1300
3152,2026-07-14,Tienda Mall,Café,Café/Té,1,4000,4000
3152,2026-07-14, Tienda Mall ,Cloro,Limpieza,2,1400,2800
3152,14-7-2026,Tienda Mall, Galletas ,Snacks,1,1000,1000
3152,14-07-2026,Tienda Mall, Jugo naranja ,Bebidas,1,1600,1600
3153,2026-06-02,Tienda Mall,Galletas,Snacks,1,1000,1000
3153,2026-06-02,Tienda Mall,Pañales  ,Bebé,2,8000,16.000
3153,2-6-2026,  Tienda Mall,Toallitas húmedas,Bebé,1,2200,2200
3154,2026-05-24,Tienda Centro,Detergente,limpieza,1,5500,5500
3154,2026/05/24,Tienda Centro,  Esponjas,Limpieza,1,1200,1200
3154,24-05-2026,Tienda Centro,Leche,Lácteos,1,1200,1200
3155,2026-07-26,Tienda Centro,Jugo naranja,Bebidas,1,1600,1600
3155,26-7-2026,Tienda Centro,Leche,lácteos,1,1200,1200
3156,2026/05/23,Tienda Mall,  Esponjas,Limpieza,2,1200,2400
3156,2026-05-23,Tienda Mall,Leche  ,Lácteos,2,1200,2400
3156,23-05-2026,Tienda Mall,  Maní,Snacks,1,1200,1200
3157,10-06-2026,Tienda Sur,  Bebida cola,BEBIDAS,1,1500,1500
3157,10-6-2026,Tienda Sur,Esponjas,Limpieza,2,1200,2400
3158,2026-07-30,Tienda Centro,Azúcar,café/té,3,1300,3900
3158,2026-07-30,Tienda Centro,Queso,Lácteos,1,4500,4500
3159,2026-08-10,Tienda Sur  ,Agua mineral,Bebidas,1,900,900
3159,2026-08-10,Tienda Sur,Pan hallulla,Panadería,3,1500,4500
3160,2026-06-12,Tienda Sur,Cloro  ,limpieza,1,1400,1400
3160,2026-06-12,Tienda Sur,Queso,Lácteos,2,4500,9000
3160,2026-06-12, Tienda Sur ,Toallitas húmedas,bebé,1,2200,2200
3161,2026-07-02, Tienda Norte ,Azúcar,Café/Té,1,1300,1300
3161,02-07-2026,Tienda Norte  ,Cerveza,Alcohol,1,3500,3500
3161,2026-07-02, Tienda Norte ,Cloro,LIMPIEZA,1,1400,1400
3161,2/7/2026,Tienda Norte,Maní,Snacks,1,1200,1200
3161,2026-07-02,Tienda Norte  ,Papas fritas,Snacks,3,1800,5400
3161,2026-07-02,Tienda Norte,Té,Café/Té,1,2500,2500
3162,2026-08-04,Tienda Centro,Agua mineral,BEBIDAS,1,900,900
3162,4/8/2026,Tienda Centro,Azúcar,Café/Té,1,1300,1300
3162,2026-08-04,Tienda Centro,Pan molde,Panadería,1,1800,1800
3162,2026-08-04,Tienda Centro,Vino tinto,Alcohol,1,5000,5000
3163,2026-06-29,  Tienda Norte,Bebida cola,Bebidas,2,1500,3000
3164,17-8-2026,Tienda Sur  ,Queso  ,Lácteos,2,4500,9000
3164,2026-08-17,Tienda Sur,Toallitas húmedas,bebé,1,2200,2200
3164,2026-08-17,Tienda Sur, Vino tinto ,Alcohol,1,5000,5000
3164,2026/08/17,Tienda Sur,Yogurt,lácteos,1,800,800
3165,23/7/2026,Tienda Centro,Queso,Lácteos,2,4500,9000
3166,2026-08-04,Tienda Norte,Jugo naranja,Bebidas,2,1600,3200
3167,2026-07-19,Tienda Mall, Agua mineral ,Bebidas,1,900,900
3167,2026-07-19,Tienda Mall,Cerveza,alcohol,1,3500,3500
3167,19-07-2026,Tienda Mall,Cloro,LIMPIEZA,2,1400,2800
3167,19/7/2026,Tienda Mall,Galletas,Snacks,1,1000,1000
3167,2026-07-19,Tienda Mall,Papas fritas,Snacks,1,1800,1800
3168,2026/07/19,Tienda Centro,  Cloro,Limpieza,1,1400,1400
3168,19/7/2026, Tienda Centro ,Leche,lácteos,1,1200,1200
3168,2026-07-19,Tienda Centro,Vino tinto  ,Alcohol,1,5000,5000
3169,2026-07-08,Tienda Mall,Azúcar,café/té,1,1300,1300
3169,08-07-2026,Tienda Mall,Té,Café/Té,1,2500,2500
3170,30-5-2026,Tienda Norte,  Cerveza,Alcohol,,3500,3500
3170,30-05-2026,Tienda Norte, Detergente ,Limpieza,1,5500,5500
3170,2026-05-30, Tienda Norte ,Pañales,BEBÉ,1,8000,8000
3170,30/5/2026,Tienda Norte,Té,CAFÉ/TÉ,1,2500,2500
3171,2-8-2026,  Tienda Mall,Mantequilla,Lácteos,1,2500,2500
3171,02-08-2026,  Tienda Mall,Toallitas húmedas,Bebé,1,2200,2200
3172,2026-07-02,Tienda Mall,Azúcar,café/té,1,1300,1300
3172,2026-07-02,Tienda Mall,Bebida cola,Bebidas,1,1500,1500
3172,2-7-2026,  Tienda Mall,  Cloro,LIMPIEZA,2,1400,2800
3172,2026-07-02,Tienda Mall,  Queso,Lácteos,1,4500,4500
3172,2/7/2026,Tienda Mall,Té,Café/Té,2,2500,5000
3173,2026-07-31,Tienda Mall, Azúcar ,Café/Té,2,1300,2600
3173,2026-07-31,Tienda Mall,Leche,LÁCTEOS,1,1200,1200
3174,20-06-2026,Tienda Mall,Bebida cola,Bebidas,1,1500,1500
3174,2026-06-20, Tienda Mall ,Pan hallulla,Panadería,1,1500,1500
3174,2026-06-20,Tienda Mall,Papas fritas,Snacks,1,1800,1800
3175,2026-08-07,  Tienda Sur, Cerveza ,Alcohol,2,3500,7000
3175,7/8/2026,Tienda Sur,Cloro,Limpieza,1,1400,1400
3175,7/8/2026,Tienda Sur,Galletas,Snacks,1,1000,1000
3176,2026-05-26,Tienda Mall,Maní,SNACKS,1,1200,1200
3176,2026-05-26,Tienda Mall,Yogurt,lácteos,1,800,800
3177,03-07-2026,Tienda Sur,Galletas,Snacks,1,1000,1000
3177,03-07-2026, Tienda Sur ,Jugo naranja,BEBIDAS,1,1600,1600
3177,2026-07-03,Tienda Sur,Vino tinto,Alcohol,3,5000,15000
3178,2026-06-23, Tienda Norte , Azúcar ,café/té,1,1300,1300
3178,2026-06-23,Tienda Norte  ,Detergente,limpieza,2,5500,11000
3178,2026-06-23,Tienda Norte,Esponjas,Limpieza,1,1200,1200
3178,2026-06-23,Tienda Norte,Té,Café/Té,1,2500,2500
3179,2026-08-06,Tienda Mall  ,  Cerveza,Alcohol,1,3500,3500
3179,6/8/2026,Tienda Mall,Galletas,SNACKS,1,1000,1000
3179,2026/08/06,Tienda Mall,Maní,Snacks,1,1200,1200
3179,2026-08-06,Tienda Mall,Papas fritas,snacks,2,1800,3600
3180,30-05-2026,Tienda Mall,Jugo naranja,BEBIDAS,,1600,4800
3180,30/5/2026,Tienda Mall  ,Queso,Lácteos,1,4500,4500
3181,22-7-2026, Tienda Norte ,Galletas,Snacks,1,1000,1000
3182,2026-06-02,Tienda Mall,Leche,Lácteos,2,1200,2400
3182,2026-06-02, Tienda Mall ,Papas fritas,Snacks,1,1800,1800
3183,14/6/2026,Tienda Sur, Azúcar ,café/té,1,1300,1300
3183,2026-06-14,Tienda Sur,Café,CAFÉ/TÉ,1,4000,4000
3183,2026-06-14,  Tienda Sur,Detergente  ,Limpieza,2,5500,11.000
3183,14-6-2026,Tienda Sur, Esponjas ,limpieza,1,1200,1200
3183,2026-06-14,Tienda Sur,Mantequilla,Lácteos,1,2500,2500
3183,14-06-2026,Tienda Sur,Pan molde,panadería,1,1800,1800
3183,2026-06-14,Tienda Sur,Queso,lácteos,3,4500,13.500
3184,2026-07-02,Tienda Centro,Bebida cola,Bebidas,1,1500,1500
3184,02-07-2026,Tienda Centro,  Croissant,Panadería,1,900,900
3184,2-7-2026,Tienda Centro,Mantequilla,Lácteos,1,2500,2500
3185,2026-07-18,Tienda Norte,  Cloro,Limpieza,1,1400,1400
3185,2026-07-18,Tienda Norte,Esponjas,Limpieza,,1200,1200
3186,2026-08-08,Tienda Mall,  Toallitas húmedas,Bebé,1,2200,2200
3187,2026-06-14,Tienda Norte,Agua mineral,Bebidas,1,900,900
3187,14-6-2026,  Tienda Norte,Azúcar,Café/Té,1,1300,1300
3187,14-06-2026,Tienda Norte,Bebida cola  ,Bebidas,1,1500,1500
3187,2026/06/14,Tienda Norte,Café  ,Café/Té,1,4000,4000
3187,14-06-2026,Tienda Norte,Croissant,Panadería,1,900,900
3187,14-06-2026,Tienda Norte, Papas fritas ,Snacks,3,1800,5400
3188,2026-05-26,Tienda Norte,  Maní,SNACKS,1,1200,1200
3189,22-06-2026,Tienda Centro  ,Jugo naranja,Bebidas,1,1600,1600
3190,2026-07-06,Tienda Sur,Leche,Lácteos,1,1200,1200
3190,2026-07-06,Tienda Sur,Papas fritas,Snacks,1,1800,1800
3190,06-07-2026,Tienda Sur,Yogurt,LÁCTEOS,3,800,2400
3191,2026/08/05,Tienda Centro, Azúcar ,Café/Té,2,1300,2600
3191,2026-08-05,Tienda Centro,Café,Café/Té,1,4000,4000
3191,2026-08-05,Tienda Centro,Cloro,Limpieza,1,1400,1400
3191,2026-08-05,Tienda Centro,Mantequilla,Lácteos,3,2500,7500
3191,2026-08-05,Tienda Centro,Pan molde,panadería,1,1800,1800
3191,2026-08-05,Tienda Centro,Queso,Lácteos,1,4500,4500
3192,2026/08/09,Tienda Centro  ,Jugo naranja,Bebidas,1,1600,1600
3192,09-08-2026,Tienda Centro,Maní,Snacks,1,1200,1200
3193,2026-08-14,Tienda Centro,Cerveza,ALCOHOL,2,3500,7000
3193,2026-08-14,  Tienda Centro,Mantequilla  ,Lácteos,1,2500,2500
3193,2026-08-14,Tienda Centro,Pan hallulla,Panadería,2,1500,3000
3193,2026-08-14,  Tienda Centro,Papas fritas,Snacks,1,1800,1800
3193,2026-08-14,  Tienda Centro,Pañales  ,BEBÉ,1,8000,8000
3193,2026-08-14,Tienda Centro,Queso,LÁCTEOS,1,4500,4500
3193,2026-08-14,Tienda Centro,  Toallitas húmedas,bebé,3,2200,6600
3193,2026-08-14,Tienda Centro,Vino tinto,Alcohol,1,5000,5000
3194,2026-08-05,Tienda Centro,Mantequilla,Lácteos,2,2500,5000
3194,5-8-2026,  Tienda Centro, Maní ,Snacks,1,1200,1200
3194,5-8-2026,Tienda Centro  ,Pan hallulla,Panadería,1,1500,1500
3194,05-08-2026,Tienda Centro,Queso,Lácteos,2,4500,9000
3195,2026-06-08,Tienda Mall, Pan molde ,Panadería,,1800,5400
3195,2026-06-08,Tienda Mall, Pañales ,Bebé,1,8000,8000
3195,08-06-2026,Tienda Mall,Queso,Lácteos,1,4500,4500
3195,2026-06-08,Tienda Mall,Toallitas húmedas,Bebé,1,2200,2200
3195,8/6/2026,  Tienda Mall,Yogurt  ,Lácteos,1,800,800
3196,2026-07-15,Tienda Mall  ,Croissant,Panadería,3,900,2700
3197,15-08-2026,Tienda Centro,Mantequilla,Lácteos,1,2500,2500
3197,2026-08-15,Tienda Centro,Pan hallulla  ,Panadería,1,1500,1500
3198,18-07-2026, Tienda Mall ,Leche,Lácteos,1,1200,1200
3198,2026-07-18, Tienda Mall ,Yogurt,Lácteos,2,800,1600
3199,2026/07/30,Tienda Norte,Bebida cola,Bebidas,1,1500,1500
3199,2026-07-30,Tienda Norte,Cloro,Limpieza,1,1400,1400
3199,30-7-2026,Tienda Norte,Papas fritas,Snacks,1,1800,1800
3199,30/7/2026,Tienda Norte,Pañales,Bebé,1,8000,8000
3200,08-06-2026,Tienda Centro, Cerveza ,Alcohol,1,3500,3500
3200,2026-06-08,Tienda Centro,Papas fritas  ,Snacks,2,1800,3600
3201,2026-05-26, Tienda Centro ,Bebida cola  ,Bebidas,1,1500,1500
3201,2026-05-26,  Tienda Centro,  Mantequilla,Lácteos,1,2500,2500
3201,26/5/2026,Tienda Centro,Té  ,Café/Té,1,2500,2500
3202,2026-06-26,Tienda Sur,Azúcar,Café/Té,2,1300,2600
3202,2026-06-26,Tienda Sur  , Galletas ,SNACKS,2,1000,2000
3203,2026-06-08,Tienda Centro,Mantequilla,lácteos,1,2500,2500
3203,2026-06-08,Tienda Centro  ,  Yogurt,lácteos,1,800,800
3204,2026-08-17,Tienda Centro,Azúcar,CAFÉ/TÉ,1,1300,1300
3204,2026-08-17, Tienda Centro ,Maní,Snacks,1,1200,1200
3204,17/8/2026,  Tienda Centro,  Pañales,bebé,1,8000,8000
3204,2026-08-17,Tienda Centro,  Toallitas húmedas,Bebé,1,2200,2200
3204,2026-08-17,Tienda Centro,Yogurt,Lácteos,2,800,1600
3205,2026-06-24,Tienda Mall,Maní,Snacks,1,1200,1200
3205,2026-06-24,Tienda Mall,Pañales,BEBÉ,2,8000,16.000
3206,2026/06/23,  Tienda Mall,  Cloro,Limpieza,1,1400,1400
3206,2026-06-23,Tienda Mall,Detergente,limpieza,1,5500,5500
3207,17/6/2026,Tienda Mall,Agua mineral,Bebidas,1,900,900
3207,2026/06/17,Tienda Mall,Esponjas,Limpieza,,1200,1200
3208,2026-07-28,  Tienda Sur,Pan molde,Panadería,1,1800,1800
3209,2026-06-30,Tienda Mall,  Mantequilla,Lácteos,1,2500,2500
3209,2026-06-30,Tienda Mall,Maní,snacks,1,1200,1200
3209,30/6/2026,Tienda Mall,  Pan hallulla,Panadería,3,1500,4500
3210,9-6-2026,Tienda Sur,Azúcar,Café/Té,1,1300,1300
3210,09-06-2026,Tienda Sur, Té ,Café/Té,1,2500,2500
3211,2026/06/08,Tienda Mall,Croissant,Panadería,,900,900
3211,2026-06-08,Tienda Mall,  Detergente,limpieza,1,5500,5500
3211,2026-06-08,Tienda Mall,Esponjas,Limpieza,1,1200,1200
3212,2026-07-23,Tienda Centro,Cerveza,ALCOHOL,1,3500,3500
3212,23-07-2026,Tienda Centro,Mantequilla,Lácteos,1,2500,2500
3212,23-07-2026,Tienda Centro,Maní,SNACKS,3,1200,3600
3212,2026-07-23,  Tienda Centro,Pan hallulla,PANADERÍA,1,1500,1500
3212,23-07-2026,Tienda Centro,Papas fritas,Snacks,1,1800,1800
3213,2026/07/20,Tienda Sur,Galletas,Snacks,2,1000,2000
3213,2026-07-20,Tienda Sur,Mantequilla,Lácteos,2,2500,5000
3213,20-07-2026,Tienda Sur,Pañales,Bebé,3,8000,24000
3213,2026-07-20, Tienda Sur ,Toallitas húmedas,Bebé,,2200,2200
3214,16/8/2026,  Tienda Sur,Cloro,Limpieza,1,1400,1400
3214,2026-08-16, Tienda Sur ,  Vino tinto,Alcohol,1,5000,5000
3215,23-05-2026, Tienda Centro , Croissant ,Panadería,1,900,900
3215,2026/05/23,  Tienda Centro,Toallitas húmedas,Bebé,1,2200,2200
3216,2026/05/23,Tienda Mall,Esponjas,LIMPIEZA,1,1200,1200
3217,2026-05-21,Tienda Mall,Leche,lácteos,1,1200,1200
3217,2026-05-21,Tienda Mall,Queso,Lácteos,1,4500,4500
3217,2026-05-21,Tienda Mall,  Vino tinto,alcohol,2,5000,10000
3218,2026-05-28,Tienda Mall,Bebida cola,Bebidas,2,1500,3000
3218,28-5-2026, Tienda Mall , Jugo naranja ,Bebidas,1,1600,1600
3218,2026-05-28,Tienda Mall,Mantequilla  ,Lácteos,1,2500,2500
3218,28-05-2026,Tienda Mall,Pan hallulla,Panadería,1,1500,1500
3219,27-6-2026,Tienda Mall  ,Mantequilla,lácteos,1,2500,2500
3219,2026-06-27,Tienda Mall,Pan hallulla,Panadería,2,1500,3000
3219,27/6/2026,Tienda Mall  ,Queso,Lácteos,3,4500,13.500
3220,2026-05-27,Tienda Mall, Leche ,Lácteos,1,1200,1200
3221,2026/07/06,Tienda Centro,Mantequilla,Lácteos,1,2500,2500
3221,2026-07-06,Tienda Centro,Pan hallulla,Panadería,2,1500,3000
3221,2026-07-06,Tienda Centro,Pan molde,Panadería,1,1800,1800
3221,2026-07-06,Tienda Centro,Queso,LÁCTEOS,1,4500,4500
3221,6/7/2026,Tienda Centro,Vino tinto,alcohol,1,5000,5000
3222,2026-08-15,Tienda Norte,Azúcar  ,Café/Té,1,1300,1300
3222,2026-08-15,Tienda Norte,Café,Café/Té,1,4000,4000
3222,15/8/2026,Tienda Norte  ,Toallitas húmedas,Bebé,2,2200,4400
3222,2026/08/15,Tienda Norte,Vino tinto,Alcohol,1,5000,5000
3223,2026-06-19,Tienda Mall,Galletas,Snacks,1,1000,1000
3223,19-06-2026, Tienda Mall ,Jugo naranja,Bebidas,2,1600,3200
3224,2026-07-04,Tienda Norte,Cloro,limpieza,2,1400,2800
3224,4-7-2026,Tienda Norte,Toallitas húmedas,BEBÉ,1,2200,2200
3225,12/8/2026,  Tienda Norte,Croissant,Panadería,1,900,900
3226,04-06-2026,Tienda Sur,Galletas,Snacks,1,1000,1000
3226,04-06-2026,Tienda Sur,Jugo naranja,Bebidas,2,1600,3200
3226,2026-06-04,Tienda Sur,  Queso,LÁCTEOS,1,4500,4500
3227,2026/07/06,Tienda Centro,Bebida cola,Bebidas,2,1500,3000
3227,2026-07-06,Tienda Centro,Galletas,Snacks,2,1000,2000
3227,6/7/2026, Tienda Centro , Queso ,Lácteos,2,4500,9000
3227,2026/07/06,Tienda Centro,Toallitas húmedas,Bebé,1,2200,2200
3228,2026-08-02,Tienda Mall,Cloro,Limpieza,2,1400,2800
3931,5/6/2026,Tienda Sur,Café,Café/Té,3,4000,12.000
3964,12/6/2026,Tienda Sur,Café,Café/Té,2,4000,8000
3874,30/6/2026,Tienda Mall,Vino tinto,Alcohol,1,5000,5000
3906,27-6-2026,Tienda Norte,Cloro  ,Limpieza,1,1400,1400
4572,2026-07-11,Tienda Sur,Papas fritas,SNACKS,1,1800,1800
4935,13-7-2026,Tienda Centro,Vino tinto,Alcohol,1,5000,5000
4869,2026-08-04,  Tienda Sur,Galletas,Snacks,1,1000,1000
1476,30-06-2026,Tienda Centro,Galletas,Snacks,1,1000,1000
3812,13-8-2026,Tienda Sur, Papas fritas ,snacks,2,1800,3600
1448,1-6-2026,Tienda Centro,Queso,Lácteos,1,4500,4500
457,2026-07-28,Tienda Centro,Cloro,Limpieza,1,1400,1400
3656,2026-07-05,Tienda Sur,Yogurt,Lácteos,1,800,800
2686,2026-06-30,Tienda Mall,Café,Café/Té,1,4000,4000
3477,2026-06-22, Tienda Mall ,Detergente,Limpieza,3,5500,16500
4895,1/6/2026, Tienda Sur ,Pan hallulla,Panadería,1,1500,1500
3228,2026-08-02,  Tienda Mall,  Leche,Lácteos,2,1200,2400
3229,2026/05/21,  Tienda Sur,Croissant,Panadería,1,900,900
3229,2026/05/21,Tienda Sur, Galletas ,snacks,1,1000,1000
3230,6/7/2026,Tienda Sur,Azúcar,CAFÉ/TÉ,1,1300,1300
3230,2026-07-06,  Tienda Sur,Croissant,Panadería,1,900,900
3230,2026/07/06,Tienda Sur  ,Papas fritas,Snacks,1,1800,1800
3230,2026-07-06,Tienda Sur,Té,Café/Té,3,2500,7500
3231,2026/07/03,Tienda Mall, Pan hallulla ,PANADERÍA,1,1500,1500
3232,2026-05-24,Tienda Mall,Agua mineral,BEBIDAS,1,900,900
3232,2026-05-24,Tienda Mall,Vino tinto,Alcohol,3,5000,15000
3233,2026-08-04,  Tienda Centro,Leche,Lácteos,1,1200,1200
3234,2026-05-28,Tienda Sur,  Agua mineral,Bebidas,1,900,900
3234,2026-05-28,Tienda Sur,Azúcar,Café/Té,1,1300,1300
3234,28-5-2026,Tienda Sur,Croissant  ,PANADERÍA,1,900,900
3235,30-7-2026,Tienda Sur,Croissant,Panadería,1,900,900
3235,30-7-2026,Tienda Sur  ,Yogurt,Lácteos,2,800,1600
3236,2026-07-12,Tienda Centro, Pan hallulla ,panadería,1,1500,1500
3236,12-07-2026,Tienda Centro,Queso,Lácteos,1,4500,4500
3237,2026-08-17,Tienda Centro,Cloro,Limpieza,1,1400,1400
3237,2026/08/17,Tienda Centro,Mantequilla,Lácteos,3,2500,7500
3237,2026/08/17,Tienda Centro,Pan hallulla,Panadería,1,1500,1500
3237,17/8/2026,Tienda Centro  ,Queso,Lácteos,3,4500,13500
3238,22-5-2026,  Tienda Sur,Azúcar,Café/Té,2,1300,2600
3238,22-05-2026,Tienda Sur,Jugo naranja,BEBIDAS,1,1600,1600
3238,22/5/2026,Tienda Sur,Yogurt,Lácteos,2,800,1600
3239,21/7/2026,Tienda Centro,Croissant,panadería,1,900,900
3239,2026-07-21,Tienda Centro,Jugo naranja,Bebidas,1,1600,1600
3239,2026-07-21,Tienda Centro,Mantequilla,lácteos,1,2500,2500
3240,2026-07-29,Tienda Sur,Mantequilla,Lácteos,3,2500,7500
3240,29-07-2026,Tienda Sur,Pan molde  ,Panadería,3,1800,5400
3240,29-7-2026,Tienda Sur, Papas fritas ,Snacks,1,1800,1800
3241,30-7-2026,Tienda Sur,Agua mineral  ,Bebidas,1,900,900
3241,2026-07-30,  Tienda Sur,  Croissant,Panadería,1,900,900
3241,30-7-2026,Tienda Sur,Yogurt,lácteos,1,800,800
3242,2026-07-28,Tienda Centro, Mantequilla ,Lácteos,1,2500,2500
3242,2026/07/28,Tienda Centro,Toallitas húmedas,Bebé,1,2200,2200
3242,2026-07-28,Tienda Centro  ,Vino tinto,Alcohol,3,5000,15000
3243,2026/07/14,Tienda Mall,  Azúcar,Café/Té,1,1300,1300
3243,14/7/2026,Tienda Mall,Té,Café/Té,1,2500,2500
3244,2026-07-02,Tienda Sur,Bebida cola,Bebidas,1,1500,1500
3244,2-7-2026,Tienda Sur,Croissant,Panadería,1,900,900
3244,2-7-2026,Tienda Sur,Jugo naranja,bebidas,3,1600,4800
3244,2/7/2026, Tienda Sur ,Papas fritas,Snacks,2,1800,3600
3245,2026-08-03,Tienda Norte,Esponjas,Limpieza,1,1200,1200
3245,03-08-2026,Tienda Norte,Mantequilla,Lácteos,1,2500,2500
3245,2026-08-03, Tienda Norte ,Pan molde,panadería,1,1800,1800
3246,2026-05-29, Tienda Norte ,Bebida cola,Bebidas,2,1500,3000
3246,29-05-2026,Tienda Norte,Papas fritas,Snacks,2,1800,3600
3246,29-05-2026,  Tienda Norte,Té,Café/Té,1,2500,2500
3247,2026-06-27,Tienda Mall,Cloro,Limpieza,3,1400,4200
3247,27-6-2026,Tienda Mall,Maní,Snacks,1,1200,1200
3247,27-06-2026,Tienda Mall, Queso ,Lácteos,1,4500,4500
3247,2026-06-27,Tienda Mall,  Vino tinto,ALCOHOL,1,5000,5000
3248,11-07-2026,  Tienda Norte,Bebida cola,Bebidas,1,1500,1500
3248,2026-07-11,Tienda Norte  ,Esponjas,limpieza,1,1200,1200
3248,2026-07-11,Tienda Norte,Pan hallulla,Panadería,1,1500,1500
3248,2026-07-11,Tienda Norte, Papas fritas ,SNACKS,2,1800,3600
3249,19-06-2026,  Tienda Centro,  Esponjas,Limpieza,1,1200,1200
3249,2026/06/19,Tienda Centro,Mantequilla,Lácteos,1,2500,2500
3250,2026-06-28,Tienda Norte  ,Galletas,Snacks,3,1000,3000
3250,28-06-2026,Tienda Norte,Queso,Lácteos,1,4500,4500
3251,2026-08-12,Tienda Mall,Maní,Snacks,1,1200,1200
3252,10/6/2026,Tienda Sur,Maní,Snacks,1,1200,1200
3252,2026-06-10,Tienda Sur,Queso,Lácteos,2,4500,9000
3252,2026-06-10,  Tienda Sur,Vino tinto,alcohol,1,5000,5000
3253,2026-05-30,Tienda Norte  ,Café,Café/Té,2,4000,8000
3253,2026-05-30,Tienda Norte,Mantequilla,Lácteos,2,2500,5000
3253,30-5-2026,Tienda Norte,  Pan molde,Panadería,1,1800,1800
3253,30-05-2026, Tienda Norte ,Queso,Lácteos,1,4500,4500
3254,28-6-2026,  Tienda Sur,Azúcar,café/té,,1300,2600
3254,2026-06-28,Tienda Sur,Cerveza,alcohol,1,3500,3500
3254,2026-06-28,Tienda Sur,Maní,snacks,3,1200,3600
3254,2026-06-28,Tienda Sur,Papas fritas  ,Snacks,1,1800,1800
3254,28-06-2026,Tienda Sur, Té ,Café/Té,2,2500,5000
3255,16/8/2026,Tienda Norte,Croissant,panadería,2,900,1800
3255,2026-08-16,Tienda Norte,Yogurt  ,Lácteos,1,800,800
3256,2026/07/29,Tienda Mall,Cerveza,Alcohol,1,3500,3500
3256,2026-07-29,Tienda Mall,Pan hallulla,Panadería,2,1500,3000
3256,29-7-2026,Tienda Mall, Papas fritas ,Snacks,1,1800,1800
3257,24-07-2026,Tienda Norte,Azúcar  ,Café/Té,1,1300,1300
3257,2026-07-24,Tienda Norte,Galletas,SNACKS,1,1000,1000
3257,24-7-2026,  Tienda Norte,Jugo naranja,bebidas,1,1600,1600
3257,2026-07-24,Tienda Norte,Mantequilla,lácteos,2,2500,5000
3257,2026-07-24,Tienda Norte,Pan hallulla  ,Panadería,1,1500,1500
3257,24-7-2026,Tienda Norte,Queso,Lácteos,2,4500,9000
3258,2026-07-18,Tienda Centro,Mantequilla,Lácteos,1,2500,2500
3258,18-7-2026,  Tienda Centro, Pan molde ,Panadería,1,1800,1800
3258,2026-07-18, Tienda Centro ,Queso,Lácteos,1,4500,4500
3258,18-7-2026,Tienda Centro,  Yogurt,lácteos,2,800,1600
3259,2026/07/21,Tienda Mall,Azúcar,café/té,2,1300,2600
3260,3/7/2026,Tienda Norte,Galletas,Snacks,3,1000,3000
3260,2026/07/03,Tienda Norte,Té,café/té,2,2500,5000
3261,2026-06-09,  Tienda Centro,Azúcar,Café/Té,1,1300,1300
3261,2026/06/09,Tienda Centro,  Café,Café/Té,1,4000,4000
3261,2026-06-09, Tienda Centro , Galletas ,snacks,2,1000,2000
3262,2026-07-12,Tienda Norte,Agua mineral,Bebidas,3,900,2700
3262,2026-07-12,Tienda Norte,  Bebida cola,Bebidas,1,1500,1500
3262,2026-07-12,  Tienda Norte,Detergente,Limpieza,1,5500,5500
3263,2026-06-21,Tienda Sur,Cloro  ,LIMPIEZA,2,1400,2800
3263,2026/06/21,Tienda Sur,Detergente,limpieza,1,5500,5500
3263,21/6/2026,Tienda Sur,Queso,LÁCTEOS,2,4500,9000
3263,21/6/2026,Tienda Sur,Yogurt,lácteos,1,800,800
3264,2026-06-22,Tienda Sur,Queso,LÁCTEOS,1,4500,4500
3264,22-06-2026,Tienda Sur,  Té,Café/Té,1,2500,2500
3264,2026-06-22,Tienda Sur,  Vino tinto,alcohol,1,5000,5000
3265,2026-08-10,Tienda Norte,Vino tinto,Alcohol,2,5000,10000
3266,2026/05/23,  Tienda Sur,Agua mineral,Bebidas,2,900,1800
3266,2026-05-23,Tienda Sur,Mantequilla,lácteos,1,2500,2500
3266,2026/05/23,Tienda Sur,Pan hallulla,Panadería,,1500,3000
3267,2026-08-18,Tienda Norte  ,Detergente,Limpieza,3,5500,16500
3267,18-08-2026,Tienda Norte,Galletas  ,Snacks,1,1000,1000
3267,2026-08-18,Tienda Norte,Jugo naranja,Bebidas,1,1600,1600
3267,2026-08-18,Tienda Norte,Mantequilla,lácteos,1,2500,2500
3267,2026-08-18,Tienda Norte,Pan hallulla,Panadería,2,1500,3000
3268,2026-07-11,Tienda Mall,  Cerveza,ALCOHOL,3,3500,10500
3268,2026-07-11,Tienda Mall,Maní  ,snacks,1,1200,1200
3268,2026-07-11,Tienda Mall,Papas fritas,Snacks,1,1800,1800
3269,2026-06-23,Tienda Mall,Bebida cola,Bebidas,1,1500,1500
3269,2026-06-23,Tienda Mall,Papas fritas,Snacks,2,1800,3600
3269,23-06-2026,  Tienda Mall, Queso ,Lácteos,3,4500,13.500
3270,2026-06-10,Tienda Sur,Cerveza,Alcohol,1,3500,3500
3270,10-06-2026,Tienda Sur  ,Maní,SNACKS,2,1200,2400
3270,2026-06-10,Tienda Sur, Vino tinto ,Alcohol,2,5000,10000
3271,20/6/2026,Tienda Sur,Agua mineral,Bebidas,1,900,900
3271,2026-06-20, Tienda Sur ,Cerveza,Alcohol,1,3500,3500
3271,2026-06-20,Tienda Sur,Cloro,Limpieza,1,1400,1400
3271,20-6-2026,Tienda Sur, Pañales ,BEBÉ,1,8000,8000
3271,20-06-2026, Tienda Sur ,Toallitas húmedas,Bebé,1,2200,2200
3271,2026-06-20,  Tienda Sur,  Yogurt,Lácteos,3,800,2400
3272,2026-05-27,Tienda Norte,Azúcar,café/té,1,1300,1300
3272,27-5-2026,Tienda Norte,Bebida cola,Bebidas,2,1500,3000
3272,27/5/2026,Tienda Norte,Pañales,Bebé,1,8000,8000
3272,2026/05/27,Tienda Norte,Toallitas húmedas,Bebé,1,2200,2200
3272,27/5/2026,Tienda Norte,  Té,café/té,1,2500,2500
3273,2026-07-30,Tienda Centro  ,  Azúcar,Café/Té,1,1300,1300
3273,2026-07-30,Tienda Centro,Croissant,Panadería,1,900,900
3274,2026-06-04, Tienda Sur ,Agua mineral,bebidas,2,900,1800
3274,04-06-2026,Tienda Sur,Galletas,snacks,1,1000,1000
3274,2026/06/04,Tienda Sur,Queso,Lácteos,1,4500,4500
3275,2026-05-23, Tienda Norte ,Azúcar,Café/Té,3,1300,3900
3275,2026-05-23,Tienda Norte,  Café,Café/Té,3,4000,12000
3275,23/5/2026,Tienda Norte,Galletas,Snacks,1,1000,1000
3275,23-05-2026,Tienda Norte  ,Yogurt,Lácteos,1,800,800
3276,2026-08-08,  Tienda Sur,Cloro,limpieza,1,1400,1400
3276,08-08-2026,Tienda Sur,Pañales  ,Bebé,1,8000,8000
3277,2026/08/07,Tienda Sur,Bebida cola,Bebidas,2,1500,3000
3277,07-08-2026,Tienda Sur,Cerveza,alcohol,2,3500,7000
3277,07-08-2026,Tienda Sur,Detergente,Limpieza,2,5500,11.000
3277,2026/08/07,Tienda Sur,Maní,Snacks,1,1200,1200
3277,2026/08/07,Tienda Sur,Pan molde,Panadería,1,1800,1800
3277,2026-08-07,Tienda Sur,Papas fritas,SNACKS,,1800,5400
3278,2026-08-17,Tienda Sur,Cloro,LIMPIEZA,2,1400,2800
3279,2026-06-08,Tienda Centro,Cloro,Limpieza,1,1400,1400
3279,2026-06-08,  Tienda Centro, Detergente ,Limpieza,1,5500,5500
3279,2026-06-08,Tienda Centro,Té,Café/Té,1,2500,2500
3279,2026-06-08,Tienda Centro,Yogurt  ,Lácteos,1,800,800
3280,28/6/2026,Tienda Sur,Esponjas,limpieza,1,1200,1200
3280,2026-06-28,Tienda Sur,Jugo naranja,BEBIDAS,1,1600,1600
3281,16/6/2026,Tienda Centro,Azúcar,Café/Té,2,1300,2600
3281,2026-06-16,Tienda Centro  ,  Café,Café/Té,1,4000,4000
3281,2026/06/16,Tienda Centro,Cloro,Limpieza,1,1400,1400
3281,2026-06-16,Tienda Centro,Mantequilla,LÁCTEOS,2,2500,5000
3282,30-7-2026,Tienda Norte,Pan hallulla,Panadería,2,1500,3000
3282,2026-07-30,Tienda Norte  ,Queso,Lácteos,1,4500,4500
3283,1-6-2026,  Tienda Norte,Esponjas,Limpieza,2,1200,2400
3283,2026/06/01,Tienda Norte, Jugo naranja ,Bebidas,1,1600,1600
3283,2026/06/01,  Tienda Norte,Mantequilla,lácteos,1,2500,2500
3283,1/6/2026,Tienda Norte,Pan molde  ,PANADERÍA,2,1800,3600
3283,2026-06-01,  Tienda Norte,Queso,Lácteos,1,4500,4500
3284,2026-06-22,  Tienda Centro,Esponjas,Limpieza,1,1200,1200
3285,2026/07/30,Tienda Centro  , Cloro ,Limpieza,1,1400,1400
3285,2026-07-30,Tienda Centro,Yogurt,LÁCTEOS,1,800,800
3286,03-08-2026,Tienda Centro,Café,Café/Té,2,4000,8000
3286,2026/08/03,Tienda Centro,  Galletas,Snacks,1,1000,1000
3286,3-8-2026,Tienda Centro,Jugo naranja,Bebidas,2,1600,3200
3286,2026-08-03,Tienda Centro  ,Toallitas húmedas,Bebé,1,2200,2200
3287,2026/07/12,  Tienda Centro,Toallitas húmedas,Bebé,1,2200,2200
3288,2026-06-04,Tienda Norte,Agua mineral,BEBIDAS,1,900,900
3288,4/6/2026,  Tienda Norte,Bebida cola,bebidas,1,1500,1500
3288,2026-06-04,Tienda Norte,Té,CAFÉ/TÉ,1,2500,2500
3289,2026-07-15,Tienda Norte,Azúcar,café/té,1,1300,1300
3289,15-7-2026,Tienda Norte, Croissant ,Panadería,1,900,900
3289,2026-07-15,Tienda Norte,Maní  ,SNACKS,2,1200,2400
3290,04-06-2026,Tienda Centro  ,Yogurt,lácteos,1,800,800
3291,18-08-2026,  Tienda Norte, Bebida cola ,Bebidas,1,1500,1500
3291,2026-08-18,Tienda Norte,Mantequilla,Lácteos,1,2500,2500
3291,2026-08-18,Tienda Norte,Pan hallulla,panadería,3,1500,4500
3291,18/8/2026,Tienda Norte,Papas fritas,Snacks,1,1800,1800
3292,29-07-2026, Tienda Centro ,Cloro,Limpieza,1,1400,1400
3292,2026-07-29,Tienda Centro,Maní,Snacks,1,1200,1200
3293,2026-06-14,Tienda Centro, Cerveza ,alcohol,1,3500,3500
3293,2026-06-14,Tienda Centro,Cloro,limpieza,1,1400,1400
3293,2026-06-14,  Tienda Centro,Leche,Lácteos,1,1200,1200
3293,14-6-2026,Tienda Centro,Pañales,Bebé,1,8000,8000
3294,2026-07-31,Tienda Norte  ,Mantequilla,Lácteos,1,2500,2500
3295,2026-07-15,Tienda Mall,Esponjas,Limpieza,2,1200,2400
3295,15-07-2026,Tienda Mall, Jugo naranja ,Bebidas,3,1600,4800
3296,2026-07-21,  Tienda Centro,Cloro,Limpieza,1,1400,1400
3296,2026-07-21,Tienda Centro,Detergente,Limpieza,1,5500,5500
3297,2026/07/24,Tienda Mall  ,Cerveza,Alcohol,2,3500,7000
3297,24-07-2026,Tienda Mall,Mantequilla,Lácteos,1,2500,2500
3297,24/7/2026,Tienda Mall,  Maní,Snacks,3,1200,3600
3297,24/7/2026,Tienda Mall,Pan molde,Panadería,1,1800,1800
3298,2026-07-07,Tienda Mall,Azúcar,café/té,1,1300,1300
3298,7/7/2026,Tienda Mall,Café,Café/Té,1,4000,4000
3299,2026/05/28,Tienda Mall,  Esponjas,LIMPIEZA,1,1200,1200
3299,2026-05-28,Tienda Mall,Mantequilla,Lácteos,2,2500,5000
3300,2026-07-18,Tienda Norte,  Papas fritas,snacks,1,1800,1800
3300,18-7-2026,Tienda Norte,  Queso,Lácteos,1,4500,4500
3301,2026-06-15,Tienda Mall  ,Cloro  ,Limpieza,2,1400,2800
3301,2026-06-15,Tienda Mall, Croissant ,Panadería,2,900,1800
3301,2026-06-15,Tienda Mall  ,Detergente,Limpieza,3,5500,16500
3301,2026/06/15,  Tienda Mall,Esponjas,Limpieza,3,1200,3600
3301,2026/06/15,Tienda Mall,Té,Café/Té,3,2500,7500
3302,2026-08-02,Tienda Mall,Mantequilla,Lácteos,1,2500,2500
3302,2-8-2026,Tienda Mall,Maní,Snacks,1,1200,1200
3302,2026-08-02,Tienda Mall,Pan hallulla,panadería,1,1500,1500
3302,2026-08-02,Tienda Mall,Queso,Lácteos,2,4500,9000
3303,10/7/2026, Tienda Mall ,Bebida cola,bebidas,1,1500,1500
3303,2026/07/10,Tienda Mall,Esponjas  ,Limpieza,1,1200,1200
3303,2026-07-10,Tienda Mall,Mantequilla,lácteos,1,2500,2500
3304,2026/07/23,Tienda Centro,Cerveza,ALCOHOL,1,3500,3500
3304,23-07-2026,Tienda Centro,Pan molde,panadería,1,1800,1800
3304,23-7-2026,Tienda Centro,Papas fritas,Snacks,1,1800,1800
3304,2026-07-23,Tienda Centro,Té,Café/Té,1,2500,2500
3305,24-05-2026,Tienda Mall,  Azúcar,Café/Té,1,1300,1300
3305,2026-05-24, Tienda Mall ,Café,Café/Té,1,4000,4000
3306,2026-06-14,Tienda Norte,Cerveza  ,Alcohol,1,3500,3500
3306,2026-06-14,Tienda Norte,Toallitas húmedas,Bebé,1,2200,2200
3307,2026-07-01,Tienda Norte,Agua mineral,Bebidas,1,900,900
3307,2026-07-01,Tienda Norte,Azúcar,Café/Té,1,1300,1300
3307,2026-07-01,Tienda Norte,Cerveza,alcohol,1,3500,3500
3307,1-7-2026,Tienda Norte,Papas fritas,Snacks,1,1800,1800
3308,13-7-2026,Tienda Centro  ,Azúcar,Café/Té,2,1300,2600
3308,2026-07-13,Tienda Centro, Bebida cola ,Bebidas,1,1500,1500
3308,2026/07/13,Tienda Centro,Jugo naranja,BEBIDAS,1,1600,1600
3308,13-07-2026,  Tienda Centro,Té,Café/Té,1,2500,2500
3308,13-7-2026,Tienda Centro,Yogurt,Lácteos,1,800,800
3309,10-08-2026,Tienda Norte,Bebida cola,Bebidas,1,1500,1500
3310,2026/08/17, Tienda Norte ,Galletas,Snacks,1,1000,1000
3310,2026-08-17, Tienda Norte ,Vino tinto,Alcohol,2,5000,10000
3311,2026-06-25,Tienda Mall,  Agua mineral,Bebidas,1,900,900
3311,2026-06-25,Tienda Mall,Esponjas,Limpieza,1,1200,1200
3311,2026-06-25,Tienda Mall,Leche,Lácteos,1,1200,1200
3312,2026-05-25, Tienda Mall ,Cerveza,Alcohol,1,3500,3500
3312,25-05-2026,Tienda Mall,Galletas,Snacks,1,1000,1000
3312,2026-05-25,Tienda Mall,Maní,SNACKS,1,1200,1200
3312,2026-05-25,Tienda Mall,Papas fritas,SNACKS,1,1800,1800
3313,28/6/2026,Tienda Centro, Agua mineral ,bebidas,1,900,900
3313,2026-06-28,Tienda Centro,Leche,Lácteos,1,1200,1200
3314,2026-07-16,Tienda Norte,Esponjas,Limpieza,2,1200,2400
3314,2026-07-16,Tienda Norte,Jugo naranja,Bebidas,2,1600,3200
3315,29-5-2026,Tienda Centro,Leche,Lácteos,1,1200,1200
3315,2026-05-29,Tienda Centro  ,Papas fritas,Snacks,1,1800,1800
3316,24-5-2026,Tienda Norte,Azúcar,Café/Té,2,1300,2600
3316,24-05-2026,Tienda Norte,Croissant  ,Panadería,1,900,900
3316,2026/05/24,Tienda Norte,Toallitas húmedas,Bebé,,2200,2200
3316,24-5-2026,Tienda Norte,Té,Café/Té,1,2500,2500
3317,2026/08/09,Tienda Sur,Agua mineral,Bebidas,1,900,900
3317,2026/08/09,Tienda Sur,Queso  ,Lácteos,3,4500,13500
3317,2026-08-09, Tienda Sur ,Vino tinto,alcohol,1,5000,5000
3318,2026-06-22,Tienda Norte, Agua mineral ,BEBIDAS,2,900,1800
3318,2026-06-22, Tienda Norte ,Croissant,Panadería,1,900,900
3319,15-08-2026,Tienda Sur  ,Agua mineral,Bebidas,3,900,2700
3319,2026-08-15,Tienda Sur,Cerveza,Alcohol,2,3500,7000
3319,2026-08-15,Tienda Sur  ,Maní,Snacks,,1200,1200
3319,15-8-2026,Tienda Sur,Papas fritas,Snacks,3,1800,5400
3319,2026-08-15,  Tienda Sur,Pañales,Bebé,1,8000,8000
3319,2026-08-15,Tienda Sur,Toallitas húmedas,Bebé,1,2200,2200
3320,23/7/2026,Tienda Norte,Café,CAFÉ/TÉ,2,4000,8000
3320,23/7/2026,Tienda Norte,Papas fritas,Snacks,2,1800,3600
3320,23-07-2026, Tienda Norte , Pañales ,bebé,2,8000,16000
3320,23/7/2026,Tienda Norte,Toallitas húmedas  ,Bebé,1,2200,2200
3320,2026/07/23,Tienda Norte,Té,café/té,1,2500,2500
3321,2026-07-28,Tienda Sur,Cerveza,Alcohol,2,3500,7000
3321,28/7/2026,Tienda Sur,Mantequilla,Lácteos,1,2500,2500
3321,28/7/2026,  Tienda Sur,Maní,Snacks,1,1200,1200
3321,2026-07-28,Tienda Sur,Pan hallulla,panadería,2,1500,3000
3321,28-7-2026,Tienda Sur,Papas fritas,Snacks,1,1800,1800
3321,28-7-2026,Tienda Sur,Pañales,bebé,1,8000,8000
3322,2026-05-29,Tienda Norte,Agua mineral,BEBIDAS,2,900,1800
3322,2026-05-29,Tienda Norte,Esponjas,Limpieza,2,1200,2400
3323,23/5/2026,Tienda Norte,Azúcar,Café/Té,3,1300,3900
3323,23-5-2026,Tienda Norte, Cloro ,Limpieza,2,1400,2800
3323,2026-05-23,Tienda Norte  , Detergente ,Limpieza,1,5500,5500
3323,2026-05-23, Tienda Norte ,Té,Café/Té,1,2500,2500
3324,12-06-2026, Tienda Mall ,  Cerveza,Alcohol,3,3500,10.500
3324,2026-06-12,Tienda Mall,  Cloro,limpieza,1,1400,1400
3324,12-6-2026,  Tienda Mall,Esponjas,limpieza,1,1200,1200
3324,2026-06-12,Tienda Mall,Maní,Snacks,1,1200,1200
3324,2026-06-12,Tienda Mall  ,Papas fritas,Snacks,1,1800,1800
3324,12-6-2026,Tienda Mall,Pañales  ,Bebé,1,8000,8000
3324,2026/06/12,Tienda Mall,  Toallitas húmedas,bebé,2,2200,4400
3325,2026-08-18,Tienda Mall,  Esponjas,Limpieza,1,1200,1200
3325,2026-08-18,Tienda Mall, Maní ,SNACKS,1,1200,1200
3325,18/8/2026,Tienda Mall,Queso,Lácteos,3,4500,13500
3325,18-8-2026,Tienda Mall,Vino tinto,Alcohol,1,5000,5000
3326,29-05-2026,Tienda Mall,Galletas,SNACKS,1,1000,1000
3326,2026-05-29,Tienda Mall,Jugo naranja,bebidas,2,1600,3200
3327,18-8-2026,Tienda Sur,Bebida cola,Bebidas,1,1500,1500
3327,2026-08-18, Tienda Sur ,Cerveza  ,Alcohol,2,3500,7000
3328,2026-07-14,Tienda Sur,Azúcar,Café/Té,1,1300,1300
3328,2026-07-14,Tienda Sur,Café,Café/Té,1,4000,4000
3328,2026/07/14,Tienda Sur, Esponjas ,Limpieza,1,1200,1200
3328,2026-07-14,  Tienda Sur,Toallitas húmedas,BEBÉ,3,2200,6600
3328,2026-07-14,Tienda Sur,  Té,Café/Té,1,2500,2500
3329,2026-08-16,Tienda Sur,  Cerveza,ALCOHOL,1,3500,3500
3329,2026-08-16, Tienda Sur , Galletas ,SNACKS,2,1000,2000
3329,2026-08-16,Tienda Sur,Papas fritas,Snacks,2,1800,3600
3330,01-08-2026,Tienda Sur,Croissant,Panadería,3,900,2700
3330,1-8-2026,Tienda Sur,Esponjas,Limpieza,1,1200,1200
3331,2026-08-09,Tienda Norte,  Mantequilla,Lácteos,2,2500,5000
3331,2026-08-09,Tienda Norte,Vino tinto,Alcohol,2,5000,10000
3332,2026-06-15,  Tienda Norte,Azúcar  ,café/té,2,1300,2600
3332,2026-06-15,Tienda Norte  ,Cloro,limpieza,2,1400,2800
3333,2026-07-11,Tienda Mall,Azúcar,Café/Té,1,1300,1300
3333,11-7-2026,Tienda Mall,Leche,Lácteos,1,1200,1200
3334,2026-06-07,Tienda Mall,  Agua mineral,Bebidas,1,900,900
3334,7-6-2026,Tienda Mall,Detergente,Limpieza,1,5500,5500
3334,2026/06/07,Tienda Mall,Papas fritas,Snacks,1,1800,1800
3335,2026-06-06, Tienda Centro ,Cloro  ,Limpieza,1,1400,1400
3335,06-06-2026,Tienda Centro,Galletas,Snacks,3,1000,3000
3335,6/6/2026, Tienda Centro , Pan hallulla ,Panadería,3,1500,4500
3336,2026-07-22,Tienda Centro,Maní  ,Snacks,1,1200,1200
3337,2026/06/28,Tienda Mall,Esponjas,Limpieza,1,1200,1200
3337,28-6-2026,Tienda Mall,Papas fritas,snacks,3,1800,5400
3338,2026-08-03,Tienda Norte  ,Pañales,Bebé,1,8000,8000
3338,2026-08-03,Tienda Norte, Toallitas húmedas ,Bebé,2,2200,4400
3339,22-7-2026,Tienda Norte,Azúcar  ,Café/Té,1,1300,1300
3339,2026/07/22,Tienda Norte,Cloro,Limpieza,2,1400,2800
3339,2026-07-22,Tienda Norte,  Detergente,Limpieza,1,5500,5500
3339,2026-07-22,Tienda Norte, Esponjas ,Limpieza,1,1200,1200
3339,2026-07-22,Tienda Norte,Té,Café/Té,1,2500,2500
3340,2026-07-23,Tienda Mall,Azúcar,Café/Té,1,1300,1300
3340,2026-07-23,Tienda Mall,Café,Café/Té,1,4000,4000
3341,12-06-2026,Tienda Sur,Azúcar,Café/Té,1,1300,1300
3341,2026-06-12,  Tienda Sur,Croissant,Panadería,1,900,900
3341,2026-06-12,Tienda Sur,Detergente,Limpieza,1,5500,5500
3341,12/6/2026,Tienda Sur  ,Yogurt  ,Lácteos,3,800,2400
3342,2026-05-28,Tienda Mall,Mantequilla  ,lácteos,2,2500,5000
3342,2026-05-28,Tienda Mall,Maní,Snacks,1,1200,1200
3342,28-5-2026,Tienda Mall,Pan molde,PANADERÍA,3,1800,5400
3343,2/8/2026,Tienda Sur,Jugo naranja  ,Bebidas,1,1600,1600
3343,2026-08-02,Tienda Sur  ,Maní,snacks,2,1200,2400
3344,2026/07/27,  Tienda Norte,Cloro  ,Limpieza,2,1400,2800
3344,2026-07-27,Tienda Norte, Esponjas ,Limpieza,2,1200,2400
3344,2026-07-27, Tienda Norte ,Pan molde,PANADERÍA,2,1800,3600
3344,2026-07-27,Tienda Norte,Queso,LÁCTEOS,1,4500,4500
3345,26/5/2026,Tienda Norte,Pan hallulla,panadería,,1500,3000
3345,26-5-2026,Tienda Norte  ,Té,Café/Té,2,2500,5000
3346,3-8-2026,  Tienda Norte,  Café,Café/Té,2,4000,8000
3347,02-08-2026,Tienda Norte,Agua mineral,Bebidas,1,900,900
3347,2026-08-02,Tienda Norte, Toallitas húmedas ,Bebé,1,2200,2200
3348,15-7-2026,Tienda Mall,Azúcar,Café/Té,3,1300,3900
3348,2026-07-15,Tienda Mall  ,Galletas,Snacks,1,1000,1000
3348,2026-07-15,Tienda Mall,Maní,Snacks,1,1200,1200
3349,2026-05-28,Tienda Mall, Agua mineral ,Bebidas,1,900,900
3349,2026-05-28,Tienda Mall,Cerveza,ALCOHOL,1,3500,3500
3349,2026-05-28,Tienda Mall,Cloro,limpieza,1,1400,1400
3349,2026-05-28,Tienda Mall,  Maní,Snacks,1,1200,1200
3349,28-05-2026,Tienda Mall, Papas fritas ,Snacks,1,1800,1800
3350,10-06-2026,Tienda Centro,Agua mineral,bebidas,1,900,900
3350,2026-06-10,  Tienda Centro,Pañales,Bebé,2,8000,16.000
3350,2026-06-10, Tienda Centro ,  Toallitas húmedas,Bebé,1,2200,2200
3351,2026-06-29,Tienda Sur,Mantequilla,Lácteos,1,2500,2500
3351,2026-06-29, Tienda Sur ,Pan hallulla,PANADERÍA,3,1500,4500
3351,29-06-2026,Tienda Sur,Queso,Lácteos,1,4500,4500
3351,2026-06-29,Tienda Sur,Yogurt,Lácteos,1,800,800
3352,9/7/2026,Tienda Sur,Galletas,Snacks,1,1000,1000
3352,2026-07-09,  Tienda Sur,Queso,lácteos,2,4500,9000
3352,2026/07/09,Tienda Sur,Vino tinto  ,Alcohol,2,5000,10.000
3353,19/7/2026,Tienda Sur,Bebida cola,Bebidas,1,1500,1500
3353,2026-07-19,Tienda Sur,Mantequilla,Lácteos,1,2500,2500
3353,2026-07-19,Tienda Sur, Pan hallulla ,panadería,1,1500,1500
3353,19-07-2026, Tienda Sur ,Papas fritas  ,Snacks,1,1800,1800
3354,2026-06-05,Tienda Norte,Azúcar,Café/Té,1,1300,1300
3354,2026-06-05,Tienda Norte,Queso,Lácteos,1,4500,4500
3355,4-8-2026,Tienda Centro,Vino tinto  ,Alcohol,2,5000,10.000
3356,11/7/2026,  Tienda Mall,Azúcar,CAFÉ/TÉ,1,1300,1300
3356,11/7/2026,Tienda Mall,Café,Café/Té,1,4000,4000
3356,2026-07-11,  Tienda Mall,Galletas,Snacks,3,1000,3000
3356,2026-07-11,Tienda Mall,Mantequilla,Lácteos,1,2500,2500
3356,2026-07-11,Tienda Mall,Queso,Lácteos,1,4500,4500
3357,2026-07-26,  Tienda Norte,Bebida cola,Bebidas,1,1500,1500
3357,2026-07-26,Tienda Norte,Café,café/té,1,4000,4000
3357,26-07-2026,Tienda Norte,  Galletas,SNACKS,2,1000,2000
3358,2026-07-20,Tienda Centro,Esponjas  ,Limpieza,1,1200,1200
3359,08-06-2026,Tienda Norte,Pan hallulla,panadería,1,1500,1500
3359,08-06-2026,Tienda Norte,Queso,Lácteos,1,4500,4500
3360,2026-06-15,Tienda Centro, Azúcar ,CAFÉ/TÉ,1,1300,1300
3360,2026-06-15,Tienda Centro,Queso,lácteos,1,4500,4500
3360,2026-06-15,Tienda Centro,Té,Café/Té,3,2500,7500
3361,2026-06-06,  Tienda Sur, Azúcar ,Café/Té,2,1300,2600
3361,2026-06-06,  Tienda Sur, Cloro ,limpieza,1,1400,1400
3361,2026-06-06,Tienda Sur,Detergente,Limpieza,2,5500,11000
3361,2026/06/06,Tienda Sur,Mantequilla,Lácteos,1,2500,2500
3361,2026-06-06,Tienda Sur,Pan molde,Panadería,1,1800,1800
3361,6/6/2026,Tienda Sur,Queso,lácteos,3,4500,13.500
3362,2026-08-02,Tienda Mall,Cloro,Limpieza,1,1400,1400
3362,2/8/2026,Tienda Mall,Detergente,Limpieza,1,5500,5500
3362,02-08-2026, Tienda Mall ,Papas fritas,Snacks,2,1800,3600
3363,2026-06-08,  Tienda Centro,Cloro,limpieza,1,1400,1400
3363,8/6/2026,Tienda Centro,Esponjas,LIMPIEZA,1,1200,1200
3364,2026-08-08,Tienda Norte,Cerveza,alcohol,3,3500,10500
3364,2026/08/08,  Tienda Norte,Mantequilla,Lácteos,3,2500,7500
3364,2026/08/08,Tienda Norte,Maní,Snacks,1,1200,1200
3364,8-8-2026,Tienda Norte,Pan molde,panadería,1,1800,1800
3364,2026-08-08,Tienda Norte,  Queso,Lácteos,1,4500,4500
3365,2026-06-23,Tienda Norte,Azúcar,Café/Té,1,1300,1300
3365,2026/06/23,Tienda Norte,Queso,Lácteos,1,4500,4500
3366,2026-06-18,Tienda Mall,Cloro,Limpieza,1,1400,1400
3366,2026-06-18,Tienda Mall  ,Galletas,SNACKS,2,1000,2000
3366,2026-06-18,Tienda Mall,Toallitas húmedas,Bebé,1,2200,2200
3367,2026-05-31,Tienda Sur,Yogurt,Lácteos,1,800,800
3368,2026-07-25,Tienda Sur,Cloro,Limpieza,2,1400,2800
3368,25-07-2026,Tienda Sur,Maní,Snacks,1,1200,1200
3368,2026-07-25,Tienda Sur,Vino tinto,Alcohol,2,5000,10.000
3369,2026-06-06,Tienda Sur,Maní,Snacks,1,1200,1200
3370,2026-08-12,Tienda Mall,Detergente,Limpieza,2,5500,11000
3370,2026-08-12, Tienda Mall ,  Mantequilla,Lácteos,2,2500,5000
3370,12-8-2026, Tienda Mall ,Pan hallulla,Panadería,1,1500,1500
3370,2026-08-12,Tienda Mall,  Papas fritas,Snacks,1,1800,1800
3371,2026-06-21,  Tienda Norte,Queso,Lácteos,2,4500,9000
3371,21-6-2026,Tienda Norte,Toallitas húmedas,Bebé,1,2200,2200
3371,2026-06-21,Tienda Norte,Vino tinto,Alcohol,1,5000,5000
3372,2026/06/29, Tienda Norte ,Mantequilla,Lácteos,1,2500,2500
3372,29-06-2026,Tienda Norte,Papas fritas,snacks,1,1800,1800
3372,29/6/2026,Tienda Norte,Yogurt,Lácteos,2,800,1600
3373,2026/06/20, Tienda Mall ,Cerveza,Alcohol,1,3500,3500
3373,2026-06-20,Tienda Mall,Cloro,limpieza,1,1400,1400
3373,2026-06-20,Tienda Mall,Pañales,bebé,2,8000,16000
3374,2026-06-26,Tienda Centro,  Pañales,Bebé,1,8000,8000
3374,26-06-2026,Tienda Centro,Queso,Lácteos,1,4500,4500
3374,2026-06-26,  Tienda Centro,Vino tinto  ,Alcohol,1,5000,5000
3375,30/5/2026,Tienda Mall  , Azúcar ,Café/Té,2,1300,2600
3375,2026-05-30,Tienda Mall,Café,Café/Té,1,4000,4000
3375,2026-05-30, Tienda Mall ,Galletas,Snacks,1,1000,1000
3376,2026-07-19,Tienda Norte,Bebida cola,BEBIDAS,3,1500,4500
3376,2026-07-19,Tienda Norte,Papas fritas,Snacks,,1800,1800
3377,09-07-2026,Tienda Mall,Esponjas,Limpieza,1,1200,1200
3377,2026-07-09,Tienda Mall,  Yogurt,Lácteos,2,800,1600
3378,26-06-2026,Tienda Mall,Queso,Lácteos,3,4500,13500
3378,2026-06-26,Tienda Mall,Toallitas húmedas,Bebé,1,2200,2200
3379,2026-07-10,Tienda Centro  ,Leche,Lácteos,3,1200,3600
3379,2026-07-10,Tienda Centro,  Pan hallulla,Panadería,1,1500,1500
3379,10-07-2026,Tienda Centro,Pañales,BEBÉ,1,8000,8000
3379,2026-07-10,Tienda Centro  ,Toallitas húmedas,bebé,3,2200,6600
3380,9/6/2026, Tienda Mall ,Azúcar,Café/Té,2,1300,2600
3380,2026-06-09, Tienda Mall , Galletas ,Snacks,1,1000,1000
3381,15-06-2026,Tienda Mall,Toallitas húmedas,Bebé,1,2200,2200
3381,2026-06-15,  Tienda Mall,Vino tinto,Alcohol,1,5000,5000
3382,15-07-2026,Tienda Centro, Cloro ,LIMPIEZA,2,1400,2800
3382,2026/07/15,  Tienda Centro,Pan molde,Panadería,1,1800,1800
3382,2026-07-15,Tienda Centro,Toallitas húmedas,Bebé,3,2200,6600
3383,2026-08-13, Tienda Sur , Azúcar ,Café/Té,2,1300,2600
3383,13/8/2026,Tienda Sur,Leche,Lácteos,2,1200,2400
3383,2026/08/13, Tienda Sur ,Mantequilla,Lácteos,1,2500,2500
3383,2026-08-13,Tienda Sur,Pan molde,Panadería,3,1800,5400
3384,28/6/2026,Tienda Sur,Azúcar,Café/Té,1,1300,1300
3384,2026-06-28,Tienda Sur,Bebida cola,Bebidas,1,1500,1500
3384,2026-06-28,Tienda Sur  ,Esponjas,Limpieza,2,1200,2400
3384,2026-06-28,  Tienda Sur,Queso  ,Lácteos,,4500,9000
3385,1/7/2026,Tienda Norte  ,Pan molde,Panadería,1,1800,1800
3385,2026-07-01,Tienda Norte  ,Pañales,Bebé,1,8000,8000
3385,2026/07/01,Tienda Norte,Toallitas húmedas,BEBÉ,2,2200,4400
3386,2026-06-28,Tienda Mall,Cerveza,Alcohol,1,3500,3500
3386,2026-06-28,Tienda Mall,Pañales,Bebé,1,8000,8000
3386,2026-06-28, Tienda Mall ,Toallitas húmedas,Bebé,1,2200,2200
3386,2026-06-28,  Tienda Mall,Té,Café/Té,1,2500,2500
3387,2026-07-11,Tienda Sur,Azúcar,Café/Té,1,1300,1300
3387,11-07-2026,Tienda Sur,Mantequilla,Lácteos,2,2500,5000
3387,11-7-2026,Tienda Sur,Pan hallulla,Panadería,1,1500,1500
3387,11/7/2026,  Tienda Sur,Papas fritas,Snacks,2,1800,3600
3387,11-07-2026,Tienda Sur,  Queso,Lácteos,1,4500,4500
3387,2026-07-11,Tienda Sur,Té,Café/Té,1,2500,2500
3388,2026-08-06,Tienda Norte,Bebida cola,Bebidas,1,1500,1500
3388,2026-08-06,Tienda Norte, Jugo naranja ,Bebidas,1,1600,1600
3389,11/7/2026,Tienda Sur,Leche,Lácteos,1,1200,1200
3390,3/6/2026,  Tienda Sur,  Azúcar,Café/Té,1,1300,1300
3390,2026-06-03,  Tienda Sur, Bebida cola ,Bebidas,1,1500,1500
3390,3/6/2026,Tienda Sur,Papas fritas,Snacks,2,1800,3600
3390,2026-06-03,Tienda Sur,  Té,Café/Té,1,2500,2500
3391,27-6-2026,Tienda Mall,Cerveza,ALCOHOL,1,3500,3500
3391,2026-06-27, Tienda Mall , Jugo naranja ,BEBIDAS,1,1600,1600
3391,27/6/2026,  Tienda Mall,Pañales,bebé,1,8000,8000
3392,2026-08-03,Tienda Centro,  Croissant,Panadería,1,900,900
3392,2026-08-03,Tienda Centro,Maní  ,Snacks,2,1200,2400
3392,2026-08-03,Tienda Centro  , Yogurt ,LÁCTEOS,1,800,800
3393,2026-06-20,Tienda Mall,Azúcar,Café/Té,2,1300,2600
3393,2026-06-20,Tienda Mall,Maní,Snacks,2,1200,2400
3393,2026-06-20,Tienda Mall,Vino tinto,alcohol,1,5000,5000
3394,2026-08-10,Tienda Centro  ,Jugo naranja,Bebidas,1,1600,1600
3395,2026-07-26,Tienda Norte,Mantequilla,Lácteos,1,2500,2500
3395,2026-07-26,Tienda Norte, Vino tinto ,Alcohol,2,5000,10000
3396,2026-07-11,Tienda Centro,Bebida cola,BEBIDAS,1,1500,1500
3397,21-5-2026,Tienda Centro,Cerveza,Alcohol,2,3500,7000
3398,22-5-2026,Tienda Centro  ,Croissant,Panadería,1,900,900
3398,22/5/2026,Tienda Centro,Jugo naranja,Bebidas,1,1600,1600
3398,2026/05/22,Tienda Centro,Pan molde  ,Panadería,2,1800,3600
3398,2026-05-22,Tienda Centro,Yogurt,lácteos,1,800,800
3399,2026/07/09,Tienda Centro,Cerveza,Alcohol,2,3500,7000
3399,2026-07-09,Tienda Centro,Pañales,Bebé,1,8000,8000
3399,2026/07/09,Tienda Centro, Toallitas húmedas ,bebé,2,2200,4400
3400,2026-05-25,Tienda Sur  ,Leche  ,lácteos,1,1200,1200
3400,2026-05-25,Tienda Sur,Pañales,Bebé,2,8000,16000
3400,2026-05-25,Tienda Sur,Toallitas húmedas,Bebé,1,2200,2200
3401,2026-07-28,  Tienda Mall,Maní,SNACKS,2,1200,2400
3402,23-07-2026, Tienda Centro ,  Azúcar,Café/Té,1,1300,1300
3402,2026/07/23,Tienda Centro,Pan molde,Panadería,2,1800,3600
3403,2026-06-10,Tienda Sur,Esponjas,Limpieza,1,1200,1200
3404,14-7-2026,Tienda Centro,Pañales,Bebé,1,8000,8000
3404,2026/07/14,Tienda Centro  ,Toallitas húmedas,Bebé,1,2200,2200
3405,2026-08-02,Tienda Sur,Mantequilla,Lácteos,1,2500,2500
3406,2026-06-23,Tienda Centro  ,Azúcar,Café/Té,1,1300,1300
3406,23-6-2026,Tienda Centro,Café,Café/Té,1,4000,4000
3406,2026/06/23,Tienda Centro,Cloro,Limpieza,1,1400,1400
3406,23/6/2026, Tienda Centro , Queso ,Lácteos,1,4500,4500
3407,2026-07-17,Tienda Sur  , Leche ,Lácteos,1,1200,1200
3407,2026-07-17,Tienda Sur  ,Papas fritas,Snacks,,1800,3600
3408,2026/06/13,  Tienda Mall,Cloro,Limpieza,1,1400,1400
3408,13-6-2026, Tienda Mall ,Detergente,LIMPIEZA,1,5500,5500
3408,2026-06-13,  Tienda Mall,Esponjas,Limpieza,1,1200,1200
3408,2026-06-13,  Tienda Mall,Mantequilla,Lácteos,1,2500,2500
3408,2026-06-13,Tienda Mall,Pan hallulla,Panadería,1,1500,1500
3409,2026-06-05,Tienda Mall, Cloro ,Limpieza,1,1400,1400
3409,2026/06/05,Tienda Mall,Detergente  ,Limpieza,2,5500,11000
3409,2026-06-05,Tienda Mall,Esponjas,Limpieza,2,1200,2400
3410,2026-08-11,Tienda Norte,Bebida cola,Bebidas,1,1500,1500
3410,2026-08-11,Tienda Norte,Papas fritas,Snacks,1,1800,1800
3410,2026-08-11,Tienda Norte, Queso ,Lácteos,2,4500,9000
3410,2026-08-11,Tienda Norte,Toallitas húmedas,Bebé,2,2200,4400
3411,2026-08-03,Tienda Norte,Mantequilla,LÁCTEOS,1,2500,2500
3412,2026/06/26,Tienda Sur  ,Azúcar,Café/Té,1,1300,1300
3412,2026-06-26,Tienda Sur,Cloro,limpieza,1,1400,1400
3412,26-06-2026, Tienda Sur ,Esponjas,LIMPIEZA,2,1200,2400
3413,2026/06/03,Tienda Centro,Cloro,Limpieza,2,1400,2800
3413,2026-06-03,Tienda Centro, Detergente ,Limpieza,1,5500,5500
3413,2026-06-03,Tienda Centro,Esponjas,limpieza,1,1200,1200
3413,2026-06-03,Tienda Centro,Papas fritas  ,Snacks,1,1800,1800
3414,10/6/2026,Tienda Centro,Pan hallulla,panadería,1,1500,1500
3415,2026-06-05, Tienda Mall ,Azúcar,Café/Té,2,1300,2600
3415,2026-06-05, Tienda Mall ,  Esponjas,Limpieza,1,1200,1200
3415,2026-06-05,Tienda Mall,Leche,Lácteos,,1200,2400
3416,2026-07-12,Tienda Centro,Croissant,Panadería,1,900,900
3416,2026-07-12,Tienda Centro,Esponjas,Limpieza,1,1200,1200
3416,12/7/2026, Tienda Centro ,Toallitas húmedas,Bebé,1,2200,2200
3417,30/7/2026,Tienda Norte,Cerveza,Alcohol,1,3500,3500
3417,2026-07-30,Tienda Norte,Papas fritas,Snacks,1,1800,1800
3417,30-7-2026,Tienda Norte,Pañales,Bebé,2,8000,16000
3417,2026-07-30,Tienda Norte,Toallitas húmedas,Bebé,1,2200,2200
3418,24-7-2026,  Tienda Centro,Esponjas,Limpieza,3,1200,3600
3418,24/7/2026,Tienda Centro,Mantequilla,Lácteos,1,2500,2500
3419,2026-07-10,  Tienda Mall,Bebida cola,Bebidas,,1500,1500
3419,2026/07/10,Tienda Mall,Cloro,Limpieza,2,1400,2800
3420,02-08-2026,Tienda Centro,Mantequilla,Lácteos,3,2500,7500
3420,2026/08/02,Tienda Centro  ,Toallitas húmedas,Bebé,1,2200,2200
3421,2026/06/08,Tienda Centro,Galletas  ,Snacks,3,1000,3000
3421,08-06-2026,  Tienda Centro,Vino tinto,Alcohol,1,5000,5000
3422,2026-07-15,  Tienda Norte,Cloro,limpieza,2,1400,2800
3422,15-7-2026,Tienda Norte,Queso,lácteos,1,4500,4500
3423,2026-07-18, Tienda Mall ,  Croissant,panadería,1,900,900
3423,2026-07-18, Tienda Mall ,  Queso,Lácteos,3,4500,13500
3423,2026-07-18,Tienda Mall,Toallitas húmedas,Bebé,3,2200,6600
3423,18/7/2026,Tienda Mall,Vino tinto,alcohol,1,5000,5000
3424,27-7-2026,  Tienda Mall,Jugo naranja,Bebidas,1,1600,1600
3425,8-7-2026,Tienda Sur  ,Mantequilla,Lácteos,1,2500,2500
3425,8-7-2026,Tienda Sur,Pan molde,Panadería,,1800,1800
3426,2026-07-17,Tienda Mall,  Papas fritas,Snacks,1,1800,1800
3427,29/7/2026,Tienda Mall,Jugo naranja,BEBIDAS,1,1600,1600
3427,29-07-2026,  Tienda Mall,  Queso,lácteos,1,4500,4500
3428,11-07-2026,Tienda Mall,Leche,lácteos,2,1200,2400
3428,2026-07-11,Tienda Mall,Mantequilla,lácteos,2,2500,5000
3428,11/7/2026,Tienda Mall,Pan hallulla,Panadería,2,1500,3000
3429,27-6-2026,Tienda Centro,Vino tinto  ,ALCOHOL,1,5000,5000
3430,6-6-2026,Tienda Norte  ,Mantequilla,Lácteos,1,2500,2500
3431,25-6-2026,Tienda Norte,Cerveza  ,Alcohol,1,3500,3500
3431,25-6-2026, Tienda Norte ,Mantequilla,Lácteos,1,2500,2500
3431,25-6-2026,Tienda Norte,Pan hallulla,Panadería,,1500,1500
3431,25-6-2026,Tienda Norte,Papas fritas,Snacks,,1800,1800
3432,2026/07/06,Tienda Centro  ,Mantequilla,Lácteos,2,2500,5000
3432,2026-07-06,Tienda Centro,Pan molde,Panadería,1,1800,1800
3433,2026-06-01,Tienda Norte,Agua mineral,Bebidas,1,900,900
3433,01-06-2026,Tienda Norte,Queso  ,LÁCTEOS,2,4500,9000
3433,2026-06-01,  Tienda Norte,Té,Café/Té,1,2500,2500
3433,2026-06-01,Tienda Norte  ,Vino tinto  ,Alcohol,1,5000,5000
3434,2026-06-21,Tienda Norte,Esponjas,limpieza,2,1200,2400
3435,2026-05-21,Tienda Centro,Agua mineral,BEBIDAS,1,900,900
3435,2026-05-21,Tienda Centro,Bebida cola,Bebidas,2,1500,3000
3435,2026-05-21,Tienda Centro,Papas fritas,snacks,1,1800,1800
3435,2026-05-21,  Tienda Centro,Pañales,Bebé,1,8000,8000
3436,2026-07-28,Tienda Mall,Agua mineral,Bebidas,2,900,1800
3436,2026-07-28,Tienda Mall,  Esponjas,Limpieza,2,1200,2400
3437,2026-08-16,Tienda Mall,Azúcar,Café/Té,3,1300,3900
3437,2026-08-16,Tienda Mall,Café,Café/Té,1,4000,4000
3437,2026/08/16,Tienda Mall,Galletas,SNACKS,1,1000,1000
3437,16/8/2026,Tienda Mall,Pañales,Bebé,1,8000,8000
3437,2026-08-16,Tienda Mall,Toallitas húmedas,bebé,1,2200,2200
3438,2026-08-08,Tienda Centro,Detergente,Limpieza,1,5500,5500
3438,2026-08-08,  Tienda Centro,Esponjas,limpieza,3,1200,3600
3438,2026-08-08, Tienda Centro ,Pan molde,PANADERÍA,1,1800,1800
3439,2026-07-19,Tienda Mall,Cerveza,Alcohol,3,3500,10.500
3439,2026-07-19, Tienda Mall ,  Cloro,Limpieza,1,1400,1400
3439,2026-07-19,Tienda Mall,Maní  ,snacks,1,1200,1200
3439,19/7/2026,Tienda Mall,Papas fritas,Snacks,1,1800,1800
3439,19-7-2026,Tienda Mall,Vino tinto,ALCOHOL,2,5000,10000
3440,24-7-2026,Tienda Norte,Café,Café/Té,1,4000,4000
3440,2026/07/24, Tienda Norte ,Galletas,snacks,2,1000,2000
3441,2026-06-06,Tienda Sur,Croissant,Panadería,2,900,1800
3441,06-06-2026,Tienda Sur,Leche,Lácteos,3,1200,3600
3442,2026-08-15,Tienda Norte,Cerveza,Alcohol,1,3500,3500
3442,15/8/2026,Tienda Norte,Pan hallulla,panadería,1,1500,1500
3442,2026-08-15,Tienda Norte,Papas fritas,SNACKS,1,1800,1800
3442,15-8-2026, Tienda Norte ,Queso,Lácteos,,4500,4500
3443,23-6-2026, Tienda Mall ,Maní,Snacks,2,1200,2400
3443,2026-06-23,Tienda Mall,Papas fritas,snacks,2,1800,3600
3444,2026-07-28,Tienda Norte,Azúcar,Café/Té,1,1300,1300
3444,2026-07-28,Tienda Norte,Café,CAFÉ/TÉ,1,4000,4000
3444,2026-07-28,  Tienda Norte,Jugo naranja,BEBIDAS,1,1600,1600
3445,2026-05-28, Tienda Mall ,Cloro,Limpieza,2,1400,2800
3445,2026-05-28,Tienda Mall, Croissant ,Panadería,1,900,900
3446,9-7-2026, Tienda Sur ,Esponjas,Limpieza,1,1200,1200
3446,2026-07-09, Tienda Sur ,Leche,LÁCTEOS,1,1200,1200
3446,09-07-2026,Tienda Sur  ,Queso,Lácteos,1,4500,4500
3446,9-7-2026,Tienda Sur,Vino tinto,Alcohol,2,5000,10000
3447,2026-05-31,Tienda Sur  , Agua mineral ,Bebidas,1,900,900
3447,2026-05-31,  Tienda Sur, Bebida cola ,Bebidas,3,1500,4500
3447,2026-05-31,Tienda Sur,Pan molde,Panadería,1,1800,1800
3447,2026-05-31,Tienda Sur,Queso,Lácteos,1,4500,4500
3448,2026-08-05,Tienda Mall,Esponjas,LIMPIEZA,1,1200,1200
3448,2026-08-05,Tienda Mall, Galletas ,snacks,1,1000,1000
3448,2026-08-05,Tienda Mall,Jugo naranja,Bebidas,2,1600,3200
3448,2026-08-05,Tienda Mall,Queso,Lácteos,2,4500,9000
3448,05-08-2026,Tienda Mall,  Vino tinto,Alcohol,1,5000,5000
3449,5-6-2026,Tienda Sur,Agua mineral,Bebidas,3,900,2700
3449,2026-06-05,Tienda Sur,Bebida cola,Bebidas,1,1500,1500
3450,2026-07-15,Tienda Mall,Pan molde,PANADERÍA,2,1800,3600
3451,2026-06-28,Tienda Norte, Azúcar ,Café/Té,2,1300,2600
3451,28-06-2026,Tienda Norte,Café,café/té,2,4000,8000
3451,28-06-2026,Tienda Norte,Toallitas húmedas,Bebé,2,2200,4400
3452,2026-08-09,Tienda Centro,Azúcar,CAFÉ/TÉ,3,1300,3900
3452,2026-08-09,Tienda Centro,Café,Café/Té,2,4000,8000
3452,9-8-2026,Tienda Centro,Croissant,Panadería,1,900,900
3452,09-08-2026,Tienda Centro, Té ,Café/Té,1,2500,2500
3453,2026-06-09, Tienda Mall ,Galletas,Snacks,3,1000,3000
3453,09-06-2026,Tienda Mall, Maní ,Snacks,1,1200,1200
3453,9-6-2026,Tienda Mall,Queso,LÁCTEOS,,4500,4500
3454,26-6-2026,Tienda Centro,  Bebida cola,Bebidas,1,1500,1500
3454,2026-06-26,  Tienda Centro,Leche,Lácteos,1,1200,1200
3454,26-6-2026,Tienda Centro,Queso,Lácteos,3,4500,13500
3454,26-06-2026,Tienda Centro,Yogurt,lácteos,1,800,800
3455,2026-06-27,Tienda Mall  ,Jugo naranja,Bebidas,2,1600,3200
3455,2026/06/27,Tienda Mall,Leche,Lácteos,2,1200,2400
3456,27/7/2026,  Tienda Norte,  Azúcar,café/té,1,1300,1300
3456,2026-07-27, Tienda Norte ,Galletas,Snacks,2,1000,2000
3456,2026-07-27,Tienda Norte,Jugo naranja,Bebidas,1,1600,1600
3457,2026-05-21,Tienda Mall,Papas fritas,Snacks,1,1800,1800
3458,2026-07-05,Tienda Mall  ,Cloro,Limpieza,3,1400,4200
3459,2026-07-08,Tienda Norte,Azúcar,café/té,2,1300,2600
3460,2026-06-05,Tienda Norte,Azúcar,Café/Té,1,1300,1300
3460,2026-06-05,Tienda Norte,Cloro,Limpieza,2,1400,2800
3460,2026-06-05,Tienda Norte,Detergente,limpieza,1,5500,5500
3460,5/6/2026,Tienda Norte,Mantequilla  ,lácteos,3,2500,7500
3461,2026-06-11,Tienda Mall,Agua mineral,BEBIDAS,1,900,900
3461,2026/06/11,  Tienda Mall,Galletas,snacks,1,1000,1000
3462,2026-06-17,Tienda Norte,Pan molde,panadería,1,1800,1800
3463,2026/08/04,Tienda Mall,  Cloro,Limpieza,3,1400,4200
3463,2026-08-04,Tienda Mall,Pan hallulla,Panadería,1,1500,1500
3464,24-6-2026,Tienda Sur,Agua mineral,Bebidas,1,900,900
3464,24-06-2026,Tienda Sur  ,Leche,Lácteos,1,1200,1200
3464,2026-06-24,Tienda Sur,Queso,Lácteos,3,4500,13500
3464,2026/06/24,Tienda Sur,Yogurt,Lácteos,1,800,800
3465,2026-06-25,Tienda Centro,Té,Café/Té,3,2500,7500
3466,15-7-2026,Tienda Sur,Agua mineral,Bebidas,1,900,900
3467,24-05-2026,Tienda Mall,Azúcar,Café/Té,1,1300,1300
3467,2026-05-24,Tienda Mall,Cloro,Limpieza,2,1400,2800
3467,2026-05-24,Tienda Mall,Galletas,SNACKS,1,1000,1000
3468,2026-07-31,Tienda Norte,Agua mineral,Bebidas,1,900,900
3468,2026/07/31,Tienda Norte,Cloro,Limpieza,3,1400,4200
3468,2026/07/31,Tienda Norte, Detergente ,LIMPIEZA,2,5500,11.000
3468,2026-07-31,  Tienda Norte,Té,Café/Té,2,2500,5000
3469,9/8/2026,Tienda Sur,Agua mineral  ,Bebidas,1,900,900
3469,2026/08/09, Tienda Sur ,Yogurt,LÁCTEOS,1,800,800
3470,2-8-2026,Tienda Norte,Esponjas,limpieza,1,1200,1200
3470,2-8-2026,Tienda Norte,Maní,snacks,1,1200,1200
3470,2-8-2026,Tienda Norte,Papas fritas  ,Snacks,1,1800,1800
3470,2026/08/02,Tienda Norte,Queso,LÁCTEOS,1,4500,4500
3471,2026/07/26,Tienda Mall,Pañales,Bebé,1,8000,8000
3471,2026-07-26,Tienda Mall,Queso,Lácteos,2,4500,9000
3471,26/7/2026,Tienda Mall,Vino tinto,Alcohol,1,5000,5000
3472,2026-06-22,Tienda Centro  ,Azúcar,CAFÉ/TÉ,1,1300,1300
3472,22-06-2026, Tienda Centro ,Bebida cola,BEBIDAS,1,1500,1500
3472,2026-06-22,Tienda Centro,Papas fritas,snacks,1,1800,1800
3473,15-7-2026,Tienda Mall,Pan molde,Panadería,1,1800,1800
3473,2026/07/15,Tienda Mall,Queso,Lácteos,1,4500,4500
3473,15-7-2026,  Tienda Mall,Toallitas húmedas,Bebé,1,2200,2200
3474,2-6-2026,Tienda Centro,Toallitas húmedas,Bebé,1,2200,2200
3475,2026-06-29,Tienda Centro  ,Queso,Lácteos,1,4500,4500
3475,29-6-2026,Tienda Centro,Yogurt,Lácteos,1,800,800
3476,2026-08-08,Tienda Norte,Agua mineral  ,BEBIDAS,2,900,1800
3476,2026/08/08, Tienda Norte , Cerveza ,Alcohol,3,3500,10.500
3476,8-8-2026,Tienda Norte,  Pañales,Bebé,1,8000,8000
3476,2026-08-08,Tienda Norte,Toallitas húmedas,Bebé,3,2200,6600
3477,2026-06-22, Tienda Mall ,Detergente,Limpieza,3,5500,16500
3477,2026-06-22,Tienda Mall,Esponjas,Limpieza,1,1200,1200
3477,2026-06-22,Tienda Mall,Jugo naranja,bebidas,1,1600,1600
3477,22/6/2026,Tienda Mall, Pan molde ,Panadería,3,1800,5400
3478,2026-07-08,Tienda Mall,Galletas,snacks,1,1000,1000
3478,2026-07-08,Tienda Mall,Papas fritas,snacks,1,1800,1800
3478,2026-07-08,Tienda Mall,Pañales,Bebé,,8000,8000
3478,8-7-2026,Tienda Mall,Toallitas húmedas,Bebé,1,2200,2200
3479,13/6/2026, Tienda Norte ,Jugo naranja,Bebidas,1,1600,1600
3479,13/6/2026,Tienda Norte,Maní,Snacks,1,1200,1200
3480,6-7-2026,Tienda Mall  ,Galletas,Snacks,2,1000,2000
3480,2026-07-06,Tienda Mall,Yogurt,lácteos,2,800,1600
3481,2026/08/08,Tienda Mall,Cloro,Limpieza,1,1400,1400
3481,8/8/2026,Tienda Mall,Detergente,Limpieza,1,5500,5500
3482,2026-07-22,Tienda Mall, Leche ,Lácteos,1,1200,1200
3483,2026/06/29,Tienda Centro,Azúcar,Café/Té,2,1300,2600
3483,29/6/2026,Tienda Centro,Café,CAFÉ/TÉ,2,4000,8000
3483,2026-06-29,Tienda Centro,Cloro,Limpieza,1,1400,1400
3483,2026/06/29,Tienda Centro,  Galletas,snacks,3,1000,3000
3484,2026-07-14,Tienda Sur,Azúcar,Café/Té,1,1300,1300
3484,14-07-2026,Tienda Sur,  Esponjas,Limpieza,1,1200,1200
3485,2026-07-30, Tienda Mall ,Cerveza,Alcohol,1,3500,3500
3485,2026/07/30,Tienda Mall,Mantequilla,Lácteos,2,2500,5000
3485,2026-07-30,Tienda Mall,Pan hallulla  ,Panadería,3,1500,4500
3485,30-07-2026,Tienda Mall,Papas fritas,Snacks,1,1800,1800
3485,2026/07/30,Tienda Mall,Té,Café/Té,2,2500,5000
3486,2026-08-18,Tienda Norte,  Agua mineral,BEBIDAS,1,900,900
3486,2026-08-18,Tienda Norte, Azúcar ,Café/Té,2,1300,2600
3486,18/8/2026,Tienda Norte,Café,Café/Té,2,4000,8000
3486,18-8-2026,Tienda Norte,Mantequilla,Lácteos,1,2500,2500
3486,18/8/2026, Tienda Norte , Maní ,SNACKS,1,1200,1200
3486,18/8/2026,Tienda Norte, Pan hallulla ,Panadería,2,1500,3000
3486,18-8-2026,Tienda Norte,Queso,Lácteos,1,4500,4500
3487,2026/07/02,Tienda Mall, Agua mineral ,Bebidas,2,900,1800
3487,02-07-2026,Tienda Mall,Papas fritas,SNACKS,1,1800,1800
3487,2/7/2026, Tienda Mall ,Toallitas húmedas,Bebé,3,2200,6600
3488,2026-05-31,Tienda Sur,Bebida cola,Bebidas,1,1500,1500
3488,31-5-2026,Tienda Sur,Cloro  ,Limpieza,1,1400,1400
3488,2026-05-31,Tienda Sur,Detergente  ,Limpieza,,5500,5500
3488,31/5/2026,Tienda Sur  ,Papas fritas,Snacks,1,1800,1800
3489,06-07-2026,Tienda Norte,Toallitas húmedas,Bebé,1,2200,2200
3489,2026-07-06,Tienda Norte,Yogurt,Lácteos,1,800,800
3490,2026-06-24,Tienda Mall  , Bebida cola ,bebidas,1,1500,1500
3490,24-6-2026,  Tienda Mall,Detergente,Limpieza,2,5500,11000
3490,2026-06-24,Tienda Mall,Esponjas,Limpieza,1,1200,1200
3490,2026-06-24,Tienda Mall,Papas fritas,Snacks,2,1800,3600
3491,2026-05-25,Tienda Mall,Bebida cola,Bebidas,1,1500,1500
3491,2026-05-25,Tienda Mall,Papas fritas,Snacks,3,1800,5400
3491,2026-05-25, Tienda Mall ,  Vino tinto,Alcohol,1,5000,5000
3492,13/6/2026,Tienda Centro,Papas fritas,SNACKS,1,1800,1800
3492,13-06-2026,Tienda Centro,Toallitas húmedas,Bebé,2,2200,4400
3493,26-5-2026,Tienda Sur,  Bebida cola,Bebidas,2,1500,3000
3493,2026-05-26,  Tienda Sur,Café,Café/Té,1,4000,4000
3493,2026-05-26,Tienda Sur,Galletas,Snacks,1,1000,1000
3493,2026-05-26,Tienda Sur,Mantequilla,lácteos,,2500,7500
3493,26-05-2026,Tienda Sur  ,  Pan molde,Panadería,1,1800,1800
3493,26-05-2026,  Tienda Sur,Queso,Lácteos,1,4500,4500
3494,3-6-2026,Tienda Centro,Mantequilla  ,Lácteos,2,2500,5000
3494,03-06-2026, Tienda Centro ,Maní,Snacks,1,1200,1200
3494,3-6-2026, Tienda Centro ,Vino tinto,alcohol,1,5000,5000
3495,16-06-2026,Tienda Norte,Agua mineral,Bebidas,1,900,900
3495,16-06-2026, Tienda Norte ,Galletas,Snacks,1,1000,1000
3495,2026-06-16,Tienda Norte,Papas fritas,Snacks,3,1800,5400
3496,2026/07/10,Tienda Mall  ,Bebida cola,Bebidas,1,1500,1500
3496,10-7-2026,Tienda Mall,Mantequilla,Lácteos,2,2500,5000
3496,10-7-2026,Tienda Mall,Queso,Lácteos,1,4500,4500
3497,2026-06-23, Tienda Centro ,Mantequilla,Lácteos,1,2500,2500
3497,23-6-2026,Tienda Centro,Pan hallulla  ,panadería,2,1500,3000
3498,2026-05-27,Tienda Centro,Detergente,Limpieza,2,5500,11000
3498,2026-05-27,Tienda Centro, Esponjas ,Limpieza,1,1200,1200
3499,2026-08-05,Tienda Sur, Jugo naranja ,Bebidas,3,1600,4800
3500,2026-06-23,  Tienda Mall,Azúcar,CAFÉ/TÉ,1,1300,1300
3500,2026-06-23,Tienda Mall, Café ,CAFÉ/TÉ,1,4000,4000
3500,23-06-2026,Tienda Mall,Cloro,Limpieza,1,1400,1400
3500,2026-06-23,Tienda Mall, Detergente ,Limpieza,1,5500,5500
3500,23-6-2026,Tienda Mall,Esponjas,Limpieza,2,1200,2400
3501,2026-07-07,Tienda Sur,Azúcar,Café/Té,2,1300,2600
3501,2026/07/07,Tienda Sur,Café,café/té,1,4000,4000
3501,7-7-2026,  Tienda Sur,  Pañales,Bebé,1,8000,8000
3501,2026-07-07,Tienda Sur,Toallitas húmedas,Bebé,1,2200,2200
3501,07-07-2026,Tienda Sur, Té ,Café/Té,1,2500,2500
3502,2026/07/11, Tienda Mall , Café ,Café/Té,3,4000,12.000
3502,2026-07-11,Tienda Mall,Mantequilla,LÁCTEOS,3,2500,7500
3502,11/7/2026,Tienda Mall,Pan hallulla  ,Panadería,1,1500,1500
3503,2026/06/20,Tienda Mall,Leche,Lácteos,1,1200,1200
3503,2026-06-20,Tienda Mall,Mantequilla,Lácteos,1,2500,2500
3503,2026-06-20,Tienda Mall, Pañales ,Bebé,1,8000,8000
3503,20/6/2026,Tienda Mall,Queso,Lácteos,1,4500,4500
3503,20/6/2026,Tienda Mall,Toallitas húmedas,Bebé,1,2200,2200
3504,2026/08/18,Tienda Norte  ,Azúcar,Café/Té,1,1300,1300
3504,2026-08-18,Tienda Norte,Bebida cola,Bebidas,1,1500,1500
3504,18/8/2026,Tienda Norte,Café,CAFÉ/TÉ,2,4000,8000
3504,18-08-2026,Tienda Norte,  Maní,Snacks,1,1200,1200
3504,2026-08-18,  Tienda Norte,Té  ,Café/Té,2,2500,5000
3505,2026-08-11,Tienda Sur,Pan molde  ,Panadería,1,1800,1800
3505,2026/08/11,Tienda Sur,  Queso,lácteos,3,4500,13.500
3506,2026-07-27,Tienda Norte,  Cloro,Limpieza,1,1400,1400
3506,27/7/2026,Tienda Norte,Detergente,Limpieza,1,5500,5500
3506,2026-07-27,  Tienda Norte,Jugo naranja,Bebidas,1,1600,1600
3507,2026-06-22,Tienda Sur,Cerveza,alcohol,1,3500,3500
3507,22-06-2026,Tienda Sur,Maní,Snacks,1,1200,1200
3508,23-06-2026,Tienda Norte,  Mantequilla,Lácteos,1,2500,2500
3508,2026-06-23,Tienda Norte,Pan hallulla,Panadería,2,1500,3000
3508,2026-06-23, Tienda Norte ,Té,Café/Té,1,2500,2500
3509,13-08-2026, Tienda Mall ,Agua mineral,Bebidas,2,900,1800
3509,2026-08-13,Tienda Mall,  Bebida cola,BEBIDAS,1,1500,1500
3509,13-8-2026,Tienda Mall,Croissant,Panadería,1,900,900
3510,24/6/2026,Tienda Sur,Azúcar,Café/Té,3,1300,3900
3510,24-06-2026,Tienda Sur,Cloro,LIMPIEZA,3,1400,4200
3510,2026-06-24,Tienda Sur  ,  Pan hallulla,Panadería,1,1500,1500
3510,24/6/2026,Tienda Sur,Pañales,Bebé,1,8000,8000
3510,2026-06-24,Tienda Sur,Queso,Lácteos,1,4500,4500
3511,2026-05-21,Tienda Sur,Toallitas húmedas,Bebé,1,2200,2200
3512,2026-05-27,Tienda Centro, Cloro ,Limpieza,3,1400,4200
3512,27/5/2026,Tienda Centro, Detergente ,Limpieza,1,5500,5500
3512,27/5/2026,  Tienda Centro, Esponjas ,limpieza,1,1200,1200
3512,2026-05-27,Tienda Centro, Queso ,Lácteos,1,4500,4500
3512,27/5/2026,Tienda Centro,Yogurt,lácteos,1,800,800
3513,05-08-2026,Tienda Norte,Agua mineral,Bebidas,1,900,900
3513,5/8/2026,Tienda Norte,Mantequilla,Lácteos,2,2500,5000
3513,2026-08-05,Tienda Norte,Pan molde  ,panadería,1,1800,1800
3513,5/8/2026,Tienda Norte,Papas fritas,Snacks,2,1800,3600
3513,5-8-2026,Tienda Norte,Vino tinto,ALCOHOL,1,5000,5000
3514,13-6-2026,  Tienda Mall,Mantequilla,Lácteos,1,2500,2500
3514,2026-06-13,Tienda Mall,Pan molde,Panadería,1,1800,1800
3514,13/6/2026,Tienda Mall, Yogurt ,Lácteos,1,800,800
3515,1/7/2026,Tienda Centro,Mantequilla,Lácteos,1,2500,2500
3516,2026/08/14,  Tienda Norte,Azúcar,Café/Té,2,1300,2600
3516,2026-08-14,Tienda Norte,  Esponjas,LIMPIEZA,1,1200,1200
3516,2026/08/14,Tienda Norte,Papas fritas,Snacks,2,1800,3600
3516,2026-08-14,Tienda Norte,Té,Café/Té,2,2500,5000
3517,2026-05-25,Tienda Norte,Azúcar,Café/Té,2,1300,2600
3517,2026-05-25,  Tienda Norte, Jugo naranja ,BEBIDAS,1,1600,1600
3517,2026-05-25,Tienda Norte  ,Pan hallulla,Panadería,1,1500,1500
3517,25/5/2026,  Tienda Norte,Queso,Lácteos,1,4500,4500
3517,25-05-2026,  Tienda Norte,Té,Café/Té,2,2500,5000
3517,25-05-2026,  Tienda Norte,Vino tinto,Alcohol,3,5000,15.000
3518,2026-06-09, Tienda Sur ,Cerveza,Alcohol,1,3500,3500
3518,9-6-2026,Tienda Sur, Cloro ,Limpieza,1,1400,1400
3518,9/6/2026, Tienda Sur ,Detergente,Limpieza,2,5500,11000
3518,09-06-2026,Tienda Sur,Papas fritas,SNACKS,1,1800,1800
3519,2026-07-25,Tienda Norte,Agua mineral,Bebidas,1,900,900
3519,2026-07-25,Tienda Norte,Mantequilla,Lácteos,2,2500,5000
3520,2-6-2026,Tienda Sur,Queso,lácteos,1,4500,4500
3520,2-6-2026,Tienda Sur,Vino tinto,Alcohol,1,5000,5000
3521,27/7/2026,Tienda Centro,  Cerveza,Alcohol,2,3500,7000
3521,2026-07-27,Tienda Centro  ,Papas fritas,Snacks,2,1800,3600
3521,2026/07/27,Tienda Centro,Pañales,Bebé,1,8000,8000
3521,2026/07/27,Tienda Centro,Toallitas húmedas,Bebé,2,2200,4400
3522,2026-06-23,Tienda Mall,Cerveza,ALCOHOL,1,3500,3500
3522,2026-06-23,Tienda Mall,Cloro,Limpieza,1,1400,1400
3522,23-06-2026, Tienda Mall ,Papas fritas,Snacks,1,1800,1800
3523,2026-06-04,Tienda Sur,Mantequilla,Lácteos,1,2500,2500
3523,4-6-2026,Tienda Sur  ,Pañales,bebé,2,8000,16.000
3523,2026-06-04,Tienda Sur,Toallitas húmedas,bebé,1,2200,2200
3523,4/6/2026,Tienda Sur,Té,Café/Té,3,2500,7500
3524,2026-07-12,Tienda Sur,Toallitas húmedas,Bebé,2,2200,4400
3524,12-7-2026,Tienda Sur,Vino tinto,alcohol,1,5000,5000
3525,2026/07/02,Tienda Centro,Esponjas,Limpieza,1,1200,1200
3525,2026-07-02,Tienda Centro,Mantequilla,LÁCTEOS,2,2500,5000
3525,2026/07/02,Tienda Centro,Té,café/té,1,2500,2500
3526,2026/07/17,Tienda Mall,Agua mineral,Bebidas,1,900,900
3526,17-07-2026,Tienda Mall,Cerveza,Alcohol,1,3500,3500
3526,17-7-2026,Tienda Mall,Pañales,Bebé,2,8000,16000
3526,2026-07-17,Tienda Mall,Queso,Lácteos,2,4500,9000
3526,2026-07-17,Tienda Mall,Vino tinto,Alcohol,2,5000,10000
3526,2026-07-17,  Tienda Mall,Yogurt  ,lácteos,,800,800
3527,2026-08-05,Tienda Mall,Azúcar,Café/Té,1,1300,1300
3527,5/8/2026,Tienda Mall,Café,Café/Té,2,4000,8000
3527,5/8/2026,Tienda Mall,  Pan hallulla,Panadería,1,1500,1500
3527,5-8-2026,Tienda Mall,Pan molde,PANADERÍA,1,1800,1800
3528,2026/06/03,Tienda Mall,Cloro,Limpieza,1,1400,1400
3528,2026-06-03,Tienda Mall, Queso ,Lácteos,2,4500,9000
3529,13/8/2026,Tienda Mall, Cerveza ,Alcohol,2,3500,7000
3529,13/8/2026,Tienda Mall,Maní,Snacks,3,1200,3600
3529,13/8/2026,Tienda Mall,  Papas fritas,Snacks,2,1800,3600
3530,2026-07-15,Tienda Mall,  Mantequilla,Lácteos,2,2500,5000
3530,15-07-2026,Tienda Mall, Pan molde ,Panadería,3,1800,5400
3530,2026-07-15,  Tienda Mall,Papas fritas,Snacks,1,1800,1800
3531,2026-08-15,Tienda Mall,Croissant,PANADERÍA,3,900,2700
3531,15-8-2026,Tienda Mall,Queso,Lácteos,2,4500,9000
3532,04-06-2026, Tienda Norte ,Azúcar,Café/Té,1,1300,1300
3532,2026/06/04,Tienda Norte,Café,Café/Té,2,4000,8000
3532,2026-06-04,Tienda Norte, Detergente ,Limpieza,1,5500,5500
3532,4/6/2026,  Tienda Norte,Esponjas,Limpieza,1,1200,1200
3533,2026-07-03,Tienda Sur,Azúcar  ,Café/Té,3,1300,3900
3533,2026/07/03,Tienda Sur,Leche  ,Lácteos,1,1200,1200
3533,2026-07-03,Tienda Sur,Maní,Snacks,1,1200,1200
3533,3-7-2026,Tienda Sur,Yogurt,Lácteos,2,800,1600
3534,2026/08/13,Tienda Mall,Maní,SNACKS,1,1200,1200
3534,2026-08-13,Tienda Mall,Pan hallulla,panadería,3,1500,4500
3534,2026-08-13,Tienda Mall,Té,Café/Té,2,2500,5000
3535,1/6/2026,Tienda Centro,Esponjas,Limpieza,1,1200,1200
3535,2026-06-01,Tienda Centro,Mantequilla,Lácteos,2,2500,5000
3535,1-6-2026, Tienda Centro ,Pan hallulla,Panadería,1,1500,1500
3535,1-6-2026,Tienda Centro,Queso,Lácteos,1,4500,4500
3536,2026-06-10,Tienda Centro,  Bebida cola,BEBIDAS,2,1500,3000
3536,2026-06-10,Tienda Centro,Galletas,SNACKS,1,1000,1000
3536,2026-06-10,Tienda Centro,Pañales,Bebé,3,8000,24000
3536,10-06-2026,Tienda Centro,Toallitas húmedas,Bebé,2,2200,4400
3537,2026-08-14,Tienda Mall,Pañales,BEBÉ,3,8000,24000
3538,29/7/2026,Tienda Sur,Croissant,panadería,1,900,900
3538,29/7/2026,  Tienda Sur,Mantequilla,LÁCTEOS,1,2500,2500
3538,2026-07-29,Tienda Sur,Pan hallulla,Panadería,1,1500,1500
3538,29/7/2026, Tienda Sur ,  Pan molde,Panadería,1,1800,1800
3539,2026-07-11,Tienda Sur,Toallitas húmedas  ,bebé,2,2200,4400
3540,2026-08-16,Tienda Norte,Bebida cola,BEBIDAS,1,1500,1500
3540,16-08-2026,Tienda Norte,Cerveza,Alcohol,2,3500,7000
3540,2026-08-16, Tienda Norte ,Maní,Snacks,1,1200,1200
3540,2026/08/16,Tienda Norte,Pañales,Bebé,1,8000,8000
3540,2026-08-16,Tienda Norte  ,Toallitas húmedas,Bebé,1,2200,2200
3541,12-08-2026,Tienda Centro, Queso ,Lácteos,1,4500,4500
3541,2026-08-12,Tienda Centro,Toallitas húmedas,Bebé,1,2200,2200
3542,2026-07-17,Tienda Centro,Galletas,Snacks,1,1000,1000
3542,17/7/2026,Tienda Centro  ,Maní,Snacks,2,1200,2400
3542,17-07-2026,Tienda Centro,Papas fritas,Snacks,2,1800,3600
3543,07-06-2026,Tienda Centro,Jugo naranja,Bebidas,1,1600,1600
3543,7-6-2026,Tienda Centro,Té,Café/Té,1,2500,2500
3544,2026-07-11,Tienda Mall,Agua mineral  ,Bebidas,2,900,1800
3544,11/7/2026,Tienda Mall,Mantequilla,Lácteos,1,2500,2500
3545,25/6/2026,  Tienda Centro,Azúcar,Café/Té,1,1300,1300
3545,25-06-2026,Tienda Centro  ,Cloro,LIMPIEZA,1,1400,1400
3545,25-06-2026,Tienda Centro,Detergente,Limpieza,2,5500,11000
3546,2026-07-12,Tienda Norte  ,Cerveza,Alcohol,2,3500,7000
3546,2026-07-12,Tienda Norte,Detergente,LIMPIEZA,1,5500,5500
3546,12-7-2026,Tienda Norte,  Maní,Snacks,1,1200,1200
3546,2026-07-12,Tienda Norte,Papas fritas,Snacks,1,1800,1800
3547,2026/07/27,Tienda Mall,  Agua mineral,bebidas,2,900,1800
3547,2026/07/27,Tienda Mall,Jugo naranja  ,Bebidas,1,1600,1600
3547,2026-07-27,Tienda Mall,  Papas fritas,snacks,2,1800,3600
3548,2026-08-07,  Tienda Sur,Cerveza,Alcohol,1,3500,3500
3548,7/8/2026,Tienda Sur  ,Maní,Snacks,1,1200,1200
3548,7-8-2026,Tienda Sur,Papas fritas,Snacks,3,1800,5400
3549,2026-08-09, Tienda Mall ,  Azúcar,Café/Té,1,1300,1300
3549,2026-08-09, Tienda Mall , Pan molde ,Panadería,1,1800,1800
3549,2026-08-09, Tienda Mall ,Pañales,Bebé,3,8000,24000
3549,2026-08-09,Tienda Mall,Toallitas húmedas,Bebé,1,2200,2200
3550,2026-06-05,Tienda Norte,Bebida cola,Bebidas,1,1500,1500
3550,2026-06-05,Tienda Norte,  Mantequilla,Lácteos,1,2500,2500
3550,5-6-2026,Tienda Norte,Pañales,Bebé,1,8000,8000
3550,2026-06-05,Tienda Norte,Toallitas húmedas,Bebé,1,2200,2200
3551,2026/05/27,Tienda Norte  ,  Bebida cola,bebidas,1,1500,1500
3551,27/5/2026,Tienda Norte,Café,CAFÉ/TÉ,2,4000,8000
3551,27-5-2026,Tienda Norte,Papas fritas,SNACKS,1,1800,1800
3552,2026-07-12,Tienda Mall,Azúcar,Café/Té,1,1300,1300
3552,12-7-2026,Tienda Mall,Café,CAFÉ/TÉ,2,4000,8000
3552,2026/07/12,Tienda Mall, Cerveza ,Alcohol,1,3500,3500
3552,12/7/2026,Tienda Mall,Esponjas,Limpieza,2,1200,2400
3552,2026/07/12,Tienda Mall,Galletas,Snacks,1,1000,1000
3552,2026-07-12,Tienda Mall,Papas fritas,Snacks,1,1800,1800
3552,2026-07-12,  Tienda Mall,Té,Café/Té,1,2500,2500
3553,2026/07/07,Tienda Mall,Azúcar,Café/Té,1,1300,1300
3553,2026-07-07,Tienda Mall,Cloro,limpieza,2,1400,2800
3554,2026-07-03,Tienda Centro,Detergente,Limpieza,1,5500,5500
3554,3/7/2026,Tienda Centro  ,Mantequilla,LÁCTEOS,1,2500,2500
3554,3-7-2026,Tienda Centro,Papas fritas,Snacks,1,1800,1800
3555,2026-06-17,Tienda Mall,Galletas,Snacks,1,1000,1000
3555,2026-06-17,Tienda Mall,  Mantequilla,Lácteos,1,2500,2500
3555,17-06-2026,Tienda Mall  ,Pan hallulla,Panadería,1,1500,1500
3555,2026/06/17,Tienda Mall,Queso,Lácteos,1,4500,4500
3555,17/6/2026,Tienda Mall,Vino tinto,Alcohol,1,5000,5000
3555,17-6-2026,Tienda Mall,Yogurt,LÁCTEOS,1,800,800
3556,16-8-2026,Tienda Mall,Esponjas,Limpieza,,1200,1200
3556,16-08-2026,Tienda Mall,Galletas,Snacks,1,1000,1000
3557,2026/05/27,Tienda Norte,Cloro,Limpieza,1,1400,1400
3557,2026-05-27,  Tienda Norte,Detergente  ,Limpieza,1,5500,5500
3557,2026-05-27,Tienda Norte,Pañales  ,Bebé,1,8000,8000
3557,2026-05-27,Tienda Norte,Toallitas húmedas,Bebé,1,2200,2200
3558,2026-06-18,Tienda Sur, Azúcar ,Café/Té,2,1300,2600
3558,2026-06-18, Tienda Sur ,Cerveza,ALCOHOL,2,3500,7000
3558,2026-06-18, Tienda Sur ,Pan hallulla,Panadería,1,1500,1500
3559,2026-07-20,Tienda Mall,Queso,Lácteos,2,4500,9000
3559,2026-07-20,Tienda Mall,Yogurt,Lácteos,1,800,800
3560,2026-08-17,Tienda Centro,Azúcar,café/té,1,1300,1300
3560,2026-08-17,Tienda Centro, Mantequilla ,Lácteos,1,2500,2500
3560,2026-08-17,Tienda Centro,Queso,Lácteos,3,4500,13.500
3561,24/7/2026,Tienda Centro  ,Azúcar,CAFÉ/TÉ,1,1300,1300
3561,2026-07-24,Tienda Centro  ,Café,Café/Té,2,4000,8000
3561,2026-07-24,Tienda Centro,Pan hallulla,Panadería,1,1500,1500
3561,2026/07/24,Tienda Centro,  Queso,Lácteos,2,4500,9000
3561,24-7-2026,  Tienda Centro,Vino tinto,alcohol,1,5000,5000
3562,2026-08-08, Tienda Centro ,Azúcar,Café/Té,1,1300,1300
3562,2026-08-08,Tienda Centro, Café ,Café/Té,1,4000,4000
3562,8-8-2026,Tienda Centro  ,Galletas,Snacks,3,1000,3000
3562,2026-08-08,Tienda Centro,  Mantequilla,Lácteos,2,2500,5000
3563,17-6-2026,Tienda Sur  ,Jugo naranja,Bebidas,2,1600,3200
3563,17-6-2026,Tienda Sur  ,Mantequilla,Lácteos,2,2500,5000
3563,2026-06-17,Tienda Sur,Pan hallulla,Panadería,1,1500,1500
3563,2026-06-17,Tienda Sur,Queso,Lácteos,1,4500,4500
3563,2026-06-17,Tienda Sur,Té,Café/Té,1,2500,2500
3564,2026-05-22,Tienda Norte,Leche,Lácteos,1,1200,1200
3564,22-5-2026,Tienda Norte,Mantequilla,Lácteos,1,2500,2500
3564,2026/05/22,Tienda Norte,Papas fritas  ,Snacks,1,1800,1800
3565,2026-06-15,Tienda Mall,Galletas,Snacks,1,1000,1000
3566,2026-06-09,Tienda Centro,Croissant,Panadería,1,900,900
3566,2026-06-09,Tienda Centro, Toallitas húmedas ,BEBÉ,1,2200,2200
3567,2026-06-01,Tienda Norte,Maní,Snacks,1,1200,1200
3567,1-6-2026,Tienda Norte,Queso  ,Lácteos,1,4500,4500
3567,2026-06-01,Tienda Norte,Vino tinto,Alcohol,1,5000,5000
3568,12/7/2026,Tienda Sur, Maní ,Snacks,1,1200,1200
3568,2026-07-12,Tienda Sur,Pan molde,Panadería,1,1800,1800
3568,2026-07-12,Tienda Sur,Queso,Lácteos,1,4500,4500
3569,2026-06-07,Tienda Centro,Café,Café/Té,1,4000,4000
3569,2026-06-07,  Tienda Centro,Detergente,limpieza,3,5500,16500
3569,2026-06-07,Tienda Centro  ,Esponjas,Limpieza,2,1200,2400
3569,2026-06-07,Tienda Centro,Galletas,Snacks,2,1000,2000
3569,2026/06/07,Tienda Centro,  Papas fritas,SNACKS,2,1800,3600
3570,2026-07-15,Tienda Mall,Pañales,Bebé,1,8000,8000
3570,15-7-2026, Tienda Mall ,Toallitas húmedas,bebé,1,2200,2200
3571,12-6-2026,Tienda Centro  ,Croissant  ,Panadería,2,900,1800
3571,2026-06-12,Tienda Centro,Galletas,Snacks,1,1000,1000
3571,2026/06/12, Tienda Centro ,Papas fritas,Snacks,2,1800,3600
3572,2026/06/20,Tienda Sur,Bebida cola,Bebidas,2,1500,3000
3572,2026-06-20,Tienda Sur,Papas fritas,Snacks,1,1800,1800
3572,20-6-2026,Tienda Sur,  Pañales,BEBÉ,1,8000,8000
3572,2026-06-20,Tienda Sur,Queso,Lácteos,1,4500,4500
3573,2026-06-30,Tienda Centro,Café,Café/Té,2,4000,8000
3573,2026-06-30,Tienda Centro,  Cerveza,Alcohol,2,3500,7000
3573,2026-06-30,Tienda Centro,  Maní,Snacks,1,1200,1200
3573,30/6/2026,Tienda Centro,Papas fritas,SNACKS,1,1800,1800
3574,2026-06-12,Tienda Mall,Cerveza,Alcohol,1,3500,3500
3574,2026-06-12,Tienda Mall,Maní,Snacks,1,1200,1200
3574,12-06-2026,Tienda Mall,Té,Café/Té,1,2500,2500
3575,29/5/2026,Tienda Centro,Azúcar,Café/Té,1,1300,1300
3575,2026-05-29,Tienda Centro, Jugo naranja ,Bebidas,2,1600,3200
3576,2026-06-02,Tienda Centro,Jugo naranja  ,BEBIDAS,2,1600,3200
3576,2026-06-02,Tienda Centro,Papas fritas,Snacks,2,1800,3600
3576,2026/06/02,Tienda Centro  ,Queso,Lácteos,1,4500,4500
3577,13/7/2026,Tienda Norte,  Azúcar,Café/Té,2,1300,2600
3577,2026-07-13,Tienda Norte,  Café,café/té,2,4000,8000
3577,2026-07-13,Tienda Norte,Cerveza,Alcohol,1,3500,3500
3577,13/7/2026,Tienda Norte,Maní  ,Snacks,2,1200,2400
3577,2026/07/13,Tienda Norte,Pan molde,Panadería,1,1800,1800
3578,17/7/2026,Tienda Mall, Cloro ,Limpieza,1,1400,1400
3578,17-7-2026,Tienda Mall,Detergente,LIMPIEZA,3,5500,16500
3579,24-6-2026,Tienda Mall,Yogurt,Lácteos,1,800,800
3580,2026-08-18,Tienda Norte,Bebida cola,Bebidas,3,1500,4500
3580,18-8-2026,Tienda Norte,Cloro  ,Limpieza,1,1400,1400
3581,01-08-2026,Tienda Mall,Detergente,Limpieza,1,5500,5500
3582,2026-06-03,Tienda Mall,Galletas,snacks,1,1000,1000
3582,2026-06-03,Tienda Mall,Queso,Lácteos,1,4500,4500
3582,2026-06-03, Tienda Mall ,Vino tinto,Alcohol,2,5000,10000
3583,2026/08/17, Tienda Norte ,Esponjas,Limpieza,1,1200,1200
3584,2026-05-28,Tienda Sur,Croissant,Panadería,1,900,900
3584,28-05-2026,Tienda Sur,Papas fritas,Snacks,1,1800,1800
3584,2026/05/28,Tienda Sur,Pañales,Bebé,1,8000,8000
3584,2026-05-28,Tienda Sur,Toallitas húmedas,BEBÉ,1,2200,2200
3585,2026-07-08,Tienda Sur,Mantequilla,Lácteos,1,2500,2500
3585,08-07-2026,Tienda Sur,Pan molde,Panadería,2,1800,3600
3585,2026/07/08,Tienda Sur,Queso,lácteos,2,4500,9000
3585,2026-07-08,Tienda Sur,Toallitas húmedas,Bebé,1,2200,2200
3585,2026-07-08,Tienda Sur,Té,café/té,3,2500,7500
3586,2026/07/05,Tienda Norte, Cerveza ,Alcohol,1,3500,3500
3586,2026-07-05,Tienda Norte,Pañales,Bebé,1,8000,8000
3586,2026-07-05,Tienda Norte,Queso,Lácteos,1,4500,4500
3586,2026-07-05,Tienda Norte,Toallitas húmedas,Bebé,1,2200,2200
3586,5/7/2026,Tienda Norte,Vino tinto,alcohol,1,5000,5000
3587,2026-08-11,Tienda Sur,Detergente,LIMPIEZA,2,5500,11000
3587,2026-08-11, Tienda Sur ,  Yogurt,Lácteos,1,800,800
3588,2026-06-06,Tienda Mall,Azúcar,CAFÉ/TÉ,1,1300,1300
3588,2026-06-06,  Tienda Mall,Croissant,Panadería,2,900,1800
3588,6-6-2026,Tienda Mall,Leche  ,Lácteos,1,1200,1200
3589,2026-06-05,Tienda Centro,Bebida cola,bebidas,1,1500,1500
3589,5/6/2026,Tienda Centro,Cerveza  ,alcohol,1,3500,3500
3589,05-06-2026,Tienda Centro,Maní  ,Snacks,2,1200,2400
3589,2026-06-05,Tienda Centro,Pan molde,Panadería,3,1800,5400
3589,5-6-2026,Tienda Centro,  Pañales,Bebé,1,8000,8000
3590,11/7/2026,Tienda Norte  ,Cloro,Limpieza,1,1400,1400
3590,2026-07-11,Tienda Norte,  Vino tinto,ALCOHOL,1,5000,5000
3591,2026-07-22,Tienda Mall,Agua mineral,Bebidas,1,900,900
3591,22-07-2026,Tienda Mall,Cloro,Limpieza,1,1400,1400
3591,22-7-2026, Tienda Mall ,Croissant,panadería,1,900,900
3592,2026-06-06,Tienda Centro  ,Cerveza,Alcohol,2,3500,7000
3592,2026-06-06,Tienda Centro,Papas fritas,snacks,2,1800,3600
3593,2026-06-29,Tienda Mall, Azúcar ,Café/Té,3,1300,3900
3593,2026-06-29,  Tienda Mall,Café  ,Café/Té,1,4000,4000
3594,2026-08-18,  Tienda Centro,Mantequilla,Lácteos,1,2500,2500
3594,18/8/2026,Tienda Centro,Pan hallulla,Panadería,1,1500,1500
3594,18/8/2026,Tienda Centro,Queso,LÁCTEOS,2,4500,9000
3594,2026/08/18,Tienda Centro,Vino tinto,Alcohol,2,5000,10000
3594,2026-08-18,Tienda Centro,Yogurt  ,Lácteos,1,800,800
3595,2026-08-13,Tienda Mall,Azúcar,Café/Té,1,1300,1300
3595,13-8-2026,Tienda Mall  ,Cloro,Limpieza,1,1400,1400
3595,13-08-2026,Tienda Mall,Toallitas húmedas,BEBÉ,1,2200,2200
3595,2026-08-13,Tienda Mall,Té,CAFÉ/TÉ,1,2500,2500
3596,24-06-2026,Tienda Mall  ,Azúcar,Café/Té,1,1300,1300
3596,24-06-2026,Tienda Mall,Queso,Lácteos,,4500,4500
3596,24-6-2026,Tienda Mall,  Vino tinto,Alcohol,2,5000,10000
3597,23-06-2026,Tienda Mall,Azúcar,Café/Té,,1300,1300
3597,2026-06-23,Tienda Mall,Café,Café/Té,1,4000,4000
3597,2026-06-23,Tienda Mall,Galletas,Snacks,1,1000,1000
3597,2026-06-23,Tienda Mall,Jugo naranja,bebidas,1,1600,1600
3597,2026/06/23,Tienda Mall,Toallitas húmedas,Bebé,1,2200,2200
3598,2026-06-17,Tienda Norte, Pañales ,bebé,1,8000,8000
3598,17/6/2026,  Tienda Norte, Toallitas húmedas ,Bebé,1,2200,2200
3599,25/5/2026,Tienda Centro  ,Esponjas,Limpieza,1,1200,1200
3599,2026-05-25,Tienda Centro,Pan hallulla,panadería,1,1500,1500
3599,2026/05/25,Tienda Centro,  Papas fritas,Snacks,2,1800,3600
3600,4-6-2026,  Tienda Centro,Cerveza,Alcohol,1,3500,3500
3600,4/6/2026,Tienda Centro,Pañales,Bebé,1,8000,8000
3600,2026/06/04,Tienda Centro,Queso,Lácteos,1,4500,4500
3600,2026-06-04,Tienda Centro, Toallitas húmedas ,Bebé,1,2200,2200
3601,2026-07-31,Tienda Norte,Cloro,Limpieza,2,1400,2800
3601,2026-07-31,Tienda Norte,Detergente,Limpieza,2,5500,11000
3601,31-7-2026,  Tienda Norte,Esponjas,Limpieza,1,1200,1200
3602,2026-06-19,  Tienda Norte,Cerveza,Alcohol,1,3500,3500
3602,19-06-2026,Tienda Norte,Maní,SNACKS,1,1200,1200
3602,2026-06-19,Tienda Norte,Papas fritas,Snacks,2,1800,3600
3602,2026-06-19,Tienda Norte,Yogurt,Lácteos,3,800,2400
3603,22-6-2026,Tienda Mall  ,Leche,Lácteos,1,1200,1200
3603,2026/06/22,Tienda Mall, Yogurt ,Lácteos,1,800,800
3604,2026-08-14,Tienda Norte, Leche ,Lácteos,1,1200,1200
3604,14-08-2026,Tienda Norte,  Queso,Lácteos,1,4500,4500
3604,14/8/2026,Tienda Norte,Vino tinto,ALCOHOL,1,5000,5000
3605,2026-08-03,Tienda Norte, Detergente ,Limpieza,2,5500,11.000
3606,2026-05-22,Tienda Norte,Agua mineral,Bebidas,2,900,1800
3606,22-5-2026,Tienda Norte,Cloro,Limpieza,2,1400,2800
3607,2026-07-07,Tienda Centro  ,Café,CAFÉ/TÉ,2,4000,8000
3607,7/7/2026,Tienda Centro, Esponjas ,Limpieza,1,1200,1200
3608,18-07-2026,  Tienda Sur,Cloro,Limpieza,1,1400,1400
3608,2026-07-18,Tienda Sur,Mantequilla,Lácteos,1,2500,2500
3609,2026-06-30,  Tienda Norte,Azúcar,Café/Té,1,1300,1300
3609,2026-06-30,Tienda Norte,Esponjas,Limpieza,1,1200,1200
3609,2026-06-30,Tienda Norte,Té,Café/Té,1,2500,2500
3610,2026/08/04,Tienda Norte, Galletas ,Snacks,2,1000,2000
3610,04-08-2026,Tienda Norte  ,Pan hallulla,Panadería,1,1500,1500
3610,2026-08-04,Tienda Norte,Yogurt,lácteos,1,800,800
3611,7-7-2026, Tienda Mall ,Maní,snacks,,1200,1200
3611,07-07-2026,Tienda Mall,Toallitas húmedas,Bebé,1,2200,2200
3611,2026-07-07,Tienda Mall,Yogurt,Lácteos,1,800,800
3612,2026-07-28,Tienda Mall,Azúcar  ,Café/Té,2,1300,2600
3612,28-07-2026,Tienda Mall,  Galletas,Snacks,1,1000,1000
3612,28/7/2026,Tienda Mall,Mantequilla,LÁCTEOS,3,2500,7500
3612,28/7/2026,Tienda Mall,Pan molde,Panadería,1,1800,1800
3612,2026/07/28,Tienda Mall  ,  Té,Café/Té,1,2500,2500
3613,2026-06-03,Tienda Centro  ,Croissant,panadería,2,900,1800
3613,3/6/2026,Tienda Centro,Jugo naranja,Bebidas,1,1600,1600
3613,2026-06-03,Tienda Centro,Mantequilla,Lácteos,1,2500,2500
3613,2026-06-03,Tienda Centro,Pan molde,Panadería,1,1800,1800
3614,03-08-2026,Tienda Norte,Mantequilla,Lácteos,1,2500,2500
3614,2026-08-03,Tienda Norte,Pan molde,Panadería,1,1800,1800
3615,2026/08/10,Tienda Mall,Cloro,Limpieza,2,1400,2800
3615,10/8/2026,Tienda Mall,Detergente,limpieza,1,5500,5500
3615,10-8-2026,Tienda Mall,Esponjas,Limpieza,1,1200,1200
3615,10/8/2026,  Tienda Mall,Leche,Lácteos,,1200,1200
3615,2026-08-10,Tienda Mall,Toallitas húmedas,Bebé,3,2200,6600
3616,2026/06/16,Tienda Sur, Cloro ,Limpieza,1,1400,1400
3616,2026-06-16,  Tienda Sur,Croissant,Panadería,1,900,900
3616,2026-06-16,Tienda Sur,Detergente,Limpieza,1,5500,5500
3616,2026/06/16,Tienda Sur,Leche,Lácteos,1,1200,1200
3617,11-8-2026,Tienda Centro,Cloro,Limpieza,1,1400,1400
3617,2026/08/11,Tienda Centro,Jugo naranja,Bebidas,1,1600,1600
3617,11-8-2026,Tienda Centro,Maní,Snacks,2,1200,2400
3618,2026/07/02,Tienda Sur,Pan molde,Panadería,2,1800,3600
3618,2026-07-02,Tienda Sur,Yogurt,lácteos,1,800,800
3619,2026/06/22,Tienda Mall,Esponjas,Limpieza,1,1200,1200
3619,2026/06/22,Tienda Mall,Mantequilla,Lácteos,1,2500,2500
3619,2026-06-22,Tienda Mall,Yogurt,Lácteos,1,800,800
3620,31-5-2026,Tienda Mall,Bebida cola,Bebidas,1,1500,1500
3620,2026-05-31, Tienda Mall ,Jugo naranja,BEBIDAS,1,1600,1600
3620,31-5-2026,Tienda Mall,Papas fritas,Snacks,3,1800,5400
3621,2026-08-08,Tienda Sur,Agua mineral,Bebidas,1,900,900
3621,2026-08-08,Tienda Sur,Azúcar,CAFÉ/TÉ,2,1300,2600
3621,8-8-2026,Tienda Sur,Café,Café/Té,1,4000,4000
3621,2026-08-08,Tienda Sur, Cloro ,Limpieza,1,1400,1400
3622,2026/05/30,Tienda Centro,Leche,Lácteos,1,1200,1200
3622,2026-05-30,Tienda Centro,Queso,Lácteos,1,4500,4500
3622,30-5-2026,Tienda Centro,Vino tinto,Alcohol,1,5000,5000
3623,2026-05-31,Tienda Norte,Yogurt,Lácteos,1,800,800
3624,2026-08-10,Tienda Centro,  Croissant,PANADERÍA,1,900,900
3624,10/8/2026,  Tienda Centro,Papas fritas,Snacks,1,1800,1800
3625,2026-08-06,Tienda Sur  , Cloro ,LIMPIEZA,1,1400,1400
3625,2026-08-06,Tienda Sur  ,Croissant,Panadería,,900,2700
3626,2026-07-02,Tienda Sur,Queso,Lácteos,1,4500,4500
3627,2026/07/15, Tienda Mall ,Mantequilla,Lácteos,1,2500,2500
3627,2026/07/15,Tienda Mall,Pan molde,Panadería,3,1800,5400
3628,2026-07-02,Tienda Mall,Azúcar,Café/Té,1,1300,1300
3628,2026-07-02,Tienda Mall,Cerveza,ALCOHOL,2,3500,7000
3628,2/7/2026,Tienda Mall,Leche,Lácteos,,1200,1200
3628,2/7/2026,Tienda Mall  ,Papas fritas,Snacks,1,1800,1800
3629,2026-07-02,  Tienda Norte,Jugo naranja,bebidas,2,1600,3200
3629,2026/07/02,Tienda Norte  , Pañales ,Bebé,1,8000,8000
3629,2026-07-02,Tienda Norte,Toallitas húmedas,BEBÉ,1,2200,2200
3629,2026/07/02,Tienda Norte,Yogurt,LÁCTEOS,1,800,800
3630,2026-08-02,Tienda Sur,Jugo naranja,Bebidas,1,1600,1600
3630,2/8/2026,Tienda Sur,Leche,LÁCTEOS,2,1200,2400
3631,2026-06-17,Tienda Sur,Papas fritas,Snacks,1,1800,1800
3631,2026-06-17,Tienda Sur, Pañales ,Bebé,1,8000,8000
3631,2026-06-17,Tienda Sur,Queso,lácteos,1,4500,4500
3631,17-6-2026,Tienda Sur,Toallitas húmedas,BEBÉ,1,2200,2200
3632,2026-06-10, Tienda Centro ,Jugo naranja,Bebidas,2,1600,3200
3633,2026-06-09,Tienda Centro,Detergente,limpieza,1,5500,5500
3633,9/6/2026,Tienda Centro  ,Jugo naranja,Bebidas,1,1600,1600
3633,2026-06-09, Tienda Centro ,Té,CAFÉ/TÉ,1,2500,2500
3634,8/8/2026,Tienda Sur,Azúcar  ,Café/Té,1,1300,1300
3634,2026/08/08,  Tienda Sur,Esponjas,LIMPIEZA,1,1200,1200
3635,2026-08-05,Tienda Centro, Galletas ,Snacks,2,1000,2000
3635,2026-08-05,Tienda Centro,Papas fritas  ,Snacks,1,1800,1800
3636,6/8/2026,Tienda Centro, Agua mineral ,bebidas,3,900,2700
3636,2026/08/06,  Tienda Centro,  Detergente,Limpieza,1,5500,5500
3636,6-8-2026,Tienda Centro,Esponjas  ,Limpieza,1,1200,1200
3636,06-08-2026,Tienda Centro,Jugo naranja,Bebidas,1,1600,1600
3637,2026/08/12,Tienda Centro  ,  Leche,Lácteos,1,1200,1200
3637,2026/08/12,Tienda Centro,Pan hallulla,Panadería,1,1500,1500
3637,2026-08-12,Tienda Centro,Queso,lácteos,2,4500,9000
3638,2026-07-28,Tienda Norte,Bebida cola,BEBIDAS,3,1500,4500
3638,2026-07-28,Tienda Norte, Jugo naranja ,Bebidas,3,1600,4800
3638,2026-07-28,  Tienda Norte,Yogurt,Lácteos,,800,1600
3639,2026-06-08,Tienda Sur,Café,Café/Té,3,4000,12000
3639,2026-06-08, Tienda Sur ,Papas fritas,Snacks,1,1800,1800
3640,07-06-2026,Tienda Sur,Agua mineral,BEBIDAS,1,900,900
3640,7-6-2026,Tienda Sur,Yogurt,Lácteos,,800,800
3641,2026-05-26,Tienda Mall,Jugo naranja,Bebidas,2,1600,3200
3641,2026-05-26,Tienda Mall,Pan molde  ,Panadería,1,1800,1800
3642,10-8-2026,Tienda Mall,Esponjas,Limpieza,2,1200,2400
3642,2026-08-10,Tienda Mall,Maní,SNACKS,1,1200,1200
3642,10/8/2026,Tienda Mall,Papas fritas,snacks,3,1800,5400
3643,2026-08-18,Tienda Mall  ,Croissant  ,Panadería,1,900,900
3643,2026-08-18,Tienda Mall,  Mantequilla,LÁCTEOS,1,2500,2500
3644,12-06-2026,Tienda Sur  ,Bebida cola,Bebidas,1,1500,1500
3644,12/6/2026,Tienda Sur, Pan hallulla ,panadería,2,1500,3000
3644,12/6/2026,Tienda Sur,Pan molde  ,Panadería,2,1800,3600
3644,12-6-2026,Tienda Sur,Papas fritas,Snacks,2,1800,3600
3645,23/7/2026,Tienda Norte,Galletas,SNACKS,1,1000,1000
3645,2026-07-23,  Tienda Norte,Mantequilla,Lácteos,1,2500,2500
3646,2026-07-04,Tienda Sur,  Azúcar,café/té,1,1300,1300
3646,2026/07/04,Tienda Sur,Cloro,Limpieza,1,1400,1400
3646,04-07-2026,  Tienda Sur,Maní,Snacks,1,1200,1200
3647,2026-07-15,Tienda Norte,Cerveza  ,Alcohol,1,3500,3500
3647,15/7/2026,Tienda Norte,Esponjas,Limpieza,1,1200,1200
3647,2026/07/15,Tienda Norte,Papas fritas  ,Snacks,2,1800,3600
3648,25/7/2026,Tienda Norte,  Cloro,LIMPIEZA,1,1400,1400
3648,25/7/2026,Tienda Norte, Detergente ,Limpieza,1,5500,5500
3648,2026-07-25,Tienda Norte,Queso,lácteos,1,4500,4500
3648,25/7/2026,  Tienda Norte,Yogurt,Lácteos,3,800,2400
3649,2026-05-26,Tienda Sur,Bebida cola,Bebidas,2,1500,3000
3650,2026-08-12,Tienda Norte,Toallitas húmedas  ,Bebé,1,2200,2200
3651,3-8-2026,Tienda Norte  ,Croissant,Panadería,2,900,1800
3652,2026-08-16,Tienda Norte,Cerveza,Alcohol,2,3500,7000
3652,16-8-2026,Tienda Norte,Cloro,Limpieza,3,1400,4200
3652,2026-08-16, Tienda Norte ,  Detergente,Limpieza,3,5500,16500
3652,2026-08-16,Tienda Norte,Maní,Snacks,1,1200,1200
3652,2026-08-16,  Tienda Norte,Queso,Lácteos,1,4500,4500
3653,2026-05-21,Tienda Sur,Cloro,Limpieza,1,1400,1400
3653,21-5-2026,Tienda Sur,Pañales,Bebé,2,8000,16000
3653,21/5/2026,  Tienda Sur,Toallitas húmedas,Bebé,1,2200,2200
3654,2026/07/24,Tienda Mall,Croissant  ,Panadería,1,900,900
3654,24-7-2026,Tienda Mall,Mantequilla,Lácteos,3,2500,7500
3654,24-7-2026,  Tienda Mall,Maní,snacks,2,1200,2400
3655,2026-08-03, Tienda Sur ,Agua mineral,Bebidas,1,900,900
3656,5-7-2026,Tienda Sur, Pañales ,Bebé,2,8000,16000
3656,2026-07-05,Tienda Sur,Queso,LÁCTEOS,2,4500,9000
3656,5/7/2026,Tienda Sur,Toallitas húmedas,Bebé,2,2200,4400
3656,2026-07-05,Tienda Sur,Vino tinto,Alcohol,1,5000,5000
3656,2026-07-05,Tienda Sur,Yogurt,Lácteos,1,800,800
3657,2026-06-02,Tienda Mall  ,  Esponjas,Limpieza,2,1200,2400
3657,2/6/2026,Tienda Mall,Queso,Lácteos,3,4500,13500
3657,2026-06-02,Tienda Mall  ,Vino tinto,Alcohol,1,5000,5000
3658,2026-08-05,Tienda Mall,Cerveza,Alcohol,2,3500,7000
3658,5/8/2026,Tienda Mall,Leche  ,Lácteos,1,1200,1200
3659,11-07-2026,Tienda Sur,Agua mineral  ,Bebidas,1,900,900
3659,11-07-2026,Tienda Sur,Cerveza,Alcohol,1,3500,3500
3659,2026-07-11, Tienda Sur ,Mantequilla,lácteos,1,2500,2500
3659,11/7/2026,Tienda Sur,Pan molde,Panadería,2,1800,3600
3659,2026-07-11, Tienda Sur ,Queso,Lácteos,2,4500,9000
3660,2026/07/19,Tienda Centro,Cloro,Limpieza,1,1400,1400
3660,2026/07/19,  Tienda Centro,Detergente,LIMPIEZA,1,5500,5500
3660,2026-07-19,  Tienda Centro,Esponjas,Limpieza,2,1200,2400
3660,19/7/2026,Tienda Centro,Queso,Lácteos,2,4500,9000
3660,2026-07-19,  Tienda Centro,Yogurt,Lácteos,2,800,1600
3661,2026-08-12,Tienda Norte,  Cloro,LIMPIEZA,1,1400,1400
3661,2026/08/12,Tienda Norte  ,Jugo naranja,Bebidas,1,1600,1600
3662,2026-06-30,Tienda Norte,Croissant,Panadería,2,900,1800
3662,2026/06/30,Tienda Norte,Galletas,Snacks,3,1000,3000
3662,2026-06-30,Tienda Norte,Leche  ,Lácteos,1,1200,1200
3662,30-06-2026, Tienda Norte ,Yogurt,Lácteos,2,800,1600
3663,2026-07-23,Tienda Norte,Jugo naranja,bebidas,1,1600,1600
3664,2026-06-16,Tienda Norte, Azúcar ,Café/Té,1,1300,1300
3664,16-6-2026,Tienda Norte  ,Leche,Lácteos,2,1200,2400
3664,2026-06-16,Tienda Norte,Mantequilla,Lácteos,2,2500,5000
3664,2026-06-16,Tienda Norte,Pan molde,Panadería,1,1800,1800
3664,2026-06-16,Tienda Norte,Té,Café/Té,1,2500,2500
3665,2026-05-24,Tienda Centro,Azúcar,Café/Té,1,1300,1300
3665,24-5-2026,Tienda Centro,Leche,Lácteos,1,1200,1200
3666,2026-07-13,Tienda Sur,Esponjas,Limpieza,1,1200,1200
3666,13-7-2026,  Tienda Sur,Queso,Lácteos,1,4500,4500
3666,2026-07-13,Tienda Sur  , Vino tinto ,Alcohol,1,5000,5000
3667,09-06-2026,Tienda Sur,Agua mineral,Bebidas,1,900,900
3668,2026-06-01,Tienda Mall  ,Azúcar,café/té,1,1300,1300
3668,2026/06/01,Tienda Mall  ,Té,Café/Té,1,2500,2500
3669,30-7-2026,Tienda Mall,Cloro,Limpieza,1,1400,1400
3669,2026-07-30,Tienda Mall,Detergente,LIMPIEZA,1,5500,5500
3669,2026-07-30,Tienda Mall,Esponjas,Limpieza,2,1200,2400
3669,30-07-2026,Tienda Mall, Queso ,LÁCTEOS,,4500,9000
3670,2026/06/16,Tienda Norte,Agua mineral,Bebidas,2,900,1800
3670,2026-06-16,  Tienda Norte,Detergente,Limpieza,1,5500,5500
3670,2026-06-16,Tienda Norte,  Esponjas,Limpieza,1,1200,1200
3670,2026/06/16,Tienda Norte,Jugo naranja,BEBIDAS,1,1600,1600
3670,2026-06-16,Tienda Norte,Queso,Lácteos,,4500,4500
3671,2026/05/26,Tienda Centro, Mantequilla ,LÁCTEOS,1,2500,2500
3671,2026-05-26, Tienda Centro ,  Pan molde,panadería,1,1800,1800
3671,2026-05-26,  Tienda Centro,Papas fritas,SNACKS,1,1800,1800
3672,2026/07/02,Tienda Mall, Mantequilla ,Lácteos,3,2500,7500
3672,2-7-2026, Tienda Mall ,Pan hallulla,Panadería,1,1500,1500
3673,2026-06-06,  Tienda Norte,Maní,Snacks,3,1200,3600
3673,2026-06-06,Tienda Norte, Vino tinto ,Alcohol,1,5000,5000
3674,2026-08-13, Tienda Centro ,Croissant,Panadería,1,900,900
3674,13/8/2026,Tienda Centro,Esponjas,Limpieza,2,1200,2400
3675,31-07-2026,Tienda Mall,Azúcar,Café/Té,1,1300,1300
3675,2026-07-31,Tienda Mall,Café  ,Café/Té,1,4000,4000
3675,2026-07-31,Tienda Mall,Galletas,Snacks,1,1000,1000
3675,2026-07-31, Tienda Mall ,Maní,Snacks,1,1200,1200
3676,30/5/2026,Tienda Norte,Azúcar,CAFÉ/TÉ,1,1300,1300
3676,30-5-2026,Tienda Norte,Croissant,PANADERÍA,1,900,900
3676,30/5/2026,Tienda Norte,Toallitas húmedas,bebé,1,2200,2200
3677,2026-08-11,Tienda Norte,Azúcar,Café/Té,1,1300,1300
3677,2026-08-11,Tienda Norte  ,Té,Café/Té,1,2500,2500
3678,2026-08-04,Tienda Sur,Maní,Snacks,2,1200,2400
3678,4/8/2026,Tienda Sur,Té,Café/Té,1,2500,2500
3679,18-07-2026,Tienda Norte,Azúcar  ,Café/Té,1,1300,1300
3679,18-7-2026,Tienda Norte,Cloro,LIMPIEZA,3,1400,4200
3680,03-08-2026,Tienda Mall,Bebida cola  ,Bebidas,,1500,1500
3680,2026/08/03, Tienda Mall ,Cloro,LIMPIEZA,1,1400,1400
3680,3/8/2026,Tienda Mall,Pan hallulla,Panadería,1,1500,1500
3681,14/6/2026,Tienda Centro,Azúcar,café/té,1,1300,1300
3681,14-06-2026,Tienda Centro,Cerveza,Alcohol,1,3500,3500
3681,2026/06/14,Tienda Centro,Cloro,Limpieza,1,1400,1400
3681,2026-06-14,Tienda Centro,Detergente,Limpieza,1,5500,5500
3681,14-6-2026,Tienda Centro,Maní,Snacks,1,1200,1200
3681,14-6-2026,Tienda Centro,Papas fritas,SNACKS,1,1800,1800
3682,2026/08/01,Tienda Sur,Bebida cola,BEBIDAS,2,1500,3000
3682,1/8/2026,Tienda Sur,Maní,Snacks,,1200,2400
3683,2026/05/22,Tienda Norte,Croissant,Panadería,1,900,900
3683,2026/05/22, Tienda Norte ,Detergente,Limpieza,2,5500,11000
3683,22-05-2026,Tienda Norte  ,Esponjas,Limpieza,1,1200,1200
3683,2026/05/22,Tienda Norte,  Galletas,Snacks,1,1000,1000
3683,22/5/2026,Tienda Norte,Queso,Lácteos,2,4500,9000
3683,22/5/2026,Tienda Norte,Vino tinto,Alcohol,2,5000,10000
3684,15-8-2026,Tienda Sur  ,Galletas,Snacks,2,1000,2000
3684,2026/08/15,Tienda Sur,Pan hallulla,panadería,1,1500,1500
3685,18-07-2026,Tienda Mall,Azúcar,Café/Té,2,1300,2600
3685,2026-07-18,Tienda Mall,Pañales,bebé,3,8000,24.000
3685,18/7/2026,Tienda Mall,Toallitas húmedas,BEBÉ,2,2200,4400
3685,2026/07/18,Tienda Mall,Té,Café/Té,2,2500,5000
3686,25-05-2026,Tienda Centro,Cloro,Limpieza,1,1400,1400
3686,2026-05-25,Tienda Centro,Mantequilla,Lácteos,3,2500,7500
3687,23/5/2026,Tienda Sur,Croissant,Panadería,2,900,1800
3687,2026/05/23,Tienda Sur  ,Leche,lácteos,1,1200,1200
3688,2026-06-03,Tienda Mall,Azúcar,Café/Té,1,1300,1300
3688,2026/06/03,Tienda Mall,  Café,Café/Té,3,4000,12000
3689,2026-05-23, Tienda Sur ,Azúcar  ,Café/Té,3,1300,3900
3689,2026-05-23,Tienda Sur,Café,café/té,1,4000,4000
3689,2026-05-23, Tienda Sur ,Maní,snacks,1,1200,1200
3690,2026-06-27,Tienda Sur,Azúcar,Café/Té,1,1300,1300
3690,27-06-2026,Tienda Sur, Café ,Café/Té,1,4000,4000
3690,2026-06-27,Tienda Sur,Esponjas,Limpieza,1,1200,1200
3690,27-6-2026,Tienda Sur,Galletas,Snacks,2,1000,2000
3690,27-6-2026,Tienda Sur,Mantequilla,Lácteos,1,2500,2500
3690,27/6/2026,Tienda Sur,Pan hallulla  ,Panadería,1,1500,1500
3691,19-7-2026,Tienda Centro,Bebida cola,Bebidas,1,1500,1500
3691,2026/07/19,Tienda Centro,Cloro,LIMPIEZA,1,1400,1400
3691,2026-07-19,Tienda Centro,Jugo naranja,bebidas,1,1600,1600
3692,2026-07-08, Tienda Mall ,Café,Café/Té,2,4000,8000
3692,2026-07-08,  Tienda Mall,  Pañales,Bebé,1,8000,8000
3692,2026-07-08,Tienda Mall,Toallitas húmedas,Bebé,,2200,2200
3693,2026-06-19,Tienda Centro,Galletas,Snacks,1,1000,1000
3693,19/6/2026, Tienda Centro ,Toallitas húmedas,Bebé,1,2200,2200
3693,19-6-2026,Tienda Centro,Té,Café/Té,2,2500,5000
3694,10-06-2026,Tienda Sur,Azúcar,Café/Té,3,1300,3900
3694,2026/06/10,Tienda Sur,Jugo naranja,Bebidas,1,1600,1600
3694,2026/06/10,Tienda Sur  ,Té,Café/Té,1,2500,2500
3695,2026/07/25,Tienda Mall,Bebida cola,Bebidas,2,1500,3000
3695,2026-07-25,  Tienda Mall,Jugo naranja,Bebidas,3,1600,4800
3695,25-7-2026,Tienda Mall,Mantequilla,lácteos,1,2500,2500
3695,25-7-2026,Tienda Mall,  Papas fritas,Snacks,2,1800,3600
3696,2026-06-02,Tienda Centro,Vino tinto,Alcohol,2,5000,10000
3697,2026/07/20, Tienda Centro , Agua mineral ,Bebidas,1,900,900
3698,2026-07-18,Tienda Sur,Mantequilla,lácteos,1,2500,2500
3699,2026-07-08,Tienda Mall,  Cerveza,Alcohol,1,3500,3500
3699,8-7-2026,Tienda Mall,Esponjas,LIMPIEZA,1,1200,1200
3699,2026/07/08,  Tienda Mall,Maní,Snacks,1,1200,1200
3699,8/7/2026,Tienda Mall,Papas fritas,Snacks,1,1800,1800
3700,2026-07-03,Tienda Sur,Croissant,Panadería,1,900,900
3701,2026-05-24, Tienda Norte ,Mantequilla,Lácteos,1,2500,2500
3701,2026-05-24, Tienda Norte ,Pan molde,Panadería,1,1800,1800
3701,2026/05/24, Tienda Norte ,Queso,Lácteos,1,4500,4500
3702,2026-05-25,Tienda Sur, Cloro ,Limpieza,1,1400,1400
3702,2026/05/25,Tienda Sur,Croissant,Panadería,1,900,900
3702,2026-05-25,Tienda Sur,Yogurt,Lácteos,2,800,1600
3703,2026-07-16, Tienda Norte ,Azúcar,CAFÉ/TÉ,1,1300,1300
3703,2026-07-16,Tienda Norte,Queso  ,LÁCTEOS,2,4500,9000
3703,16-7-2026,  Tienda Norte,Vino tinto,Alcohol,1,5000,5000
3704,12-7-2026,Tienda Centro,Cerveza  ,Alcohol,2,3500,7000
3704,2026-07-12,Tienda Centro,Cloro,Limpieza,1,1400,1400
3704,12-7-2026,Tienda Centro,Maní  ,Snacks,2,1200,2400
3704,2026-07-12,Tienda Centro,Pañales  ,Bebé,1,8000,8000
3704,2026/07/12,  Tienda Centro,Toallitas húmedas,Bebé,1,2200,2200
3705,30/6/2026,Tienda Norte,Detergente,Limpieza,1,5500,5500
3705,2026/06/30,Tienda Norte,Esponjas,Limpieza,2,1200,2400
3705,2026/06/30,Tienda Norte,Mantequilla,Lácteos,1,2500,2500
3706,2026-08-13,Tienda Sur,Mantequilla,LÁCTEOS,1,2500,2500
3706,2026-08-13,Tienda Sur,Queso,Lácteos,2,4500,9000
3706,2026-08-13,Tienda Sur,Vino tinto  ,Alcohol,1,5000,5000
3706,13-8-2026,Tienda Sur,Yogurt,Lácteos,1,800,800
3707,2026-08-14,Tienda Sur,Azúcar  ,Café/Té,1,1300,1300
3707,14-8-2026,Tienda Sur,Pan molde  ,panadería,1,1800,1800
3707,2026/08/14,Tienda Sur,Té  ,Café/Té,1,2500,2500
3707,14/8/2026,Tienda Sur,Yogurt,Lácteos,1,800,800
3708,16-8-2026, Tienda Mall ,Agua mineral,bebidas,1,900,900
3708,16/8/2026,  Tienda Mall,Jugo naranja,bebidas,1,1600,1600
3708,16-8-2026,Tienda Mall, Vino tinto ,Alcohol,2,5000,10000
3709,23-7-2026,Tienda Mall,Agua mineral,Bebidas,1,900,900
3709,2026-07-23,Tienda Mall,Jugo naranja,Bebidas,1,1600,1600
3710,2026-08-04,Tienda Norte  ,Maní,SNACKS,1,1200,1200
3711,2026-05-27, Tienda Centro ,Papas fritas,Snacks,1,1800,1800
3711,2026-05-27,Tienda Centro,Pañales,Bebé,1,8000,8000
3711,2026/05/27,  Tienda Centro, Toallitas húmedas ,Bebé,1,2200,2200
3712,2026/08/14,Tienda Mall,Queso,lácteos,1,4500,4500
3712,2026/08/14,Tienda Mall,Vino tinto,Alcohol,2,5000,10.000
3713,2026-07-31,Tienda Sur,Cloro,Limpieza,1,1400,1400
3713,31-07-2026,Tienda Sur,Detergente,Limpieza,1,5500,5500
3713,2026-07-31,Tienda Sur,  Jugo naranja,bebidas,1,1600,1600
3713,2026-07-31,Tienda Sur,Pan molde,Panadería,2,1800,3600
3713,2026-07-31,Tienda Sur,Papas fritas  ,Snacks,,1800,1800
3713,2026-07-31, Tienda Sur ,Queso,Lácteos,1,4500,4500
3714,2026-07-15,Tienda Centro,Maní,Snacks,1,1200,1200
3715,2026-08-07,Tienda Norte,Detergente,limpieza,1,5500,5500
3716,8-6-2026,Tienda Mall  , Cloro ,Limpieza,1,1400,1400
3716,2026-06-08,Tienda Mall  ,Esponjas  ,Limpieza,1,1200,1200
3716,8-6-2026,Tienda Mall,Leche,Lácteos,2,1200,2400
3716,8/6/2026,Tienda Mall  ,Queso,LÁCTEOS,1,4500,4500
3716,2026-06-08,Tienda Mall,Vino tinto,Alcohol,,5000,5000
3717,12/8/2026,Tienda Norte,Esponjas,limpieza,1,1200,1200
3717,2026-08-12,Tienda Norte,Jugo naranja,Bebidas,1,1600,1600
3717,2026-08-12,Tienda Norte,Pañales,Bebé,3,8000,24.000
3717,2026-08-12, Tienda Norte ,Toallitas húmedas,Bebé,3,2200,6600
3718,2026-07-18,Tienda Sur  ,Bebida cola,Bebidas,2,1500,3000
3719,23-7-2026,Tienda Sur, Agua mineral ,Bebidas,1,900,900
3719,2026/07/23,Tienda Sur,Cerveza,Alcohol,2,3500,7000
3719,23/7/2026,  Tienda Sur,Maní,Snacks,2,1200,2400
3720,5/7/2026,Tienda Mall,Galletas,Snacks,2,1000,2000
3720,2026-07-05,Tienda Mall,Leche,Lácteos,2,1200,2400
3720,5/7/2026,Tienda Mall,Yogurt,lácteos,1,800,800
3721,2026/06/26,Tienda Norte,  Azúcar,Café/Té,2,1300,2600
3721,2026/06/26, Tienda Norte ,Leche,lácteos,3,1200,3600
3721,26-06-2026,  Tienda Norte,Té  ,Café/Té,1,2500,2500
3722,2026-05-24,Tienda Norte  , Papas fritas ,Snacks,2,1800,3600
3722,24/5/2026,Tienda Norte,Queso,LÁCTEOS,2,4500,9000
3723,2026-07-20,  Tienda Mall,Maní,Snacks,2,1200,2400
3724,2026-06-24,Tienda Centro,Agua mineral,Bebidas,,900,900
3724,2026/06/24,Tienda Centro,Mantequilla,Lácteos,1,2500,2500
3724,24/6/2026,Tienda Centro,Pan hallulla,Panadería,1,1500,1500
3724,24-6-2026,Tienda Centro,Papas fritas,snacks,1,1800,1800
3725,5/6/2026,Tienda Centro,Esponjas,Limpieza,2,1200,2400
3725,05-06-2026, Tienda Centro ,Mantequilla,Lácteos,1,2500,2500
3726,6/8/2026,Tienda Norte,Cloro  ,Limpieza,1,1400,1400
3726,2026-08-06,Tienda Norte,Detergente  ,limpieza,1,5500,5500
3727,2026-07-27,Tienda Norte  ,Azúcar,café/té,1,1300,1300
3727,2026/07/27,Tienda Norte,Café,Café/Té,,4000,4000
3727,2026-07-27,Tienda Norte,  Galletas,Snacks,1,1000,1000
3727,2026/07/27,Tienda Norte,Maní,Snacks,1,1200,1200
3728,2026-06-19,Tienda Mall,Mantequilla,Lácteos,2,2500,5000
3729,2026-07-26,Tienda Norte,Croissant,panadería,1,900,900
3729,26/7/2026,Tienda Norte, Pañales ,Bebé,1,8000,8000
3729,26-7-2026,Tienda Norte,Yogurt,Lácteos,1,800,800
3730,2026-07-16,Tienda Norte,Queso,Lácteos,2,4500,9000
3731,9/8/2026,Tienda Sur,Esponjas,Limpieza,2,1200,2400
3731,09-08-2026,Tienda Sur,Papas fritas  ,snacks,1,1800,1800
3731,2026-08-09,Tienda Sur,Pañales,Bebé,1,8000,8000
3731,09-08-2026,Tienda Sur,Toallitas húmedas,Bebé,1,2200,2200
3731,2026-08-09,Tienda Sur,Té,Café/Té,1,2500,2500
3732,21-6-2026,Tienda Centro,Azúcar,café/té,1,1300,1300
3732,2026-06-21,Tienda Centro,  Mantequilla,Lácteos,1,2500,2500
3732,2026-06-21,Tienda Centro,Pan molde,Panadería,1,1800,1800
3732,21/6/2026,  Tienda Centro,Vino tinto  ,Alcohol,1,5000,5000
3732,21-6-2026,Tienda Centro,Yogurt,Lácteos,1,800,800
3733,2026-06-16,Tienda Norte, Bebida cola ,Bebidas,1,1500,1500
3733,2026-06-16,Tienda Norte,Leche,Lácteos,,1200,3600
3734,2026/06/25,Tienda Centro,Cerveza,alcohol,1,3500,3500
3734,2026-06-25,Tienda Centro,Pan hallulla  ,Panadería,1,1500,1500
3734,2026-06-25,Tienda Centro,Papas fritas,Snacks,2,1800,3600
3734,25/6/2026, Tienda Centro ,Té,café/té,1,2500,2500
3735,9-6-2026,Tienda Mall,Mantequilla,Lácteos,1,2500,2500
3735,2026-06-09,Tienda Mall,Pan molde,Panadería,1,1800,1800
3735,2026-06-09,  Tienda Mall,Queso,Lácteos,,4500,4500
3735,9-6-2026,Tienda Mall,Toallitas húmedas,Bebé,2,2200,4400
3736,05-06-2026,Tienda Sur,Bebida cola,Bebidas,,1500,1500
3736,2026-06-05,Tienda Sur,Toallitas húmedas,Bebé,1,2200,2200
3737,25-05-2026,Tienda Norte,Cerveza,Alcohol,2,3500,7000
3737,2026-05-25,Tienda Norte,Croissant,PANADERÍA,1,900,900
3738,19-7-2026,Tienda Sur,Queso,Lácteos,1,4500,4500
3738,19-7-2026,Tienda Sur  ,Vino tinto,Alcohol,1,5000,5000
3739,2026-06-15,Tienda Centro,Azúcar,Café/Té,1,1300,1300
3739,2026-06-15,Tienda Centro,  Pan hallulla,Panadería,1,1500,1500
3739,15/6/2026,Tienda Centro  ,Té,Café/Té,1,2500,2500
3740,2026-06-11,Tienda Sur,Bebida cola,bebidas,1,1500,1500
3741,2026-07-25,Tienda Mall  ,Queso,Lácteos,1,4500,4500
3741,2026-07-25,Tienda Mall,  Té,Café/Té,1,2500,2500
3741,25/7/2026,Tienda Mall,Vino tinto,Alcohol,3,5000,15000
3742,21-5-2026,Tienda Sur,Jugo naranja,Bebidas,1,1600,1600
3742,21-5-2026,Tienda Sur,Leche,Lácteos,1,1200,1200
3743,2026-07-16, Tienda Norte ,Jugo naranja,Bebidas,1,1600,1600
3743,2026-07-16,Tienda Norte,Maní,snacks,1,1200,1200
3743,2026/07/16,Tienda Norte,Papas fritas,Snacks,1,1800,1800
3743,2026-07-16,Tienda Norte,Toallitas húmedas,Bebé,1,2200,2200
3744,2026-07-03,Tienda Centro  , Jugo naranja ,Bebidas,2,1600,3200
3744,2026-07-03,Tienda Centro,Leche,Lácteos,1,1200,1200
3745,2026-06-29,Tienda Norte,Agua mineral,Bebidas,1,900,900
3745,29-6-2026,Tienda Norte,Cerveza,Alcohol,2,3500,7000
3745,29-06-2026, Tienda Norte ,Cloro,Limpieza,1,1400,1400
3746,2026-07-22, Tienda Mall ,Jugo naranja,bebidas,1,1600,1600
3746,2026-07-22,Tienda Mall,Queso,Lácteos,1,4500,4500
3747,2026-08-02,Tienda Sur,Esponjas,Limpieza,2,1200,2400
3748,2026-07-08,Tienda Mall,Galletas,snacks,1,1000,1000
3748,08-07-2026,Tienda Mall  ,Pan hallulla  ,panadería,1,1500,1500
3749,2026-08-01,Tienda Sur,Agua mineral,Bebidas,1,900,900
3749,01-08-2026, Tienda Sur ,Galletas,Snacks,3,1000,3000
3750,1/6/2026, Tienda Centro ,Galletas,Snacks,1,1000,1000
3750,2026-06-01,Tienda Centro, Maní ,Snacks,3,1200,3600
3751,27/6/2026,Tienda Centro,  Bebida cola,Bebidas,1,1500,1500
3751,2026-06-27,Tienda Centro,Toallitas húmedas  ,BEBÉ,1,2200,2200
3752,2026-06-30,Tienda Norte  ,Croissant  ,Panadería,1,900,900
3752,30/6/2026,Tienda Norte,Pan hallulla,Panadería,2,1500,3000
3752,2026-06-30,Tienda Norte,Queso,Lácteos,1,4500,4500
3753,2026-06-24,Tienda Sur,Mantequilla,Lácteos,1,2500,2500
3753,2026-06-24,Tienda Sur,Toallitas húmedas,Bebé,1,2200,2200
3753,24/6/2026,Tienda Sur  ,Té,CAFÉ/TÉ,3,2500,7500
3754,29/7/2026,Tienda Centro,Jugo naranja,Bebidas,1,1600,1600
3754,2026-07-29,Tienda Centro,Mantequilla,LÁCTEOS,1,2500,2500
3754,29-07-2026,Tienda Centro,Pan molde  ,PANADERÍA,2,1800,3600
3755,17-07-2026,Tienda Sur, Pañales ,Bebé,2,8000,16000
3755,17-7-2026,Tienda Sur  ,Yogurt  ,Lácteos,1,800,800
3756,2026-05-27,Tienda Norte,Café,Café/Té,1,4000,4000
3756,2026-05-27,Tienda Norte,Queso,Lácteos,1,4500,4500
3756,2026-05-27,Tienda Norte,Yogurt,LÁCTEOS,2,800,1600
3757,2026-06-13,Tienda Centro,Bebida cola,Bebidas,1,1500,1500
3757,13-6-2026,Tienda Centro,Papas fritas,Snacks,1,1800,1800
3758,2026/08/13,Tienda Sur,Bebida cola,Bebidas,1,1500,1500
3758,2026/08/13,Tienda Sur,Leche,LÁCTEOS,1,1200,1200
3758,2026-08-13,Tienda Sur,Papas fritas,Snacks,1,1800,1800
3758,13/8/2026,Tienda Sur,Queso,Lácteos,1,4500,4500
3758,13/8/2026,Tienda Sur,Vino tinto,Alcohol,2,5000,10000
3759,2026/05/21,Tienda Sur,Azúcar,Café/Té,1,1300,1300
3759,2026-05-21,Tienda Sur,Detergente,Limpieza,1,5500,5500
3759,2026-05-21,Tienda Sur,Maní,Snacks,,1200,2400
3759,2026-05-21,Tienda Sur  ,Queso,Lácteos,1,4500,4500
3760,21-06-2026, Tienda Mall ,Mantequilla  ,Lácteos,1,2500,2500
3760,2026-06-21,Tienda Mall,Queso,Lácteos,1,4500,4500
3761,28/7/2026,Tienda Sur, Cloro ,Limpieza,2,1400,2800
3761,28/7/2026,Tienda Sur  ,Galletas,Snacks,2,1000,2000
3761,28-7-2026, Tienda Sur ,Toallitas húmedas,Bebé,2,2200,4400
3762,2026/05/24,Tienda Mall,Mantequilla,Lácteos,1,2500,2500
3762,2026-05-24,Tienda Mall,Maní,snacks,2,1200,2400
3762,24-5-2026,Tienda Mall,Pan hallulla,Panadería,1,1500,1500
3762,2026-05-24, Tienda Mall ,Pan molde,Panadería,,1800,1800
3762,2026-05-24,Tienda Mall,Queso,lácteos,1,4500,4500
3763,04-08-2026,Tienda Centro,Café  ,Café/Té,1,4000,4000
3763,2026/08/04,Tienda Centro,Cloro  ,LIMPIEZA,1,1400,1400
3763,2026-08-04,Tienda Centro,Galletas,Snacks,1,1000,1000
3763,04-08-2026,Tienda Centro,Jugo naranja,bebidas,1,1600,1600
3764,2026/07/08,  Tienda Norte,Esponjas,Limpieza,1,1200,1200
3764,8/7/2026,Tienda Norte,Galletas,snacks,2,1000,2000
3765,5-7-2026,Tienda Mall,Cerveza,ALCOHOL,1,3500,3500
3765,05-07-2026,Tienda Mall,Jugo naranja,Bebidas,1,1600,1600
3765,2026/07/05,Tienda Mall,Mantequilla,Lácteos,1,2500,2500
3765,2026-07-05,Tienda Mall,Maní,SNACKS,1,1200,1200
3765,5/7/2026, Tienda Mall ,Pan molde,panadería,1,1800,1800
3765,2026-07-05,  Tienda Mall,Papas fritas,Snacks,,1800,1800
3766,2026-07-24,Tienda Sur, Agua mineral ,Bebidas,1,900,900
3766,2026-07-24,Tienda Sur,Cloro,Limpieza,1,1400,1400
3766,24/7/2026,Tienda Sur,Croissant  ,Panadería,,900,900
3766,24/7/2026,Tienda Sur,Detergente,limpieza,2,5500,11000
3767,2026-08-16,Tienda Norte,Yogurt,Lácteos,1,800,800
3768,2026-06-18,Tienda Norte,  Cerveza,ALCOHOL,1,3500,3500
3768,2026-06-18,Tienda Norte,  Pañales,bebé,1,8000,8000
3769,2026-06-07,Tienda Centro,Agua mineral,bebidas,2,900,1800
3769,2026-06-07,Tienda Centro,  Azúcar,Café/Té,1,1300,1300
3769,2026-06-07,Tienda Centro,Té,Café/Té,3,2500,7500
3770,2026-07-21,Tienda Centro,Agua mineral,Bebidas,1,900,900
3770,2026-07-21,Tienda Centro  ,Cloro,Limpieza,3,1400,4200
3771,12-8-2026,Tienda Mall,Cerveza,Alcohol,1,3500,3500
3771,2026/08/12,Tienda Mall,Jugo naranja,bebidas,1,1600,1600
3771,12-8-2026,Tienda Mall,Papas fritas,SNACKS,1,1800,1800
3772,16/8/2026,Tienda Sur,Detergente  ,Limpieza,1,5500,5500
3772,2026-08-16,Tienda Sur,Papas fritas,Snacks,1,1800,1800
3773,2026-07-11,Tienda Sur,  Agua mineral,Bebidas,1,900,900
3773,2026-07-11, Tienda Sur ,Maní,Snacks,1,1200,1200
3773,2026-07-11,Tienda Sur,  Papas fritas,SNACKS,1,1800,1800
3774,2026-06-06,Tienda Centro,  Cerveza,Alcohol,1,3500,3500
3774,6/6/2026,Tienda Centro,Cloro,Limpieza,1,1400,1400
3774,2026-06-06,Tienda Centro,Detergente  ,limpieza,1,5500,5500
3774,6-6-2026, Tienda Centro ,Maní,SNACKS,1,1200,1200
3774,2026-06-06,Tienda Centro  ,  Papas fritas,Snacks,1,1800,1800
3775,2026-07-23,Tienda Norte,Azúcar,café/té,1,1300,1300
3775,23/7/2026,Tienda Norte,Café,café/té,1,4000,4000
3775,2026/07/23,Tienda Norte,Galletas,Snacks,1,1000,1000
3775,2026-07-23, Tienda Norte ,Té,Café/Té,1,2500,2500
3776,30-7-2026,Tienda Sur, Maní ,Snacks,1,1200,1200
3776,30-7-2026,Tienda Sur,Toallitas húmedas,Bebé,1,2200,2200
3776,2026-07-30,Tienda Sur,Yogurt,Lácteos,2,800,1600
3777,2026-06-19,Tienda Mall,Agua mineral,Bebidas,1,900,900
3777,19-06-2026,Tienda Mall,Pan hallulla,Panadería,3,1500,4500
3777,2026-06-19,Tienda Mall,Papas fritas,SNACKS,1,1800,1800
3777,2026/06/19,Tienda Mall,Queso,Lácteos,1,4500,4500
3778,2026-06-10,Tienda Centro,Mantequilla,lácteos,3,2500,7500
3778,2026-06-10,Tienda Centro,Pan hallulla,Panadería,2,1500,3000
3778,2026/06/10,Tienda Centro,Queso,Lácteos,1,4500,4500
3779,23-05-2026,Tienda Centro,Leche,Lácteos,2,1200,2400
3780,2026-07-25,Tienda Sur,Agua mineral,Bebidas,1,900,900
3780,2026/07/25, Tienda Sur ,Papas fritas,Snacks,1,1800,1800
3780,2026-07-25,Tienda Sur, Vino tinto ,Alcohol,1,5000,5000
3781,7-6-2026,Tienda Sur,Cerveza,Alcohol,1,3500,3500
3781,7-6-2026,Tienda Sur, Papas fritas ,Snacks,1,1800,1800
3781,2026-06-07,Tienda Sur,Pañales,Bebé,3,8000,24000
3781,07-06-2026,  Tienda Sur,Toallitas húmedas,Bebé,1,2200,2200
3782,26-07-2026,Tienda Norte,Cerveza,alcohol,1,3500,3500
3782,26/7/2026,Tienda Norte  ,  Galletas,Snacks,2,1000,2000
3782,26-07-2026, Tienda Norte ,Pañales,Bebé,1,8000,8000
3783,2026-06-20,Tienda Sur,  Maní,snacks,2,1200,2400
3783,2026-06-20,Tienda Sur,Papas fritas,Snacks,1,1800,1800
3784,2026/06/21,Tienda Norte, Azúcar ,Café/Té,1,1300,1300
3784,21/6/2026,Tienda Norte,Esponjas,Limpieza,1,1200,1200
3784,2026-06-21,Tienda Norte,Pañales,Bebé,1,8000,8000
3784,21-6-2026,Tienda Norte,Toallitas húmedas,Bebé,1,2200,2200
3785,2026/06/08,  Tienda Sur,Esponjas,Limpieza,3,1200,3600
3785,2026-06-08,Tienda Sur,Leche,lácteos,2,1200,2400
3785,2026/06/08, Tienda Sur ,Pan hallulla,Panadería,2,1500,3000
3785,2026/06/08,  Tienda Sur,Papas fritas,Snacks,1,1800,1800
3786,23-6-2026, Tienda Mall ,Azúcar,CAFÉ/TÉ,1,1300,1300
3786,2026-06-23,Tienda Mall,Café,Café/Té,1,4000,4000
3786,23/6/2026,Tienda Mall,Detergente,Limpieza,1,5500,5500
3786,23/6/2026,Tienda Mall,Esponjas,limpieza,1,1200,1200
3786,2026-06-23,Tienda Mall,Jugo naranja,Bebidas,1,1600,1600
3786,2026-06-23,Tienda Mall,Maní,Snacks,1,1200,1200
3787,2026-08-04,Tienda Mall,  Azúcar,CAFÉ/TÉ,2,1300,2600
3787,04-08-2026,Tienda Mall  ,Café,Café/Té,1,4000,4000
3788,21/5/2026,Tienda Norte,Café,Café/Té,3,4000,12000
3788,2026-05-21,Tienda Norte,Croissant,Panadería,1,900,900
3788,2026-05-21,Tienda Norte  , Toallitas húmedas ,Bebé,2,2200,4400
3789,15/8/2026,Tienda Norte,Azúcar,Café/Té,1,1300,1300
3789,2026-08-15,Tienda Norte,Cloro,Limpieza,1,1400,1400
3789,15-8-2026,Tienda Norte,Queso  ,Lácteos,1,4500,4500
3790,2026-07-06,Tienda Centro,  Agua mineral,Bebidas,1,900,900
3790,2026/07/06,  Tienda Centro,Detergente,Limpieza,2,5500,11.000
3791,2026-06-24,Tienda Mall  ,Leche,Lácteos,1,1200,1200
3791,24-6-2026,Tienda Mall,Mantequilla  ,LÁCTEOS,2,2500,5000
3791,2026-06-24,Tienda Mall,  Pan hallulla,Panadería,1,1500,1500
3792,15-08-2026,Tienda Sur, Mantequilla ,Lácteos,1,2500,2500
3793,6-6-2026,Tienda Mall,Bebida cola,Bebidas,1,1500,1500
3794,25-6-2026,  Tienda Centro,Azúcar,Café/Té,1,1300,1300
3794,2026-06-25, Tienda Centro ,Café,CAFÉ/TÉ,1,4000,4000
3794,2026-06-25,Tienda Centro,Cloro,Limpieza,2,1400,2800
3794,25-6-2026,Tienda Centro,Detergente,Limpieza,1,5500,5500
3795,2026-06-26,Tienda Sur,Queso,Lácteos,1,4500,4500
3795,2026/06/26,  Tienda Sur,Vino tinto,alcohol,1,5000,5000
3796,5-8-2026,  Tienda Norte,Azúcar,Café/Té,3,1300,3900
3796,2026-08-05,Tienda Norte,Bebida cola,Bebidas,1,1500,1500
3796,05-08-2026,Tienda Norte,Té,café/té,2,2500,5000
3796,5/8/2026,  Tienda Norte,Yogurt,lácteos,1,800,800
3797,2026-06-23,  Tienda Sur,  Queso,Lácteos,1,4500,4500
3798,2026-08-08,Tienda Centro,Cloro,LIMPIEZA,1,1400,1400
3798,8-8-2026,Tienda Centro,Leche,Lácteos,,1200,1200
3799,2026-07-02,Tienda Norte,Azúcar  ,Café/Té,1,1300,1300
3799,2/7/2026, Tienda Norte ,Bebida cola,Bebidas,1,1500,1500
3799,2026-07-02,Tienda Norte,Café,café/té,1,4000,4000
3799,2026-07-02,Tienda Norte,Detergente,Limpieza,1,5500,5500
3799,02-07-2026, Tienda Norte ,Mantequilla,Lácteos,1,2500,2500
3800,03-06-2026,  Tienda Sur,Leche,Lácteos,2,1200,2400
3800,2026-06-03,Tienda Sur,Yogurt,LÁCTEOS,1,800,800
3801,2026-06-03,Tienda Sur,Bebida cola,Bebidas,1,1500,1500
3801,2026-06-03,Tienda Sur,Pañales,Bebé,1,8000,8000
3801,2026-06-03,Tienda Sur,Queso,LÁCTEOS,2,4500,9000
3802,2026-06-07,Tienda Centro,Cloro  ,Limpieza,2,1400,2800
3802,2026/06/07,Tienda Centro,Detergente,Limpieza,1,5500,5500
3802,2026-06-07,Tienda Centro,Esponjas,Limpieza,1,1200,1200
3802,2026-06-07,Tienda Centro,Leche,LÁCTEOS,1,1200,1200
3803,2026-07-20,Tienda Sur,Galletas,Snacks,1,1000,1000
3803,2026-07-20,Tienda Sur,Jugo naranja,Bebidas,1,1600,1600
3804,01-08-2026,Tienda Centro,Bebida cola,bebidas,1,1500,1500
3804,2026/08/01, Tienda Centro ,Mantequilla  ,LÁCTEOS,1,2500,2500
3804,2026-08-01,  Tienda Centro,Pan hallulla,Panadería,1,1500,1500
3804,2026-08-01,Tienda Centro,  Queso,lácteos,1,4500,4500
3804,1/8/2026, Tienda Centro ,Toallitas húmedas  ,Bebé,,2200,4400
3805,30-6-2026,  Tienda Mall,Croissant,Panadería,1,900,900
3805,2026/06/30,  Tienda Mall,  Jugo naranja,bebidas,2,1600,3200
3805,2026-06-30,Tienda Mall,Yogurt,Lácteos,1,800,800
3806,2026/08/15,Tienda Norte,Detergente  ,LIMPIEZA,1,5500,5500
3806,15/8/2026,Tienda Norte,Esponjas,LIMPIEZA,1,1200,1200
3806,2026-08-15,Tienda Norte,Mantequilla,Lácteos,1,2500,2500
3806,15-08-2026,Tienda Norte,Pan hallulla,PANADERÍA,2,1500,3000
3806,2026/08/15,  Tienda Norte,Papas fritas,Snacks,1,1800,1800
3806,2026/08/15,  Tienda Norte,Queso,LÁCTEOS,1,4500,4500
3807,2026-06-16,Tienda Norte  ,Cerveza,Alcohol,2,3500,7000
3807,16/6/2026,Tienda Norte,  Croissant,Panadería,3,900,2700
3807,2026/06/16,Tienda Norte,Maní,Snacks,1,1200,1200
3807,2026-06-16,Tienda Norte,  Pañales,bebé,1,8000,8000
3807,16-6-2026,Tienda Norte,Toallitas húmedas,Bebé,1,2200,2200
3808,2026/06/11,Tienda Mall, Azúcar ,Café/Té,1,1300,1300
3808,11-6-2026,Tienda Mall, Bebida cola ,Bebidas,1,1500,1500
3808,2026-06-11,Tienda Mall,Té  ,Café/Té,2,2500,5000
3809,2026/07/17, Tienda Sur ,Leche,LÁCTEOS,2,1200,2400
3809,17-07-2026,Tienda Sur,Pan hallulla,Panadería,1,1500,1500
3809,2026-07-17,  Tienda Sur,Queso,Lácteos,1,4500,4500
3809,17/7/2026,Tienda Sur  ,Toallitas húmedas,bebé,1,2200,2200
3810,28-5-2026,Tienda Mall,Cerveza,Alcohol,1,3500,3500
3810,2026-05-28,Tienda Mall,Mantequilla,Lácteos,1,2500,2500
3810,28/5/2026,Tienda Mall,Papas fritas,Snacks,1,1800,1800
3811,2026-07-02,Tienda Sur,  Azúcar,Café/Té,1,1300,1300
3811,2-7-2026,Tienda Sur  ,Maní,snacks,1,1200,1200
3812,2026/08/13,Tienda Sur,Bebida cola  ,Bebidas,1,1500,1500
3812,2026/08/13, Tienda Sur ,Cloro  ,Limpieza,,1400,1400
3812,2026/08/13,Tienda Sur,Detergente,Limpieza,3,5500,16500
3812,13-08-2026,Tienda Sur,  Esponjas,LIMPIEZA,1,1200,1200
3812,2026-08-13,  Tienda Sur,Jugo naranja,Bebidas,2,1600,3200
3812,2026-08-13, Tienda Sur ,Mantequilla  ,lácteos,1,2500,2500
3812,13-8-2026,Tienda Sur,Pan molde,Panadería,3,1800,5400
3812,13-8-2026,Tienda Sur, Papas fritas ,snacks,2,1800,3600
3813,2-7-2026,Tienda Sur,Cerveza,Alcohol,1,3500,3500
3813,2026-07-02,Tienda Sur,Leche,Lácteos,3,1200,3600
3813,2026-07-02,Tienda Sur,Papas fritas,snacks,1,1800,1800
3813,2026/07/02, Tienda Sur ,Queso,Lácteos,3,4500,13.500
3814,6-7-2026,Tienda Centro,Café,Café/Té,1,4000,4000
3814,2026-07-06,Tienda Centro,  Papas fritas,snacks,1,1800,1800
3814,6/7/2026,Tienda Centro,Pañales,bebé,1,8000,8000
3815,2026-05-26, Tienda Norte ,Cerveza,Alcohol,2,3500,7000
3815,2026-05-26, Tienda Norte ,Galletas  ,Snacks,1,1000,1000
3815,26-5-2026,Tienda Norte,Mantequilla  ,Lácteos,1,2500,2500
3815,26-05-2026,Tienda Norte,Papas fritas,snacks,1,1800,1800
3816,1/8/2026,Tienda Norte,Mantequilla,Lácteos,1,2500,2500
3817,2026/06/23,Tienda Sur,Detergente,Limpieza,1,5500,5500
3817,2026-06-23,Tienda Sur,Esponjas  ,Limpieza,1,1200,1200
3817,2026-06-23,Tienda Sur,Pañales,Bebé,1,8000,8000
3817,2026-06-23, Tienda Sur ,Toallitas húmedas,Bebé,1,2200,2200
3818,14-07-2026,Tienda Sur,Toallitas húmedas,bebé,2,2200,4400
3818,14-7-2026,  Tienda Sur,Yogurt,Lácteos,1,800,800
3819,2026/05/30,Tienda Norte,Cerveza,Alcohol,1,3500,3500
3819,30/5/2026,  Tienda Norte,Mantequilla,Lácteos,1,2500,2500
3819,2026-05-30,Tienda Norte, Pañales ,Bebé,1,8000,8000
3819,2026/05/30,Tienda Norte,Toallitas húmedas,BEBÉ,1,2200,2200
3819,2026/05/30,Tienda Norte,Yogurt,Lácteos,2,800,1600
3820,2026/08/14,Tienda Norte,Cloro,Limpieza,3,1400,4200
3820,14-08-2026,Tienda Norte,Detergente,Limpieza,1,5500,5500
3820,2026-08-14,  Tienda Norte,Esponjas,Limpieza,3,1200,3600
3820,14-08-2026, Tienda Norte , Toallitas húmedas ,Bebé,1,2200,2200
3820,2026-08-14,Tienda Norte,Yogurt,Lácteos,2,800,1600
3821,31-7-2026,Tienda Sur,Maní,SNACKS,1,1200,1200
3822,2026-08-14,Tienda Sur,  Pan hallulla,PANADERÍA,3,1500,4500
3823,13-08-2026,Tienda Sur,Cloro,Limpieza,1,1400,1400
3823,2026-08-13,Tienda Sur,Galletas,Snacks,1,1000,1000
3823,13/8/2026,Tienda Sur, Papas fritas ,Snacks,3,1800,5400
3824,24-7-2026,Tienda Norte,Maní  ,Snacks,3,1200,3600
3824,24-7-2026,Tienda Norte,Papas fritas,snacks,1,1800,1800
3825,2026-06-29,Tienda Norte,Cloro,LIMPIEZA,1,1400,1400
3825,2026/06/29,Tienda Norte,Pan molde,Panadería,1,1800,1800
3826,24/7/2026,  Tienda Norte,Azúcar,Café/Té,1,1300,1300
3826,2026-07-24,Tienda Norte,Mantequilla,Lácteos,1,2500,2500
3826,24-7-2026,Tienda Norte,Pan molde,Panadería,1,1800,1800
3826,2026-07-24,Tienda Norte,Té,Café/Té,1,2500,2500
3826,2026-07-24,Tienda Norte, Vino tinto ,Alcohol,2,5000,10.000
3827,8/6/2026,  Tienda Norte, Cerveza ,Alcohol,1,3500,3500
3827,8-6-2026,  Tienda Norte,  Galletas,Snacks,3,1000,3000
3827,2026-06-08,Tienda Norte, Mantequilla ,Lácteos,2,2500,5000
3827,08-06-2026,Tienda Norte  ,  Maní,Snacks,2,1200,2400
3828,2026-07-29,  Tienda Norte,Cloro,Limpieza,2,1400,2800
3828,29-7-2026,Tienda Norte,Mantequilla,Lácteos,1,2500,2500
3828,2026/07/29,Tienda Norte,Pan hallulla,Panadería,1,1500,1500
3828,2026-07-29,Tienda Norte,Queso,Lácteos,1,4500,4500
3829,2026-07-15,Tienda Mall  ,Pan hallulla,Panadería,2,1500,3000
3829,2026-07-15, Tienda Mall ,Queso,Lácteos,1,4500,4500
3829,15-7-2026,Tienda Mall,  Vino tinto,Alcohol,1,5000,5000
3830,08-07-2026,Tienda Mall,Azúcar,Café/Té,1,1300,1300
3831,26-7-2026,Tienda Mall,Agua mineral,Bebidas,2,900,1800
3831,26/7/2026,  Tienda Mall,Pan molde,Panadería,1,1800,1800
3831,2026/07/26,Tienda Mall,Toallitas húmedas,Bebé,2,2200,4400
3831,26/7/2026, Tienda Mall ,Yogurt,Lácteos,1,800,800
3832,26-07-2026,Tienda Mall,Cerveza,Alcohol,1,3500,3500
3832,2026-07-26,Tienda Mall,Croissant,Panadería,,900,900
3832,2026-07-26,Tienda Mall,  Maní,Snacks,1,1200,1200
3832,26/7/2026,Tienda Mall,Papas fritas,Snacks,1,1800,1800
3833,20-6-2026,Tienda Centro,Azúcar,Café/Té,1,1300,1300
3833,2026-06-20,Tienda Centro,Mantequilla,Lácteos,1,2500,2500
3833,2026-06-20,Tienda Centro,Pan molde,PANADERÍA,1,1800,1800
3834,2026-06-07,Tienda Norte,Café,Café/Té,3,4000,12000
3834,7-6-2026,  Tienda Norte,Galletas,Snacks,1,1000,1000
3834,7-6-2026,Tienda Norte,Toallitas húmedas,Bebé,1,2200,2200
3835,2026-08-15,Tienda Norte,Mantequilla,Lácteos,1,2500,2500
3835,2026-08-15,Tienda Norte,Pan molde,Panadería,1,1800,1800
3835,2026/08/15,Tienda Norte,Queso,Lácteos,1,4500,4500
3836,2026-08-09,Tienda Norte  ,  Leche,Lácteos,1,1200,1200
3836,2026-08-09,Tienda Norte, Queso ,LÁCTEOS,1,4500,4500
3836,2026-08-09,Tienda Norte,Vino tinto,Alcohol,2,5000,10000
3837,10/7/2026,Tienda Norte  ,  Cerveza,Alcohol,1,3500,3500
3837,10/7/2026,Tienda Norte,Jugo naranja,Bebidas,1,1600,1600
3837,10-7-2026,  Tienda Norte,Mantequilla,Lácteos,1,2500,2500
3837,2026-07-10,Tienda Norte,Pan molde,Panadería,1,1800,1800
3837,2026-07-10,  Tienda Norte,Pañales,Bebé,2,8000,16000
3837,2026-07-10,Tienda Norte,Queso,Lácteos,1,4500,4500
3837,10-07-2026,Tienda Norte,Toallitas húmedas,Bebé,1,2200,2200
3838,23/5/2026,  Tienda Norte,Galletas,Snacks,1,1000,1000
3839,2026/06/30, Tienda Mall ,Detergente,LIMPIEZA,1,5500,5500
3839,30/6/2026,Tienda Mall  ,Esponjas,Limpieza,1,1200,1200
3839,30/6/2026,Tienda Mall,Leche,Lácteos,3,1200,3600
3839,30/6/2026,Tienda Mall,  Pan molde,Panadería,1,1800,1800
3840,2026-06-12,Tienda Sur,Agua mineral,Bebidas,1,900,900
3840,12-6-2026, Tienda Sur ,Bebida cola,Bebidas,2,1500,3000
3840,2026-06-12,Tienda Sur,Té  ,Café/Té,1,2500,2500
3841,30-5-2026,Tienda Sur,Azúcar,Café/Té,1,1300,1300
3841,30/5/2026,Tienda Sur,Café,café/té,1,4000,4000
3841,30-05-2026,Tienda Sur,Galletas,Snacks,2,1000,2000
3841,30-5-2026,Tienda Sur, Jugo naranja ,Bebidas,1,1600,1600
3842,17/7/2026,Tienda Centro,Mantequilla,Lácteos,1,2500,2500
3843,13/6/2026,  Tienda Centro,  Bebida cola,BEBIDAS,2,1500,3000
3843,2026-06-13,  Tienda Centro,Pan hallulla,Panadería,1,1500,1500
3843,13-6-2026,Tienda Centro,Toallitas húmedas,BEBÉ,2,2200,4400
3844,26-6-2026,Tienda Centro,Queso,Lácteos,1,4500,4500
3845,8/7/2026,Tienda Centro,  Toallitas húmedas,Bebé,2,2200,4400
3846,2026-06-17,Tienda Norte, Azúcar ,Café/Té,1,1300,1300
3846,2026-06-17,Tienda Norte, Croissant ,Panadería,1,900,900
3847,04-07-2026,Tienda Norte,Papas fritas,Snacks,2,1800,3600
3847,2026-07-04,Tienda Norte,Queso,Lácteos,2,4500,9000
3847,4-7-2026, Tienda Norte ,Vino tinto  ,Alcohol,1,5000,5000
3847,04-07-2026,Tienda Norte,Yogurt,Lácteos,1,800,800
3848,15-07-2026,Tienda Mall,Jugo naranja,Bebidas,1,1600,1600
3848,15-7-2026, Tienda Mall ,  Yogurt,Lácteos,2,800,1600
3849,17-06-2026,Tienda Norte,Azúcar,Café/Té,1,1300,1300
3849,2026-06-17,Tienda Norte,Café,Café/Té,1,4000,4000
3849,2026-06-17,  Tienda Norte,Cloro,LIMPIEZA,,1400,4200
3849,2026/06/17,Tienda Norte,Mantequilla,Lácteos,2,2500,5000
3849,17-6-2026,Tienda Norte,Pan molde,Panadería,2,1800,3600
3850,2026-07-12,Tienda Norte,  Cerveza,Alcohol,1,3500,3500
3850,2026-07-12,Tienda Norte,Leche  ,Lácteos,1,1200,1200
3850,2026-07-12,Tienda Norte,Mantequilla,Lácteos,1,2500,2500
3850,12-07-2026,Tienda Norte,Pan molde,Panadería,1,1800,1800
3850,2026-07-12,Tienda Norte,Yogurt,LÁCTEOS,1,800,800
3851,2026-06-28,Tienda Centro,  Cerveza,ALCOHOL,3,3500,10.500
3851,28/6/2026, Tienda Centro ,Maní,snacks,1,1200,1200
3851,2026-06-28,Tienda Centro,Queso,Lácteos,2,4500,9000
3852,30-05-2026,Tienda Sur,Cerveza,Alcohol,1,3500,3500
3852,30-05-2026, Tienda Sur ,Cloro,Limpieza,1,1400,1400
3852,30-05-2026,Tienda Sur,Mantequilla,LÁCTEOS,1,2500,2500
3852,2026/05/30,Tienda Sur,Maní,Snacks,3,1200,3600
3852,30/5/2026, Tienda Sur ,Pan hallulla,PANADERÍA,1,1500,1500
3852,30-5-2026,Tienda Sur,Papas fritas,Snacks,1,1800,1800
3853,23-7-2026,Tienda Sur,Azúcar,CAFÉ/TÉ,1,1300,1300
3853,23-7-2026,Tienda Sur  ,Café  ,Café/Té,1,4000,4000
3853,2026-07-23,Tienda Sur,Galletas,Snacks,1,1000,1000
3853,2026-07-23,  Tienda Sur,Toallitas húmedas  ,Bebé,1,2200,2200
3854,2026/06/24, Tienda Sur ,Azúcar,Café/Té,1,1300,1300
3854,24/6/2026,Tienda Sur,Bebida cola,Bebidas,1,1500,1500
3854,24/6/2026,Tienda Sur,Cerveza,ALCOHOL,1,3500,3500
3854,24/6/2026,Tienda Sur,Papas fritas,Snacks,3,1800,5400
3854,2026-06-24,Tienda Sur,Té,CAFÉ/TÉ,1,2500,2500
3855,7/6/2026, Tienda Norte ,Esponjas,Limpieza,1,1200,1200
3855,2026-06-07,Tienda Norte,Leche,Lácteos,1,1200,1200
3856,22-05-2026,Tienda Sur  ,Yogurt,LÁCTEOS,1,800,800
3857,2026-06-14,Tienda Sur,Queso,Lácteos,2,4500,9000
3858,28/7/2026,Tienda Centro, Toallitas húmedas ,bebé,1,2200,2200
3859,06-07-2026,Tienda Centro,Mantequilla,Lácteos,1,2500,2500
3859,2026-07-06, Tienda Centro ,Pan hallulla,Panadería,,1500,1500
3859,6/7/2026,Tienda Centro,  Queso,Lácteos,2,4500,9000
3860,2026-07-20, Tienda Centro ,Cloro,Limpieza,3,1400,4200
3860,2026-07-20, Tienda Centro ,Galletas  ,SNACKS,2,1000,2000
3860,2026/07/20,Tienda Centro  ,Mantequilla,Lácteos,,2500,2500
3860,20-07-2026,  Tienda Centro,Pan hallulla,Panadería,2,1500,3000
3861,31-7-2026,Tienda Mall,  Cloro,Limpieza,1,1400,1400
3861,2026-07-31,Tienda Mall,Croissant,Panadería,1,900,900
3861,2026-07-31,Tienda Mall  ,Detergente,Limpieza,2,5500,11.000
3861,31/7/2026,Tienda Mall,Yogurt,Lácteos,1,800,800
3862,2026-06-29,Tienda Sur, Bebida cola ,Bebidas,1,1500,1500
3862,2026/06/29,Tienda Sur,Croissant,PANADERÍA,1,900,900
3863,2026-05-28,Tienda Centro,Agua mineral,Bebidas,2,900,1800
3864,02-07-2026,Tienda Mall, Esponjas ,Limpieza,1,1200,1200
3864,2026-07-02,Tienda Mall,Papas fritas,Snacks,1,1800,1800
3865,2026-05-30,Tienda Sur,Cerveza,Alcohol,1,3500,3500
3865,2026-05-30,Tienda Sur,Pañales,Bebé,1,8000,8000
3865,2026-05-30,Tienda Sur  ,  Toallitas húmedas,BEBÉ,,2200,4400
3866,2026-07-17,Tienda Mall,Café,Café/Té,,4000,8000
3866,17-07-2026,Tienda Mall,  Croissant,Panadería,1,900,900
3867,9/6/2026,Tienda Norte,Agua mineral,BEBIDAS,3,900,2700
3867,2026-06-09,Tienda Norte,Esponjas,Limpieza,3,1200,3600
3868,2026-06-29, Tienda Mall ,  Galletas,snacks,1,1000,1000
3868,29-06-2026,Tienda Mall,  Yogurt,lácteos,1,800,800
3869,2026-06-14,Tienda Norte,Vino tinto,Alcohol,1,5000,5000
3870,2026-06-13, Tienda Sur ,Azúcar  ,café/té,1,1300,1300
3870,2026/06/13,Tienda Sur,Café  ,Café/Té,1,4000,4000
3871,2026-07-18,Tienda Norte  ,Cerveza,Alcohol,2,3500,7000
3871,18/7/2026,Tienda Norte,Detergente,Limpieza,1,5500,5500
3871,2026-07-18,Tienda Norte,Maní,Snacks,2,1200,2400
3871,2026/07/18, Tienda Norte ,Queso,Lácteos,1,4500,4500
3872,2026-07-24,Tienda Mall,Esponjas,Limpieza,2,1200,2400
3872,2026-07-24,Tienda Mall,  Queso,LÁCTEOS,1,4500,4500
3872,2026-07-24,Tienda Mall  ,Toallitas húmedas,Bebé,1,2200,2200
3873,28-7-2026,Tienda Sur,Cloro,LIMPIEZA,1,1400,1400
3873,28/7/2026,Tienda Sur,Galletas  ,Snacks,1,1000,1000
3874,30-06-2026,Tienda Mall,Esponjas,Limpieza,1,1200,1200
3874,30/6/2026,Tienda Mall,Mantequilla,Lácteos,2,2500,5000
3874,2026-06-30,  Tienda Mall,Queso,Lácteos,1,4500,4500
3874,30/6/2026,Tienda Mall,Vino tinto,Alcohol,1,5000,5000
3875,2026-06-11,Tienda Norte,  Bebida cola,Bebidas,3,1500,4500
3875,11-06-2026,Tienda Norte  ,Cerveza,alcohol,1,3500,3500
3876,2026/05/28,Tienda Centro  ,Bebida cola,Bebidas,1,1500,1500
3876,2026-05-28,Tienda Centro,Papas fritas,snacks,,1800,1800
3876,2026-05-28,Tienda Centro,Queso,Lácteos,2,4500,9000
3877,2026/06/01,Tienda Sur,Agua mineral,Bebidas,2,900,1800
3877,2026-06-01,Tienda Sur,Queso,Lácteos,3,4500,13500
3878,12-6-2026, Tienda Mall ,Té,CAFÉ/TÉ,1,2500,2500
3878,2026-06-12,Tienda Mall,Yogurt,Lácteos,1,800,800
3879,2026/07/06,Tienda Mall,  Agua mineral,bebidas,1,900,900
3880,2026-07-06,Tienda Centro,Cloro,LIMPIEZA,1,1400,1400
3880,2026-07-06,Tienda Centro,Detergente,Limpieza,1,5500,5500
3880,2026-07-06,Tienda Centro  ,Esponjas,limpieza,1,1200,1200
3880,2026/07/06,Tienda Centro,Jugo naranja,Bebidas,1,1600,1600
3880,2026-07-06, Tienda Centro ,Queso,Lácteos,1,4500,4500
3881,27-06-2026, Tienda Sur ,Jugo naranja,Bebidas,2,1600,3200
3881,2026-06-27,Tienda Sur, Yogurt ,Lácteos,1,800,800
3882,2026-07-30,Tienda Sur,  Detergente,limpieza,1,5500,5500
3883,6-7-2026,Tienda Centro,Leche  ,Lácteos,1,1200,1200
3884,2026-07-12,  Tienda Sur,  Detergente,limpieza,1,5500,5500
3884,12-07-2026,Tienda Sur,Toallitas húmedas,bebé,1,2200,2200
3884,2026-07-12,Tienda Sur,  Yogurt,Lácteos,2,800,1600
3885,2026-07-16,Tienda Norte,Cerveza,Alcohol,1,3500,3500
3885,16/7/2026, Tienda Norte ,Papas fritas,Snacks,2,1800,3600
3885,2026-07-16,Tienda Norte, Queso ,Lácteos,1,4500,4500
3886,2026-08-11,Tienda Centro,  Mantequilla,lácteos,1,2500,2500
3886,2026-08-11,Tienda Centro,Pan hallulla,Panadería,2,1500,3000
3886,2026-08-11,Tienda Centro,Pan molde,Panadería,1,1800,1800
3887,25-06-2026,Tienda Mall,Bebida cola,Bebidas,3,1500,4500
3887,2026-06-25,Tienda Mall,Cloro,limpieza,2,1400,2800
3887,25-6-2026,  Tienda Mall,Papas fritas,Snacks,1,1800,1800
3887,2026/06/25,Tienda Mall,Yogurt,Lácteos,1,800,800
3888,2026/06/15,Tienda Centro,Azúcar,CAFÉ/TÉ,1,1300,1300
3888,2026-06-15,Tienda Centro,Té,CAFÉ/TÉ,3,2500,7500
3889,2026/06/20,Tienda Mall,Cloro,Limpieza,3,1400,4200
3889,20-6-2026,Tienda Mall, Papas fritas ,Snacks,1,1800,1800
3890,2026-05-27,  Tienda Centro,Detergente,Limpieza,1,5500,5500
3890,2026-05-27,Tienda Centro,Esponjas,Limpieza,1,1200,1200
3890,2026-05-27,Tienda Centro,Mantequilla,Lácteos,,2500,2500
3890,2026-05-27,Tienda Centro,Maní  ,Snacks,2,1200,2400
3890,27/5/2026,  Tienda Centro,Pan molde,PANADERÍA,2,1800,3600
3890,2026-05-27,Tienda Centro, Pañales ,Bebé,2,8000,16.000
3890,2026-05-27,Tienda Centro,Toallitas húmedas,Bebé,1,2200,2200
3891,2026/07/22,  Tienda Centro,Mantequilla,Lácteos,1,2500,2500
3891,22/7/2026,Tienda Centro,Maní,Snacks,1,1200,1200
3891,22-7-2026, Tienda Centro ,  Pan molde,Panadería,1,1800,1800
3892,2026-06-03,  Tienda Norte,Mantequilla,Lácteos,1,2500,2500
3892,2026-06-03,  Tienda Norte,Queso,LÁCTEOS,1,4500,4500
3893,2026-06-22,Tienda Centro, Azúcar ,Café/Té,1,1300,1300
3893,2026/06/22,Tienda Centro,Café,Café/Té,1,4000,4000
3894,2026-07-25,Tienda Norte, Leche ,LÁCTEOS,1,1200,1200
3894,25-7-2026,Tienda Norte,Pan hallulla,Panadería,2,1500,3000
3894,2026-07-25,Tienda Norte,Yogurt,Lácteos,1,800,800
3895,08-06-2026,Tienda Sur,Galletas,Snacks,1,1000,1000
3896,2026-07-08,Tienda Mall,Agua mineral,bebidas,1,900,900
3896,2026-07-08,Tienda Mall,Yogurt,Lácteos,1,800,800
3897,2026-05-29,  Tienda Sur,Agua mineral,Bebidas,1,900,900
3898,10/7/2026, Tienda Centro , Azúcar ,Café/Té,1,1300,1300
3898,2026-07-10,Tienda Centro  ,Bebida cola,Bebidas,3,1500,4500
3898,2026-07-10,Tienda Centro,Café,Café/Té,1,4000,4000
3898,10-7-2026,Tienda Centro  ,Yogurt,Lácteos,1,800,800
3899,2026-07-01,Tienda Sur,Cerveza,Alcohol,2,3500,7000
3899,2026-07-01,Tienda Sur,Cloro,Limpieza,2,1400,2800
3899,2026-07-01,Tienda Sur,Maní,snacks,2,1200,2400
3899,2026-07-01,Tienda Sur,Papas fritas,Snacks,1,1800,1800
3900,2026/06/11,Tienda Norte,Cerveza,Alcohol,1,3500,3500
3900,11-6-2026,  Tienda Norte, Papas fritas ,Snacks,1,1800,1800
3901,2026-07-28,Tienda Norte,Mantequilla,LÁCTEOS,1,2500,2500
3901,28/7/2026,  Tienda Norte,Maní  ,Snacks,1,1200,1200
3901,28-07-2026,  Tienda Norte,  Pan molde,Panadería,1,1800,1800
3902,2026/06/24,Tienda Centro, Agua mineral ,bebidas,3,900,2700
3902,2026-06-24,Tienda Centro,Bebida cola,Bebidas,1,1500,1500
3903,2026-07-15,Tienda Centro,Azúcar,Café/Té,3,1300,3900
3903,15-07-2026, Tienda Centro ,Té,café/té,1,2500,2500
3903,15-07-2026,Tienda Centro,Vino tinto,alcohol,1,5000,5000
3904,08-08-2026,Tienda Mall  ,Cloro,Limpieza,1,1400,1400
3904,2026-08-08,  Tienda Mall,  Jugo naranja,Bebidas,2,1600,3200
3905,23-05-2026,Tienda Mall,Croissant,panadería,1,900,900
3905,2026-05-23,Tienda Mall,Yogurt,LÁCTEOS,1,800,800
3906,27-6-2026,Tienda Norte,Cloro  ,Limpieza,1,1400,1400
3906,2026/06/27,Tienda Norte,Mantequilla,Lácteos,2,2500,5000
3907,26-06-2026,Tienda Centro,Agua mineral,Bebidas,1,900,900
3907,2026-06-26,Tienda Centro,Mantequilla,LÁCTEOS,1,2500,2500
3908,24-7-2026,Tienda Sur, Bebida cola ,bebidas,,1500,3000
3908,2026/07/24,Tienda Sur,Cerveza,Alcohol,2,3500,7000
3908,2026/07/24,Tienda Sur,Detergente,Limpieza,3,5500,16500
3908,24/7/2026,  Tienda Sur, Esponjas ,Limpieza,1,1200,1200
3908,24-7-2026,  Tienda Sur,Maní,SNACKS,2,1200,2400
3908,2026-07-24,Tienda Sur,Papas fritas,Snacks,2,1800,3600
3908,2026-07-24,Tienda Sur,Toallitas húmedas,BEBÉ,1,2200,2200
3909,2026-08-16,  Tienda Sur,Bebida cola,Bebidas,2,1500,3000
3909,16-08-2026,Tienda Sur,Cerveza,alcohol,2,3500,7000
3909,2026-08-16,Tienda Sur, Galletas ,Snacks,2,1000,2000
3910,2026-06-09,Tienda Sur,Yogurt,lácteos,3,800,2400
3911,2026-07-30,Tienda Sur,  Detergente,Limpieza,2,5500,11000
3911,2026-07-30,Tienda Sur,Pañales,Bebé,2,8000,16000
3911,30/7/2026,Tienda Sur,Toallitas húmedas,Bebé,1,2200,2200
3912,2026-08-10,Tienda Norte, Cerveza ,Alcohol,2,3500,7000
3912,2026-08-10,Tienda Norte,Cloro,Limpieza,1,1400,1400
3912,10/8/2026,Tienda Norte,Maní  ,Snacks,1,1200,1200
3912,10-8-2026,Tienda Norte  ,Pañales,Bebé,2,8000,16000
3912,10/8/2026,Tienda Norte,Toallitas húmedas,Bebé,3,2200,6600
3913,2026-08-01,Tienda Centro,Bebida cola  ,Bebidas,1,1500,1500
3914,2026-05-25,Tienda Mall,Azúcar,Café/Té,1,1300,1300
3915,1/6/2026,Tienda Sur, Croissant ,Panadería,1,900,900
3915,2026-06-01,Tienda Sur,Mantequilla,Lácteos,1,2500,2500
3916,2026-06-30,Tienda Mall,Azúcar,Café/Té,2,1300,2600
3916,2026-06-30,Tienda Mall,Bebida cola,Bebidas,1,1500,1500
3916,2026-06-30, Tienda Mall ,Esponjas  ,Limpieza,3,1200,3600
3916,30-6-2026,Tienda Mall,Papas fritas,Snacks,2,1800,3600
3917,2026-07-08,Tienda Norte,Jugo naranja,Bebidas,1,1600,1600
3917,2026/07/08, Tienda Norte ,Toallitas húmedas,BEBÉ,1,2200,2200
3918,2026-07-15,Tienda Norte, Pan hallulla ,Panadería,1,1500,1500
3918,15-07-2026,Tienda Norte,  Queso,LÁCTEOS,1,4500,4500
3919,2026-06-23, Tienda Mall , Té ,Café/Té,1,2500,2500
3920,2026/06/14,Tienda Mall  ,Yogurt,Lácteos,1,800,800
3921,2026-07-04,Tienda Norte,Azúcar,café/té,1,1300,1300
3921,2026-07-04,Tienda Norte  ,Esponjas  ,LIMPIEZA,2,1200,2400
3921,2026-07-04,Tienda Norte,Pan hallulla,panadería,2,1500,3000
3921,2026-07-04,Tienda Norte,Té,CAFÉ/TÉ,,2500,2500
3922,21-06-2026,Tienda Norte, Bebida cola ,BEBIDAS,1,1500,1500
3922,2026/06/21,Tienda Norte,Cloro,Limpieza,1,1400,1400
3922,2026-06-21,Tienda Norte  ,Mantequilla,Lácteos,2,2500,5000
3922,21-06-2026,Tienda Norte,Pan hallulla,Panadería,1,1500,1500
3922,21-6-2026,  Tienda Norte,Papas fritas  ,Snacks,1,1800,1800
3922,2026/06/21,Tienda Norte,Té,Café/Té,1,2500,2500
3923,2026-08-06,Tienda Norte,Café,Café/Té,2,4000,8000
3924,2026-08-16,  Tienda Centro,Bebida cola  ,Bebidas,1,1500,1500
3925,2026/07/12,Tienda Mall,Bebida cola  ,BEBIDAS,1,1500,1500
3925,2026-07-12,Tienda Mall,Cerveza,alcohol,1,3500,3500
3925,2026-07-12,Tienda Mall,Galletas,Snacks,2,1000,2000
3925,2026-07-12,Tienda Mall  ,Maní,SNACKS,1,1200,1200
3925,2026-07-12,Tienda Mall,Papas fritas,SNACKS,2,1800,3600
3926,2026-07-24,Tienda Centro  ,  Agua mineral,Bebidas,1,900,900
3926,24-7-2026,Tienda Centro,  Esponjas,limpieza,2,1200,2400
3926,2026-07-24,  Tienda Centro,  Queso,lácteos,1,4500,4500
3927,2026-05-27,Tienda Norte,Cerveza,Alcohol,2,3500,7000
3927,2026-05-27,Tienda Norte,Pañales,Bebé,1,8000,8000
3927,2026-05-27,Tienda Norte,Queso,Lácteos,2,4500,9000
3927,2026-05-27, Tienda Norte ,Toallitas húmedas,Bebé,1,2200,2200
3928,17/8/2026,Tienda Norte,Croissant,Panadería,1,900,900
3929,2026-08-15,Tienda Centro,Azúcar,café/té,,1300,1300
3929,2026/08/15,Tienda Centro,Detergente,Limpieza,1,5500,5500
3929,2026-08-15,Tienda Centro, Esponjas ,LIMPIEZA,1,1200,1200
3929,2026-08-15,Tienda Centro,Té  ,Café/Té,1,2500,2500
3930,2026-07-14, Tienda Centro ,Esponjas,Limpieza,1,1200,1200
3930,2026-07-14,Tienda Centro,Jugo naranja,bebidas,1,1600,1600
3931,2026-06-05,Tienda Sur  ,  Azúcar,CAFÉ/TÉ,3,1300,3900
3931,5/6/2026,Tienda Sur,Café,Café/Té,3,4000,12.000
3931,2026-06-05,Tienda Sur  ,Té,Café/Té,,2500,2500
3932,2026/06/21,Tienda Sur,Cerveza,ALCOHOL,1,3500,3500
3932,2026-06-21,Tienda Sur,  Esponjas,Limpieza,1,1200,1200
3932,2026-06-21,Tienda Sur,Galletas  ,Snacks,1,1000,1000
3932,2026-06-21,Tienda Sur,Pañales,Bebé,2,8000,16000
3932,21-06-2026,Tienda Sur,Toallitas húmedas,bebé,2,2200,4400
3933,04-07-2026, Tienda Norte ,Bebida cola,Bebidas,1,1500,1500
3933,4-7-2026,  Tienda Norte,Papas fritas,Snacks,1,1800,1800
3933,2026/07/04,Tienda Norte,Vino tinto,Alcohol,1,5000,5000
3933,2026-07-04,  Tienda Norte,Yogurt,Lácteos,1,800,800
3934,23-6-2026,Tienda Centro,Esponjas,Limpieza,1,1200,1200
3934,2026-06-23,  Tienda Centro,Pañales,Bebé,3,8000,24000
3935,2026/07/09,Tienda Sur,  Croissant,PANADERÍA,1,900,900
3935,2026/07/09,Tienda Sur,Esponjas  ,Limpieza,3,1200,3600
3935,2026-07-09,Tienda Sur,Pañales,Bebé,3,8000,24000
3935,2026-07-09,Tienda Sur,Toallitas húmedas,Bebé,1,2200,2200
3936,01-07-2026,Tienda Norte,Mantequilla,Lácteos,1,2500,2500
3936,2026-07-01, Tienda Norte ,Pan molde  ,Panadería,2,1800,3600
3936,01-07-2026,Tienda Norte,Pañales,Bebé,2,8000,16.000
3936,01-07-2026,Tienda Norte,Queso,Lácteos,1,4500,4500
3936,2026-07-01,Tienda Norte,Toallitas húmedas  ,Bebé,1,2200,2200
3937,6/7/2026,Tienda Sur,Croissant,Panadería,1,900,900
3937,2026-07-06,Tienda Sur,Mantequilla  ,Lácteos,1,2500,2500
3937,2026-07-06,Tienda Sur,Pan molde,Panadería,2,1800,3600
3938,5/6/2026,Tienda Sur,Pan hallulla,Panadería,1,1500,1500
3938,2026/06/05,Tienda Sur,  Queso,Lácteos,2,4500,9000
3938,2026-06-05,Tienda Sur, Toallitas húmedas ,Bebé,3,2200,6600
3939,2026-05-26,Tienda Norte,Esponjas,limpieza,1,1200,1200
3939,26-5-2026,Tienda Norte,Jugo naranja,Bebidas,1,1600,1600
3939,2026-05-26,Tienda Norte,  Pan hallulla,Panadería,2,1500,3000
3939,2026-05-26,Tienda Norte,Pan molde,Panadería,1,1800,1800
3939,2026/05/26,Tienda Norte,Queso,Lácteos,1,4500,4500
3940,3/6/2026,Tienda Mall,Cloro  ,Limpieza,1,1400,1400
3941,22-7-2026,Tienda Norte,Agua mineral,Bebidas,1,900,900
3941,22-07-2026, Tienda Norte ,Croissant,Panadería,1,900,900
3941,22-07-2026,Tienda Norte, Papas fritas ,SNACKS,1,1800,1800
3942,2026-07-04,Tienda Sur  ,Cloro,Limpieza,2,1400,2800
3942,04-07-2026,Tienda Sur  ,Esponjas,Limpieza,2,1200,2400
3942,04-07-2026,Tienda Sur,  Té,café/té,2,2500,5000
3943,2026-07-22,Tienda Sur,Cloro,LIMPIEZA,1,1400,1400
3943,22/7/2026,Tienda Sur, Mantequilla ,Lácteos,1,2500,2500
3943,22/7/2026,Tienda Sur,Maní,Snacks,1,1200,1200
3943,2026/07/22,Tienda Sur,Pan hallulla,Panadería,1,1500,1500
3943,22-7-2026,Tienda Sur,Vino tinto,Alcohol,1,5000,5000
3944,2026-07-13,Tienda Mall,Maní  ,Snacks,1,1200,1200
3945,03-08-2026,Tienda Sur,Bebida cola,BEBIDAS,2,1500,3000
3945,2026-08-03,Tienda Sur,Maní,Snacks,1,1200,1200
3945,3/8/2026, Tienda Sur ,Papas fritas,snacks,1,1800,1800
3945,2026-08-03, Tienda Sur , Pañales ,BEBÉ,1,8000,8000
3945,2026-08-03,Tienda Sur,Toallitas húmedas,Bebé,2,2200,4400
3946,2026-06-18,Tienda Norte,Maní,Snacks,1,1200,1200
3946,18/6/2026, Tienda Norte ,  Queso,Lácteos,1,4500,4500
3947,2026-07-07,Tienda Centro,Papas fritas,Snacks,1,1800,1800
3947,7/7/2026,Tienda Centro,  Vino tinto,Alcohol,1,5000,5000
3948,2026-06-08,Tienda Mall  ,Azúcar,Café/Té,2,1300,2600
3948,2026-06-08,Tienda Mall,Esponjas,limpieza,1,1200,1200
3948,08-06-2026,Tienda Mall,Galletas,Snacks,,1000,1000
3948,2026-06-08,Tienda Mall,Jugo naranja,Bebidas,1,1600,1600
3949,2026-08-02,Tienda Mall  ,Cerveza,Alcohol,1,3500,3500
3949,02-08-2026,Tienda Mall,Croissant,Panadería,1,900,900
3949,2026-08-02,Tienda Mall,Maní,Snacks,1,1200,1200
3949,2/8/2026,Tienda Mall,Pañales,Bebé,1,8000,8000
3950,2-8-2026,Tienda Norte,Vino tinto  ,Alcohol,2,5000,10.000
3951,14-7-2026,Tienda Sur,Pan molde,PANADERÍA,1,1800,1800
3951,2026/07/14,  Tienda Sur,Queso,Lácteos,1,4500,4500
3952,2026-05-22,Tienda Centro,Leche,Lácteos,2,1200,2400
3952,2026-05-22,Tienda Centro  ,Queso,Lácteos,1,4500,4500
3953,24-07-2026,Tienda Mall,Cloro,Limpieza,1,1400,1400
3953,2026-07-24,Tienda Mall,Detergente,limpieza,1,5500,5500
3954,2026-07-09,  Tienda Centro,Mantequilla,Lácteos,1,2500,2500
3954,2026/07/09,Tienda Centro,Yogurt,Lácteos,1,800,800
3955,2026/07/04,Tienda Mall  , Cloro ,Limpieza,1,1400,1400
3955,4/7/2026,Tienda Mall,Detergente  ,Limpieza,2,5500,11000
3955,2026-07-04,Tienda Mall  ,Queso,Lácteos,,4500,4500
3955,2026-07-04, Tienda Mall ,Vino tinto,Alcohol,2,5000,10000
3956,2026-05-21,Tienda Sur,Esponjas,Limpieza,1,1200,1200
3956,2026-05-21,Tienda Sur,Pan hallulla,Panadería,1,1500,1500
3956,2026/05/21,Tienda Sur,Queso,lácteos,1,4500,4500
3957,27/7/2026,Tienda Norte,Esponjas,Limpieza,1,1200,1200
3957,2026-07-27, Tienda Norte ,Jugo naranja,Bebidas,2,1600,3200
3957,27-7-2026,Tienda Norte,  Papas fritas,snacks,1,1800,1800
3958,2026-06-19,Tienda Sur,Azúcar,Café/Té,1,1300,1300
3958,19-06-2026,Tienda Sur  ,  Croissant,Panadería,2,900,1800
3958,2026-06-19,Tienda Sur,Leche,Lácteos,1,1200,1200
3959,21-06-2026,Tienda Centro  ,Cloro,Limpieza,2,1400,2800
3959,2026-06-21,Tienda Centro,Esponjas,Limpieza,1,1200,1200
3959,2026/06/21,Tienda Centro,Maní,Snacks,1,1200,1200
3960,12-7-2026,Tienda Norte,Azúcar,Café/Té,2,1300,2600
3960,2026-07-12,Tienda Norte  ,Cerveza,Alcohol,2,3500,7000
3960,2026-07-12, Tienda Norte ,Queso  ,LÁCTEOS,1,4500,4500
3961,2026/06/10,Tienda Centro,Pan molde,Panadería,1,1800,1800
3961,10-06-2026,  Tienda Centro,Queso,lácteos,1,4500,4500
3961,2026/06/10,Tienda Centro  ,Toallitas húmedas,Bebé,1,2200,2200
3962,12/8/2026,Tienda Sur,Croissant,Panadería,1,900,900
3962,2026/08/12,  Tienda Sur,Té,Café/Té,3,2500,7500
3963,2026-07-01,Tienda Sur, Cloro ,limpieza,1,1400,1400
3963,2026-07-01,Tienda Sur,Queso  ,Lácteos,1,4500,4500
3964,2026-06-12,Tienda Sur  ,Azúcar,CAFÉ/TÉ,1,1300,1300
3964,2026-06-12,  Tienda Sur,Bebida cola  ,Bebidas,1,1500,1500
3964,12/6/2026,Tienda Sur,Café,Café/Té,2,4000,8000
3964,2026-06-12, Tienda Sur ,Mantequilla,lácteos,1,2500,2500
3964,2026-06-12,Tienda Sur,Pan molde,Panadería,1,1800,1800
3964,12-6-2026, Tienda Sur ,Papas fritas,Snacks,1,1800,1800
3964,2026-06-12,Tienda Sur,Vino tinto,Alcohol,2,5000,10000
3965,03-08-2026,Tienda Sur,  Bebida cola,Bebidas,1,1500,1500
3965,2026/08/03, Tienda Sur ,Papas fritas,Snacks,1,1800,1800
3966,2026-05-28,Tienda Mall,Esponjas  ,Limpieza,1,1200,1200
3966,2026-05-28,Tienda Mall,Mantequilla,LÁCTEOS,1,2500,2500
3966,2026-05-28,Tienda Mall,Papas fritas,Snacks,2,1800,3600
3967,2026-06-27,Tienda Centro  ,Toallitas húmedas,BEBÉ,3,2200,6600
3967,27-06-2026,Tienda Centro,Yogurt,Lácteos,1,800,800
3968,2026-07-24,Tienda Norte,Cerveza,Alcohol,1,3500,3500
3968,2026-07-24,Tienda Norte,Croissant,Panadería,1,900,900
3968,2026-07-24, Tienda Norte ,  Esponjas,Limpieza,1,1200,1200
3968,2026-07-24,Tienda Norte,Leche  ,Lácteos,1,1200,1200
3968,24-07-2026,  Tienda Norte,Papas fritas,Snacks,1,1800,1800
3969,2026-07-05,Tienda Mall,Mantequilla,Lácteos,3,2500,7500
3969,5/7/2026,Tienda Mall,Vino tinto,alcohol,3,5000,15000
3970,9-7-2026,Tienda Centro,Cerveza,Alcohol,2,3500,7000
3970,2026/07/09,Tienda Centro,Cloro,Limpieza,1,1400,1400
3970,2026/07/09,Tienda Centro,Detergente,Limpieza,1,5500,5500
3970,2026-07-09,Tienda Centro  ,Maní,Snacks,2,1200,2400
3971,3/8/2026,Tienda Sur,Agua mineral,Bebidas,2,900,1800
3972,2026-06-30, Tienda Mall ,Maní,Snacks,1,1200,1200
3972,30/6/2026,Tienda Mall  ,Papas fritas,Snacks,2,1800,3600
3973,2026-07-29, Tienda Mall ,Cerveza,Alcohol,1,3500,3500
3973,2026-07-29,Tienda Mall,Pan molde,PANADERÍA,1,1800,1800
3974,2026-07-07,  Tienda Sur,Azúcar,Café/Té,1,1300,1300
3974,2026-07-07,Tienda Sur  ,Galletas,Snacks,1,1000,1000
3974,2026/07/07,Tienda Sur,  Queso,LÁCTEOS,3,4500,13500
3974,7/7/2026,Tienda Sur,Té,Café/Té,2,2500,5000
3975,2026-07-06,Tienda Norte,Leche,Lácteos,1,1200,1200
3975,2026-07-06,Tienda Norte,Pan molde,Panadería,1,1800,1800
3975,2026-07-06, Tienda Norte ,Queso,Lácteos,1,4500,4500
3976,2026-06-03,Tienda Sur,Esponjas,limpieza,3,1200,3600
3976,2026-06-03,Tienda Sur  ,  Maní,Snacks,1,1200,1200
3976,2026/06/03,Tienda Sur  ,Pan hallulla,Panadería,1,1500,1500
3977,7-6-2026,  Tienda Centro,Bebida cola,Bebidas,1,1500,1500
3977,2026-06-07,Tienda Centro,  Detergente,Limpieza,2,5500,11000
3977,2026/06/07,Tienda Centro,Esponjas,Limpieza,1,1200,1200
3977,2026-06-07,Tienda Centro,Queso  ,lácteos,1,4500,4500
3978,21-7-2026,Tienda Mall  , Galletas ,Snacks,2,1000,2000
3978,2026-07-21, Tienda Mall ,Pan molde,Panadería,1,1800,1800
3978,2026-07-21,Tienda Mall,Queso,Lácteos,3,4500,13500
3978,21-7-2026,Tienda Mall,Yogurt,LÁCTEOS,1,800,800
3979,13-7-2026,Tienda Mall,Cloro,Limpieza,1,1400,1400
3979,2026-07-13,Tienda Mall,Detergente,LIMPIEZA,1,5500,5500
3980,2026-07-01,Tienda Mall,Cerveza,alcohol,1,3500,3500
3980,01-07-2026,Tienda Mall,Maní,Snacks,2,1200,2400
3980,2026/07/01,Tienda Mall  ,Pañales,Bebé,1,8000,8000
3980,2026-07-01,Tienda Mall, Queso ,Lácteos,1,4500,4500
3980,2026-07-01,Tienda Mall,Toallitas húmedas,Bebé,1,2200,2200
3981,5-8-2026,Tienda Centro,Agua mineral  ,Bebidas,1,900,900
3981,5/8/2026,Tienda Centro,  Cerveza,Alcohol,1,3500,3500
3982,20/6/2026,Tienda Centro,Azúcar,Café/Té,2,1300,2600
3982,2026-06-20,Tienda Centro,Maní,snacks,1,1200,1200
3982,2026-06-20,Tienda Centro  ,Té,Café/Té,3,2500,7500
3983,2026-06-07,Tienda Norte,Mantequilla,Lácteos,1,2500,2500
3983,7-6-2026, Tienda Norte ,Maní,Snacks,3,1200,3600
3984,2026-07-25,Tienda Centro,Azúcar,café/té,1,1300,1300
3984,2026-07-25,  Tienda Centro, Cerveza ,Alcohol,2,3500,7000
3984,25-07-2026,Tienda Centro,Maní,Snacks,2,1200,2400
3984,2026-07-25,Tienda Centro,Papas fritas,Snacks,1,1800,1800
3984,2026-07-25,Tienda Centro, Pañales ,Bebé,1,8000,8000
3984,2026-07-25,Tienda Centro,  Toallitas húmedas,Bebé,2,2200,4400
3984,2026-07-25,Tienda Centro,Té,Café/Té,1,2500,2500
3985,2026-05-25,Tienda Mall, Azúcar ,café/té,1,1300,1300
3985,2026-05-25,Tienda Mall,Cerveza,alcohol,1,3500,3500
3985,2026/05/25,Tienda Mall  ,Papas fritas,Snacks,1,1800,1800
3985,25/5/2026,Tienda Mall,Té,Café/Té,1,2500,2500
3986,11/7/2026,Tienda Norte,Azúcar,café/té,3,1300,3900
3986,2026-07-11,Tienda Norte,  Detergente,Limpieza,1,5500,5500
3986,2026-07-11,Tienda Norte,Esponjas,LIMPIEZA,1,1200,1200
3986,2026/07/11, Tienda Norte ,Mantequilla,Lácteos,1,2500,2500
3986,11-07-2026,Tienda Norte,Pan hallulla,Panadería,1,1500,1500
3987,22/5/2026,Tienda Sur,Azúcar,café/té,1,1300,1300
3987,2026/05/22,Tienda Sur,Cloro,Limpieza,1,1400,1400
3988,2026-06-12,Tienda Sur,  Cerveza,alcohol,1,3500,3500
3988,2026/06/12, Tienda Sur ,Croissant,Panadería,1,900,900
3988,2026/06/12,Tienda Sur,Leche,LÁCTEOS,2,1200,2400
3988,2026-06-12,Tienda Sur,Pañales,BEBÉ,1,8000,8000
3988,2026-06-12,Tienda Sur,Toallitas húmedas  ,BEBÉ,1,2200,2200
3989,2-8-2026,Tienda Sur,Yogurt,Lácteos,1,800,800
3990,2026/07/17, Tienda Centro ,Azúcar,café/té,1,1300,1300
3990,2026-07-17,Tienda Centro,Bebida cola  ,Bebidas,1,1500,1500
3990,2026-07-17,Tienda Centro,Mantequilla,Lácteos,1,2500,2500
3991,15-7-2026,Tienda Centro,Papas fritas,Snacks,2,1800,3600
3991,15-7-2026,Tienda Centro,Pañales,Bebé,2,8000,16.000
3991,15/7/2026,Tienda Centro  ,Té,Café/Té,2,2500,5000
3991,2026-07-15,Tienda Centro,Yogurt,Lácteos,1,800,800
3992,2026-06-17, Tienda Mall ,Azúcar  ,Café/Té,1,1300,1300
3992,2026/06/17,Tienda Mall,Galletas,Snacks,1,1000,1000
3993,2026-08-12,Tienda Norte,Leche,lácteos,1,1200,1200
3994,2026-07-12, Tienda Norte ,Pañales,Bebé,2,8000,16.000
3994,2026/07/12,Tienda Norte,Toallitas húmedas,BEBÉ,2,2200,4400
3995,2026-05-22,Tienda Norte,Bebida cola,BEBIDAS,2,1500,3000
3995,2026-05-22,  Tienda Norte,Papas fritas,Snacks,1,1800,1800
3996,4-7-2026,Tienda Sur,Azúcar,Café/Té,2,1300,2600
3996,4-7-2026,Tienda Sur, Cerveza ,Alcohol,1,3500,3500
3996,2026/07/04,Tienda Sur,Maní,Snacks,1,1200,1200
3996,2026-07-04,Tienda Sur  , Papas fritas ,Snacks,1,1800,1800
3997,3/7/2026,Tienda Mall,Azúcar,Café/Té,2,1300,2600
3997,2026-07-03,Tienda Mall,Café,Café/Té,2,4000,8000
3997,2026-07-03,Tienda Mall,Galletas,Snacks,1,1000,1000
3997,3-7-2026,Tienda Mall,  Papas fritas,SNACKS,1,1800,1800
3998,7/6/2026,Tienda Centro,Mantequilla  ,Lácteos,1,2500,2500
3998,2026-06-07,Tienda Centro  ,Pan hallulla,Panadería,1,1500,1500
3998,2026/06/07, Tienda Centro ,Té,Café/Té,1,2500,2500
3999,2026-06-13,Tienda Norte,Mantequilla,Lácteos,1,2500,2500
3999,2026/06/13,Tienda Norte,Maní  ,Snacks,1,1200,1200
3999,2026/06/13,Tienda Norte,Pan molde,Panadería,2,1800,3600
3999,2026-06-13,Tienda Norte,  Queso,lácteos,1,4500,4500
4000,05-08-2026,Tienda Mall,Cerveza,Alcohol,1,3500,3500
4000,2026-08-05,Tienda Mall,Papas fritas,Snacks,3,1800,5400
4000,5-8-2026,Tienda Mall,Yogurt,Lácteos,1,800,800
4001,13/7/2026,Tienda Mall,Esponjas,Limpieza,1,1200,1200
4001,13-07-2026,Tienda Mall,Jugo naranja,bebidas,2,1600,3200
4001,2026-07-13,Tienda Mall,Leche,Lácteos,1,1200,1200
4001,13/7/2026,Tienda Mall,Queso  ,Lácteos,2,4500,9000
4001,13-07-2026,Tienda Mall, Vino tinto ,Alcohol,3,5000,15.000
4002,2026-06-28,Tienda Norte,Cerveza,Alcohol,2,3500,7000
4002,2026/06/28,Tienda Norte,Detergente,Limpieza,1,5500,5500
4002,2026-06-28,Tienda Norte,Mantequilla,LÁCTEOS,1,2500,2500
4002,2026/06/28,Tienda Norte,Maní,Snacks,3,1200,3600
4003,2026-06-04,Tienda Sur,Azúcar,Café/Té,1,1300,1300
4003,4-6-2026,Tienda Sur,Bebida cola,BEBIDAS,1,1500,1500
4003,4-6-2026,Tienda Sur  ,Café,Café/Té,3,4000,12000
4003,2026-06-04, Tienda Sur , Galletas ,Snacks,1,1000,1000
4004,28/5/2026,Tienda Mall,Azúcar,Café/Té,1,1300,1300
4004,2026-05-28,Tienda Mall,Mantequilla,Lácteos,1,2500,2500
4004,28-5-2026,Tienda Mall  ,  Pan molde,Panadería,1,1800,1800
4004,2026-05-28,Tienda Mall,Toallitas húmedas,Bebé,1,2200,2200
4005,2026-07-01,Tienda Centro,Azúcar,Café/Té,1,1300,1300
4005,01-07-2026,Tienda Centro,Café,Café/Té,3,4000,12000
4006,2026-06-28,Tienda Sur,Bebida cola,Bebidas,2,1500,3000
4006,28-06-2026,Tienda Sur,  Esponjas,Limpieza,1,1200,1200
4007,2026-06-21,Tienda Sur,Agua mineral,Bebidas,1,900,900
4007,21-06-2026,Tienda Sur,Mantequilla,Lácteos,1,2500,2500
4007,2026-06-21,  Tienda Sur,Vino tinto,Alcohol,1,5000,5000
4008,03-07-2026,Tienda Mall,Cloro,Limpieza,2,1400,2800
4008,2026-07-03,Tienda Mall,Detergente,Limpieza,1,5500,5500
4008,2026-07-03,Tienda Mall, Mantequilla ,Lácteos,1,2500,2500
4008,2026-07-03,Tienda Mall,Papas fritas,Snacks,1,1800,1800
4009,15-08-2026,Tienda Norte,Leche,Lácteos,1,1200,1200
4009,2026-08-15,Tienda Norte,Papas fritas,Snacks,2,1800,3600
4010,2026-07-09,Tienda Norte,Azúcar,Café/Té,1,1300,1300
4010,9/7/2026,Tienda Norte,Detergente,Limpieza,1,5500,5500
4010,2026/07/09,Tienda Norte,Esponjas  ,Limpieza,2,1200,2400
4010,2026-07-09,Tienda Norte,Té  ,Café/Té,3,2500,7500
4011,2026-06-17,Tienda Mall,Cloro,Limpieza,1,1400,1400
4012,2026/08/12,Tienda Sur, Esponjas ,LIMPIEZA,1,1200,1200
4012,12/8/2026,Tienda Sur,Galletas,Snacks,1,1000,1000
4013,2/8/2026,Tienda Norte,Cerveza,alcohol,2,3500,7000
4013,2026-08-02,Tienda Norte,Mantequilla,lácteos,3,2500,7500
4013,2026/08/02,Tienda Norte  ,Pañales,Bebé,3,8000,24.000
4013,2026-08-02,Tienda Norte  ,Toallitas húmedas,BEBÉ,2,2200,4400
4013,2/8/2026,Tienda Norte,Yogurt,Lácteos,1,800,800
4014,2026-08-18,Tienda Centro,Papas fritas,Snacks,1,1800,1800
4014,18/8/2026,Tienda Centro,Queso  ,Lácteos,2,4500,9000
4014,2026/08/18,Tienda Centro  ,Vino tinto,Alcohol,1,5000,5000
4014,2026-08-18,Tienda Centro,Yogurt,Lácteos,1,800,800
4015,25/6/2026,Tienda Sur,Azúcar,café/té,1,1300,1300
4015,25-6-2026,Tienda Sur,Croissant,Panadería,1,900,900
4016,2026-07-27,Tienda Norte,Mantequilla,Lácteos,1,2500,2500
4016,2026-07-27,Tienda Norte  ,  Pan molde,Panadería,1,1800,1800
4016,27-7-2026, Tienda Norte ,Queso,LÁCTEOS,2,4500,9000
4017,2026-06-10,Tienda Norte,Cerveza,ALCOHOL,1,3500,3500
4017,2026-06-10,  Tienda Norte, Queso ,Lácteos,3,4500,13500
4018,03-08-2026,Tienda Mall  ,Leche,Lácteos,2,1200,2400
4018,2026-08-03,Tienda Mall,Maní,Snacks,1,1200,1200
4019,15-7-2026,Tienda Norte  ,Mantequilla  ,lácteos,2,2500,5000
4020,2026-07-06,Tienda Centro,Azúcar,Café/Té,1,1300,1300
4020,6-7-2026,Tienda Centro,Yogurt,Lácteos,1,800,800
4021,2026-07-09,Tienda Sur,Galletas,Snacks,1,1000,1000
4021,2026-07-09,Tienda Sur,Jugo naranja,Bebidas,1,1600,1600
4021,2026-07-09,Tienda Sur  ,Papas fritas,Snacks,2,1800,3600
4021,2026/07/09,Tienda Sur,Queso,LÁCTEOS,3,4500,13.500
4022,12-6-2026, Tienda Norte ,Yogurt,Lácteos,2,800,1600
4023,2026/07/29,Tienda Mall,  Toallitas húmedas,BEBÉ,2,2200,4400
4024,2026-08-10,Tienda Sur,Cloro,Limpieza,1,1400,1400
4024,2026-08-10,Tienda Sur,Queso,Lácteos,1,4500,4500
4025,15-6-2026,Tienda Norte,Azúcar  ,Café/Té,1,1300,1300
4026,2026-05-26,Tienda Centro,Mantequilla,LÁCTEOS,1,2500,2500
4026,2026-05-26,Tienda Centro,Papas fritas,SNACKS,1,1800,1800
4027,2026-06-16, Tienda Mall ,Mantequilla,LÁCTEOS,1,2500,2500
4027,16-06-2026,Tienda Mall,Pan hallulla  ,Panadería,1,1500,1500
4027,2026-06-16,Tienda Mall,Té,café/té,1,2500,2500
4028,2026/07/15,Tienda Norte, Cloro ,Limpieza,1,1400,1400
4028,2026-07-15,Tienda Norte, Detergente ,Limpieza,3,5500,16500
4028,15-7-2026,Tienda Norte,Esponjas,Limpieza,1,1200,1200
4029,2026-08-17,Tienda Centro,Bebida cola,bebidas,3,1500,4500
4029,2026/08/17,Tienda Centro,Papas fritas  ,SNACKS,3,1800,5400
4030,2026-07-27,Tienda Sur,Cerveza,Alcohol,1,3500,3500
4030,2026-07-27,Tienda Sur,Jugo naranja,Bebidas,1,1600,1600
4030,2026/07/27,Tienda Sur,Papas fritas,Snacks,1,1800,1800
4031,2026-07-08,Tienda Norte,Pañales,Bebé,1,8000,8000
4031,2026/07/08,Tienda Norte,Toallitas húmedas  ,Bebé,1,2200,2200
4032,2026-06-29,Tienda Mall  ,  Papas fritas,Snacks,2,1800,3600
4033,2026-07-13,Tienda Centro,Pan hallulla  ,panadería,1,1500,1500
4033,13/7/2026,Tienda Centro  ,Papas fritas,snacks,1,1800,1800
4033,2026/07/13,Tienda Centro,Queso,Lácteos,1,4500,4500
4033,2026-07-13,Tienda Centro,Yogurt,LÁCTEOS,1,800,800
4034,2026-07-02,Tienda Norte,Cloro,Limpieza,1,1400,1400
4034,2-7-2026,Tienda Norte,Detergente,Limpieza,2,5500,11.000
4034,2-7-2026,Tienda Norte,Toallitas húmedas,Bebé,2,2200,4400
4035,2026-06-25,Tienda Centro,Café,CAFÉ/TÉ,1,4000,4000
4035,2026/06/25, Tienda Centro ,Detergente,Limpieza,2,5500,11000
4035,2026-06-25,Tienda Centro,Esponjas,Limpieza,2,1200,2400
4035,2026-06-25,Tienda Centro,Maní,SNACKS,1,1200,1200
4035,25-6-2026,Tienda Centro,Papas fritas,SNACKS,1,1800,1800
4036,2026-06-12,Tienda Sur,Queso,Lácteos,2,4500,9000
4037,2026-08-02,Tienda Norte,Agua mineral,Bebidas,1,900,900
4037,2026-08-02,Tienda Norte,Mantequilla  ,Lácteos,1,2500,2500
4037,2/8/2026,Tienda Norte  ,Pan molde,Panadería,1,1800,1800
4038,11-06-2026,Tienda Sur, Bebida cola ,Bebidas,1,1500,1500
4039,2026-07-04,Tienda Centro,Galletas,Snacks,1,1000,1000
4039,2026/07/04,Tienda Centro  , Leche ,Lácteos,1,1200,1200
4039,2026-07-04,Tienda Centro,Maní,Snacks,3,1200,3600
4040,2026-08-13,  Tienda Norte,Agua mineral,BEBIDAS,1,900,900
4040,2026-08-13,Tienda Norte,Azúcar  ,Café/Té,2,1300,2600
4040,13/8/2026,Tienda Norte,Café,Café/Té,1,4000,4000
4040,2026-08-13,Tienda Norte  ,Croissant,Panadería,1,900,900
4041,2026/07/30,Tienda Norte,  Pañales,bebé,1,8000,8000
4041,2026-07-30,Tienda Norte, Toallitas húmedas ,bebé,3,2200,6600
4041,30/7/2026,Tienda Norte,Yogurt,Lácteos,2,800,1600
4042,2026-05-30,Tienda Sur,Pan hallulla,Panadería,1,1500,1500
4042,30-5-2026,Tienda Sur,Té,café/té,1,2500,2500
4042,2026-05-30,Tienda Sur,Yogurt,Lácteos,1,800,800
4043,2026-05-21,Tienda Centro,Cerveza,Alcohol,2,3500,7000
4043,2026/05/21,Tienda Centro,Maní,Snacks,1,1200,1200
4043,2026-05-21,  Tienda Centro,Toallitas húmedas,Bebé,1,2200,2200
4043,2026-05-21,Tienda Centro,Yogurt,Lácteos,2,800,1600
4044,2026-06-25,Tienda Centro,Jugo naranja,bebidas,1,1600,1600
4044,2026-06-25,Tienda Centro,Toallitas húmedas,BEBÉ,1,2200,2200
4045,17-8-2026,Tienda Norte,Azúcar,CAFÉ/TÉ,1,1300,1300
4045,2026-08-17,Tienda Norte,Café,Café/Té,3,4000,12.000
4045,17-8-2026,Tienda Norte,Yogurt  ,Lácteos,1,800,800
4046,24-07-2026,Tienda Sur,Bebida cola  ,Bebidas,1,1500,1500
4046,2026-07-24,Tienda Sur,Cloro,Limpieza,1,1400,1400
4047,2026-08-05,Tienda Sur  ,Azúcar,Café/Té,2,1300,2600
4048,27/7/2026,Tienda Centro,Mantequilla,Lácteos,2,2500,5000
4048,2026-07-27,Tienda Centro,Pan molde,Panadería,1,1800,1800
4049,2026-07-12, Tienda Norte ,Cloro,Limpieza,,1400,1400
4049,12-7-2026,Tienda Norte,Detergente,Limpieza,1,5500,5500
4049,12/7/2026,Tienda Norte,Esponjas,Limpieza,1,1200,1200
4049,12-07-2026,  Tienda Norte,Pan hallulla,Panadería,1,1500,1500
4049,12/7/2026,Tienda Norte  ,Pañales,Bebé,2,8000,16.000
4049,12/7/2026,Tienda Norte,Toallitas húmedas,Bebé,1,2200,2200
4050,2026-06-06,Tienda Norte,Leche  ,Lácteos,1,1200,1200
4050,6-6-2026,Tienda Norte,Yogurt,lácteos,,800,800
4051,22/6/2026,Tienda Sur,Cerveza,Alcohol,1,3500,3500
4051,22-6-2026,Tienda Sur,Esponjas,Limpieza,1,1200,1200
4051,2026-06-22,Tienda Sur,Pañales,Bebé,3,8000,24.000
4051,2026-06-22,Tienda Sur,Toallitas húmedas,Bebé,2,2200,4400
4052,2026-05-22,Tienda Centro,  Agua mineral,Bebidas,1,900,900
4052,22/5/2026,Tienda Centro,Queso,Lácteos,1,4500,4500
4052,2026-05-22,Tienda Centro,Vino tinto,Alcohol,1,5000,5000
4053,2026-07-27,Tienda Mall, Azúcar ,Café/Té,1,1300,1300
4053,2026-07-27,Tienda Mall,Café,Café/Té,1,4000,4000
4053,2026/07/27,Tienda Mall,Queso,Lácteos,3,4500,13500
4054,2026-07-16,  Tienda Norte,Pan hallulla,Panadería,2,1500,3000
4054,2026-07-16,Tienda Norte,Papas fritas,Snacks,1,1800,1800
4055,08-06-2026,Tienda Centro, Azúcar ,CAFÉ/TÉ,1,1300,1300
4055,2026-06-08,Tienda Centro,Mantequilla,Lácteos,1,2500,2500
4055,8-6-2026,Tienda Centro,Pan molde,PANADERÍA,1,1800,1800
4056,6/6/2026,Tienda Sur,Queso,Lácteos,1,4500,4500
4057,2026/07/06,Tienda Centro,Mantequilla,Lácteos,1,2500,2500
4057,06-07-2026,Tienda Centro,  Papas fritas,Snacks,2,1800,3600
4058,2026-07-21, Tienda Mall ,Esponjas,Limpieza,1,1200,1200
4058,2026-07-21,Tienda Mall,Maní  ,Snacks,1,1200,1200
4059,2026-07-31,Tienda Centro,  Leche,lácteos,1,1200,1200
4059,2026-07-31,Tienda Centro,Maní,Snacks,1,1200,1200
4060,29-5-2026,Tienda Mall,Agua mineral,BEBIDAS,1,900,900
4060,2026-05-29,Tienda Mall,Detergente,Limpieza,1,5500,5500
4060,29-05-2026,  Tienda Mall,Esponjas,Limpieza,1,1200,1200
4061,2026-08-07,Tienda Norte, Bebida cola ,Bebidas,,1500,1500
4061,2026-08-07,Tienda Norte,Pan molde,Panadería,1,1800,1800
4061,2026-08-07,Tienda Norte,Queso,Lácteos,1,4500,4500
4062,2026-07-10,Tienda Centro,Azúcar,CAFÉ/TÉ,1,1300,1300
4062,2026-07-10,Tienda Centro,Queso,Lácteos,1,4500,4500
4062,2026-07-10,Tienda Centro,Vino tinto  ,Alcohol,1,5000,5000
4063,2026/06/20,Tienda Sur  ,Agua mineral,Bebidas,2,900,1800
4063,2026/06/20,Tienda Sur,Croissant,Panadería,1,900,900
4063,20-06-2026, Tienda Sur ,Pan molde,Panadería,3,1800,5400
4064,24-06-2026,Tienda Mall,Detergente,LIMPIEZA,2,5500,11.000
4064,2026/06/24,Tienda Mall  ,Esponjas,Limpieza,3,1200,3600
4064,2026-06-24,Tienda Mall,Galletas  ,Snacks,1,1000,1000
4065,2026-07-13,Tienda Mall,Jugo naranja,Bebidas,1,1600,1600
4065,2026-07-13,Tienda Mall,Toallitas húmedas,Bebé,2,2200,4400
4066,3/7/2026,  Tienda Mall,Bebida cola  ,Bebidas,1,1500,1500
4066,2026-07-03,Tienda Mall,Leche,Lácteos,1,1200,1200
4066,2026/07/03,Tienda Mall,Papas fritas,SNACKS,1,1800,1800
4066,3-7-2026, Tienda Mall ,Toallitas húmedas,Bebé,1,2200,2200
4067,2026-07-20,Tienda Norte,Azúcar  ,Café/Té,2,1300,2600
4067,2026-07-20,Tienda Norte,Leche,Lácteos,1,1200,1200
4067,20-07-2026,Tienda Norte  ,Papas fritas,Snacks,1,1800,1800
4067,2026-07-20,Tienda Norte, Pañales ,bebé,1,8000,8000
4068,2026-06-30,Tienda Mall,Agua mineral  ,Bebidas,1,900,900
4068,2026-06-30,Tienda Mall,Mantequilla,Lácteos,1,2500,2500
4068,2026/06/30,Tienda Mall,Pan hallulla,PANADERÍA,1,1500,1500
4068,2026/06/30,Tienda Mall,Queso,Lácteos,1,4500,4500
4069,2026-07-24,Tienda Mall,Cloro,Limpieza,3,1400,4200
4069,2026/07/24,Tienda Mall,Croissant,Panadería,1,900,900
4069,2026-07-24,Tienda Mall,Maní,Snacks,1,1200,1200
4070,30-6-2026,Tienda Mall,Maní,Snacks,,1200,1200
4071,29-05-2026,Tienda Centro,Azúcar  ,Café/Té,2,1300,2600
4072,16-7-2026,  Tienda Mall,Leche,lácteos,1,1200,1200
4072,16-07-2026,Tienda Mall,Mantequilla,Lácteos,2,2500,5000
4073,17/8/2026,Tienda Norte,Azúcar,Café/Té,3,1300,3900
4073,2026-08-17, Tienda Norte ,Croissant,panadería,2,900,1800
4074,04-08-2026,  Tienda Centro,  Café,café/té,2,4000,8000
4075,25-7-2026,Tienda Sur  ,Agua mineral,Bebidas,1,900,900
4075,25-07-2026,Tienda Sur,Cloro,LIMPIEZA,1,1400,1400
4075,2026-07-25,Tienda Sur,Pañales,Bebé,1,8000,8000
4075,2026/07/25,Tienda Sur,Toallitas húmedas,Bebé,2,2200,4400
4075,25-07-2026,Tienda Sur,Yogurt,LÁCTEOS,1,800,800
4076,2026-07-31,Tienda Sur,Esponjas,Limpieza,1,1200,1200
4076,2026/07/31,Tienda Sur,Galletas,Snacks,2,1000,2000
4076,2026-07-31,Tienda Sur,Queso  ,Lácteos,1,4500,4500
4077,18-07-2026, Tienda Mall ,Azúcar,Café/Té,1,1300,1300
4077,2026-07-18,Tienda Mall,Cerveza,Alcohol,1,3500,3500
4077,2026-07-18,Tienda Mall,Papas fritas,Snacks,2,1800,3600
4077,2026-07-18,Tienda Mall,  Té,CAFÉ/TÉ,2,2500,5000
4078,2026-06-22,Tienda Centro,Jugo naranja,Bebidas,1,1600,1600
4078,22-06-2026,Tienda Centro,Mantequilla,Lácteos,2,2500,5000
4078,22/6/2026,Tienda Centro,Pan molde,panadería,1,1800,1800
4079,26/5/2026,  Tienda Norte,Leche,lácteos,2,1200,2400
4079,26-5-2026,Tienda Norte,Pan hallulla,PANADERÍA,,1500,1500
4080,2026/08/06,Tienda Mall  ,Maní,Snacks,1,1200,1200
4081,2026-06-10,Tienda Norte,Cerveza,Alcohol,1,3500,3500
4081,2026/06/10,Tienda Norte,  Cloro,Limpieza,1,1400,1400
4081,2026-06-10,Tienda Norte,Papas fritas,Snacks,3,1800,5400
4081,2026/06/10,Tienda Norte,Té,CAFÉ/TÉ,2,2500,5000
4082,2026-08-02,Tienda Norte,Detergente,Limpieza,1,5500,5500
4082,2026-08-02, Tienda Norte ,Esponjas,Limpieza,1,1200,1200
4082,2026-08-02,Tienda Norte,Leche,Lácteos,2,1200,2400
4082,2026/08/02,Tienda Norte  ,Vino tinto,Alcohol,3,5000,15000
4083,2026/07/17,Tienda Sur,  Azúcar,Café/Té,2,1300,2600
4083,2026-07-17,  Tienda Sur,Galletas,Snacks,3,1000,3000
4084,2026/06/21,Tienda Mall,Cerveza,Alcohol,1,3500,3500
4084,2026-06-21,Tienda Mall  , Esponjas ,Limpieza,2,1200,2400
4084,2026-06-21,Tienda Mall,Pan hallulla,panadería,1,1500,1500
4084,21/6/2026,  Tienda Mall,Papas fritas  ,Snacks,1,1800,1800
4084,2026-06-21,Tienda Mall  ,Queso,Lácteos,1,4500,4500
4085,2026-07-01,Tienda Norte,Detergente,Limpieza,3,5500,16500
4085,2026/07/01,Tienda Norte,Esponjas,Limpieza,1,1200,1200
4085,1-7-2026,Tienda Norte,Leche  ,Lácteos,1,1200,1200
4085,2026-07-01,Tienda Norte, Mantequilla ,LÁCTEOS,2,2500,5000
4085,2026/07/01,Tienda Norte,Pan molde  ,Panadería,1,1800,1800
4086,2026/06/05,Tienda Norte,Azúcar,Café/Té,2,1300,2600
4086,2026-06-05,Tienda Norte,Café,Café/Té,1,4000,4000
4086,05-06-2026, Tienda Norte ,Cloro,Limpieza,,1400,1400
4086,2026-06-05,Tienda Norte,Galletas  ,Snacks,1,1000,1000
4086,05-06-2026,Tienda Norte,Maní,Snacks,1,1200,1200
4086,5-6-2026,Tienda Norte,Papas fritas,Snacks,3,1800,5400
4087,17-8-2026,Tienda Mall,Maní,snacks,1,1200,1200
4088,2026/07/01,Tienda Centro,Jugo naranja,BEBIDAS,3,1600,4800
4088,2026-07-01,Tienda Centro,Yogurt,Lácteos,,800,800
4089,1/8/2026,Tienda Centro,Azúcar,Café/Té,1,1300,1300
4089,2026/08/01,Tienda Centro,Queso,Lácteos,2,4500,9000
4089,1-8-2026,Tienda Centro,Té,Café/Té,1,2500,2500
4090,7-6-2026,Tienda Norte,Galletas,Snacks,3,1000,3000
4090,2026-06-07,Tienda Norte,Mantequilla,Lácteos,1,2500,2500
4090,2026-06-07,  Tienda Norte,Pan hallulla,Panadería,3,1500,4500
4091,2026/06/19,Tienda Centro  ,Jugo naranja,Bebidas,1,1600,1600
4091,2026-06-19,Tienda Centro,Maní,Snacks,1,1200,1200
4092,02-07-2026,Tienda Mall,Jugo naranja,bebidas,1,1600,1600
4093,2026-07-19,Tienda Norte,Cloro,Limpieza,2,1400,2800
4093,19-07-2026,  Tienda Norte,Maní,snacks,,1200,1200
4093,2026-07-19,Tienda Norte,Pan hallulla,Panadería,2,1500,3000
4093,2026-07-19,Tienda Norte,Queso  ,Lácteos,1,4500,4500
4094,13/8/2026,Tienda Norte, Bebida cola ,Bebidas,2,1500,3000
4094,2026-08-13,Tienda Norte,Croissant,Panadería,2,900,1800
4094,13/8/2026,Tienda Norte,Papas fritas  ,Snacks,1,1800,1800
4095,1-6-2026,Tienda Norte,Cloro,Limpieza,1,1400,1400
4096,2026-07-15,Tienda Mall,Cerveza,Alcohol,1,3500,3500
4096,15-7-2026,Tienda Mall,Maní,snacks,1,1200,1200
4096,15-07-2026,  Tienda Mall,Papas fritas  ,Snacks,1,1800,1800
4097,2026/08/09,Tienda Centro,Agua mineral,Bebidas,1,900,900
4097,2026-08-09,Tienda Centro,Cerveza,alcohol,3,3500,10500
4097,09-08-2026,Tienda Centro  ,Maní,Snacks,2,1200,2400
4097,2026-08-09,  Tienda Centro,  Pañales,Bebé,2,8000,16000
4097,9-8-2026,  Tienda Centro,Toallitas húmedas,BEBÉ,1,2200,2200
4098,2026/08/14,Tienda Centro,Bebida cola,Bebidas,1,1500,1500
4098,2026-08-14,Tienda Centro,Croissant,Panadería,3,900,2700
4099,17-07-2026,Tienda Norte,Bebida cola,Bebidas,2,1500,3000
4100,2026-07-31,Tienda Mall, Cerveza ,Alcohol,1,3500,3500
4100,31-7-2026,Tienda Mall,Maní,Snacks,3,1200,3600
4100,31-07-2026,Tienda Mall,Papas fritas,Snacks,,1800,1800
4100,2026-07-31,  Tienda Mall,Queso,lácteos,1,4500,4500
4100,31-7-2026,Tienda Mall,Vino tinto,alcohol,1,5000,5000
4101,06-07-2026,Tienda Norte  ,Azúcar,Café/Té,1,1300,1300
4101,2026/07/06, Tienda Norte ,Mantequilla,Lácteos,1,2500,2500
4101,2026-07-06,Tienda Norte,Pan hallulla,Panadería,1,1500,1500
4101,06-07-2026,Tienda Norte,Queso  ,Lácteos,3,4500,13500
4101,2026-07-06,Tienda Norte,Vino tinto,Alcohol,1,5000,5000
4102,2026-08-18, Tienda Mall ,Azúcar,Café/Té,1,1300,1300
4102,18/8/2026,Tienda Mall  , Cerveza ,Alcohol,1,3500,3500
4102,2026-08-18,Tienda Mall,Papas fritas,Snacks,1,1800,1800
4103,11-08-2026,Tienda Norte,Croissant,Panadería,1,900,900
4103,2026-08-11,Tienda Norte,Queso,LÁCTEOS,2,4500,9000
4103,2026-08-11,Tienda Norte,Vino tinto,Alcohol,1,5000,5000
4104,17/7/2026,Tienda Sur,Pañales,BEBÉ,1,8000,8000
4104,2026-07-17,Tienda Sur,Toallitas húmedas,Bebé,1,2200,2200
4105,29/5/2026,Tienda Norte,Agua mineral,Bebidas,2,900,1800
4105,2026/05/29,Tienda Norte,Queso  ,Lácteos,1,4500,4500
4106,2/7/2026,Tienda Centro  , Café ,Café/Té,3,4000,12000
4106,02-07-2026,Tienda Centro,Galletas,SNACKS,1,1000,1000
4106,2026/07/02,Tienda Centro  ,Maní,snacks,1,1200,1200
4106,2/7/2026,  Tienda Centro,Toallitas húmedas,Bebé,1,2200,2200
4107,8-7-2026,  Tienda Centro,Esponjas,Limpieza,2,1200,2400
4107,8/7/2026,Tienda Centro,Maní,Snacks,1,1200,1200
4108,8/6/2026,Tienda Norte,Agua mineral,Bebidas,3,900,2700
4108,8/6/2026,Tienda Norte,Galletas,Snacks,1,1000,1000
4108,8-6-2026,Tienda Norte  ,Pan hallulla,Panadería,1,1500,1500
4109,2026-08-17,Tienda Centro,Galletas,Snacks,1,1000,1000
4110,2026-07-31,Tienda Sur,Azúcar,Café/Té,1,1300,1300
4111,13-8-2026,Tienda Sur,Azúcar,café/té,1,1300,1300
4111,13/8/2026,Tienda Sur,Jugo naranja,Bebidas,2,1600,3200
4112,11-08-2026,Tienda Centro  ,Azúcar,Café/Té,3,1300,3900
4112,11/8/2026,Tienda Centro,Leche,lácteos,1,1200,1200
4112,11-8-2026,Tienda Centro,Papas fritas  ,Snacks,2,1800,3600
4112,2026-08-11,Tienda Centro,Té,café/té,1,2500,2500
4113,2026/05/23,Tienda Sur,Pañales,Bebé,1,8000,8000
4113,23/5/2026,Tienda Sur,Toallitas húmedas,Bebé,3,2200,6600
4114,2026-05-26,  Tienda Centro,Jugo naranja,Bebidas,2,1600,3200
4114,2026-05-26,  Tienda Centro,Queso,Lácteos,1,4500,4500
4115,25-5-2026,Tienda Centro,Cerveza,Alcohol,2,3500,7000
4115,25-05-2026, Tienda Centro ,Pan hallulla,PANADERÍA,1,1500,1500
4115,2026/05/25,Tienda Centro  ,Papas fritas,Snacks,2,1800,3600
4116,04-08-2026,  Tienda Centro,Bebida cola,Bebidas,2,1500,3000
4116,2026-08-04,Tienda Centro,Croissant,Panadería,1,900,900
4116,2026/08/04,Tienda Centro,  Leche,Lácteos,1,1200,1200
4116,04-08-2026,Tienda Centro,Papas fritas,Snacks,2,1800,3600
4117,2026-08-10,Tienda Centro,Jugo naranja,Bebidas,2,1600,3200
4118,2026-07-17, Tienda Mall ,Azúcar,Café/Té,1,1300,1300
4118,17-07-2026,Tienda Mall,Leche,Lácteos,2,1200,2400
4118,2026/07/17,Tienda Mall,Mantequilla  ,LÁCTEOS,1,2500,2500
4118,2026-07-17,Tienda Mall,Té,Café/Té,2,2500,5000
4119,2026-07-10,Tienda Norte,Agua mineral,Bebidas,1,900,900
4120,2026-07-31,Tienda Sur,Cerveza  ,Alcohol,1,3500,3500
4120,2026/07/31,Tienda Sur,Esponjas,Limpieza,2,1200,2400
4120,31-07-2026,Tienda Sur,Papas fritas,Snacks,1,1800,1800
4121,2026-06-21,Tienda Norte,Agua mineral,Bebidas,2,900,1800
4122,07-07-2026,Tienda Mall,Azúcar,Café/Té,2,1300,2600
4122,2026-07-07,  Tienda Mall,Café,Café/Té,1,4000,4000
4122,2026-07-07,Tienda Mall  ,Esponjas,Limpieza,1,1200,1200
4122,2026-07-07,Tienda Mall,Leche,Lácteos,1,1200,1200
4122,7-7-2026, Tienda Mall ,Vino tinto,Alcohol,,5000,15000
4123,08-08-2026,Tienda Sur,  Bebida cola,bebidas,1,1500,1500
4123,8-8-2026,Tienda Sur,Jugo naranja,Bebidas,1,1600,1600
4123,2026-08-08,Tienda Sur,Té,café/té,1,2500,2500
4124,26/5/2026, Tienda Mall , Esponjas ,limpieza,3,1200,3600
4125,1/7/2026,Tienda Norte,Bebida cola,Bebidas,,1500,3000
4125,01-07-2026,Tienda Norte,Mantequilla,Lácteos,3,2500,7500
4125,2026-07-01,  Tienda Norte,Pan molde,Panadería,2,1800,3600
4125,2026-07-01,Tienda Norte,Papas fritas  ,Snacks,1,1800,1800
4125,2026-07-01,Tienda Norte,Queso,LÁCTEOS,1,4500,4500
4126,13-6-2026,  Tienda Mall,Queso,Lácteos,1,4500,4500
4127,2026-08-01, Tienda Sur ,Agua mineral,BEBIDAS,1,900,900
4127,01-08-2026, Tienda Sur ,Azúcar,Café/Té,1,1300,1300
4127,2026-08-01,Tienda Sur,Café,café/té,1,4000,4000
4127,1-8-2026,Tienda Sur,Queso,Lácteos,1,4500,4500
4127,1/8/2026,Tienda Sur,Vino tinto,Alcohol,1,5000,5000
4128,2026-05-25,Tienda Norte,  Agua mineral,Bebidas,1,900,900
4128,2026-05-25,Tienda Norte,Detergente,Limpieza,1,5500,5500
4129,2026-08-01,Tienda Centro,Maní,snacks,,1200,1200
4129,2026-08-01, Tienda Centro , Pan molde ,Panadería,1,1800,1800
4130,14-08-2026, Tienda Mall ,Esponjas,Limpieza,1,1200,1200
4130,2026-08-14, Tienda Mall ,Galletas,Snacks,1,1000,1000
4130,2026-08-14,Tienda Mall,Maní  ,Snacks,1,1200,1200
4131,2026/05/31, Tienda Norte ,Agua mineral  ,bebidas,1,900,900
4131,2026-05-31,Tienda Norte,  Bebida cola,Bebidas,2,1500,3000
4131,2026-05-31, Tienda Norte ,Papas fritas,Snacks,2,1800,3600
4132,2026-07-04,Tienda Sur,  Azúcar,CAFÉ/TÉ,1,1300,1300
4132,2026-07-04,Tienda Sur, Café ,Café/Té,1,4000,4000
4132,4/7/2026,  Tienda Sur,Mantequilla,Lácteos,1,2500,2500
4132,2026-07-04,Tienda Sur,Pan hallulla,Panadería,1,1500,1500
4133,2026-05-31,Tienda Centro,Jugo naranja,BEBIDAS,1,1600,1600
4133,31-5-2026,Tienda Centro,  Pañales,Bebé,1,8000,8000
4133,31-5-2026,Tienda Centro,Toallitas húmedas,Bebé,2,2200,4400
4134,26-6-2026,Tienda Sur,Cloro,Limpieza,1,1400,1400
4134,2026-06-26,Tienda Sur,Queso,Lácteos,2,4500,9000
4134,26/6/2026,Tienda Sur,Vino tinto,ALCOHOL,1,5000,5000
4135,2026-08-18,Tienda Norte,Pan molde,Panadería,1,1800,1800
4135,2026-08-18,Tienda Norte,Queso,lácteos,1,4500,4500
4135,2026-08-18,Tienda Norte, Yogurt ,Lácteos,2,800,1600
4136,2026-07-14,Tienda Mall,  Detergente,LIMPIEZA,1,5500,5500
4136,2026-07-14,Tienda Mall,Maní,snacks,1,1200,1200
4136,2026-07-14,Tienda Mall,Pan hallulla,Panadería,1,1500,1500
4137,02-06-2026,Tienda Centro,Jugo naranja,Bebidas,1,1600,1600
4137,2026/06/02,Tienda Centro,Mantequilla,Lácteos,1,2500,2500
4137,02-06-2026,Tienda Centro  ,Pan hallulla,PANADERÍA,2,1500,3000
4137,2026-06-02,Tienda Centro,Pan molde,Panadería,1,1800,1800
4138,2026-07-17,Tienda Mall,Detergente,LIMPIEZA,1,5500,5500
4138,2026-07-17,Tienda Mall,Queso,lácteos,1,4500,4500
4138,2026/07/17,Tienda Mall, Toallitas húmedas ,Bebé,1,2200,2200
4138,17/7/2026,Tienda Mall,Vino tinto,Alcohol,1,5000,5000
4139,2026-08-07,  Tienda Norte,Mantequilla,Lácteos,1,2500,2500
4140,23-7-2026,Tienda Mall,Galletas,Snacks,1,1000,1000
4140,2026-07-23,Tienda Mall,  Yogurt,Lácteos,1,800,800
4141,2026/08/15,Tienda Sur  ,Leche,Lácteos,1,1200,1200
4142,26-07-2026,Tienda Sur,Leche,Lácteos,3,1200,3600
4143,26-06-2026,Tienda Sur,Bebida cola,bebidas,2,1500,3000
4143,2026-06-26,Tienda Sur,Pan hallulla,Panadería,2,1500,3000
4143,2026-06-26,  Tienda Sur,Papas fritas  ,Snacks,1,1800,1800
4143,2026-06-26,Tienda Sur,Queso,Lácteos,1,4500,4500
4144,2026-07-24,Tienda Sur,Pan molde,Panadería,1,1800,1800
4145,2026-07-02,Tienda Norte,Azúcar,CAFÉ/TÉ,2,1300,2600
4145,2026-07-02,Tienda Norte,Toallitas húmedas,Bebé,1,2200,2200
4145,2026-07-02,Tienda Norte,Té,Café/Té,1,2500,2500
4146,2026/08/18,Tienda Norte, Azúcar ,Café/Té,3,1300,3900
4146,2026/08/18,Tienda Norte, Cerveza ,Alcohol,3,3500,10.500
4146,2026/08/18, Tienda Norte ,Maní,Snacks,1,1200,1200
4146,18-08-2026,Tienda Norte,Té,Café/Té,1,2500,2500
4146,2026-08-18,Tienda Norte, Yogurt ,LÁCTEOS,1,800,800
4147,2026/08/14,Tienda Mall,Jugo naranja,bebidas,2,1600,3200
4147,2026-08-14,Tienda Mall,  Maní,SNACKS,1,1200,1200
4148,2026-07-17,  Tienda Centro,Pañales,Bebé,2,8000,16000
4148,17/7/2026,Tienda Centro,Toallitas húmedas,Bebé,2,2200,4400
4148,2026/07/17, Tienda Centro ,Té,Café/Té,2,2500,5000
4149,2026-07-01,Tienda Sur,  Cerveza,Alcohol,1,3500,3500
4149,2026-07-01,Tienda Sur,Mantequilla,Lácteos,1,2500,2500
4149,1/7/2026,Tienda Sur,Maní  ,Snacks,1,1200,1200
4149,2026-07-01, Tienda Sur ,  Pañales,Bebé,3,8000,24.000
4150,27-05-2026,Tienda Centro,Azúcar  ,CAFÉ/TÉ,1,1300,1300
4150,2026-05-27,  Tienda Centro,Café,CAFÉ/TÉ,,4000,4000
4150,27-5-2026,Tienda Centro,Galletas,Snacks,2,1000,2000
4150,2026-05-27,Tienda Centro,Queso,Lácteos,1,4500,4500
4151,05-07-2026,Tienda Sur,Café,café/té,1,4000,4000
4151,2026-07-05,Tienda Sur,Pañales,Bebé,2,8000,16000
4151,2026-07-05,Tienda Sur,Toallitas húmedas,Bebé,2,2200,4400
4152,23/5/2026,Tienda Centro,Cloro  ,Limpieza,2,1400,2800
4152,2026/05/23,Tienda Centro,Detergente,Limpieza,1,5500,5500
4152,23-05-2026,Tienda Centro,Esponjas,Limpieza,2,1200,2400
4152,23-05-2026,Tienda Centro,Leche  ,Lácteos,1,1200,1200
4153,05-08-2026,Tienda Centro,  Cerveza,Alcohol,1,3500,3500
4153,5-8-2026,Tienda Centro,Croissant,Panadería,1,900,900
4153,2026-08-05,Tienda Centro,Maní,Snacks,1,1200,1200
4153,2026-08-05,Tienda Centro,Papas fritas,Snacks,2,1800,3600
4154,2026-05-26,Tienda Mall,Detergente,Limpieza,1,5500,5500
4154,2026-05-26,Tienda Mall,Esponjas,Limpieza,1,1200,1200
4155,2026/05/21,Tienda Sur,  Azúcar,Café/Té,1,1300,1300
4155,2026-05-21, Tienda Sur ,Esponjas,Limpieza,1,1200,1200
4155,2026/05/21, Tienda Sur ,Queso,Lácteos,2,4500,9000
4155,21-5-2026,Tienda Sur, Té ,Café/Té,2,2500,5000
4155,2026-05-21, Tienda Sur ,Vino tinto,Alcohol,1,5000,5000
4156,17-8-2026,Tienda Mall,Cloro,Limpieza,1,1400,1400
4156,17-08-2026,Tienda Mall,Esponjas,Limpieza,1,1200,1200
4157,26-07-2026,Tienda Norte  ,Galletas,Snacks,1,1000,1000
4157,2026/07/26,Tienda Norte,Leche,Lácteos,2,1200,2400
4157,2026-07-26,Tienda Norte,Queso,Lácteos,1,4500,4500
4157,26-07-2026,Tienda Norte  ,Vino tinto,Alcohol,1,5000,5000
4158,2026-06-22,  Tienda Norte, Bebida cola ,bebidas,1,1500,1500
4158,2026/06/22,  Tienda Norte,Cerveza,Alcohol,1,3500,3500
4158,22/6/2026,Tienda Norte,Maní,SNACKS,2,1200,2400
4158,22-6-2026,Tienda Norte  ,Papas fritas,Snacks,2,1800,3600
4159,2026-06-06,Tienda Mall,Azúcar,café/té,1,1300,1300
4159,2026-06-06,Tienda Mall,Café,Café/Té,1,4000,4000
4159,2026-06-06,Tienda Mall  ,Cerveza,Alcohol,1,3500,3500
4159,6/6/2026,  Tienda Mall,Galletas,Snacks,1,1000,1000
4159,06-06-2026,Tienda Mall,Maní,SNACKS,2,1200,2400
4159,2026/06/06,Tienda Mall,Papas fritas,Snacks,1,1800,1800
4160,2026-08-16,  Tienda Norte,Croissant,Panadería,1,900,900
4160,2026-08-16,Tienda Norte,Maní,snacks,1,1200,1200
4160,2026-08-16,Tienda Norte,Pan molde,PANADERÍA,1,1800,1800
4161,10-7-2026,Tienda Mall,Café,Café/Té,1,4000,4000
4161,10/7/2026,Tienda Mall,Galletas,snacks,2,1000,2000
4161,2026-07-10,Tienda Mall,Maní,SNACKS,2,1200,2400
4161,2026/07/10,Tienda Mall,Toallitas húmedas  ,Bebé,1,2200,2200
4162,2026/06/05,Tienda Norte,Bebida cola,Bebidas,2,1500,3000
4162,2026-06-05, Tienda Norte ,Queso,Lácteos,2,4500,9000
4162,2026-06-05,Tienda Norte,Vino tinto,Alcohol,2,5000,10000
4163,17-06-2026,Tienda Norte,Papas fritas,Snacks,3,1800,5400
4163,2026-06-17,Tienda Norte,Queso,lácteos,2,4500,9000
4164,2/8/2026,Tienda Sur,Azúcar,Café/Té,1,1300,1300
4164,2026-08-02, Tienda Sur ,Cerveza  ,Alcohol,2,3500,7000
4164,02-08-2026,  Tienda Sur,Maní,Snacks,1,1200,1200
4164,2-8-2026,Tienda Sur,Queso,Lácteos,1,4500,4500
4164,02-08-2026,Tienda Sur,Vino tinto,alcohol,1,5000,5000
4165,28-5-2026,Tienda Mall,Esponjas  ,Limpieza,1,1200,1200
4166,05-08-2026,  Tienda Sur,Agua mineral,Bebidas,2,900,1800
4166,2026-08-05,Tienda Sur,Maní,Snacks,3,1200,3600
4166,2026-08-05,Tienda Sur,Papas fritas,Snacks,1,1800,1800
4167,16-8-2026,Tienda Mall,Toallitas húmedas,Bebé,1,2200,2200
4168,2026-08-06,Tienda Norte,Bebida cola  ,Bebidas,1,1500,1500
4168,2026/08/06,Tienda Norte,Cloro,Limpieza,2,1400,2800
4168,6-8-2026,  Tienda Norte,Leche  ,Lácteos,,1200,2400
4169,2/7/2026,Tienda Mall,Agua mineral,Bebidas,1,900,900
4169,2026-07-02,Tienda Mall,Bebida cola,bebidas,2,1500,3000
4169,2-7-2026,Tienda Mall,Cerveza,Alcohol,1,3500,3500
4169,2026/07/02,Tienda Mall,Papas fritas,Snacks,3,1800,5400
4169,2026-07-02,Tienda Mall,Pañales,Bebé,1,8000,8000
4170,23-5-2026,  Tienda Centro,Mantequilla,Lácteos,2,2500,5000
4170,23-05-2026,  Tienda Centro,Papas fritas,snacks,1,1800,1800
4170,2026/05/23,Tienda Centro,Queso,Lácteos,3,4500,13500
4171,2026-07-05,Tienda Centro,Galletas,SNACKS,3,1000,3000
4171,5/7/2026,Tienda Centro, Pan hallulla ,Panadería,2,1500,3000
4172,11-08-2026,Tienda Centro,Azúcar,Café/Té,1,1300,1300
4172,2026-08-11,Tienda Centro,Croissant,Panadería,2,900,1800
4172,11-8-2026,Tienda Centro,  Leche,Lácteos,2,1200,2400
4172,2026-08-11,  Tienda Centro,Té,Café/Té,1,2500,2500
4173,2026-08-17,Tienda Mall,  Bebida cola,bebidas,3,1500,4500
4173,17/8/2026,Tienda Mall,Cloro,LIMPIEZA,2,1400,2800
4173,2026-08-17,Tienda Mall,Detergente,Limpieza,,5500,11.000
4173,2026-08-17, Tienda Mall ,Papas fritas,Snacks,1,1800,1800
4174,2026-08-03,Tienda Mall,Azúcar,Café/Té,1,1300,1300
4174,2026-08-03,Tienda Mall,Café  ,Café/Té,1,4000,4000
4174,3-8-2026,Tienda Mall,Esponjas,Limpieza,2,1200,2400
4175,2026-07-20,Tienda Centro,Esponjas,Limpieza,1,1200,1200
4175,2026-07-20,Tienda Centro, Papas fritas ,Snacks,1,1800,1800
4175,20-07-2026,Tienda Centro, Pañales ,Bebé,1,8000,8000
4175,2026-07-20,Tienda Centro,Toallitas húmedas,Bebé,3,2200,6600
4176,2026-07-21,Tienda Centro,Mantequilla,lácteos,1,2500,2500
4177,17-6-2026,Tienda Centro,Mantequilla,Lácteos,1,2500,2500
4177,2026-06-17, Tienda Centro ,Papas fritas,Snacks,1,1800,1800
4178,2026-06-23,Tienda Mall,Croissant,Panadería,1,900,900
4179,2026/07/29,Tienda Sur,Azúcar,Café/Té,2,1300,2600
4179,2026/07/29,Tienda Sur,Café  ,café/té,3,4000,12000
4180,2026-07-27,Tienda Sur, Detergente ,LIMPIEZA,1,5500,5500
4180,2026-07-27,Tienda Sur,Esponjas  ,Limpieza,2,1200,2400
4181,31-05-2026,Tienda Mall  ,Cerveza,Alcohol,,3500,3500
4181,31-5-2026, Tienda Mall ,Maní,Snacks,2,1200,2400
4181,31-5-2026, Tienda Mall ,  Papas fritas,Snacks,1,1800,1800
4181,2026-05-31,Tienda Mall,Vino tinto,Alcohol,1,5000,5000
4182,22-07-2026,Tienda Centro,Maní,Snacks,1,1200,1200
4182,2026-07-22, Tienda Centro ,Pan molde,Panadería,2,1800,3600
4182,22/7/2026,Tienda Centro,  Queso,LÁCTEOS,2,4500,9000
4183,2026-08-06,Tienda Norte,Azúcar,Café/Té,1,1300,1300
4183,2026/08/06,Tienda Norte,Mantequilla,Lácteos,1,2500,2500
4183,2026-08-06,Tienda Norte,Vino tinto,Alcohol,1,5000,5000
4184,2026-06-14,Tienda Sur,Cloro,LIMPIEZA,1,1400,1400
4184,14-06-2026,Tienda Sur  ,Detergente,Limpieza,1,5500,5500
4184,2026-06-14,Tienda Sur,Maní,Snacks,2,1200,2400
4184,14/6/2026,Tienda Sur,Toallitas húmedas,bebé,1,2200,2200
4185,2026-07-12,Tienda Sur,Cerveza,Alcohol,3,3500,10500
4185,12-07-2026,Tienda Sur,Galletas  ,Snacks,1,1000,1000
4185,12/7/2026,Tienda Sur,Pan hallulla,Panadería,1,1500,1500
4185,12-7-2026,  Tienda Sur,Papas fritas,Snacks,1,1800,1800
4186,2026-08-16,Tienda Centro,Azúcar  ,Café/Té,1,1300,1300
4186,2026-08-16,Tienda Centro,Mantequilla,Lácteos,3,2500,7500
4186,2026-08-16,Tienda Centro,Pan hallulla,PANADERÍA,1,1500,1500
4187,24-05-2026,Tienda Sur,Cloro,LIMPIEZA,1,1400,1400
4187,2026-05-24,Tienda Sur  ,Detergente,Limpieza,1,5500,5500
4187,24-05-2026,Tienda Sur,Mantequilla,Lácteos,1,2500,2500
4187,2026-05-24,Tienda Sur,Pan molde,Panadería,1,1800,1800
4187,24-5-2026,Tienda Sur,Queso,Lácteos,2,4500,9000
4188,2026-06-23, Tienda Sur ,Croissant,PANADERÍA,2,900,1800
4188,2026-06-23,Tienda Sur,Pañales,Bebé,1,8000,8000
4188,2026-06-23,Tienda Sur,Toallitas húmedas,Bebé,1,2200,2200
4189,2026-06-14,Tienda Mall,  Cerveza,Alcohol,1,3500,3500
4189,14-6-2026,Tienda Mall,Jugo naranja,Bebidas,1,1600,1600
4189,14-06-2026,Tienda Mall,Maní,SNACKS,1,1200,1200
4189,2026/06/14,Tienda Mall,Papas fritas,Snacks,1,1800,1800
4190,2026-06-19,Tienda Norte, Cerveza ,Alcohol,1,3500,3500
4190,19/6/2026,Tienda Norte,Esponjas,LIMPIEZA,3,1200,3600
4190,2026-06-19,Tienda Norte,Mantequilla,lácteos,1,2500,2500
4190,2026-06-19,Tienda Norte,Maní,Snacks,1,1200,1200
4190,2026-06-19,Tienda Norte,Pañales,Bebé,1,8000,8000
4191,2026-06-16,Tienda Mall,  Cerveza,Alcohol,2,3500,7000
4191,16/6/2026, Tienda Mall ,Mantequilla,Lácteos,1,2500,2500
4191,2026-06-16,Tienda Mall,Maní,snacks,1,1200,1200
4191,2026-06-16, Tienda Mall ,Pan hallulla,Panadería,2,1500,3000
4191,2026-06-16,Tienda Mall, Queso ,Lácteos,1,4500,4500
4192,2026-07-21,Tienda Mall,Croissant,Panadería,1,900,900
4193,04-08-2026,Tienda Mall,Maní  ,Snacks,1,1200,1200
4193,2026-08-04,Tienda Mall  ,Papas fritas,Snacks,1,1800,1800
4194,2026-06-30,Tienda Centro,Croissant,Panadería,1,900,900
4194,2026-06-30,Tienda Centro,Galletas,Snacks,2,1000,2000
4194,2026-06-30,Tienda Centro,Jugo naranja,Bebidas,1,1600,1600
4195,06-07-2026,  Tienda Norte,Azúcar,café/té,1,1300,1300
4195,06-07-2026,Tienda Norte,Detergente,Limpieza,2,5500,11000
4195,2026-07-06,Tienda Norte,  Té,Café/Té,2,2500,5000
4195,2026/07/06,Tienda Norte,Vino tinto,ALCOHOL,1,5000,5000
4196,2026-06-21,Tienda Centro,Agua mineral  ,Bebidas,3,900,2700
4196,21-6-2026,Tienda Centro  ,Azúcar,café/té,1,1300,1300
4196,21-6-2026,Tienda Centro,Toallitas húmedas,Bebé,2,2200,4400
4197,2026/08/05,Tienda Mall,  Maní,Snacks,1,1200,1200
4198,01-08-2026,Tienda Sur,Azúcar,café/té,1,1300,1300
4198,2026-08-01,Tienda Sur  , Café ,Café/Té,1,4000,4000
4199,2026/06/10,Tienda Centro  ,  Azúcar,Café/Té,1,1300,1300
4199,2026-06-10,Tienda Centro,Té,Café/Té,1,2500,2500
4200,30-5-2026, Tienda Centro ,  Azúcar,Café/Té,1,1300,1300
4200,2026-05-30,Tienda Centro,Café,Café/Té,2,4000,8000
4200,2026/05/30,Tienda Centro,Cerveza  ,ALCOHOL,,3500,7000
4200,30-05-2026,  Tienda Centro,Galletas,snacks,1,1000,1000
4200,2026-05-30,Tienda Centro,  Pañales,bebé,1,8000,8000
4200,2026-05-30,Tienda Centro,Toallitas húmedas  ,Bebé,1,2200,2200
4200,2026-05-30,Tienda Centro,  Té,Café/Té,2,2500,5000
4201,2026-07-16,Tienda Norte,  Azúcar,Café/Té,1,1300,1300
4201,2026-07-16,Tienda Norte,Queso,Lácteos,1,4500,4500
4201,2026-07-16,Tienda Norte,Vino tinto,alcohol,1,5000,5000
4202,2026/06/25,Tienda Sur,Cloro,limpieza,2,1400,2800
4202,2026-06-25,Tienda Sur,Jugo naranja,bebidas,1,1600,1600
4202,25/6/2026,  Tienda Sur, Mantequilla ,Lácteos,3,2500,7500
4202,25/6/2026,Tienda Sur,Maní,Snacks,1,1200,1200
4203,19-06-2026,Tienda Norte,Bebida cola,bebidas,1,1500,1500
4203,2026-06-19,Tienda Norte,Cerveza,Alcohol,3,3500,10500
4203,2026-06-19,Tienda Norte,Maní  ,Snacks,2,1200,2400
4203,19-6-2026,Tienda Norte,Pan hallulla,Panadería,1,1500,1500
4203,2026-06-19,Tienda Norte, Papas fritas ,Snacks,1,1800,1800
4203,2026-06-19,Tienda Norte,Queso,Lácteos,1,4500,4500
4204,2026/06/10, Tienda Norte ,Leche,Lácteos,2,1200,2400
4204,2026/06/10,Tienda Norte  ,Papas fritas  ,Snacks,1,1800,1800
4204,10-6-2026,Tienda Norte,Toallitas húmedas,Bebé,1,2200,2200
4205,2026/08/09,Tienda Sur,Azúcar,Café/Té,1,1300,1300
4205,2026-08-09,  Tienda Sur,Detergente,Limpieza,2,5500,11.000
4205,9/8/2026,Tienda Sur,Té,Café/Té,1,2500,2500
4206,2026/05/27,Tienda Mall,Detergente,Limpieza,1,5500,5500
4206,27-5-2026,Tienda Mall,Pañales,BEBÉ,1,8000,8000
4207,2026-08-13,Tienda Mall,Cerveza,Alcohol,3,3500,10500
4207,2026/08/13,Tienda Mall,Maní,Snacks,1,1200,1200
4207,13-08-2026,Tienda Mall,Pan molde,Panadería,1,1800,1800
4208,2026-06-07,Tienda Mall,Toallitas húmedas,BEBÉ,2,2200,4400
4209,2026-05-24,Tienda Centro,Galletas,Snacks,1,1000,1000
4210,2026/06/13, Tienda Norte ,Galletas,Snacks,1,1000,1000
4210,13-06-2026,Tienda Norte,Mantequilla,Lácteos,1,2500,2500
4211,09-07-2026,Tienda Norte, Toallitas húmedas ,Bebé,1,2200,2200
4212,31-05-2026,Tienda Sur,Croissant,Panadería,1,900,900
4212,2026/05/31,Tienda Sur,Leche,Lácteos,1,1200,1200
4213,3-8-2026,Tienda Mall,Cloro,Limpieza,2,1400,2800
4213,3/8/2026,Tienda Mall,Detergente,Limpieza,2,5500,11000
4213,2026/08/03,Tienda Mall  ,Esponjas,Limpieza,2,1200,2400
4214,2026-07-18,Tienda Centro  ,Azúcar,Café/Té,1,1300,1300
4214,2026-07-18,Tienda Centro,Cloro,limpieza,2,1400,2800
4214,2026/07/18,  Tienda Centro,Jugo naranja,bebidas,1,1600,1600
4214,2026-07-18,Tienda Centro,Pan molde,panadería,2,1800,3600
4214,18-07-2026,Tienda Centro,Té,CAFÉ/TÉ,1,2500,2500
4215,2026-08-09,Tienda Mall,Azúcar,Café/Té,1,1300,1300
4215,9/8/2026,Tienda Mall, Té ,Café/Té,1,2500,2500
4216,2026-07-18, Tienda Centro ,Mantequilla  ,Lácteos,1,2500,2500
4216,18/7/2026,Tienda Centro,Pan hallulla  ,Panadería,,1500,3000
4216,2026-07-18, Tienda Centro ,Queso,Lácteos,1,4500,4500
4217,2026-06-30,Tienda Mall,Azúcar,Café/Té,2,1300,2600
4217,2026-06-30,Tienda Mall,Galletas,Snacks,2,1000,2000
4218,13/6/2026,Tienda Mall,Azúcar,Café/Té,1,1300,1300
4218,13/6/2026,Tienda Mall,Bebida cola,Bebidas,3,1500,4500
4218,13-06-2026,Tienda Mall  ,Cerveza,Alcohol,1,3500,3500
4218,13-06-2026,Tienda Mall,Maní,Snacks,1,1200,1200
4218,13-6-2026,Tienda Mall,Papas fritas,Snacks,,1800,1800
4218,13/6/2026,Tienda Mall, Té ,CAFÉ/TÉ,,2500,2500
4219,2026/06/20,Tienda Centro,Esponjas,Limpieza,1,1200,1200
4219,20/6/2026,Tienda Centro,Maní,Snacks,2,1200,2400
4219,20-6-2026,Tienda Centro  ,Queso,lácteos,1,4500,4500
4220,2026/07/27,Tienda Norte,Azúcar,Café/Té,1,1300,1300
4221,2026-07-24,Tienda Norte,Azúcar,CAFÉ/TÉ,1,1300,1300
4221,2026-07-24,Tienda Norte,Galletas,SNACKS,1,1000,1000
4221,2026-07-24,Tienda Norte,Leche,Lácteos,1,1200,1200
4221,2026-07-24,Tienda Norte,Maní,Snacks,,1200,1200
4221,2026/07/24,Tienda Norte,Té  ,Café/Té,1,2500,2500
4222,2026-07-21,Tienda Sur,Bebida cola  ,Bebidas,1,1500,1500
4222,21-07-2026,  Tienda Sur,Galletas,Snacks,3,1000,3000
4222,21-07-2026,Tienda Sur,Papas fritas,Snacks,2,1800,3600
4222,2026-07-21,Tienda Sur,Pañales,Bebé,1,8000,8000
4222,2026/07/21, Tienda Sur ,Vino tinto,Alcohol,1,5000,5000
4223,13-8-2026,Tienda Norte,Jugo naranja,Bebidas,2,1600,3200
4223,2026/08/13,  Tienda Norte,Mantequilla,Lácteos,2,2500,5000
4223,2026-08-13,Tienda Norte,Pan molde,Panadería,1,1800,1800
4223,13/8/2026,Tienda Norte, Queso ,Lácteos,2,4500,9000
4224,2026-07-30,Tienda Centro,  Azúcar,Café/Té,2,1300,2600
4225,2026-07-01,Tienda Mall, Cerveza ,Alcohol,1,3500,3500
4225,2026-07-01,Tienda Mall,Maní,Snacks,1,1200,1200
4225,2026-07-01,Tienda Mall,Papas fritas,Snacks,1,1800,1800
4226,2026-07-27,Tienda Centro,Leche,Lácteos,1,1200,1200
4227,26-06-2026, Tienda Centro , Galletas ,Snacks,1,1000,1000
4227,2026-06-26,Tienda Centro,Jugo naranja,Bebidas,1,1600,1600
4228,8-7-2026,Tienda Centro,  Leche,Lácteos,2,1200,2400
4228,2026-07-08,Tienda Centro, Maní ,Snacks,2,1200,2400
4229,01-06-2026,Tienda Sur,Cloro,Limpieza,1,1400,1400
4229,01-06-2026,Tienda Sur,Detergente  ,Limpieza,1,5500,5500
4229,2026/06/01,Tienda Sur,Maní,Snacks,1,1200,1200
4229,2026/06/01,Tienda Sur,Papas fritas,Snacks,1,1800,1800
4230,26-5-2026,Tienda Centro,Azúcar,Café/Té,1,1300,1300
4230,2026-05-26, Tienda Centro ,Cerveza,ALCOHOL,1,3500,3500
4230,2026-05-26,Tienda Centro, Jugo naranja ,Bebidas,1,1600,1600
4230,26-05-2026,Tienda Centro,Papas fritas,SNACKS,1,1800,1800
4231,2026-08-02, Tienda Centro ,Bebida cola,Bebidas,1,1500,1500
4231,02-08-2026,Tienda Centro,Jugo naranja,Bebidas,2,1600,3200
4231,02-08-2026,Tienda Centro,Papas fritas,SNACKS,2,1800,3600
4231,2026-08-02, Tienda Centro ,Toallitas húmedas,BEBÉ,1,2200,2200
4232,2026-07-24,Tienda Centro,Bebida cola  ,Bebidas,2,1500,3000
4232,24-7-2026,  Tienda Centro,Detergente,LIMPIEZA,1,5500,5500
4232,2026-07-24,Tienda Centro  ,  Papas fritas,Snacks,1,1800,1800
4232,2026-07-24,Tienda Centro,Queso,LÁCTEOS,1,4500,4500
4233,2026-06-02,  Tienda Mall,Bebida cola,Bebidas,1,1500,1500
4233,2026-06-02,Tienda Mall,Papas fritas,Snacks,2,1800,3600
4234,2026/06/27, Tienda Norte ,Detergente,Limpieza,1,5500,5500
4234,2026-06-27,Tienda Norte,Toallitas húmedas,bebé,1,2200,2200
4235,6/8/2026,Tienda Centro,Agua mineral,Bebidas,1,900,900
4235,6/8/2026,Tienda Centro  ,Pan hallulla  ,Panadería,2,1500,3000
4235,06-08-2026,Tienda Centro,Queso,Lácteos,2,4500,9000
4235,6-8-2026,Tienda Centro,Vino tinto,Alcohol,2,5000,10000
4236,2026-07-29,Tienda Mall,Cerveza,Alcohol,1,3500,3500
4236,2026-07-29,Tienda Mall,Maní,Snacks,1,1200,1200
4236,2026-07-29,Tienda Mall,Papas fritas,Snacks,1,1800,1800
4236,2026-07-29,Tienda Mall,Yogurt,lácteos,1,800,800
4237,24/7/2026,Tienda Mall,Azúcar  ,Café/Té,1,1300,1300
4237,2026-07-24,Tienda Mall,Café,CAFÉ/TÉ,1,4000,4000
4237,2026-07-24,Tienda Mall,Pan molde,panadería,1,1800,1800
4238,2026/06/18,Tienda Centro,  Azúcar,Café/Té,1,1300,1300
4238,2026-06-18,Tienda Centro,Cloro  ,Limpieza,1,1400,1400
4238,2026-06-18,Tienda Centro, Detergente ,Limpieza,1,5500,5500
4239,2026-06-02, Tienda Mall ,Agua mineral,Bebidas,1,900,900
4239,2/6/2026,Tienda Mall,Maní,Snacks,1,1200,1200
4240,16-7-2026,Tienda Norte,Queso,LÁCTEOS,1,4500,4500
4240,2026-07-16,Tienda Norte  ,Vino tinto,Alcohol,1,5000,5000
4241,2026-08-04,Tienda Mall  , Pañales ,Bebé,2,8000,16000
4241,2026-08-04,Tienda Mall,Toallitas húmedas,BEBÉ,1,2200,2200
4241,2026-08-04,Tienda Mall, Yogurt ,Lácteos,1,800,800
4242,2026-06-25,Tienda Sur,Pan hallulla,Panadería,1,1500,1500
4243,2026-07-17,Tienda Centro,Bebida cola,Bebidas,1,1500,1500
4243,17-7-2026,Tienda Centro,Cloro,Limpieza,,1400,1400
4243,17-7-2026,Tienda Centro  ,Detergente,Limpieza,2,5500,11.000
4244,2026-06-12,Tienda Mall,Agua mineral,Bebidas,1,900,900
4244,12/6/2026,Tienda Mall,Croissant  ,PANADERÍA,2,900,1800
4244,2026-06-12,Tienda Mall,Galletas,Snacks,1,1000,1000
4244,2026-06-12,Tienda Mall,Maní,snacks,1,1200,1200
4245,2026-06-13,  Tienda Mall, Cloro ,Limpieza,2,1400,2800
4245,13-06-2026,Tienda Mall,Vino tinto,Alcohol,1,5000,5000
4246,13/7/2026,Tienda Sur  ,Agua mineral,Bebidas,2,900,1800
4246,2026-07-13, Tienda Sur ,Croissant,Panadería,2,900,1800
4246,2026-07-13,Tienda Sur,Vino tinto,Alcohol,1,5000,5000
4247,2026-06-18,Tienda Mall,Agua mineral,Bebidas,1,900,900
4247,18/6/2026,Tienda Mall, Toallitas húmedas ,Bebé,2,2200,4400
4248,2026-06-07,Tienda Centro,Azúcar,Café/Té,1,1300,1300
4248,2026-06-07,Tienda Centro,Galletas,Snacks,1,1000,1000
4248,2026/06/07,Tienda Centro, Queso ,Lácteos,1,4500,4500
4249,2026/06/11,Tienda Sur,Azúcar,Café/Té,1,1300,1300
4249,2026-06-11,Tienda Sur,  Café,Café/Té,1,4000,4000
4249,11/6/2026,Tienda Sur  , Cloro ,LIMPIEZA,1,1400,1400
4249,2026-06-11,Tienda Sur,Maní,Snacks,1,1200,1200
4250,2026/06/24,Tienda Centro,Esponjas,limpieza,1,1200,1200
4250,24-6-2026,Tienda Centro,Leche,Lácteos,1,1200,1200
4250,2026-06-24,Tienda Centro,Maní,Snacks,1,1200,1200
4251,2026-07-05,Tienda Sur,Azúcar,café/té,1,1300,1300
4251,2026/07/05,  Tienda Sur,Queso  ,Lácteos,3,4500,13500
4252,2026/06/09,Tienda Centro,Agua mineral,BEBIDAS,2,900,1800
4252,2026-06-09,Tienda Centro  ,Leche,Lácteos,1,1200,1200
4253,30-5-2026, Tienda Centro ,Agua mineral,Bebidas,2,900,1800
4253,2026-05-30, Tienda Centro ,Vino tinto,Alcohol,1,5000,5000
4254,2026-06-08,Tienda Mall, Papas fritas ,Snacks,1,1800,1800
4254,08-06-2026,Tienda Mall,Vino tinto,Alcohol,1,5000,5000
4255,2026/06/25,Tienda Norte,Azúcar,Café/Té,1,1300,1300
4255,25-6-2026,Tienda Norte,Café,Café/Té,1,4000,4000
4255,2026-06-25,  Tienda Norte,Galletas  ,Snacks,1,1000,1000
4255,25-06-2026,Tienda Norte,Yogurt,Lácteos,1,800,800
4256,17/6/2026,Tienda Mall,Bebida cola,BEBIDAS,1,1500,1500
4256,2026-06-17,Tienda Mall,Leche  ,LÁCTEOS,1,1200,1200
4256,2026-06-17,Tienda Mall  ,Papas fritas,Snacks,1,1800,1800
4257,2026-07-12,Tienda Norte,Galletas,Snacks,1,1000,1000
4257,2026/07/12,Tienda Norte,Maní,Snacks,2,1200,2400
4258,2026-07-02,Tienda Centro,Jugo naranja,bebidas,1,1600,1600
4258,2026-07-02,  Tienda Centro,Papas fritas,Snacks,1,1800,1800
4259,2026-07-18,  Tienda Sur, Mantequilla ,lácteos,1,2500,2500
4259,18-07-2026,Tienda Sur,Pañales,Bebé,1,8000,8000
4259,2026-07-18,Tienda Sur,Toallitas húmedas,Bebé,1,2200,2200
4260,2026-07-04,Tienda Mall,Papas fritas,Snacks,1,1800,1800
4261,2026/06/23,Tienda Centro,Bebida cola,Bebidas,,1500,1500
4261,2026/06/23,Tienda Centro  ,Cerveza,Alcohol,1,3500,3500
4261,2026-06-23,Tienda Centro,Detergente,Limpieza,2,5500,11.000
4261,2026-06-23,Tienda Centro,Maní,Snacks,2,1200,2400
4261,2026-06-23,Tienda Centro,Papas fritas,Snacks,2,1800,3600
4262,2026-07-21,Tienda Mall,Bebida cola,Bebidas,1,1500,1500
4262,21-7-2026,Tienda Mall,Cerveza,Alcohol,1,3500,3500
4262,2026-07-21,Tienda Mall,Papas fritas  ,SNACKS,1,1800,1800
4263,30-6-2026,Tienda Centro,  Leche,lácteos,1,1200,1200
4263,2026-06-30,Tienda Centro  , Papas fritas ,Snacks,1,1800,1800
4264,2026-05-22,Tienda Norte,Azúcar,Café/Té,1,1300,1300
4264,2026-05-22,Tienda Norte,Mantequilla,Lácteos,,2500,2500
4265,05-08-2026, Tienda Norte ,Esponjas,limpieza,1,1200,1200
4265,2026-08-05, Tienda Norte ,Toallitas húmedas,Bebé,1,2200,2200
4266,2026/06/14,Tienda Centro,Agua mineral,Bebidas,2,900,1800
4267,2026-08-14,  Tienda Norte,Azúcar,Café/Té,1,1300,1300
4267,14-08-2026, Tienda Norte ,Leche,Lácteos,1,1200,1200
4268,2026-06-01,Tienda Sur,Croissant,Panadería,1,900,900
4268,2026/06/01,Tienda Sur,  Pan molde,Panadería,1,1800,1800
4269,13/6/2026,Tienda Norte, Jugo naranja ,Bebidas,3,1600,4800
4269,2026-06-13,Tienda Norte,Pan hallulla,PANADERÍA,1,1500,1500
4269,13/6/2026,Tienda Norte,Queso,lácteos,,4500,4500
4269,13-06-2026,Tienda Norte,Vino tinto,alcohol,2,5000,10000
4270,2026-07-23,  Tienda Norte,Cerveza,Alcohol,3,3500,10.500
4270,23-07-2026,Tienda Norte,Papas fritas,Snacks,1,1800,1800
4271,2026-07-14,Tienda Centro,Bebida cola  ,Bebidas,2,1500,3000
4271,2026-07-14,Tienda Centro,Cerveza,Alcohol,2,3500,7000
4271,14-07-2026,Tienda Centro,Mantequilla,lácteos,1,2500,2500
4271,14-7-2026,Tienda Centro, Maní ,Snacks,1,1200,1200
4271,14-07-2026,Tienda Centro,Pan hallulla,Panadería,1,1500,1500
4271,2026/07/14,Tienda Centro,Papas fritas  ,Snacks,2,1800,3600
4271,2026-07-14,Tienda Centro,Queso,Lácteos,2,4500,9000
4272,2026-05-29,Tienda Centro,Azúcar,Café/Té,3,1300,3900
4272,2026-05-29,Tienda Centro  ,Café,Café/Té,1,4000,4000
4272,2026-05-29,Tienda Centro,Galletas,snacks,1,1000,1000
4272,2026-05-29,Tienda Centro  ,Toallitas húmedas  ,Bebé,1,2200,2200
4273,2026/07/28,Tienda Norte,Croissant,Panadería,1,900,900
4273,2026-07-28,Tienda Norte,Papas fritas,Snacks,2,1800,3600
4274,2026-06-10,Tienda Centro  ,Bebida cola,Bebidas,1,1500,1500
4274,10/6/2026,Tienda Centro,Galletas,Snacks,1,1000,1000
4275,2026-07-18,  Tienda Centro,Mantequilla,Lácteos,1,2500,2500
4275,18/7/2026,Tienda Centro,Pan molde,Panadería,2,1800,3600
4275,2026/07/18, Tienda Centro ,Pañales,Bebé,1,8000,8000
4275,2026-07-18,Tienda Centro,Queso,Lácteos,1,4500,4500
4275,18-7-2026,Tienda Centro,Toallitas húmedas,Bebé,2,2200,4400
4276,2026/07/21,Tienda Centro,Café,Café/Té,1,4000,4000
4276,2026-07-21,Tienda Centro,Cloro,Limpieza,1,1400,1400
4276,2026-07-21, Tienda Centro ,  Detergente,Limpieza,1,5500,5500
4276,2026/07/21,Tienda Centro,Jugo naranja  ,bebidas,1,1600,1600
4277,2026-06-19,Tienda Norte,Azúcar,Café/Té,2,1300,2600
4277,19-06-2026,Tienda Norte,Leche,Lácteos,3,1200,3600
4278,2026-06-09, Tienda Norte ,Pañales,bebé,3,8000,24000
4278,9-6-2026,Tienda Norte  ,Toallitas húmedas,Bebé,1,2200,2200
4279,25-05-2026,Tienda Centro,Bebida cola,Bebidas,3,1500,4500
4279,2026-05-25, Tienda Centro ,Cloro,Limpieza,2,1400,2800
4280,22-7-2026, Tienda Sur ,Croissant,Panadería,1,900,900
4280,2026-07-22,Tienda Sur,Detergente,Limpieza,1,5500,5500
4281,18/7/2026, Tienda Centro ,Detergente,LIMPIEZA,2,5500,11000
4282,2026-06-24,Tienda Mall, Maní ,Snacks,2,1200,2400
4282,2026/06/24,Tienda Mall,Toallitas húmedas,Bebé,1,2200,2200
4283,2026/07/04,Tienda Sur  ,Agua mineral,Bebidas,2,900,1800
4283,2026-07-04,Tienda Sur,Detergente,Limpieza,1,5500,5500
4283,04-07-2026,Tienda Sur,Esponjas,Limpieza,1,1200,1200
4283,2026-07-04, Tienda Sur ,Pan molde,Panadería,1,1800,1800
4283,04-07-2026,Tienda Sur,  Queso,Lácteos,1,4500,4500
4283,04-07-2026,Tienda Sur,Vino tinto,Alcohol,2,5000,10.000
4284,4/6/2026,Tienda Mall,Croissant,Panadería,3,900,2700
4284,2026-06-04,Tienda Mall,Detergente,limpieza,2,5500,11000
4284,4/6/2026,Tienda Mall,Leche,Lácteos,1,1200,1200
4285,14-6-2026,Tienda Norte,Cloro,Limpieza,1,1400,1400
4285,2026-06-14,  Tienda Norte,Queso,Lácteos,1,4500,4500
4285,2026-06-14,Tienda Norte,Vino tinto,Alcohol,1,5000,5000
4286,29/6/2026,Tienda Mall,Toallitas húmedas,Bebé,1,2200,2200
4287,16-6-2026,Tienda Sur  ,Maní,Snacks,1,1200,1200
4288,12/6/2026,Tienda Mall,Pañales,Bebé,2,8000,16000
4288,2026-06-12, Tienda Mall ,Toallitas húmedas  ,Bebé,1,2200,2200
4289,2026-07-09,Tienda Mall,Bebida cola,Bebidas,1,1500,1500
4289,9/7/2026,Tienda Mall,Leche,Lácteos,1,1200,1200
4289,2026-07-09,Tienda Mall,  Papas fritas,SNACKS,1,1800,1800
4290,2026-06-03,Tienda Centro,Croissant,panadería,1,900,900
4291,2026-06-05,Tienda Sur,Agua mineral,bebidas,1,900,900
4291,05-06-2026,Tienda Sur,Mantequilla,lácteos,1,2500,2500
4291,2026-06-05,Tienda Sur  ,  Pan hallulla,Panadería,1,1500,1500
4291,05-06-2026,Tienda Sur, Queso ,Lácteos,1,4500,4500
4292,2026-05-22,Tienda Centro,  Cerveza,alcohol,1,3500,3500
4292,2026/05/22,Tienda Centro,Galletas,SNACKS,2,1000,2000
4292,2026/05/22,Tienda Centro,Maní,Snacks,3,1200,3600
4293,2026-07-06,Tienda Sur,Maní,Snacks,1,1200,1200
4294,13-06-2026,  Tienda Sur,Detergente,Limpieza,1,5500,5500
4294,2026-06-13,Tienda Sur,Esponjas,Limpieza,3,1200,3600
4295,2026/07/27,Tienda Mall,Leche,LÁCTEOS,1,1200,1200
4295,2026-07-27,Tienda Mall  ,Mantequilla  ,Lácteos,1,2500,2500
4295,2026-07-27,Tienda Mall,Pan hallulla,Panadería,1,1500,1500
4296,14/6/2026,  Tienda Sur,Croissant  ,Panadería,1,900,900
4296,2026-06-14,Tienda Sur  ,Galletas,SNACKS,1,1000,1000
4296,14-06-2026,Tienda Sur  ,Jugo naranja  ,BEBIDAS,1,1600,1600
4297,2026/05/31,Tienda Mall,Esponjas,Limpieza,1,1200,1200
4297,2026-05-31,Tienda Mall,Mantequilla,lácteos,1,2500,2500
4298,2026-08-08,Tienda Mall,Cloro,limpieza,1,1400,1400
4298,08-08-2026, Tienda Mall ,Queso,Lácteos,1,4500,4500
4298,2026-08-08,Tienda Mall,  Vino tinto,alcohol,3,5000,15000
4298,8-8-2026,Tienda Mall  ,Yogurt,LÁCTEOS,1,800,800
4299,2026-07-27,Tienda Centro  ,Azúcar,Café/Té,3,1300,3900
4299,2026-07-27,Tienda Centro,Bebida cola,Bebidas,1,1500,1500
4299,2026-07-27,  Tienda Centro,Papas fritas,snacks,3,1800,5400
4300,2026/06/01,Tienda Centro,Agua mineral,Bebidas,,900,900
4300,1-6-2026,Tienda Centro, Leche ,Lácteos,2,1200,2400
4301,24-7-2026,Tienda Sur,Galletas,Snacks,1,1000,1000
4301,2026-07-24, Tienda Sur ,Jugo naranja,Bebidas,1,1600,1600
4301,24-7-2026,Tienda Sur,Maní,Snacks,1,1200,1200
4301,2026/07/24,Tienda Sur  ,Queso,Lácteos,1,4500,4500
4302,20-7-2026,Tienda Sur,Pan molde,Panadería,1,1800,1800
4303,2026-06-30,Tienda Centro,Azúcar,Café/Té,1,1300,1300
4303,2026-06-30, Tienda Centro , Café ,Café/Té,1,4000,4000
4303,30-06-2026,  Tienda Centro,Mantequilla,lácteos,2,2500,5000
4303,30-06-2026,Tienda Centro,Pan molde,Panadería,1,1800,1800
4303,2026-06-30,Tienda Centro,Queso,lácteos,1,4500,4500
4304,2026-06-03,Tienda Norte,Cloro,Limpieza,1,1400,1400
4304,3/6/2026, Tienda Norte ,  Leche,Lácteos,1,1200,1200
4304,2026-06-03,Tienda Norte,Mantequilla,Lácteos,3,2500,7500
4304,2026-06-03,Tienda Norte, Pan hallulla ,Panadería,1,1500,1500
4304,3-6-2026,Tienda Norte,Queso,LÁCTEOS,1,4500,4500
4305,18-07-2026,Tienda Norte,Bebida cola,bebidas,1,1500,1500
4306,8/7/2026,  Tienda Sur, Agua mineral ,Bebidas,2,900,1800
4306,08-07-2026,Tienda Sur,Croissant,panadería,3,900,2700
4306,8/7/2026,Tienda Sur,  Maní,Snacks,2,1200,2400
4306,2026-07-08,Tienda Sur,Pan molde,Panadería,1,1800,1800
4307,2026/06/06,Tienda Mall,Azúcar,Café/Té,2,1300,2600
4307,2026-06-06,Tienda Mall,Esponjas,limpieza,1,1200,1200
4307,2026-06-06,Tienda Mall,Galletas,Snacks,1,1000,1000
4308,2026/06/05,Tienda Mall,Agua mineral,bebidas,1,900,900
4308,2026-06-05,Tienda Mall,Esponjas,Limpieza,3,1200,3600
4308,5/6/2026,Tienda Mall,Queso,Lácteos,2,4500,9000
4309,2026-05-29,Tienda Centro,Café,Café/Té,2,4000,8000
4309,2026-05-29,Tienda Centro,Cerveza,Alcohol,1,3500,3500
4309,29-05-2026,Tienda Centro,Maní,Snacks,1,1200,1200
4310,28-5-2026,Tienda Mall,Croissant,Panadería,2,900,1800
4310,2026-05-28,Tienda Mall,Jugo naranja  ,Bebidas,1,1600,1600
4310,28-5-2026, Tienda Mall , Mantequilla ,Lácteos,1,2500,2500
4311,2026-07-11,Tienda Centro,Queso,Lácteos,,4500,9000
4311,2026-07-11,Tienda Centro, Toallitas húmedas ,Bebé,1,2200,2200
4311,11-7-2026, Tienda Centro ,Vino tinto  ,alcohol,1,5000,5000
4312,17/8/2026,Tienda Mall,Croissant,panadería,2,900,1800
4312,2026-08-17,Tienda Mall, Mantequilla ,Lácteos,1,2500,2500
4313,2026/07/14,Tienda Sur  , Bebida cola ,Bebidas,2,1500,3000
4313,2026/07/14, Tienda Sur ,Leche,Lácteos,1,1200,1200
4314,2026/06/30,Tienda Centro,Cerveza,alcohol,3,3500,10.500
4314,30-06-2026,Tienda Centro,Detergente,LIMPIEZA,3,5500,16.500
4314,2026/06/30,Tienda Centro,Esponjas,LIMPIEZA,1,1200,1200
4314,2026-06-30, Tienda Centro ,Maní,Snacks,1,1200,1200
4315,15/8/2026, Tienda Sur ,Bebida cola,BEBIDAS,1,1500,1500
4315,15-08-2026,Tienda Sur,  Detergente,Limpieza,1,5500,5500
4315,2026/08/15,Tienda Sur,Esponjas,Limpieza,1,1200,1200
4315,2026-08-15,Tienda Sur,Leche,Lácteos,1,1200,1200
4316,2-8-2026,Tienda Sur,Mantequilla,Lácteos,1,2500,2500
4316,2026-08-02,Tienda Sur,Pan hallulla,Panadería,3,1500,4500
4316,2026-08-02, Tienda Sur ,Papas fritas,SNACKS,1,1800,1800
4317,2026-08-18, Tienda Sur ,Agua mineral,Bebidas,1,900,900
4317,2026-08-18,  Tienda Sur,Detergente,Limpieza,1,5500,5500
4317,2026-08-18,Tienda Sur,Jugo naranja,bebidas,1,1600,1600
4318,12-08-2026,Tienda Mall,  Azúcar,Café/Té,1,1300,1300
4318,2026/08/12,Tienda Mall,Café,Café/Té,1,4000,4000
4318,12-08-2026,Tienda Mall,Toallitas húmedas  ,Bebé,2,2200,4400
4319,2026-07-06,Tienda Norte,Esponjas,Limpieza,1,1200,1200
4320,30-06-2026,Tienda Centro,  Cerveza,Alcohol,,3500,3500
4320,2026-06-30,Tienda Centro,Mantequilla,Lácteos,1,2500,2500
4320,2026-06-30,  Tienda Centro,Pan molde,Panadería,1,1800,1800
4320,2026-06-30,Tienda Centro  ,Pañales,bebé,1,8000,8000
4320,2026-06-30, Tienda Centro ,Queso,Lácteos,1,4500,4500
4321,8/8/2026,Tienda Sur  , Mantequilla ,lácteos,3,2500,7500
4321,2026-08-08,Tienda Sur,Pan molde,Panadería,1,1800,1800
4322,2026-07-04,  Tienda Mall,Agua mineral,Bebidas,1,900,900
4322,2026-07-04,Tienda Mall,Azúcar,Café/Té,1,1300,1300
4322,2026/07/04,Tienda Mall,Croissant,panadería,1,900,900
4322,04-07-2026, Tienda Mall , Mantequilla ,lácteos,,2500,7500
4322,04-07-2026,Tienda Mall,Té,Café/Té,2,2500,5000
4323,06-08-2026, Tienda Norte ,Cloro,Limpieza,2,1400,2800
4323,2026-08-06,Tienda Norte,Detergente  ,LIMPIEZA,1,5500,5500
4323,6/8/2026,Tienda Norte,Maní,Snacks,1,1200,1200
4324,10/8/2026,Tienda Mall,Azúcar,Café/Té,1,1300,1300
4324,2026/08/10,  Tienda Mall,Café,Café/Té,1,4000,4000
4325,28/7/2026,Tienda Centro, Croissant ,panadería,2,900,1800
4325,2026/07/28,  Tienda Centro,Queso,Lácteos,,4500,4500
4326,14/8/2026,Tienda Centro,Cerveza,Alcohol,1,3500,3500
4326,2026-08-14,Tienda Centro,  Papas fritas,Snacks,1,1800,1800
4326,2026-08-14,Tienda Centro,Pañales,Bebé,1,8000,8000
4326,2026-08-14, Tienda Centro ,Toallitas húmedas,Bebé,1,2200,2200
4327,2026-07-22,Tienda Mall,Pan molde,panadería,1,1800,1800
4328,2026-07-04,Tienda Mall,Yogurt,lácteos,1,800,800
4329,2026-08-18,Tienda Centro, Agua mineral ,Bebidas,1,900,900
4329,18-08-2026,Tienda Centro,Croissant,Panadería,2,900,1800
4329,18-08-2026,Tienda Centro,Queso,Lácteos,1,4500,4500
4329,2026-08-18,Tienda Centro,Yogurt,Lácteos,1,800,800
4330,2026-08-12,  Tienda Mall,Agua mineral,Bebidas,1,900,900
4330,12-08-2026,Tienda Mall,Azúcar,Café/Té,1,1300,1300
4330,2026-08-12,Tienda Mall,Café,Café/Té,1,4000,4000
4331,2026/08/06,  Tienda Sur, Galletas ,Snacks,1,1000,1000
4332,2026-07-21,Tienda Sur, Detergente ,Limpieza,2,5500,11.000
4332,2026-07-21,Tienda Sur,Esponjas,Limpieza,1,1200,1200
4333,2026-07-03,Tienda Centro,Cerveza  ,alcohol,2,3500,7000
4333,2026-07-03,Tienda Centro,Cloro,Limpieza,2,1400,2800
4333,2026-07-03,Tienda Centro,Mantequilla,Lácteos,1,2500,2500
4333,2026-07-03,Tienda Centro,Pañales,bebé,2,8000,16000
4333,03-07-2026,Tienda Centro  ,  Toallitas húmedas,Bebé,1,2200,2200
4334,17/8/2026,Tienda Mall,Esponjas,Limpieza,1,1200,1200
4334,17-8-2026,Tienda Mall  ,Toallitas húmedas,BEBÉ,1,2200,2200
4335,2026-06-13,Tienda Mall,Pañales,Bebé,1,8000,8000
4335,2026-06-13,Tienda Mall,  Queso,Lácteos,3,4500,13500
4335,2026-06-13,Tienda Mall  ,Toallitas húmedas,Bebé,2,2200,4400
4335,2026-06-13,Tienda Mall,Vino tinto,Alcohol,1,5000,5000
4336,2026-08-03,Tienda Norte,Cerveza,Alcohol,1,3500,3500
4336,2026-08-03,Tienda Norte,  Papas fritas,Snacks,1,1800,1800
4337,16/6/2026,Tienda Centro,Azúcar,Café/Té,2,1300,2600
4337,2026-06-16,Tienda Centro,Café,Café/Té,1,4000,4000
4338,2026-06-23, Tienda Mall ,Agua mineral,Bebidas,1,900,900
4338,2026-06-23,Tienda Mall,Esponjas,Limpieza,1,1200,1200
4338,23-06-2026,Tienda Mall  ,Jugo naranja,BEBIDAS,2,1600,3200
4338,2026-06-23,Tienda Mall, Té ,café/té,1,2500,2500
4339,2026-06-19,Tienda Norte,Azúcar,Café/Té,3,1300,3900
4339,2026/06/19, Tienda Norte ,Bebida cola,bebidas,,1500,3000
4339,2026-06-19,Tienda Norte  ,Café,Café/Té,2,4000,8000
4339,2026-06-19,Tienda Norte,Té,Café/Té,1,2500,2500
4340,2026-08-03,Tienda Centro,Pan molde,panadería,1,1800,1800
4340,2026-08-03,Tienda Centro,Té,café/té,1,2500,2500
4341,11-6-2026,Tienda Centro  ,Leche,Lácteos,2,1200,2400
4341,11/6/2026,Tienda Centro,Maní  ,Snacks,2,1200,2400
4342,13/6/2026,Tienda Norte  ,Azúcar,café/té,1,1300,1300
4342,2026-06-13, Tienda Norte ,Pan hallulla,Panadería,1,1500,1500
4342,13/6/2026,Tienda Norte, Té ,Café/Té,1,2500,2500
4343,2026-05-30,Tienda Mall, Agua mineral ,Bebidas,,900,900
4343,2026-05-30,Tienda Mall,Esponjas,Limpieza,1,1200,1200
4343,30-05-2026,Tienda Mall,Jugo naranja,Bebidas,2,1600,3200
4344,2026-06-21,Tienda Centro,Cloro,Limpieza,2,1400,2800
4344,21-6-2026,Tienda Centro  ,Detergente,Limpieza,,5500,11000
4345,2026-07-29,Tienda Centro,Queso,Lácteos,1,4500,4500
4346,14-08-2026,Tienda Sur  , Papas fritas ,snacks,1,1800,1800
4346,2026-08-14,Tienda Sur,  Yogurt,Lácteos,1,800,800
4347,2026/06/29,Tienda Centro,Café,café/té,3,4000,12000
4347,2026-06-29,Tienda Centro,Mantequilla,Lácteos,1,2500,2500
4347,2026-06-29,Tienda Centro,Pan molde,panadería,2,1800,3600
4348,23/6/2026,Tienda Centro,Cloro,Limpieza,1,1400,1400
4348,23/6/2026,Tienda Centro,Mantequilla  ,Lácteos,3,2500,7500
4348,23-06-2026,  Tienda Centro,Pan molde,Panadería,1,1800,1800
4348,2026-06-23,Tienda Centro,Té,Café/Té,3,2500,7500
4349,28-7-2026, Tienda Sur ,Azúcar,Café/Té,,1300,1300
4349,28-07-2026,Tienda Sur,  Pañales,Bebé,2,8000,16.000
4350,2026-06-18,Tienda Mall,  Queso,LÁCTEOS,1,4500,4500
4350,18/6/2026, Tienda Mall ,Vino tinto,Alcohol,1,5000,5000
4351,2026-06-20,Tienda Norte,Galletas,Snacks,1,1000,1000
4351,2026-06-20,Tienda Norte,Mantequilla,LÁCTEOS,1,2500,2500
4351,2026/06/20,Tienda Norte,Pan molde,Panadería,1,1800,1800
4351,20/6/2026,Tienda Norte,Papas fritas,snacks,1,1800,1800
4352,2026/06/19,Tienda Centro,  Croissant,Panadería,2,900,1800
4353,2026-08-18,Tienda Centro,Bebida cola,Bebidas,,1500,1500
4353,2026-08-18,Tienda Centro,Cerveza,Alcohol,3,3500,10500
4353,2026/08/18,Tienda Centro,Pan molde,Panadería,1,1800,1800
4353,18-08-2026,Tienda Centro,Papas fritas,Snacks,3,1800,5400
4353,2026-08-18,Tienda Centro,Pañales,Bebé,1,8000,8000
4354,2026/08/09,Tienda Norte,Leche  ,Lácteos,2,1200,2400
4355,2026-08-03,Tienda Norte,Jugo naranja,Bebidas,1,1600,1600
4355,2026-08-03,Tienda Norte,Mantequilla,Lácteos,1,2500,2500
4355,2026-08-03,Tienda Norte,Pan molde,Panadería,1,1800,1800
4355,3/8/2026,Tienda Norte, Queso ,Lácteos,3,4500,13500
4355,2026-08-03,Tienda Norte,Vino tinto,Alcohol,1,5000,5000
4356,28-6-2026,Tienda Mall, Azúcar ,Café/Té,1,1300,1300
4356,28-6-2026,Tienda Mall,  Bebida cola,Bebidas,1,1500,1500
4356,2026-06-28,Tienda Mall, Café ,Café/Té,1,4000,4000
4357,2026-06-07,Tienda Centro,Bebida cola,Bebidas,3,1500,4500
4357,07-06-2026,  Tienda Centro,Papas fritas,snacks,1,1800,1800
4358,5/6/2026,Tienda Norte, Galletas ,Snacks,3,1000,3000
4359,2026/05/25,  Tienda Sur,Cloro,Limpieza,1,1400,1400
4359,2026-05-25,Tienda Sur,Toallitas húmedas  ,bebé,1,2200,2200
4360,2026-08-18,Tienda Sur, Azúcar ,café/té,1,1300,1300
4361,2026/08/06,Tienda Mall,Agua mineral,BEBIDAS,1,900,900
4361,2026-08-06,Tienda Mall,Cerveza,Alcohol,3,3500,10500
4361,6/8/2026,Tienda Mall  ,Papas fritas,SNACKS,1,1800,1800
4362,2026-07-28, Tienda Centro ,Agua mineral,BEBIDAS,3,900,2700
4362,2026-07-28,Tienda Centro,Galletas,SNACKS,1,1000,1000
4362,28-07-2026,Tienda Centro,Jugo naranja,Bebidas,1,1600,1600
4363,2026-05-28,Tienda Sur  ,Cerveza,Alcohol,1,3500,3500
4363,2026-05-28,Tienda Sur,Cloro,Limpieza,1,1400,1400
4363,2026-05-28,  Tienda Sur,Esponjas,limpieza,1,1200,1200
4363,2026-05-28,Tienda Sur,Maní,Snacks,1,1200,1200
4363,28-05-2026,Tienda Sur,Queso,Lácteos,1,4500,4500
4363,2026-05-28,Tienda Sur,Vino tinto  ,ALCOHOL,1,5000,5000
4364,5/8/2026,Tienda Norte, Mantequilla ,LÁCTEOS,2,2500,5000
4364,2026/08/05,Tienda Norte,Pan molde  ,Panadería,1,1800,1800
4365,2026/05/25,Tienda Sur,Azúcar,CAFÉ/TÉ,1,1300,1300
4365,2026/05/25,Tienda Sur  ,Pan hallulla,Panadería,1,1500,1500
4365,2026-05-25,Tienda Sur,  Papas fritas,snacks,2,1800,3600
4365,2026-05-25, Tienda Sur ,Queso,Lácteos,3,4500,13500
4366,2026-07-05,Tienda Sur,Mantequilla  ,Lácteos,1,2500,2500
4366,5-7-2026,Tienda Sur,Pan hallulla,PANADERÍA,2,1500,3000
4366,2026-07-05,Tienda Sur,Pan molde,Panadería,1,1800,1800
4366,2026-07-05,Tienda Sur,Queso,Lácteos,1,4500,4500
4367,2026-07-27,Tienda Norte,Azúcar  ,Café/Té,1,1300,1300
4367,2026-07-27,Tienda Norte  ,  Galletas,Snacks,1,1000,1000
4368,2026/05/23,Tienda Sur,Azúcar,Café/Té,1,1300,1300
4368,2026-05-23,Tienda Sur,Mantequilla,lácteos,1,2500,2500
4368,2026-05-23,Tienda Sur,Pañales,Bebé,1,8000,8000
4368,2026-05-23,Tienda Sur,  Toallitas húmedas,bebé,3,2200,6600
4369,27/7/2026, Tienda Centro ,Cerveza,Alcohol,1,3500,3500
4369,2026-07-27,Tienda Centro,  Croissant,Panadería,,900,1800
4369,2026-07-27,Tienda Centro,Papas fritas,Snacks,2,1800,3600
4369,27-7-2026,Tienda Centro,Toallitas húmedas  ,Bebé,1,2200,2200
4370,2026-06-12,Tienda Sur,Cloro,Limpieza,1,1400,1400
4371,01-08-2026,Tienda Sur,  Bebida cola,Bebidas,1,1500,1500
4371,2026-08-01,  Tienda Sur,  Jugo naranja,BEBIDAS,2,1600,3200
4371,2026/08/01,Tienda Sur, Leche ,lácteos,,1200,3600
4371,2026-08-01,Tienda Sur,Papas fritas,Snacks,1,1800,1800
4372,2026-07-23,Tienda Sur  ,Maní,SNACKS,1,1200,1200
4373,21-07-2026,  Tienda Mall,Cloro,Limpieza,2,1400,2800
4373,2026-07-21,Tienda Mall,Papas fritas,Snacks,,1800,3600
4373,2026-07-21,Tienda Mall,Queso,Lácteos,1,4500,4500
4374,2026-05-26,Tienda Norte,Bebida cola,Bebidas,1,1500,1500
4374,26-05-2026,Tienda Norte,Esponjas  ,Limpieza,1,1200,1200
4374,2026-05-26,Tienda Norte  ,Papas fritas,snacks,1,1800,1800
4374,2026-05-26,Tienda Norte,Yogurt,Lácteos,1,800,800
4375,08-07-2026,Tienda Centro,Agua mineral,Bebidas,,900,900
4375,2026-07-08,Tienda Centro,Jugo naranja,bebidas,1,1600,1600
4376,2026-06-26,Tienda Sur,Cloro,Limpieza,1,1400,1400
4376,2026-06-26,Tienda Sur,Detergente,Limpieza,1,5500,5500
4376,2026-06-26, Tienda Sur ,Toallitas húmedas,Bebé,1,2200,2200
4376,2026-06-26,Tienda Sur,Té,Café/Té,1,2500,2500
4377,29-05-2026,Tienda Centro,Bebida cola  ,BEBIDAS,1,1500,1500
4377,2026-05-29,Tienda Centro,Cloro,Limpieza,1,1400,1400
4377,2026-05-29,Tienda Centro  ,Detergente,limpieza,2,5500,11000
4377,29/5/2026,Tienda Centro,  Galletas,SNACKS,2,1000,2000
4378,2026-06-10,Tienda Mall, Cerveza ,Alcohol,2,3500,7000
4378,2026-06-10,Tienda Mall,Croissant,Panadería,,900,900
4378,2026-06-10,Tienda Mall, Pañales ,Bebé,1,8000,8000
4379,2026-05-21,Tienda Sur,Agua mineral,Bebidas,2,900,1800
4379,21-5-2026,Tienda Sur,Azúcar,Café/Té,1,1300,1300
4380,2026-08-03,Tienda Norte,Azúcar,café/té,1,1300,1300
4380,2026-08-03,Tienda Norte,Jugo naranja,Bebidas,3,1600,4800
4380,03-08-2026,Tienda Norte,Té,café/té,2,2500,5000
4381,2026/07/21,Tienda Mall,Café,Café/Té,1,4000,4000
4381,2026/07/21, Tienda Mall ,  Cloro,Limpieza,1,1400,1400
4381,21-07-2026,Tienda Mall,Maní,SNACKS,1,1200,1200
4382,2026-07-01,Tienda Norte  ,Mantequilla,Lácteos,1,2500,2500
4382,2026-07-01,Tienda Norte,Queso,lácteos,1,4500,4500
4382,1-7-2026,Tienda Norte,Vino tinto,Alcohol,1,5000,5000
4383,6-6-2026,Tienda Mall,  Galletas,SNACKS,1,1000,1000
4383,6/6/2026,Tienda Mall,Maní  ,Snacks,1,1200,1200
4384,2026/07/11,Tienda Centro,Croissant,Panadería,1,900,900
4384,2026-07-11,Tienda Centro,Leche,Lácteos,2,1200,2400
4384,2026-07-11,Tienda Centro,Pañales,bebé,1,8000,8000
4384,2026-07-11,Tienda Centro,Toallitas húmedas,Bebé,1,2200,2200
4385,2026-08-12,Tienda Norte,Maní,Snacks,2,1200,2400
4386,2026-07-23,Tienda Centro,Maní,snacks,1,1200,1200
4386,2026-07-23,Tienda Centro,Vino tinto,ALCOHOL,1,5000,5000
4387,2026-05-24,  Tienda Sur,Maní,Snacks,1,1200,1200
4387,2026/05/24,Tienda Sur,Pañales,Bebé,1,8000,8000
4387,2026-05-24, Tienda Sur ,Queso,LÁCTEOS,1,4500,4500
4387,2026-05-24,Tienda Sur,Toallitas húmedas,Bebé,1,2200,2200
4388,2026-07-17,Tienda Mall,Agua mineral  ,Bebidas,3,900,2700
4388,2026-07-17,Tienda Mall,Leche,LÁCTEOS,1,1200,1200
4388,2026-07-17,Tienda Mall,  Pan hallulla,PANADERÍA,1,1500,1500
4388,2026/07/17,Tienda Mall,  Queso,Lácteos,3,4500,13.500
4388,2026-07-17,Tienda Mall,Vino tinto,alcohol,1,5000,5000
4389,2026-05-31, Tienda Sur , Agua mineral ,bebidas,1,900,900
4389,31/5/2026,Tienda Sur  ,Jugo naranja,bebidas,1,1600,1600
4390,8/8/2026,Tienda Sur,Cerveza,Alcohol,1,3500,3500
4390,2026-08-08,Tienda Sur,Mantequilla,Lácteos,1,2500,2500
4390,8-8-2026,Tienda Sur,Papas fritas,Snacks,2,1800,3600
4391,30-07-2026,  Tienda Sur,Cerveza,Alcohol,,3500,10500
4391,2026-07-30,Tienda Sur,Esponjas,limpieza,3,1200,3600
4392,15-08-2026,Tienda Mall,Cerveza  ,ALCOHOL,2,3500,7000
4392,2026-08-15,  Tienda Mall,Esponjas,Limpieza,3,1200,3600
4392,2026-08-15,Tienda Mall,Maní,Snacks,1,1200,1200
4392,15-8-2026,Tienda Mall,Papas fritas,SNACKS,1,1800,1800
4393,2026/07/03,Tienda Norte,Cloro,LIMPIEZA,1,1400,1400
4393,2026-07-03,Tienda Norte,Galletas,Snacks,2,1000,2000
4393,2026-07-03,Tienda Norte  ,  Yogurt,Lácteos,1,800,800
4394,2026/08/09,Tienda Norte,  Cerveza,ALCOHOL,1,3500,3500
4394,2026-08-09,Tienda Norte  ,Papas fritas,Snacks,3,1800,5400
4394,2026-08-09,Tienda Norte,Pañales,bebé,2,8000,16000
4394,9-8-2026,Tienda Norte,Toallitas húmedas,Bebé,2,2200,4400
4395,2026-08-11,  Tienda Mall,Bebida cola,Bebidas,2,1500,3000
4395,11-08-2026,Tienda Mall, Maní ,Snacks,1,1200,1200
4395,2026-08-11,Tienda Mall,Pan molde,Panadería,1,1800,1800
4396,2026-08-16,Tienda Sur,Detergente,Limpieza,2,5500,11000
4396,2026-08-16, Tienda Sur ,Yogurt,LÁCTEOS,3,800,2400
4397,2026-06-15,Tienda Sur,Azúcar,Café/Té,1,1300,1300
4397,15-6-2026,Tienda Sur,Café,Café/Té,1,4000,4000
4398,2026-07-21,Tienda Mall,Azúcar,Café/Té,1,1300,1300
4398,21/7/2026,  Tienda Mall,Cloro,LIMPIEZA,1,1400,1400
4398,21-07-2026,Tienda Mall,Galletas,Snacks,3,1000,3000
4398,2026-07-21,  Tienda Mall,Té,Café/Té,1,2500,2500
4399,2026-05-29,Tienda Centro  ,Cloro  ,LIMPIEZA,1,1400,1400
4399,29-05-2026,Tienda Centro, Maní ,snacks,1,1200,1200
4400,16/8/2026,Tienda Mall,Cerveza,alcohol,1,3500,3500
4400,2026-08-16,Tienda Mall, Maní ,Snacks,1,1200,1200
4400,16-08-2026,Tienda Mall,Papas fritas,Snacks,1,1800,1800
4400,2026/08/16,Tienda Mall,Toallitas húmedas,Bebé,1,2200,2200
4400,16-8-2026,Tienda Mall,  Yogurt,LÁCTEOS,1,800,800
4401,25-7-2026,Tienda Norte,Azúcar,café/té,1,1300,1300
4401,2026/07/25,Tienda Norte,Café,Café/Té,2,4000,8000
4401,25-07-2026,Tienda Norte,Cloro  ,Limpieza,2,1400,2800
4402,2026-08-03,Tienda Centro,Azúcar,Café/Té,3,1300,3900
4402,3/8/2026,Tienda Centro,Café,CAFÉ/TÉ,,4000,4000
4402,2026-08-03,Tienda Centro, Galletas ,Snacks,2,1000,2000
4403,2026-06-25,Tienda Sur, Mantequilla ,Lácteos,1,2500,2500
4403,25/6/2026, Tienda Sur ,Pan molde,Panadería,1,1800,1800
4404,2026-08-07,Tienda Centro, Esponjas ,Limpieza,1,1200,1200
4405,28-6-2026,Tienda Mall,Bebida cola,Bebidas,2,1500,3000
4405,2026-06-28,Tienda Mall,Croissant,Panadería,1,900,900
4405,2026-06-28,Tienda Mall,Leche,Lácteos,2,1200,2400
4405,2026-06-28,Tienda Mall,Pan hallulla  ,Panadería,,1500,1500
4406,2-6-2026, Tienda Centro , Bebida cola ,Bebidas,3,1500,4500
4406,2/6/2026,Tienda Centro,Pan molde,Panadería,1,1800,1800
4406,2026/06/02,Tienda Centro,  Queso,Lácteos,,4500,4500
4407,2026-07-15,Tienda Mall, Agua mineral ,Bebidas,1,900,900
4407,2026/07/15,Tienda Mall,  Mantequilla,LÁCTEOS,3,2500,7500
4407,15-7-2026,Tienda Mall,Queso,Lácteos,2,4500,9000
4408,2026/07/31,Tienda Norte,Cloro,Limpieza,1,1400,1400
4408,2026-07-31,Tienda Norte,Jugo naranja,Bebidas,1,1600,1600
4408,2026/07/31,Tienda Norte,Vino tinto,ALCOHOL,1,5000,5000
4409,2026-07-21,  Tienda Norte,Azúcar,Café/Té,1,1300,1300
4409,2026-07-21, Tienda Norte ,Detergente,Limpieza,2,5500,11000
4409,2026/07/21,Tienda Norte,Esponjas,limpieza,2,1200,2400
4410,2026/07/17,  Tienda Mall,Cloro,limpieza,1,1400,1400
4410,17/7/2026,Tienda Mall,  Croissant,Panadería,2,900,1800
4410,2026/07/17,Tienda Mall,Galletas,Snacks,1,1000,1000
4411,2026-07-05,Tienda Centro  , Cerveza ,Alcohol,2,3500,7000
4411,5/7/2026,  Tienda Centro,Maní,Snacks,1,1200,1200
4411,05-07-2026,Tienda Centro,Queso,Lácteos,1,4500,4500
4411,05-07-2026,Tienda Centro,Vino tinto,Alcohol,2,5000,10000
4411,5/7/2026,Tienda Centro  ,Yogurt  ,Lácteos,1,800,800
4412,17-8-2026,Tienda Mall,Azúcar,Café/Té,2,1300,2600
4413,2026-07-22,Tienda Norte  ,Cerveza,Alcohol,1,3500,3500
4413,22-07-2026,Tienda Norte,Cloro,Limpieza,1,1400,1400
4413,22-7-2026,Tienda Norte,Pañales,Bebé,1,8000,8000
4413,2026-07-22,Tienda Norte,Té,Café/Té,1,2500,2500
4414,22/7/2026,Tienda Mall, Azúcar ,Café/Té,2,1300,2600
4414,22-7-2026,Tienda Mall,Papas fritas,Snacks,1,1800,1800
4415,27/6/2026, Tienda Centro , Esponjas ,limpieza,1,1200,1200
4415,27-06-2026,Tienda Centro,Yogurt,Lácteos,2,800,1600
4416,2026-07-08,Tienda Sur,Jugo naranja,bebidas,1,1600,1600
4417,2026-06-30,Tienda Mall,Azúcar,Café/Té,1,1300,1300
4417,2026/06/30,Tienda Mall,Cloro,limpieza,1,1400,1400
4417,30-06-2026,Tienda Mall,Té,Café/Té,1,2500,2500
4418,2026-05-22,  Tienda Mall,Croissant,Panadería,1,900,900
4418,2026-05-22,Tienda Mall,Mantequilla,lácteos,1,2500,2500
4418,2026/05/22,Tienda Mall,Pañales,BEBÉ,1,8000,8000
4418,22-05-2026,Tienda Mall,Toallitas húmedas,Bebé,3,2200,6600
4419,2026-06-13,Tienda Mall,Azúcar,Café/Té,1,1300,1300
4419,2026/06/13,Tienda Mall, Leche ,Lácteos,2,1200,2400
4419,2026-06-13,Tienda Mall,Té  ,Café/Té,1,2500,2500
4420,2026/05/31,Tienda Norte,Cloro,limpieza,1,1400,1400
4420,31/5/2026,Tienda Norte  ,  Croissant,PANADERÍA,2,900,1800
4421,2026-07-01,Tienda Sur,Bebida cola,BEBIDAS,1,1500,1500
4421,2026-07-01,Tienda Sur,Galletas  ,Snacks,1,1000,1000
4422,2026-05-28,Tienda Centro,Cloro,Limpieza,1,1400,1400
4422,2026-05-28,Tienda Centro, Croissant ,PANADERÍA,1,900,900
4422,2026/05/28,Tienda Centro,Esponjas  ,limpieza,1,1200,1200
4423,2026-07-17,Tienda Sur,Café,Café/Té,2,4000,8000
4423,2026/07/17, Tienda Sur ,Pan molde,Panadería,3,1800,5400
4423,2026/07/17,Tienda Sur,  Queso,Lácteos,3,4500,13500
4424,2026-06-17,Tienda Mall,Café,café/té,1,4000,4000
4424,17/6/2026, Tienda Mall ,Toallitas húmedas,Bebé,2,2200,4400
4425,2026-05-21,Tienda Centro,Cerveza,alcohol,2,3500,7000
4425,21-5-2026,Tienda Centro  ,Jugo naranja  ,Bebidas,1,1600,1600
4425,2026-05-21,Tienda Centro,Pañales,Bebé,2,8000,16000
4425,21-5-2026,Tienda Centro,Toallitas húmedas,Bebé,2,2200,4400
4425,2026/05/21,  Tienda Centro,  Yogurt,Lácteos,1,800,800
4426,2026-08-15,Tienda Sur,Mantequilla  ,Lácteos,1,2500,2500
4426,15-8-2026,Tienda Sur,Pan molde,Panadería,1,1800,1800
4426,15-08-2026,Tienda Sur  ,Queso,Lácteos,1,4500,4500
4427,2026-07-14,Tienda Mall,Cloro,Limpieza,3,1400,4200
4427,2026/07/14,Tienda Mall,Detergente,LIMPIEZA,1,5500,5500
4427,2026-07-14,Tienda Mall,Esponjas  ,Limpieza,1,1200,1200
4428,26-5-2026,Tienda Sur,Azúcar  ,Café/Té,2,1300,2600
4428,26-5-2026,Tienda Sur,Croissant,Panadería,3,900,2700
4428,2026-05-26,Tienda Sur,Esponjas,LIMPIEZA,1,1200,1200
4429,28-06-2026,Tienda Sur,Cerveza,alcohol,2,3500,7000
4430,2026-08-02,Tienda Sur,Detergente,Limpieza,2,5500,11000
4430,2026-08-02,  Tienda Sur,Esponjas,Limpieza,2,1200,2400
4430,2-8-2026,Tienda Sur,Mantequilla  ,Lácteos,1,2500,2500
4430,2026-08-02,Tienda Sur, Maní ,Snacks,3,1200,3600
4430,2-8-2026,Tienda Sur,Pan hallulla,Panadería,2,1500,3000
4431,2026-07-22,Tienda Mall,Agua mineral,Bebidas,1,900,900
4431,22-7-2026,Tienda Mall,Cerveza,ALCOHOL,1,3500,3500
4432,20-7-2026,Tienda Sur,Agua mineral,bebidas,1,900,900
4433,2026/06/29,Tienda Mall,Pan hallulla,Panadería,1,1500,1500
4433,29-6-2026,  Tienda Mall,Papas fritas,SNACKS,2,1800,3600
4433,2026-06-29,Tienda Mall  ,Pañales,Bebé,1,8000,8000
4433,2026/06/29,Tienda Mall,Toallitas húmedas,Bebé,2,2200,4400
4434,3/6/2026,Tienda Norte,Café,Café/Té,1,4000,4000
4434,2026-06-03,Tienda Norte,Leche,Lácteos,2,1200,2400
4435,2026/07/08,Tienda Centro,Azúcar,Café/Té,1,1300,1300
4435,2026-07-08, Tienda Centro ,Pan molde,PANADERÍA,,1800,3600
4436,2026-07-05,Tienda Mall,Yogurt,Lácteos,1,800,800
4437,2026-07-30,Tienda Mall,Agua mineral,Bebidas,1,900,900
4437,2026-07-30,Tienda Mall,  Cerveza,Alcohol,1,3500,3500
4437,2026-07-30,Tienda Mall, Mantequilla ,lácteos,3,2500,7500
4437,30-7-2026,Tienda Mall,Pan hallulla,panadería,1,1500,1500
4437,2026-07-30, Tienda Mall ,Queso,Lácteos,1,4500,4500
4438,11-07-2026,  Tienda Mall, Azúcar ,Café/Té,1,1300,1300
4438,11-7-2026,Tienda Mall,Mantequilla,Lácteos,1,2500,2500
4438,11-7-2026,Tienda Mall,Pan molde,Panadería,1,1800,1800
4438,11/7/2026,Tienda Mall, Queso ,Lácteos,1,4500,4500
4438,2026-07-11,Tienda Mall  ,Té,Café/Té,1,2500,2500
4439,2026/06/12, Tienda Mall ,  Galletas,Snacks,1,1000,1000
4439,12-06-2026,Tienda Mall,Toallitas húmedas,BEBÉ,1,2200,2200
4440,2026/05/29,Tienda Mall,Azúcar,Café/Té,2,1300,2600
4440,2026/05/29,Tienda Mall,Cloro,Limpieza,3,1400,4200
4440,2026-05-29,Tienda Mall  ,Leche,Lácteos,1,1200,1200
4440,2026-05-29,Tienda Mall,Té,Café/Té,1,2500,2500
4441,2026-07-28,Tienda Centro,  Mantequilla,Lácteos,1,2500,2500
4441,2026-07-28,Tienda Centro  ,Pan hallulla,PANADERÍA,1,1500,1500
4441,2026-07-28,Tienda Centro,Pan molde,Panadería,3,1800,5400
4441,2026-07-28,Tienda Centro,Queso,Lácteos,1,4500,4500
4442,12-08-2026,Tienda Mall  ,Cloro  ,LIMPIEZA,1,1400,1400
4442,2026/08/12,Tienda Mall,Leche,Lácteos,1,1200,1200
4443,2026-07-18,Tienda Centro  ,Café,Café/Té,2,4000,8000
4443,18-07-2026,Tienda Centro,Mantequilla,Lácteos,1,2500,2500
4443,2026/07/18,Tienda Centro,Pan molde,PANADERÍA,2,1800,3600
4443,2026-07-18,  Tienda Centro,Queso  ,lácteos,2,4500,9000
4444,21/5/2026, Tienda Mall ,Agua mineral,Bebidas,1,900,900
4444,2026/05/21,Tienda Mall  ,Azúcar  ,café/té,1,1300,1300
4444,2026-05-21,Tienda Mall,Té,CAFÉ/TÉ,1,2500,2500
4444,21/5/2026, Tienda Mall ,Yogurt,Lácteos,1,800,800
4445,2026/07/21,Tienda Mall,Café,Café/Té,1,4000,4000
4445,2026-07-21,Tienda Mall,Mantequilla,Lácteos,2,2500,5000
4445,21-7-2026,Tienda Mall,Maní,SNACKS,1,1200,1200
4446,2026/06/19,Tienda Sur  ,  Agua mineral,Bebidas,1,900,900
4446,2026-06-19,Tienda Sur, Leche ,Lácteos,3,1200,3600
4447,2026-08-04,Tienda Norte,  Yogurt,Lácteos,1,800,800
4448,2026/06/12,Tienda Sur,Azúcar,Café/Té,2,1300,2600
4448,12-6-2026, Tienda Sur ,Bebida cola,Bebidas,2,1500,3000
4448,12/6/2026,Tienda Sur,Queso,Lácteos,1,4500,4500
4449,17-8-2026,Tienda Centro,Cloro,LIMPIEZA,1,1400,1400
4449,2026-08-17,Tienda Centro,Leche,Lácteos,1,1200,1200
4449,17-08-2026,Tienda Centro  ,Pañales,Bebé,1,8000,8000
4449,17-08-2026, Tienda Centro ,Toallitas húmedas,Bebé,1,2200,2200
4450,2026-07-19,Tienda Mall,Azúcar,CAFÉ/TÉ,1,1300,1300
4450,2026-07-19,Tienda Mall,Mantequilla  ,Lácteos,2,2500,5000
4450,19-07-2026,Tienda Mall,  Pan molde,Panadería,2,1800,3600
4451,2026-05-28,Tienda Norte,Azúcar,café/té,1,1300,1300
4451,2026-05-28,Tienda Norte,Mantequilla,Lácteos,1,2500,2500
4451,2026-05-28,Tienda Norte,Pan molde,Panadería,2,1800,3600
4451,2026-05-28,Tienda Norte, Queso ,Lácteos,2,4500,9000
4452,2026-08-12,Tienda Norte,Cloro  ,Limpieza,2,1400,2800
4452,2026-08-12,Tienda Norte,Detergente,Limpieza,3,5500,16500
4452,2026-08-12,Tienda Norte,Esponjas,Limpieza,1,1200,1200
4452,12/8/2026, Tienda Norte ,Papas fritas,Snacks,2,1800,3600
4453,8-8-2026,  Tienda Centro,Galletas,snacks,2,1000,2000
4453,8-8-2026,Tienda Centro,Papas fritas,Snacks,2,1800,3600
4454,2026-07-15,Tienda Mall,Pañales  ,Bebé,1,8000,8000
4454,15-7-2026,Tienda Mall,Toallitas húmedas,Bebé,2,2200,4400
4455,14-06-2026,Tienda Mall, Mantequilla ,Lácteos,1,2500,2500
4455,2026-06-14,Tienda Mall  ,Pan hallulla,Panadería,1,1500,1500
4455,2026-06-14,Tienda Mall,Queso,LÁCTEOS,1,4500,4500
4455,14-06-2026,Tienda Mall,Vino tinto,alcohol,1,5000,5000
4456,2026/07/01,Tienda Sur,Azúcar,Café/Té,1,1300,1300
4456,01-07-2026,Tienda Sur,Mantequilla,Lácteos,1,2500,2500
4456,2026/07/01,Tienda Sur, Pan molde ,Panadería,,1800,5400
4456,2026/07/01,Tienda Sur,Queso,Lácteos,2,4500,9000
4457,2026-08-12,  Tienda Mall,Azúcar,Café/Té,3,1300,3900
4457,2026-08-12,Tienda Mall,Detergente,limpieza,1,5500,5500
4457,2026-08-12,Tienda Mall,Jugo naranja  ,Bebidas,,1600,1600
4457,12-8-2026,Tienda Mall,Queso,Lácteos,1,4500,4500
4458,2026-06-27,Tienda Sur,Bebida cola,Bebidas,1,1500,1500
4458,2026-06-27,Tienda Sur  , Esponjas ,Limpieza,1,1200,1200
4458,2026-06-27,  Tienda Sur,  Mantequilla,LÁCTEOS,2,2500,5000
4458,2026/06/27,Tienda Sur  ,Pan molde,Panadería,1,1800,1800
4458,2026-06-27,Tienda Sur,Papas fritas,Snacks,2,1800,3600
4458,2026-06-27,Tienda Sur,Pañales,BEBÉ,1,8000,8000
4459,25/5/2026,Tienda Mall,Bebida cola,Bebidas,1,1500,1500
4459,2026-05-25,Tienda Mall,Cloro,Limpieza,1,1400,1400
4460,2026/06/26,Tienda Mall,Cerveza,Alcohol,,3500,3500
4460,26/6/2026,Tienda Mall  ,Detergente  ,Limpieza,1,5500,5500
4460,2026-06-26,Tienda Mall,Mantequilla,Lácteos,1,2500,2500
4460,2026-06-26,Tienda Mall,Pan hallulla,Panadería,1,1500,1500
4460,26-06-2026,Tienda Mall,Papas fritas  ,Snacks,1,1800,1800
4461,2026-06-14,Tienda Centro, Cerveza ,Alcohol,1,3500,3500
4461,2026-06-14,Tienda Centro,Detergente,Limpieza,1,5500,5500
4461,14/6/2026,Tienda Centro, Mantequilla ,Lácteos,1,2500,2500
4461,14/6/2026,Tienda Centro,Maní,Snacks,1,1200,1200
4461,2026-06-14,Tienda Centro,Pan hallulla,Panadería,2,1500,3000
4462,29/7/2026,Tienda Sur  ,Jugo naranja,Bebidas,1,1600,1600
4463,2026-06-10,Tienda Norte  ,Galletas,Snacks,1,1000,1000
4463,2026-06-10,Tienda Norte, Mantequilla ,Lácteos,1,2500,2500
4463,2026-06-10,Tienda Norte,Pan molde,Panadería,1,1800,1800
4463,10/6/2026,Tienda Norte,  Queso,Lácteos,1,4500,4500
4464,2026-05-30,Tienda Sur,Leche,Lácteos,1,1200,1200
4464,2026-05-30,Tienda Sur  ,Mantequilla,LÁCTEOS,2,2500,5000
4464,2026-05-30,Tienda Sur,Pan hallulla,PANADERÍA,1,1500,1500
4464,30-05-2026,Tienda Sur  ,Queso,Lácteos,1,4500,4500
4465,2026-07-04,Tienda Centro,  Leche,Lácteos,,1200,2400
4465,2026-07-04,Tienda Centro,Queso  ,Lácteos,1,4500,4500
4465,2026-07-04,Tienda Centro,Toallitas húmedas,BEBÉ,1,2200,2200
4466,2026-06-24,Tienda Centro,Croissant,Panadería,1,900,900
4466,2026-06-24,  Tienda Centro,Vino tinto,Alcohol,1,5000,5000
4467,2026-05-21,Tienda Mall,Agua mineral,Bebidas,1,900,900
4467,2026-05-21,Tienda Mall,  Pan hallulla,Panadería,,1500,1500
4468,2026-06-17,Tienda Norte,Café,Café/Té,2,4000,8000
4468,17/6/2026, Tienda Norte ,Galletas,Snacks,1,1000,1000
4468,2026-06-17,Tienda Norte,Mantequilla,Lácteos,2,2500,5000
4468,17/6/2026,Tienda Norte,Maní,Snacks,1,1200,1200
4469,2026-07-17,  Tienda Norte,Queso,Lácteos,1,4500,4500
4469,2026-07-17,Tienda Norte,Toallitas húmedas,BEBÉ,3,2200,6600
4470,15-08-2026,Tienda Sur,Queso,Lácteos,1,4500,4500
4471,2026/07/08,Tienda Centro,Maní,Snacks,2,1200,2400
4471,8/7/2026,Tienda Centro  ,Queso,Lácteos,1,4500,4500
4472,2026-06-09,Tienda Sur  ,Azúcar,Café/Té,1,1300,1300
4472,2026-06-09,  Tienda Sur,Café,CAFÉ/TÉ,1,4000,4000
4472,2026-06-09, Tienda Sur ,Leche,Lácteos,1,1200,1200
4472,9/6/2026,Tienda Sur, Queso ,Lácteos,3,4500,13.500
4473,2026-05-29,Tienda Norte,Jugo naranja  ,Bebidas,1,1600,1600
4473,2026-05-29,Tienda Norte,Papas fritas,Snacks,1,1800,1800
4473,29-05-2026,Tienda Norte,Pañales,bebé,,8000,8000
4474,2026-06-14,Tienda Centro,Cerveza,Alcohol,3,3500,10.500
4474,2026/06/14,Tienda Centro  ,Esponjas,Limpieza,1,1200,1200
4474,2026-06-14, Tienda Centro , Maní ,snacks,1,1200,1200
4474,2026-06-14,  Tienda Centro,Toallitas húmedas,Bebé,1,2200,2200
4475,29-07-2026,Tienda Sur,Bebida cola  ,Bebidas,3,1500,4500
4475,2026/07/29, Tienda Sur ,Esponjas,Limpieza,1,1200,1200
4475,2026-07-29,Tienda Sur  ,Jugo naranja,BEBIDAS,1,1600,1600
4475,2026-07-29,Tienda Sur, Papas fritas ,SNACKS,1,1800,1800
4476,2026-07-21,Tienda Mall,Bebida cola,Bebidas,2,1500,3000
4476,21-07-2026,Tienda Mall,Cloro,LIMPIEZA,1,1400,1400
4476,2026-07-21,Tienda Mall,  Mantequilla,Lácteos,1,2500,2500
4476,2026-07-21,Tienda Mall,Pan hallulla  ,panadería,1,1500,1500
4476,2026/07/21,Tienda Mall,Papas fritas,Snacks,1,1800,1800
4476,21/7/2026,Tienda Mall  ,Queso  ,Lácteos,1,4500,4500
4477,2026-08-13,Tienda Mall,Mantequilla  ,Lácteos,1,2500,2500
4478,7-8-2026,Tienda Norte,Agua mineral,bebidas,2,900,1800
4478,2026-08-07,Tienda Norte  ,Mantequilla,Lácteos,1,2500,2500
4478,2026-08-07,Tienda Norte,Pan molde  ,PANADERÍA,1,1800,1800
4478,2026-08-07,Tienda Norte,Queso,Lácteos,1,4500,4500
4479,25/7/2026,Tienda Sur,  Azúcar,Café/Té,2,1300,2600
4479,2026-07-25,Tienda Sur,Café,Café/Té,1,4000,4000
4479,2026-07-25,Tienda Sur,Cloro,Limpieza,3,1400,4200
4479,25-07-2026,Tienda Sur,Detergente  ,LIMPIEZA,1,5500,5500
4479,25-07-2026,Tienda Sur,Esponjas,LIMPIEZA,1,1200,1200
4480,2026-07-05,  Tienda Norte,Azúcar,café/té,2,1300,2600
4480,2026-07-05,Tienda Norte,Café,Café/Té,1,4000,4000
4480,2026-07-05,Tienda Norte, Galletas ,Snacks,1,1000,1000
4480,2026-07-05,Tienda Norte,Pan hallulla,Panadería,1,1500,1500
4480,2026-07-05,Tienda Norte  ,Queso,Lácteos,3,4500,13500
4480,2026-07-05,Tienda Norte,Té,Café/Té,1,2500,2500
4481,27/6/2026,Tienda Mall  ,Cloro,Limpieza,1,1400,1400
4481,2026-06-27,Tienda Mall,Detergente,Limpieza,1,5500,5500
4481,2026-06-27,Tienda Mall,Esponjas,Limpieza,,1200,1200
4482,2026-08-01, Tienda Mall , Galletas ,SNACKS,1,1000,1000
4482,1-8-2026,Tienda Mall,Papas fritas,Snacks,1,1800,1800
4482,1/8/2026,Tienda Mall,Té,Café/Té,1,2500,2500
4483,14-07-2026,Tienda Mall, Papas fritas ,Snacks,2,1800,3600
4484,11-7-2026, Tienda Centro , Azúcar ,Café/Té,1,1300,1300
4484,11/7/2026,Tienda Centro,Café,Café/Té,1,4000,4000
4484,2026/07/11,Tienda Centro,Galletas,Snacks,1,1000,1000
4484,2026-07-11,Tienda Centro,Pañales,Bebé,1,8000,8000
4484,2026-07-11,Tienda Centro,Toallitas húmedas,Bebé,1,2200,2200
4484,2026-07-11,Tienda Centro,Yogurt,Lácteos,1,800,800
4485,2026-07-17,  Tienda Norte,Jugo naranja,Bebidas,1,1600,1600
4486,2026-08-07,Tienda Mall,Galletas,SNACKS,1,1000,1000
4486,2026-08-07,  Tienda Mall,Leche,Lácteos,1,1200,1200
4486,07-08-2026,Tienda Mall,Mantequilla,Lácteos,1,2500,2500
4486,2026-08-07,Tienda Mall,Pan molde,PANADERÍA,,1800,1800
4486,7/8/2026,Tienda Mall  ,Queso,lácteos,2,4500,9000
4487,23/6/2026,Tienda Sur,Azúcar,CAFÉ/TÉ,1,1300,1300
4487,2026/06/23,Tienda Sur,Galletas,Snacks,1,1000,1000
4487,23/6/2026,Tienda Sur,Pan hallulla,Panadería,2,1500,3000
4487,2026-06-23,Tienda Sur,Pañales,Bebé,1,8000,8000
4487,2026-06-23,Tienda Sur,Toallitas húmedas,Bebé,1,2200,2200
4488,2026-08-17,Tienda Mall,Detergente,limpieza,1,5500,5500
4488,2026-08-17,Tienda Mall,Mantequilla,Lácteos,2,2500,5000
4488,2026-08-17,Tienda Mall,Pan hallulla,panadería,2,1500,3000
4488,2026-08-17,Tienda Mall,Papas fritas,Snacks,1,1800,1800
4488,17-08-2026,Tienda Mall,Queso,LÁCTEOS,1,4500,4500
4489,10-08-2026,Tienda Mall  ,Bebida cola,Bebidas,2,1500,3000
4489,2026-08-10,Tienda Mall,Cloro  ,Limpieza,1,1400,1400
4489,10/8/2026,Tienda Mall,Detergente,Limpieza,1,5500,5500
4489,10-8-2026,Tienda Mall,Jugo naranja,Bebidas,3,1600,4800
4490,11-8-2026,Tienda Sur, Bebida cola ,bebidas,2,1500,3000
4490,2026-08-11,Tienda Sur,Galletas,SNACKS,2,1000,2000
4490,2026/08/11,Tienda Sur, Leche ,LÁCTEOS,1,1200,1200
4490,2026-08-11, Tienda Sur ,Papas fritas,Snacks,1,1800,1800
4491,31-5-2026,Tienda Sur,Azúcar,café/té,2,1300,2600
4491,31-05-2026,  Tienda Sur, Café ,Café/Té,1,4000,4000
4491,31-5-2026,Tienda Sur,Cerveza,Alcohol,1,3500,3500
4491,31-05-2026,Tienda Sur, Galletas ,Snacks,3,1000,3000
4491,2026/05/31,Tienda Sur,  Maní,Snacks,2,1200,2400
4492,14-8-2026,Tienda Sur,Agua mineral,Bebidas,1,900,900
4492,14-08-2026, Tienda Sur ,Mantequilla,LÁCTEOS,1,2500,2500
4493,22/6/2026,Tienda Norte,Leche  ,Lácteos,1,1200,1200
4494,2026-07-29,  Tienda Norte,Pan hallulla,Panadería,1,1500,1500
4494,29-07-2026,Tienda Norte,Vino tinto,ALCOHOL,1,5000,5000
4495,2026-05-22,Tienda Mall,Esponjas,Limpieza,1,1200,1200
4495,22-5-2026,Tienda Mall  , Papas fritas ,Snacks,1,1800,1800
4496,2026-06-04,Tienda Sur,Jugo naranja,Bebidas,3,1600,4800
4496,4/6/2026,Tienda Sur,Maní,Snacks,1,1200,1200
4497,05-08-2026,Tienda Mall,Cerveza,Alcohol,2,3500,7000
4497,05-08-2026,Tienda Mall, Maní ,Snacks,1,1200,1200
4497,5-8-2026,Tienda Mall  ,Papas fritas,snacks,1,1800,1800
4498,2026-06-23,Tienda Sur,Maní,Snacks,,1200,1200
4498,2026-06-23,Tienda Sur,Papas fritas,Snacks,1,1800,1800
4499,2026-08-02, Tienda Centro ,Esponjas,limpieza,1,1200,1200
4499,2/8/2026,Tienda Centro,Mantequilla  ,Lácteos,1,2500,2500
4499,2026-08-02,Tienda Centro,Maní  ,Snacks,1,1200,1200
4499,2026/08/02,Tienda Centro  ,Yogurt  ,Lácteos,1,800,800
4500,2026/06/30,Tienda Sur,Azúcar,Café/Té,2,1300,2600
4500,2026/06/30,Tienda Sur,Té,Café/Té,3,2500,7500
4501,31/7/2026,  Tienda Mall,Bebida cola  ,BEBIDAS,2,1500,3000
4501,2026-07-31, Tienda Mall ,Queso,Lácteos,1,4500,4500
4501,2026-07-31,Tienda Mall,Té,Café/Té,1,2500,2500
4502,2026-07-09,Tienda Norte,Detergente,LIMPIEZA,1,5500,5500
4503,13-07-2026,Tienda Norte, Croissant ,Panadería,1,900,900
4503,2026-07-13,Tienda Norte,Maní  ,Snacks,1,1200,1200
4504,2026-07-07,Tienda Mall, Azúcar ,Café/Té,1,1300,1300
4504,2026-07-07,Tienda Mall  ,Pan hallulla,Panadería,3,1500,4500
4505,2026-06-29,Tienda Norte,Azúcar,café/té,1,1300,1300
4505,2026-06-29, Tienda Norte ,  Bebida cola,Bebidas,1,1500,1500
4505,2026-06-29,Tienda Norte,Café,CAFÉ/TÉ,2,4000,8000
4505,2026-06-29,Tienda Norte, Galletas ,Snacks,1,1000,1000
4506,26-6-2026,Tienda Mall,Mantequilla  ,Lácteos,1,2500,2500
4506,2026-06-26,  Tienda Mall,Maní,Snacks,1,1200,1200
4506,26/6/2026,Tienda Mall  ,Pan hallulla,Panadería,1,1500,1500
4506,2026-06-26,Tienda Mall,Pañales,Bebé,1,8000,8000
4506,2026/06/26, Tienda Mall ,Toallitas húmedas,BEBÉ,2,2200,4400
4507,2026-08-04,  Tienda Sur,Bebida cola,Bebidas,1,1500,1500
4507,2026/08/04,Tienda Sur  ,Jugo naranja,Bebidas,2,1600,3200
4507,2026-08-04,Tienda Sur,Papas fritas,SNACKS,2,1800,3600
4508,11-7-2026,Tienda Norte,Azúcar,Café/Té,1,1300,1300
4508,11-07-2026,Tienda Norte,Café,Café/Té,2,4000,8000
4508,2026-07-11,Tienda Norte,Detergente,Limpieza,1,5500,5500
4508,11/7/2026,Tienda Norte,Jugo naranja,Bebidas,1,1600,1600
4509,2026-08-02,Tienda Mall,Azúcar,Café/Té,1,1300,1300
4509,2026-08-02,Tienda Mall,Café,Café/Té,2,4000,8000
4509,2026-08-02,Tienda Mall,  Pan hallulla,PANADERÍA,1,1500,1500
4509,2026-08-02, Tienda Mall ,Queso  ,Lácteos,2,4500,9000
4510,2026-05-26,Tienda Mall,Azúcar,Café/Té,1,1300,1300
4511,2026-07-11,Tienda Centro,Café  ,Café/Té,1,4000,4000
4511,2026-07-11,Tienda Centro,  Croissant,Panadería,1,900,900
4511,11-07-2026,Tienda Centro,Galletas,Snacks,3,1000,3000
4511,11/7/2026,Tienda Centro,Queso,Lácteos,1,4500,4500
4512,12-6-2026,  Tienda Norte,Agua mineral,Bebidas,1,900,900
4512,12-6-2026,Tienda Norte,Bebida cola,Bebidas,2,1500,3000
4512,2026-06-12, Tienda Norte ,Jugo naranja,Bebidas,1,1600,1600
4512,2026-06-12, Tienda Norte ,Maní,SNACKS,1,1200,1200
4513,15/7/2026, Tienda Sur , Cerveza ,Alcohol,2,3500,7000
4513,2026-07-15,Tienda Sur,Maní,Snacks,1,1200,1200
4514,23-6-2026,Tienda Centro  ,Maní,Snacks,1,1200,1200
4515,25-7-2026,Tienda Sur,Esponjas  ,Limpieza,2,1200,2400
4515,2026-07-25,Tienda Sur, Queso ,Lácteos,1,4500,4500
4515,2026-07-25,Tienda Sur,Vino tinto,Alcohol,2,5000,10.000
4516,2026-07-03,Tienda Sur,Azúcar,café/té,2,1300,2600
4516,3/7/2026,  Tienda Sur,Café,Café/Té,1,4000,4000
4517,2026-05-29,Tienda Sur, Azúcar ,Café/Té,1,1300,1300
4517,29-05-2026,Tienda Sur,Bebida cola  ,Bebidas,3,1500,4500
4517,2026/05/29,Tienda Sur  ,Té,Café/Té,2,2500,5000
4517,29/5/2026, Tienda Sur ,Yogurt,Lácteos,1,800,800
4518,2026/08/13, Tienda Norte ,Azúcar,Café/Té,1,1300,1300
4518,13/8/2026,Tienda Norte,Café,CAFÉ/TÉ,,4000,4000
4518,2026-08-13,Tienda Norte,Galletas,snacks,1,1000,1000
4518,13/8/2026,Tienda Norte,Mantequilla,Lácteos,2,2500,5000
4518,13-8-2026,Tienda Norte,Toallitas húmedas  ,Bebé,1,2200,2200
4519,2026-08-18,Tienda Sur,  Azúcar,CAFÉ/TÉ,2,1300,2600
4519,2026-08-18,Tienda Sur, Galletas ,Snacks,1,1000,1000
4519,2026-08-18,Tienda Sur,Té,CAFÉ/TÉ,1,2500,2500
4520,2026/06/26,Tienda Centro,Azúcar,Café/Té,2,1300,2600
4520,2026-06-26,Tienda Centro,  Café,CAFÉ/TÉ,2,4000,8000
4520,26/6/2026,Tienda Centro,Galletas,Snacks,2,1000,2000
4521,21/7/2026,Tienda Norte,Cloro  ,limpieza,1,1400,1400
4521,21-07-2026,Tienda Norte,Queso  ,Lácteos,2,4500,9000
4521,2026-07-21,  Tienda Norte,Té,café/té,1,2500,2500
4522,2026-08-09,Tienda Centro,Toallitas húmedas,Bebé,1,2200,2200
4523,31-7-2026,Tienda Sur,Toallitas húmedas,bebé,1,2200,2200
4523,2026-07-31,Tienda Sur,Yogurt,Lácteos,1,800,800
4524,2026/06/21,Tienda Centro,Agua mineral,Bebidas,1,900,900
4524,2026-06-21, Tienda Centro ,Mantequilla,Lácteos,1,2500,2500
4525,2026/07/14,Tienda Sur,Café,Café/Té,2,4000,8000
4525,2026-07-14,Tienda Sur  ,Galletas,Snacks,,1000,2000
4525,2026/07/14,Tienda Sur  ,Toallitas húmedas,Bebé,1,2200,2200
4526,4/8/2026,Tienda Centro,Cloro  ,Limpieza,1,1400,1400
4526,2026-08-04,Tienda Centro,Detergente,Limpieza,1,5500,5500
4527,2026-07-27,Tienda Sur,Cloro,Limpieza,1,1400,1400
4527,27-7-2026, Tienda Sur ,Vino tinto,Alcohol,1,5000,5000
4528,08-06-2026,Tienda Norte,Agua mineral,Bebidas,1,900,900
4528,8/6/2026,Tienda Norte,Pan hallulla,PANADERÍA,2,1500,3000
4529,2026-07-13,Tienda Norte,Bebida cola  ,bebidas,1,1500,1500
4530,2026-06-27,Tienda Norte,Azúcar,Café/Té,2,1300,2600
4530,27/6/2026,Tienda Norte,  Galletas,Snacks,1,1000,1000
4531,2026-06-24,Tienda Sur,Café,Café/Té,1,4000,4000
4531,24-06-2026,  Tienda Sur,Esponjas,Limpieza,1,1200,1200
4531,24/6/2026,Tienda Sur,Galletas,Snacks,1,1000,1000
4531,2026/06/24, Tienda Sur ,Queso,lácteos,1,4500,4500
4532,2026-07-10, Tienda Sur ,Azúcar,Café/Té,1,1300,1300
4532,10-07-2026,Tienda Sur,  Cloro,Limpieza,2,1400,2800
4532,2026-07-10,Tienda Sur,Leche,Lácteos,3,1200,3600
4532,10/7/2026,  Tienda Sur,Té,Café/Té,1,2500,2500
4533,17-06-2026,Tienda Mall,Azúcar,CAFÉ/TÉ,3,1300,3900
4533,2026-06-17,Tienda Mall,Café,Café/Té,2,4000,8000
4533,2026-06-17,Tienda Mall  ,Galletas,Snacks,1,1000,1000
4533,2026/06/17,Tienda Mall  ,Mantequilla,Lácteos,3,2500,7500
4533,2026-06-17,Tienda Mall,Pan hallulla  ,panadería,1,1500,1500
4534,2026-06-17,Tienda Norte,Agua mineral,Bebidas,2,900,1800
4534,2026-06-17,Tienda Norte,Yogurt,lácteos,2,800,1600
4535,15-6-2026,Tienda Norte,Galletas,Snacks,,1000,1000
4535,2026-06-15,Tienda Norte,Mantequilla,Lácteos,2,2500,5000
4536,2026-08-06,Tienda Centro,Café,Café/Té,1,4000,4000
4536,06-08-2026,Tienda Centro,Mantequilla,Lácteos,1,2500,2500
4536,2026-08-06,Tienda Centro,Pan hallulla,PANADERÍA,,1500,1500
4537,23-07-2026,Tienda Sur,Cloro,Limpieza,1,1400,1400
4537,2026/07/23,Tienda Sur,Detergente,limpieza,2,5500,11000
4538,2026-07-09,Tienda Centro,Agua mineral,Bebidas,2,900,1800
4538,2026-07-09,Tienda Centro,Jugo naranja,bebidas,2,1600,3200
4538,9/7/2026,Tienda Centro,Queso,LÁCTEOS,1,4500,4500
4538,2026-07-09,Tienda Centro,Vino tinto,alcohol,1,5000,5000
4539,24/7/2026,Tienda Sur,Cerveza,Alcohol,2,3500,7000
4539,2026/07/24,Tienda Sur,Esponjas,limpieza,2,1200,2400
4539,2026-07-24, Tienda Sur ,Pañales,Bebé,1,8000,8000
4539,2026-07-24, Tienda Sur , Toallitas húmedas ,Bebé,1,2200,2200
4540,2026-07-05,Tienda Centro,Cerveza,Alcohol,2,3500,7000
4540,2026-07-05,Tienda Centro  ,Papas fritas,Snacks,3,1800,5400
4540,2026/07/05,Tienda Centro,Pañales,Bebé,3,8000,24.000
4540,5-7-2026,  Tienda Centro,Toallitas húmedas,BEBÉ,1,2200,2200
4541,02-07-2026,Tienda Norte,Queso,Lácteos,1,4500,4500
4542,11/8/2026,Tienda Mall, Bebida cola ,Bebidas,1,1500,1500
4542,11-8-2026,Tienda Mall, Croissant ,Panadería,1,900,900
4543,2026-07-23,Tienda Sur,  Croissant,Panadería,2,900,1800
4543,23/7/2026,Tienda Sur, Maní ,Snacks,2,1200,2400
4543,2026-07-23, Tienda Sur ,Toallitas húmedas,bebé,1,2200,2200
4544,09-08-2026,Tienda Centro,Pan molde,Panadería,1,1800,1800
4545,27-7-2026,Tienda Mall,Pañales,Bebé,1,8000,8000
4545,2026/07/27,Tienda Mall, Toallitas húmedas ,Bebé,2,2200,4400
4546,19-7-2026,Tienda Centro,Cloro,Limpieza,1,1400,1400
4546,2026-07-19,Tienda Centro,Detergente,Limpieza,2,5500,11000
4546,2026-07-19,  Tienda Centro,Leche,Lácteos,2,1200,2400
4546,2026-07-19,Tienda Centro,Queso,Lácteos,1,4500,4500
4546,2026-07-19,Tienda Centro,Vino tinto,Alcohol,1,5000,5000
4547,21-5-2026,  Tienda Sur,Azúcar,Café/Té,1,1300,1300
4547,2026-05-21,Tienda Sur,Café,café/té,2,4000,8000
4547,2026-05-21, Tienda Sur ,Papas fritas  ,Snacks,1,1800,1800
4547,2026-05-21,Tienda Sur,Queso  ,lácteos,2,4500,9000
4547,2026-05-21, Tienda Sur , Toallitas húmedas ,Bebé,3,2200,6600
4548,2026/07/23,Tienda Sur,Papas fritas,Snacks,1,1800,1800
4548,2026-07-23,Tienda Sur,Té,Café/Té,1,2500,2500
4548,2026-07-23,Tienda Sur,Yogurt,Lácteos,1,800,800
4549,4/7/2026,Tienda Norte,Azúcar,café/té,1,1300,1300
4549,4/7/2026,Tienda Norte,Café,Café/Té,1,4000,4000
4549,2026-07-04, Tienda Norte ,Queso,Lácteos,1,4500,4500
4550,2026-06-02,Tienda Sur,Agua mineral,Bebidas,2,900,1800
4550,2026-06-02,Tienda Sur,Detergente,Limpieza,1,5500,5500
4550,2026-06-02, Tienda Sur ,Jugo naranja,Bebidas,1,1600,1600
4551,2026-08-13,Tienda Sur,  Cloro,limpieza,1,1400,1400
4551,2026/08/13,Tienda Sur, Pañales ,Bebé,1,8000,8000
4552,23-06-2026,Tienda Norte,Pan molde,panadería,3,1800,5400
4552,2026-06-23,Tienda Norte,Pañales,Bebé,1,8000,8000
4552,2026-06-23,Tienda Norte,Toallitas húmedas,Bebé,1,2200,2200
4553,2026/06/19, Tienda Mall ,Cloro,Limpieza,1,1400,1400
4553,19-6-2026,Tienda Mall,Detergente,LIMPIEZA,1,5500,5500
4553,2026-06-19,Tienda Mall,Mantequilla,lácteos,1,2500,2500
4553,2026-06-19,Tienda Mall,Pan molde,Panadería,1,1800,1800
4553,2026/06/19,Tienda Mall,Queso,Lácteos,1,4500,4500
4554,2026-08-12,Tienda Mall,Azúcar,Café/Té,1,1300,1300
4554,2026-08-12, Tienda Mall ,Café,CAFÉ/TÉ,3,4000,12000
4554,2026/08/12,Tienda Mall  ,Mantequilla,Lácteos,1,2500,2500
4554,2026/08/12,Tienda Mall  ,Pan molde,PANADERÍA,1,1800,1800
4554,2026/08/12,Tienda Mall,Queso,LÁCTEOS,1,4500,4500
4555,2026-07-18, Tienda Mall ,Cerveza,Alcohol,1,3500,3500
4555,2026-07-18,Tienda Mall,Croissant,PANADERÍA,1,900,900
4555,2026-07-18,Tienda Mall,Maní,Snacks,1,1200,1200
4555,18-7-2026,Tienda Mall,Pan hallulla,Panadería,1,1500,1500
4556,2026-07-08,Tienda Sur,Detergente,Limpieza,1,5500,5500
4556,2026-07-08,Tienda Sur,Maní,Snacks,2,1200,2400
4557,2026/06/14,Tienda Norte  ,Azúcar,Café/Té,1,1300,1300
4557,14-6-2026,Tienda Norte  ,  Café,café/té,1,4000,4000
4557,2026-06-14,Tienda Norte,Galletas,SNACKS,1,1000,1000
4557,2026-06-14,Tienda Norte,  Jugo naranja,bebidas,2,1600,3200
4558,2026-06-09,Tienda Norte,Jugo naranja,Bebidas,2,1600,3200
4558,9/6/2026, Tienda Norte ,Toallitas húmedas,Bebé,1,2200,2200
4559,2026-08-18,Tienda Norte,Esponjas,Limpieza,1,1200,1200
4560,2026/05/23,Tienda Mall,Bebida cola,Bebidas,,1500,3000
4560,23/5/2026,Tienda Mall,Cerveza,Alcohol,1,3500,3500
4560,2026-05-23,Tienda Mall,Maní  ,Snacks,1,1200,1200
4560,2026-05-23,Tienda Mall,Papas fritas,snacks,2,1800,3600
4561,27-06-2026,Tienda Norte,Café,café/té,,4000,4000
4561,2026-06-27,Tienda Norte,  Pan molde,Panadería,1,1800,1800
4561,27-06-2026, Tienda Norte ,Queso,Lácteos,1,4500,4500
4562,2026-08-12,  Tienda Mall,Mantequilla,LÁCTEOS,1,2500,2500
4562,2026-08-12,  Tienda Mall,Pan hallulla,Panadería,1,1500,1500
4563,2026-07-10,Tienda Centro,Galletas  ,Snacks,1,1000,1000
4563,2026/07/10,Tienda Centro,Mantequilla  ,Lácteos,1,2500,2500
4563,2026-07-10,Tienda Centro,Pan hallulla  ,Panadería,2,1500,3000
4563,2026-07-10,Tienda Centro,Queso,LÁCTEOS,1,4500,4500
4564,16-08-2026,Tienda Mall,Cloro,Limpieza,1,1400,1400
4564,2026-08-16,Tienda Mall, Maní ,Snacks,1,1200,1200
4565,26-06-2026,Tienda Mall,Cerveza,Alcohol,1,3500,3500
4565,26-06-2026,Tienda Mall,Pañales,Bebé,1,8000,8000
4565,26-6-2026,  Tienda Mall, Toallitas húmedas ,BEBÉ,2,2200,4400
4566,2026-06-09,Tienda Norte,Azúcar,Café/Té,1,1300,1300
4566,2026-06-09,Tienda Norte,Bebida cola,Bebidas,2,1500,3000
4566,2026/06/09,Tienda Norte,Pan molde,panadería,1,1800,1800
4566,09-06-2026,Tienda Norte,Papas fritas,Snacks,2,1800,3600
4566,9-6-2026,Tienda Norte  ,Té,Café/Té,1,2500,2500
4567,2026-06-17,Tienda Mall,Papas fritas,Snacks,1,1800,1800
4567,2026-06-17,Tienda Mall,Té,Café/Té,1,2500,2500
4568,2026/06/12,Tienda Mall,Azúcar,Café/Té,1,1300,1300
4568,2026/06/12, Tienda Mall ,Bebida cola,bebidas,2,1500,3000
4568,2026-06-12,Tienda Mall,Esponjas,LIMPIEZA,1,1200,1200
4568,12-6-2026, Tienda Mall ,Té,Café/Té,1,2500,2500
4568,2026/06/12,Tienda Mall,Yogurt,LÁCTEOS,1,800,800
4569,2026-07-02, Tienda Sur ,Queso,Lácteos,2,4500,9000
4570,2026-06-17,Tienda Mall,Cloro,Limpieza,1,1400,1400
4570,2026/06/17,Tienda Mall,Mantequilla,Lácteos,2,2500,5000
4571,8-7-2026,  Tienda Mall,Agua mineral,Bebidas,1,900,900
4571,8/7/2026,Tienda Mall,Azúcar,Café/Té,1,1300,1300
4571,8-7-2026, Tienda Mall ,Croissant,Panadería,3,900,2700
4571,8-7-2026,Tienda Mall,Té,CAFÉ/TÉ,2,2500,5000
4572,2026/07/11,Tienda Sur,Bebida cola,BEBIDAS,1,1500,1500
4572,2026-07-11,  Tienda Sur,Cloro,LIMPIEZA,1,1400,1400
4572,2026-07-11,Tienda Sur,Detergente,Limpieza,1,5500,5500
4572,11/7/2026,Tienda Sur,Galletas,Snacks,2,1000,2000
4572,11-07-2026,Tienda Sur,Leche,Lácteos,1,1200,1200
4572,2026-07-11,Tienda Sur,Papas fritas,SNACKS,1,1800,1800
4573,2026-08-01, Tienda Mall , Azúcar ,Café/Té,1,1300,1300
4573,1-8-2026,Tienda Mall,Café,CAFÉ/TÉ,1,4000,4000
4573,1/8/2026,Tienda Mall,Croissant,panadería,1,900,900
4573,2026/08/01,Tienda Mall,Galletas,Snacks,1,1000,1000
4574,2026-05-30, Tienda Norte ,  Mantequilla,Lácteos,2,2500,5000
4574,30-05-2026, Tienda Norte ,  Pan molde,Panadería,1,1800,1800
4574,30-5-2026,Tienda Norte,Pañales,Bebé,1,8000,8000
4574,2026-05-30, Tienda Norte ,Toallitas húmedas  ,Bebé,2,2200,4400
4575,2026-08-16,Tienda Centro,  Bebida cola,BEBIDAS,2,1500,3000
4575,2026-08-16,Tienda Centro,Toallitas húmedas,Bebé,1,2200,2200
4576,2026-08-01,Tienda Centro,Croissant,Panadería,2,900,1800
4576,2026-08-01,Tienda Centro, Detergente ,Limpieza,1,5500,5500
4576,01-08-2026,Tienda Centro  ,Esponjas  ,limpieza,1,1200,1200
4576,2026/08/01,Tienda Centro  ,Toallitas húmedas,Bebé,1,2200,2200
4577,2026-07-14,Tienda Centro  ,Azúcar,Café/Té,1,1300,1300
4577,2026-07-14,Tienda Centro,Croissant,panadería,2,900,1800
4577,2026-07-14,Tienda Centro,Jugo naranja  ,Bebidas,1,1600,1600
4577,14-07-2026,Tienda Centro, Té ,Café/Té,2,2500,5000
4578,2026-06-02,Tienda Centro,  Cloro,Limpieza,1,1400,1400
4578,2026-06-02,Tienda Centro  ,Galletas,Snacks,1,1000,1000
4579,2026-06-10,Tienda Centro,Café,café/té,1,4000,4000
4579,10-06-2026,Tienda Centro,Pan hallulla,Panadería,1,1500,1500
4579,10/6/2026,  Tienda Centro,Queso  ,Lácteos,3,4500,13.500
4580,2026/05/22,  Tienda Sur,Azúcar,Café/Té,2,1300,2600
4580,22-5-2026,Tienda Sur,Café,CAFÉ/TÉ,1,4000,4000
4580,22/5/2026,Tienda Sur  ,Cloro,limpieza,3,1400,4200
4580,2026-05-22,Tienda Sur, Esponjas ,Limpieza,1,1200,1200
4581,2026-05-28, Tienda Norte ,Croissant,Panadería,2,900,1800
4582,26-7-2026,Tienda Mall,Vino tinto,Alcohol,1,5000,5000
4583,2026-06-12,Tienda Norte,Detergente,Limpieza,1,5500,5500
4583,2026-06-12,Tienda Norte,Jugo naranja,Bebidas,1,1600,1600
4583,2026/06/12,Tienda Norte  ,Toallitas húmedas,Bebé,1,2200,2200
4584,4/7/2026,Tienda Norte,Queso,lácteos,1,4500,4500
4584,2026/07/04,Tienda Norte  ,Vino tinto,ALCOHOL,,5000,5000
4585,07-06-2026,  Tienda Mall, Agua mineral ,Bebidas,2,900,1800
4585,2026-06-07,Tienda Mall,  Toallitas húmedas,BEBÉ,3,2200,6600
4586,16-7-2026,Tienda Mall  ,Azúcar,CAFÉ/TÉ,1,1300,1300
4586,2026-07-16,Tienda Mall,Café,Café/Té,1,4000,4000
4586,2026-07-16,Tienda Mall,Mantequilla,Lácteos,2,2500,5000
4586,2026-07-16,Tienda Mall,  Pan hallulla,PANADERÍA,2,1500,3000
4587,23-06-2026,Tienda Norte,Agua mineral,Bebidas,1,900,900
4587,2026/06/23,Tienda Norte,Azúcar,Café/Té,1,1300,1300
4587,23/6/2026,Tienda Norte,Yogurt,Lácteos,,800,800
4588,5/6/2026,Tienda Sur,  Azúcar,Café/Té,3,1300,3900
4588,2026-06-05,Tienda Sur,  Café,CAFÉ/TÉ,1,4000,4000
4588,2026-06-05,Tienda Sur  ,Cerveza,Alcohol,1,3500,3500
4588,2026/06/05, Tienda Sur , Maní ,Snacks,2,1200,2400
4588,2026-06-05,Tienda Sur,Papas fritas  ,Snacks,3,1800,5400
4589,2026-06-21,Tienda Norte,Azúcar  ,Café/Té,1,1300,1300
4589,2026/06/21,Tienda Norte,Café,Café/Té,1,4000,4000
4589,2026-06-21,Tienda Norte,Mantequilla,Lácteos,1,2500,2500
4589,2026-06-21,Tienda Norte,Pan molde,Panadería,2,1800,3600
4589,2026-06-21,Tienda Norte,Queso,Lácteos,1,4500,4500
4589,2026-06-21,Tienda Norte, Vino tinto ,Alcohol,1,5000,5000
4590,18/8/2026,Tienda Norte,Queso,Lácteos,1,4500,4500
4591,2026-07-21,Tienda Mall,Maní,Snacks,1,1200,1200
4591,2026-07-21,Tienda Mall,Yogurt,Lácteos,1,800,800
4592,2026-06-18,Tienda Sur,Maní,Snacks,2,1200,2400
4593,2026/08/17,Tienda Sur,Jugo naranja  ,bebidas,1,1600,1600
4593,17-8-2026,Tienda Sur,Mantequilla,Lácteos,,2500,5000
4593,2026-08-17,Tienda Sur,Pan hallulla,PANADERÍA,1,1500,1500
4593,2026-08-17,Tienda Sur,Té,Café/Té,1,2500,2500
4594,2026-06-13, Tienda Sur ,Galletas,Snacks,2,1000,2000
4594,2026-06-13, Tienda Sur ,Té,café/té,2,2500,5000
4594,13-6-2026,Tienda Sur,Yogurt,Lácteos,1,800,800
4595,14/7/2026,Tienda Norte,Galletas  ,Snacks,1,1000,1000
4595,2026-07-14,Tienda Norte, Queso ,lácteos,1,4500,4500
4595,2026-07-14,Tienda Norte,Té,Café/Té,1,2500,2500
4595,2026-07-14,Tienda Norte,Vino tinto,Alcohol,2,5000,10000
4596,2026-06-07, Tienda Mall ,Queso,LÁCTEOS,3,4500,13500
4597,14/8/2026,Tienda Centro  ,Croissant,Panadería,3,900,2700
4597,14-8-2026,Tienda Centro,  Galletas,Snacks,2,1000,2000
4597,14-8-2026,Tienda Centro  ,Mantequilla,LÁCTEOS,3,2500,7500
4597,14/8/2026,Tienda Centro,Pan molde,Panadería,1,1800,1800
4597,14-8-2026,Tienda Centro,Queso,Lácteos,1,4500,4500
4597,2026/08/14,  Tienda Centro, Vino tinto ,Alcohol,1,5000,5000
4598,2026-06-26,Tienda Mall  ,Cerveza,Alcohol,1,3500,3500
4598,2026-06-26,Tienda Mall,Papas fritas,Snacks,1,1800,1800
4599,2026/07/22,Tienda Centro,Galletas,Snacks,1,1000,1000
4599,22-07-2026,Tienda Centro,  Pañales,bebé,2,8000,16000
4599,2026-07-22,Tienda Centro,Toallitas húmedas,bebé,1,2200,2200
4600,2-7-2026,Tienda Norte,Azúcar,Café/Té,2,1300,2600
4600,2026-07-02,Tienda Norte,Pañales,Bebé,2,8000,16.000
4600,2026-07-02, Tienda Norte ,Toallitas húmedas,Bebé,1,2200,2200
4601,2026-06-18,Tienda Mall,  Cerveza,Alcohol,2,3500,7000
4601,18-6-2026,Tienda Mall,Esponjas,Limpieza,1,1200,1200
4601,2026-06-18,Tienda Mall,Galletas  ,Snacks,2,1000,2000
4602,24-6-2026,Tienda Sur,Cloro,limpieza,3,1400,4200
4602,2026-06-24,Tienda Sur,Detergente,Limpieza,1,5500,5500
4602,2026-06-24,Tienda Sur,Yogurt,Lácteos,1,800,800
4603,2026/08/13,Tienda Norte, Agua mineral ,Bebidas,1,900,900
4603,13/8/2026,Tienda Norte,Cloro,Limpieza,3,1400,4200
4603,13-08-2026,Tienda Norte,  Maní,Snacks,1,1200,1200
4604,2026-08-16,Tienda Mall,Azúcar,Café/Té,1,1300,1300
4604,2026/08/16,Tienda Mall  ,Té,Café/Té,1,2500,2500
4605,8/7/2026,Tienda Centro  ,Cloro,Limpieza,1,1400,1400
4605,8/7/2026,Tienda Centro,Detergente,Limpieza,1,5500,5500
4605,2026-07-08,Tienda Centro,Maní,SNACKS,1,1200,1200
4605,8/7/2026,Tienda Centro,Pañales,Bebé,1,8000,8000
4605,2026-07-08,Tienda Centro  ,Queso,Lácteos,1,4500,4500
4605,8/7/2026,Tienda Centro,Toallitas húmedas,Bebé,1,2200,2200
4606,03-08-2026,Tienda Mall,Esponjas,Limpieza,1,1200,1200
4607,2026-07-24,  Tienda Sur,Bebida cola,Bebidas,1,1500,1500
4607,24/7/2026,Tienda Sur,Leche,lácteos,1,1200,1200
4607,24-07-2026,Tienda Sur,  Mantequilla,Lácteos,3,2500,7500
4607,24-07-2026,Tienda Sur,Pan hallulla,Panadería,2,1500,3000
4607,2026-07-24,Tienda Sur,Papas fritas  ,Snacks,2,1800,3600
4607,2026-07-24,Tienda Sur,Queso,Lácteos,,4500,4500
4608,2026-05-25,Tienda Mall,Croissant,panadería,1,900,900
4608,2026-05-25, Tienda Mall ,  Mantequilla,Lácteos,1,2500,2500
4608,2026-05-25,Tienda Mall,Queso  ,Lácteos,1,4500,4500
4609,2026-08-03,Tienda Centro,Azúcar  ,Café/Té,1,1300,1300
4609,2026-08-03,Tienda Centro,Papas fritas,Snacks,1,1800,1800
4609,2026-08-03,Tienda Centro, Té ,Café/Té,2,2500,5000
4610,18-7-2026,Tienda Centro,Queso,Lácteos,2,4500,9000
4610,2026-07-18,Tienda Centro,Yogurt,Lácteos,1,800,800
4611,2026-07-12,Tienda Centro,Azúcar,Café/Té,2,1300,2600
4611,12-7-2026,Tienda Centro,Cerveza,Alcohol,1,3500,3500
4611,2026-07-12,  Tienda Centro,Maní,snacks,2,1200,2400
4612,22/7/2026,Tienda Norte,Maní,SNACKS,2,1200,2400
4612,2026-07-22,Tienda Norte,Queso  ,Lácteos,2,4500,9000
4612,2026-07-22,Tienda Norte,Yogurt  ,lácteos,1,800,800
4613,2026-07-23,Tienda Mall,Azúcar,CAFÉ/TÉ,1,1300,1300
4613,2026-07-23,Tienda Mall,Bebida cola,Bebidas,1,1500,1500
4614,16/8/2026,Tienda Centro,Bebida cola,Bebidas,1,1500,1500
4614,16-8-2026,Tienda Centro,Jugo naranja,bebidas,1,1600,1600
4614,2026-08-16,Tienda Centro,Papas fritas,snacks,3,1800,5400
4614,2026-08-16,Tienda Centro,Té,Café/Té,1,2500,2500
4615,2026-07-08,Tienda Sur,Azúcar,Café/Té,1,1300,1300
4616,2026-05-25,Tienda Centro, Agua mineral ,BEBIDAS,3,900,2700
4616,2026-05-25,Tienda Centro,Azúcar  ,Café/Té,2,1300,2600
4616,2026-05-25,Tienda Centro,Café,Café/Té,1,4000,4000
4616,2026-05-25,  Tienda Centro,Galletas,Snacks,1,1000,1000
4617,09-07-2026,Tienda Sur,Galletas,Snacks,1,1000,1000
4617,9-7-2026,Tienda Sur,  Jugo naranja,Bebidas,1,1600,1600
4617,09-07-2026,  Tienda Sur,  Papas fritas,Snacks,1,1800,1800
4618,2026-06-03,Tienda Norte,Azúcar,Café/Té,2,1300,2600
4618,2026/06/03,Tienda Norte,Té,Café/Té,1,2500,2500
4619,12-06-2026,Tienda Norte,Azúcar,Café/Té,1,1300,1300
4619,2026-06-12,Tienda Norte,Café,Café/Té,1,4000,4000
4619,2026-06-12, Tienda Norte ,Cerveza,Alcohol,2,3500,7000
4619,2026-06-12,Tienda Norte,Galletas,Snacks,1,1000,1000
4619,2026-06-12,Tienda Norte,Papas fritas,Snacks,1,1800,1800
4619,2026-06-12,Tienda Norte,Té,Café/Té,2,2500,5000
4620,11-06-2026,Tienda Mall,Pañales,Bebé,1,8000,8000
4620,11-06-2026,Tienda Mall,Toallitas húmedas,Bebé,3,2200,6600
4621,23/5/2026,Tienda Centro,Cloro,Limpieza,2,1400,2800
4621,2026-05-23,Tienda Centro,Yogurt,Lácteos,1,800,800
4622,2026-07-10,Tienda Norte,Azúcar,Café/Té,1,1300,1300
4623,30/5/2026,Tienda Norte,Pan hallulla,Panadería,2,1500,3000
4623,2026-05-30,Tienda Norte,Pan molde  ,PANADERÍA,1,1800,1800
4623,30/5/2026,Tienda Norte,  Yogurt,lácteos,1,800,800
4624,2026-06-25, Tienda Mall ,Bebida cola,Bebidas,1,1500,1500
4624,2026-06-25,Tienda Mall,Croissant  ,PANADERÍA,1,900,900
4624,25-6-2026,Tienda Mall, Esponjas ,Limpieza,1,1200,1200
4625,2026/07/22,Tienda Norte,Jugo naranja,Bebidas,1,1600,1600
4626,18-08-2026,Tienda Centro,Esponjas,LIMPIEZA,1,1200,1200
4626,2026-08-18,Tienda Centro  ,Queso,lácteos,2,4500,9000
4627,2026-06-19,Tienda Norte,Leche,Lácteos,1,1200,1200
4627,19-06-2026,Tienda Norte,Mantequilla,Lácteos,1,2500,2500
4627,19/6/2026,Tienda Norte  ,Pan molde,panadería,2,1800,3600
4627,19/6/2026,Tienda Norte  , Papas fritas ,Snacks,1,1800,1800
4627,2026/06/19,Tienda Norte,Queso,LÁCTEOS,3,4500,13500
4627,19-6-2026,Tienda Norte  ,  Vino tinto,Alcohol,1,5000,5000
4628,25-5-2026,Tienda Sur,Cerveza,Alcohol,1,3500,3500
4628,25-5-2026,  Tienda Sur,Leche,Lácteos,1,1200,1200
4628,25/5/2026,Tienda Sur,Maní,Snacks,1,1200,1200
4628,25-05-2026,Tienda Sur,Papas fritas,Snacks,2,1800,3600
4628,25/5/2026,Tienda Sur,Queso,Lácteos,1,4500,4500
4629,2026-06-09,  Tienda Sur,Azúcar,Café/Té,1,1300,1300
4629,09-06-2026,Tienda Sur,Café,Café/Té,1,4000,4000
4629,9-6-2026,Tienda Sur,Croissant,Panadería,1,900,900
4629,2026-06-09,Tienda Sur,Detergente,Limpieza,2,5500,11.000
4629,09-06-2026,Tienda Sur, Esponjas ,Limpieza,1,1200,1200
4629,2026/06/09,Tienda Sur,Jugo naranja,bebidas,3,1600,4800
4630,2026-07-06,Tienda Mall,Bebida cola,Bebidas,1,1500,1500
4630,2026/07/06,Tienda Mall,Papas fritas,Snacks,1,1800,1800
4630,2026-07-06, Tienda Mall ,Toallitas húmedas,Bebé,2,2200,4400
4631,2026-05-24,Tienda Sur,Mantequilla,Lácteos,1,2500,2500
4632,22-07-2026,Tienda Sur,Esponjas,limpieza,1,1200,1200
4633,2026-07-26,Tienda Norte,Agua mineral,Bebidas,2,900,1800
4633,2026-07-26,Tienda Norte,Papas fritas  ,Snacks,1,1800,1800
4633,26/7/2026,Tienda Norte,Queso,Lácteos,1,4500,4500
4633,2026-07-26, Tienda Norte ,Vino tinto,Alcohol,2,5000,10000
4634,2026/07/07,Tienda Sur,Cloro,Limpieza,3,1400,4200
4634,7/7/2026,Tienda Sur,  Esponjas,Limpieza,1,1200,1200
4635,26/6/2026,  Tienda Norte,Azúcar,Café/Té,1,1300,1300
4635,2026-06-26,Tienda Norte,Té,CAFÉ/TÉ,1,2500,2500
4636,2026-06-07,Tienda Norte  , Leche ,Lácteos,1,1200,1200
4637,2026-07-04,Tienda Centro  ,Azúcar,Café/Té,,1300,1300
4637,2026-07-04,Tienda Centro,Mantequilla,Lácteos,2,2500,5000
4637,4-7-2026,Tienda Centro,Pan molde,Panadería,2,1800,3600
4637,2026-07-04, Tienda Centro ,Queso,Lácteos,1,4500,4500
4637,2026/07/04,  Tienda Centro,Toallitas húmedas,Bebé,3,2200,6600
4638,05-06-2026,Tienda Norte  ,Azúcar,Café/Té,1,1300,1300
4638,5/6/2026,Tienda Norte,Café,Café/Té,1,4000,4000
4638,2026-06-05,Tienda Norte,Galletas,Snacks,1,1000,1000
4639,2026-06-10,Tienda Norte  ,Detergente,Limpieza,1,5500,5500
4639,10-6-2026,Tienda Norte,  Jugo naranja,BEBIDAS,1,1600,1600
4639,10/6/2026, Tienda Norte ,Té  ,CAFÉ/TÉ,2,2500,5000
4640,10/8/2026,Tienda Mall,  Mantequilla,lácteos,3,2500,7500
4640,2026/08/10,Tienda Mall  ,Pan molde,Panadería,1,1800,1800
4640,10-08-2026,Tienda Mall,Queso,Lácteos,1,4500,4500
4640,10-8-2026,Tienda Mall,Yogurt,Lácteos,2,800,1600
4641,2026/06/19,Tienda Mall,Bebida cola,bebidas,1,1500,1500
4641,2026-06-19,Tienda Mall,  Cerveza,Alcohol,1,3500,3500
4641,19/6/2026,Tienda Mall,Jugo naranja,Bebidas,3,1600,4800
4641,2026-06-19,Tienda Mall,Maní,Snacks,2,1200,2400
4642,2026-07-20,Tienda Centro,Cerveza,Alcohol,1,3500,3500
4642,20/7/2026,  Tienda Centro,Galletas,Snacks,1,1000,1000
4642,2026-07-20,Tienda Centro  ,  Jugo naranja,bebidas,1,1600,1600
4642,2026/07/20,Tienda Centro,Pañales,Bebé,3,8000,24000
4642,20/7/2026,Tienda Centro,Toallitas húmedas,Bebé,3,2200,6600
4643,2026-05-27, Tienda Norte ,Mantequilla  ,Lácteos,2,2500,5000
4643,27-5-2026,Tienda Norte,Maní,Snacks,1,1200,1200
4643,27-5-2026, Tienda Norte ,Pan molde,Panadería,1,1800,1800
4643,2026-05-27,Tienda Norte,Pañales,Bebé,,8000,8000
4644,22-06-2026,Tienda Norte,Croissant,Panadería,1,900,900
4644,2026/06/22,Tienda Norte, Pan hallulla ,Panadería,3,1500,4500
4645,23-6-2026,  Tienda Sur, Azúcar ,CAFÉ/TÉ,2,1300,2600
4645,2026-06-23,Tienda Sur, Té ,Café/Té,1,2500,2500
4646,2026-07-16,Tienda Centro,Queso,Lácteos,1,4500,4500
4647,2026-07-16,Tienda Sur, Pan hallulla ,Panadería,1,1500,1500
4647,16/7/2026,Tienda Sur,Queso,lácteos,1,4500,4500
4648,1-7-2026,Tienda Norte,Agua mineral,Bebidas,2,900,1800
4648,1-7-2026,Tienda Norte, Croissant ,Panadería,1,900,900
4648,1-7-2026,Tienda Norte,Queso,lácteos,1,4500,4500
4649,2026-06-13,  Tienda Centro, Café ,Café/Té,1,4000,4000
4649,2026/06/13,Tienda Centro,Croissant,Panadería,3,900,2700
4649,2026-06-13,Tienda Centro,Galletas,Snacks,1,1000,1000
4649,2026/06/13,Tienda Centro,Jugo naranja,BEBIDAS,1,1600,1600
4649,2026-06-13,Tienda Centro,Queso  ,lácteos,1,4500,4500
4649,13-6-2026,Tienda Centro,Vino tinto,Alcohol,1,5000,5000
4650,2026-07-30,Tienda Centro,Queso  ,Lácteos,1,4500,4500
4650,2026-07-30,Tienda Centro,Toallitas húmedas,Bebé,2,2200,4400
4651,2026-07-11,Tienda Centro,Azúcar,Café/Té,1,1300,1300
4652,2026-08-03,  Tienda Mall,Leche,Lácteos,1,1200,1200
4652,2026-08-03,Tienda Mall,Maní,Snacks,2,1200,2400
4652,03-08-2026,Tienda Mall,Queso,Lácteos,1,4500,4500
4652,2026-08-03,Tienda Mall, Vino tinto ,alcohol,1,5000,5000
4653,12-07-2026,Tienda Mall,Azúcar,CAFÉ/TÉ,2,1300,2600
4653,2026-07-12,Tienda Mall,Galletas,Snacks,1,1000,1000
4654,2026-07-02,Tienda Centro,Mantequilla,LÁCTEOS,2,2500,5000
4654,2026-07-02,Tienda Centro,Pan hallulla,Panadería,1,1500,1500
4654,2026-07-02,Tienda Centro,  Vino tinto,Alcohol,2,5000,10000
4655,2026-08-02,Tienda Norte,Cerveza,Alcohol,1,3500,3500
4655,2026-08-02,Tienda Norte,  Pan molde,Panadería,1,1800,1800
4655,2026-08-02,Tienda Norte,Pañales,Bebé,2,8000,16000
4655,2-8-2026,Tienda Norte,Queso,Lácteos,1,4500,4500
4655,2-8-2026,Tienda Norte  ,Toallitas húmedas  ,Bebé,1,2200,2200
4656,2026-08-15, Tienda Norte ,Cerveza  ,Alcohol,3,3500,10.500
4656,2026-08-15,Tienda Norte,  Mantequilla,Lácteos,2,2500,5000
4656,2026-08-15,Tienda Norte, Maní ,snacks,1,1200,1200
4656,2026-08-15,Tienda Norte,Papas fritas  ,Snacks,1,1800,1800
4657,1-8-2026,Tienda Centro  , Leche ,lácteos,2,1200,2400
4657,2026/08/01,  Tienda Centro,Pañales,bebé,1,8000,8000
4658,2026-06-16,Tienda Centro,Cerveza,Alcohol,1,3500,3500
4658,2026/06/16,Tienda Centro,Pan molde  ,panadería,2,1800,3600
4658,2026-06-16,Tienda Centro,Queso,Lácteos,1,4500,4500
4659,2026-07-27,Tienda Sur,Maní,Snacks,1,1200,1200
4660,19/7/2026,  Tienda Mall,  Croissant,Panadería,1,900,900
4660,2026-07-19,  Tienda Mall,Esponjas,Limpieza,1,1200,1200
4661,2026-05-23,Tienda Sur  ,  Café,Café/Té,1,4000,4000
4662,5/7/2026,Tienda Mall,Jugo naranja,Bebidas,1,1600,1600
4662,5-7-2026,Tienda Mall,Vino tinto,Alcohol,2,5000,10000
4663,2026-08-04,Tienda Centro  ,Bebida cola,Bebidas,1,1500,1500
4663,2026-08-04,Tienda Centro,Galletas,Snacks,1,1000,1000
4663,4/8/2026,Tienda Centro,  Té,CAFÉ/TÉ,1,2500,2500
4664,2026-08-17,Tienda Sur,Azúcar,CAFÉ/TÉ,1,1300,1300
4664,2026/08/17,Tienda Sur,Café,Café/Té,1,4000,4000
4664,2026-08-17,Tienda Sur,Maní,Snacks,1,1200,1200
4664,2026-08-17,Tienda Sur,Queso,LÁCTEOS,1,4500,4500
4664,17/8/2026, Tienda Sur ,  Vino tinto,Alcohol,1,5000,5000
4665,2026/07/20,Tienda Norte,Agua mineral,Bebidas,3,900,2700
4666,2026-07-22,Tienda Centro  ,Detergente,Limpieza,3,5500,16500
4667,2026-07-01,Tienda Mall,Cerveza,Alcohol,3,3500,10500
4667,1/7/2026,Tienda Mall,Cloro,LIMPIEZA,1,1400,1400
4667,01-07-2026,Tienda Mall,Maní,Snacks,1,1200,1200
4668,2026-06-14,Tienda Centro,Cloro,limpieza,1,1400,1400
4668,14/6/2026,Tienda Centro,Detergente,limpieza,1,5500,5500
4668,14-6-2026, Tienda Centro ,Papas fritas,Snacks,1,1800,1800
4668,14-6-2026,Tienda Centro,Té,café/té,1,2500,2500
4669,10-8-2026,Tienda Mall,Vino tinto,alcohol,1,5000,5000
4670,2026-08-03,Tienda Centro,Pan molde,panadería,1,1800,1800
4670,3/8/2026,Tienda Centro,Queso  ,Lácteos,2,4500,9000
4670,3/8/2026,Tienda Centro,Yogurt,lácteos,1,800,800
4671,2026-08-13,  Tienda Norte,Azúcar,Café/Té,1,1300,1300
4671,13-08-2026,Tienda Norte,Mantequilla,Lácteos,1,2500,2500
4671,13/8/2026,Tienda Norte,Pan hallulla,panadería,1,1500,1500
4672,2026-06-14,Tienda Sur  ,Café  ,Café/Té,1,4000,4000
4672,14-06-2026,Tienda Sur,Esponjas,Limpieza,1,1200,1200
4672,14-6-2026,Tienda Sur,Leche,Lácteos,1,1200,1200
4673,2026-06-26,Tienda Mall,Mantequilla,Lácteos,1,2500,2500
4673,26-6-2026,Tienda Mall,Pan molde,PANADERÍA,2,1800,3600
4673,26-6-2026,Tienda Mall,Queso,Lácteos,2,4500,9000
4673,2026-06-26,Tienda Mall,  Yogurt,LÁCTEOS,2,800,1600
4674,2026-06-29,Tienda Centro,Cerveza,Alcohol,2,3500,7000
4674,29-06-2026,  Tienda Centro,Maní,Snacks,3,1200,3600
4674,2026-06-29,Tienda Centro,Papas fritas,Snacks,1,1800,1800
4674,2026-06-29,Tienda Centro  , Vino tinto ,alcohol,1,5000,5000
4675,2026/07/10,Tienda Sur,Bebida cola,BEBIDAS,2,1500,3000
4675,2026-07-10,Tienda Sur,Papas fritas,Snacks,1,1800,1800
4676,2026-08-11,Tienda Sur,Mantequilla  ,Lácteos,,2500,2500
4676,11/8/2026,Tienda Sur,Pan hallulla,Panadería,1,1500,1500
4676,11-08-2026,Tienda Sur,Queso  ,Lácteos,,4500,13500
4677,3/6/2026,Tienda Mall,Mantequilla,Lácteos,2,2500,5000
4677,3-6-2026,Tienda Mall,Maní,Snacks,2,1200,2400
4677,3/6/2026,Tienda Mall,Pan molde,Panadería,1,1800,1800
4678,2026-05-29,Tienda Centro,Cloro,Limpieza,1,1400,1400
4678,2026/05/29,Tienda Centro,Jugo naranja,Bebidas,1,1600,1600
4678,2026-05-29,Tienda Centro,Mantequilla  ,lácteos,2,2500,5000
4679,2026-07-31,Tienda Norte,Galletas  ,Snacks,1,1000,1000
4679,2026-07-31,  Tienda Norte,Queso,LÁCTEOS,1,4500,4500
4680,2026-07-29,Tienda Mall, Maní ,Snacks,1,1200,1200
4680,2026-07-29,Tienda Mall,  Queso,Lácteos,1,4500,4500
4681,2026-08-17,Tienda Centro,Galletas,Snacks,2,1000,2000
4681,2026-08-17, Tienda Centro ,Queso,LÁCTEOS,2,4500,9000
4682,2026-08-04,Tienda Norte,Jugo naranja  ,Bebidas,1,1600,1600
4682,4/8/2026,Tienda Norte,Mantequilla,lácteos,,2500,5000
4682,4/8/2026,Tienda Norte,Pan molde,Panadería,1,1800,1800
4683,19-06-2026,Tienda Sur,Croissant  ,PANADERÍA,1,900,900
4683,2026-06-19,Tienda Sur, Detergente ,Limpieza,1,5500,5500
4684,2026-07-21,Tienda Norte,Azúcar,Café/Té,2,1300,2600
4684,21-07-2026,Tienda Norte,Maní,Snacks,1,1200,1200
4685,19-06-2026,Tienda Mall,Detergente,Limpieza,1,5500,5500
4685,2026-06-19,Tienda Mall  ,Esponjas,Limpieza,1,1200,1200
4685,2026-06-19, Tienda Mall ,Yogurt,Lácteos,1,800,800
4686,2026-06-16,  Tienda Norte,Azúcar,café/té,3,1300,3900
4686,16-06-2026, Tienda Norte ,Té,Café/Té,1,2500,2500
4687,2026-07-10,Tienda Mall, Pan hallulla ,Panadería,1,1500,1500
4687,10/7/2026,Tienda Mall,Queso,lácteos,2,4500,9000
4688,2026-07-20,Tienda Mall,Azúcar,café/té,1,1300,1300
4688,20-07-2026, Tienda Mall ,Mantequilla,Lácteos,1,2500,2500
4688,20/7/2026,Tienda Mall,Té,Café/Té,1,2500,2500
4689,17-8-2026,Tienda Sur,Croissant  ,PANADERÍA,1,900,900
4689,2026-08-17, Tienda Sur ,Mantequilla,Lácteos,1,2500,2500
4689,17/8/2026,Tienda Sur,Pan molde,Panadería,1,1800,1800
4689,2026/08/17,Tienda Sur,Queso  ,Lácteos,1,4500,4500
4690,2026/07/25,Tienda Norte,Bebida cola,Bebidas,1,1500,1500
4690,25-7-2026,Tienda Norte,Detergente,Limpieza,3,5500,16.500
4691,2026-05-28,Tienda Norte,Azúcar,Café/Té,1,1300,1300
4691,2026-05-28,Tienda Norte,Detergente,Limpieza,1,5500,5500
4691,2026-05-28, Tienda Norte ,Esponjas,Limpieza,2,1200,2400
4691,2026/05/28,Tienda Norte,Galletas,Snacks,1,1000,1000
4691,2026-05-28,  Tienda Norte,Té,Café/Té,2,2500,5000
4691,28/5/2026,Tienda Norte,  Yogurt,Lácteos,1,800,800
4692,2026-06-12,Tienda Centro,Detergente,Limpieza,2,5500,11.000
4692,2026-06-12,Tienda Centro,Jugo naranja,Bebidas,1,1600,1600
4693,15-07-2026, Tienda Norte ,Esponjas,Limpieza,1,1200,1200
4693,2026-07-15,Tienda Norte,Mantequilla,Lácteos,1,2500,2500
4693,15-07-2026, Tienda Norte ,Pan hallulla,Panadería,1,1500,1500
4694,25-5-2026,  Tienda Centro,Croissant,Panadería,1,900,900
4694,25-5-2026,Tienda Centro,Mantequilla,Lácteos,3,2500,7500
4695,2026-06-22,Tienda Sur,Pan hallulla,Panadería,1,1500,1500
4695,2026-06-22,Tienda Sur,Queso  ,Lácteos,1,4500,4500
4695,22-06-2026,Tienda Sur,Yogurt,Lácteos,1,800,800
4696,2026/07/24,Tienda Sur,Galletas,Snacks,1,1000,1000
4696,2026-07-24,Tienda Sur,Queso,LÁCTEOS,3,4500,13500
4697,2026-07-14, Tienda Centro , Bebida cola ,Bebidas,1,1500,1500
4697,14/7/2026,Tienda Centro, Mantequilla ,Lácteos,1,2500,2500
4698,2026-07-13,Tienda Norte  ,Cerveza,alcohol,1,3500,3500
4698,13/7/2026,Tienda Norte  ,  Cloro,LIMPIEZA,1,1400,1400
4698,2026-07-13,Tienda Norte, Detergente ,Limpieza,2,5500,11000
4699,2026-06-27,Tienda Centro,Agua mineral,bebidas,1,900,900
4699,2026/06/27,Tienda Centro,Azúcar  ,Café/Té,3,1300,3900
4699,27/6/2026,Tienda Centro,Pañales,Bebé,1,8000,8000
4699,27-6-2026,Tienda Centro,  Toallitas húmedas,Bebé,1,2200,2200
4700,07-07-2026,Tienda Mall,Agua mineral,Bebidas,1,900,900
4700,7/7/2026,Tienda Mall,Azúcar,Café/Té,1,1300,1300
4700,2026-07-07,Tienda Mall,  Queso,lácteos,1,4500,4500
4700,07-07-2026,Tienda Mall,Té,Café/Té,1,2500,2500
4700,2026-07-07,Tienda Mall  , Vino tinto ,Alcohol,1,5000,5000
4701,25-06-2026,Tienda Sur,  Croissant,Panadería,1,900,900
4701,25/6/2026,Tienda Sur, Maní ,SNACKS,1,1200,1200
4702,25-7-2026, Tienda Norte ,Azúcar,Café/Té,2,1300,2600
4702,25-07-2026,Tienda Norte,Jugo naranja,Bebidas,2,1600,3200
4703,14-06-2026,Tienda Mall,Mantequilla,Lácteos,1,2500,2500
4704,2026-07-01,Tienda Centro,Papas fritas  ,snacks,1,1800,1800
4705,2026/05/28,Tienda Norte,Café,CAFÉ/TÉ,1,4000,4000
4705,2026-05-28,Tienda Norte  ,Galletas,Snacks,3,1000,3000
4706,2026/07/31,Tienda Centro,Bebida cola,Bebidas,1,1500,1500
4706,2026-07-31,Tienda Centro,Galletas,Snacks,1,1000,1000
4706,31/7/2026,Tienda Centro  ,Leche,Lácteos,,1200,2400
4706,31-07-2026,Tienda Centro,Pan molde,Panadería,3,1800,5400
4706,2026-07-31,Tienda Centro,Papas fritas,SNACKS,2,1800,3600
4706,2026-07-31,Tienda Centro,  Queso,Lácteos,1,4500,4500
4707,2026-06-17,Tienda Mall,  Detergente,Limpieza,1,5500,5500
4707,17/6/2026,Tienda Mall  ,Yogurt,Lácteos,1,800,800
4708,8/7/2026,  Tienda Sur,Leche,Lácteos,1,1200,1200
4708,8-7-2026,Tienda Sur,Mantequilla,Lácteos,2,2500,5000
4708,2026-07-08,Tienda Sur,Pan molde,Panadería,1,1800,1800
4709,2026-05-21,Tienda Mall,Queso,lácteos,1,4500,4500
4709,21/5/2026,Tienda Mall,Toallitas húmedas,BEBÉ,1,2200,2200
4709,2026-05-21,Tienda Mall,Té  ,Café/Té,1,2500,2500
4710,25-5-2026,Tienda Norte,  Cerveza,Alcohol,3,3500,10.500
4710,2026-05-25,Tienda Norte, Jugo naranja ,Bebidas,1,1600,1600
4710,25/5/2026,Tienda Norte,Pañales,Bebé,1,8000,8000
4710,2026/05/25,Tienda Norte  ,Queso,Lácteos,1,4500,4500
4710,2026/05/25,Tienda Norte, Vino tinto ,Alcohol,1,5000,5000
4711,2026-07-08,Tienda Norte,Azúcar,café/té,1,1300,1300
4711,2026-07-08,Tienda Norte,Croissant,PANADERÍA,2,900,1800
4711,8/7/2026,Tienda Norte  ,Pan molde,Panadería,2,1800,3600
4712,10-7-2026,Tienda Centro,Azúcar  ,CAFÉ/TÉ,1,1300,1300
4712,2026-07-10,Tienda Centro,Café,Café/Té,1,4000,4000
4712,10-07-2026,Tienda Centro  ,Cerveza,alcohol,2,3500,7000
4712,2026/07/10,Tienda Centro,Maní,Snacks,2,1200,2400
4712,10-7-2026,Tienda Centro,Queso,Lácteos,3,4500,13500
4713,4/6/2026,Tienda Mall,Cerveza,Alcohol,1,3500,3500
4713,04-06-2026,Tienda Mall,Cloro,limpieza,1,1400,1400
4713,04-06-2026,Tienda Mall,Croissant,panadería,1,900,900
4713,2026/06/04,Tienda Mall,Maní,snacks,1,1200,1200
4713,2026-06-04,  Tienda Mall, Papas fritas ,snacks,1,1800,1800
4714,08-07-2026,Tienda Mall,  Azúcar,Café/Té,2,1300,2600
4714,8/7/2026,Tienda Mall, Croissant ,Panadería,2,900,1800
4714,8-7-2026,Tienda Mall,Jugo naranja,Bebidas,2,1600,3200
4714,08-07-2026,Tienda Mall  ,Té,Café/Té,2,2500,5000
4715,17/7/2026,Tienda Sur,Agua mineral  ,BEBIDAS,1,900,900
4715,2026-07-17,Tienda Sur  , Queso ,Lácteos,1,4500,4500
4715,17/7/2026,  Tienda Sur,Vino tinto,Alcohol,1,5000,5000
4716,2026-06-13,Tienda Mall,Queso,Lácteos,1,4500,4500
4717,2026-07-27,Tienda Norte  ,Esponjas,limpieza,1,1200,1200
4717,2026-07-27,Tienda Norte,Jugo naranja,Bebidas,1,1600,1600
4717,2026-07-27,Tienda Norte,Toallitas húmedas,Bebé,1,2200,2200
4718,2026-05-27,Tienda Centro,Cerveza,Alcohol,1,3500,3500
4718,27/5/2026,Tienda Centro,Maní,snacks,1,1200,1200
4718,2026-05-27,Tienda Centro,Papas fritas,snacks,1,1800,1800
4718,2026/05/27,Tienda Centro,Té,café/té,1,2500,2500
4719,2026/07/16,Tienda Sur,Mantequilla,Lácteos,1,2500,2500
4719,2026-07-16,  Tienda Sur,Papas fritas,Snacks,1,1800,1800
4720,2026-06-20,Tienda Mall,Cloro,Limpieza,1,1400,1400
4720,2026-06-20,Tienda Mall,Detergente,LIMPIEZA,1,5500,5500
4720,2026-06-20,Tienda Mall,  Esponjas,Limpieza,1,1200,1200
4720,2026-06-20,Tienda Mall  ,Toallitas húmedas,Bebé,3,2200,6600
4720,2026-06-20,Tienda Mall,Yogurt,Lácteos,1,800,800
4721,31-05-2026,  Tienda Norte,Cerveza,Alcohol,1,3500,3500
4721,2026/05/31,Tienda Norte,Esponjas,limpieza,1,1200,1200
4721,31-05-2026,  Tienda Norte,Maní,SNACKS,1,1200,1200
4721,2026-05-31,Tienda Norte,Papas fritas,Snacks,1,1800,1800
4722,2026-07-11,Tienda Mall,Azúcar,Café/Té,1,1300,1300
4722,2026-07-11,Tienda Mall, Café ,CAFÉ/TÉ,3,4000,12.000
4722,11-7-2026,Tienda Mall,Galletas  ,Snacks,1,1000,1000
4722,2026-07-11,Tienda Mall,Mantequilla,LÁCTEOS,2,2500,5000
4723,2026-06-15,Tienda Mall,Cloro,LIMPIEZA,1,1400,1400
4723,15/6/2026,Tienda Mall,Detergente,Limpieza,1,5500,5500
4723,2026-06-15,Tienda Mall,Esponjas,Limpieza,1,1200,1200
4723,2026-06-15,  Tienda Mall,Queso  ,Lácteos,1,4500,4500
4723,2026-06-15,Tienda Mall,Vino tinto,ALCOHOL,1,5000,5000
4724,6/7/2026,Tienda Norte,Agua mineral,bebidas,1,900,900
4724,6-7-2026,Tienda Norte,  Mantequilla,Lácteos,1,2500,2500
4724,2026-07-06,Tienda Norte,  Toallitas húmedas,Bebé,1,2200,2200
4725,2026-07-13,Tienda Mall,Galletas,Snacks,1,1000,1000
4725,2026-07-13,Tienda Mall,Pañales,Bebé,1,8000,8000
4726,2026-07-02, Tienda Sur , Azúcar ,Café/Té,1,1300,1300
4726,02-07-2026,Tienda Sur,Esponjas  ,Limpieza,1,1200,1200
4726,2026-07-02,Tienda Sur,Yogurt,Lácteos,2,800,1600
4727,2026-06-16,  Tienda Norte,Galletas,Snacks,1,1000,1000
4727,2026-06-16,Tienda Norte,Pañales,Bebé,1,8000,8000
4727,2026/06/16,Tienda Norte,Toallitas húmedas,Bebé,,2200,2200
4728,24/6/2026,Tienda Mall,  Cerveza,Alcohol,2,3500,7000
4728,2026-06-24,Tienda Mall, Papas fritas ,Snacks,1,1800,1800
4728,24-06-2026,Tienda Mall,Pañales,Bebé,1,8000,8000
4728,24/6/2026, Tienda Mall ,  Toallitas húmedas,Bebé,2,2200,4400
4729,28/6/2026,Tienda Centro, Bebida cola ,Bebidas,1,1500,1500
4729,2026-06-28,Tienda Centro,Cerveza  ,Alcohol,,3500,3500
4729,2026-06-28,Tienda Centro  ,Papas fritas,Snacks,1,1800,1800
4730,27-6-2026,Tienda Sur,Galletas,snacks,1,1000,1000
4730,2026-06-27,Tienda Sur,Yogurt,Lácteos,1,800,800
4731,2026-06-28,Tienda Sur,Azúcar,Café/Té,1,1300,1300
4731,2026-06-28,Tienda Sur,Café,Café/Té,1,4000,4000
4731,2026-06-28, Tienda Sur ,Galletas,Snacks,2,1000,2000
4731,2026-06-28,Tienda Sur,Mantequilla,Lácteos,1,2500,2500
4732,2026-07-20,Tienda Sur, Cerveza ,Alcohol,1,3500,3500
4732,2026-07-20,Tienda Sur,Croissant,Panadería,2,900,1800
4732,2026-07-20,  Tienda Sur,Galletas,Snacks,1,1000,1000
4732,2026/07/20,Tienda Sur, Maní ,Snacks,1,1200,1200
4732,20-7-2026,Tienda Sur,Papas fritas,Snacks,3,1800,5400
4732,20-07-2026, Tienda Sur ,Toallitas húmedas,Bebé,3,2200,6600
4733,24-5-2026,  Tienda Norte,Toallitas húmedas,Bebé,1,2200,2200
4733,2026-05-24,Tienda Norte,Té,Café/Té,2,2500,5000
4734,2026-07-31,Tienda Sur,Azúcar,Café/Té,1,1300,1300
4734,31-7-2026,Tienda Sur,Café  ,Café/Té,1,4000,4000
4734,2026-07-31,Tienda Sur,Galletas,Snacks,1,1000,1000
4735,2026/08/15,Tienda Norte,Detergente,Limpieza,3,5500,16500
4735,2026-08-15, Tienda Norte ,Toallitas húmedas,Bebé,2,2200,4400
4735,15-08-2026,Tienda Norte,Yogurt,Lácteos,3,800,2400
4736,2026-07-21,Tienda Sur,Bebida cola,Bebidas,1,1500,1500
4736,2026-07-21,Tienda Sur, Croissant ,PANADERÍA,1,900,900
4736,2026-07-21, Tienda Sur ,Papas fritas,Snacks,,1800,1800
4737,2026-06-13,Tienda Mall,  Azúcar,café/té,1,1300,1300
4737,2026-06-13,  Tienda Mall,Galletas,snacks,1,1000,1000
4737,13-06-2026,Tienda Mall,Té,café/té,1,2500,2500
4738,31/7/2026,Tienda Mall,Azúcar,Café/Té,1,1300,1300
4738,31-07-2026,Tienda Mall,Leche  ,LÁCTEOS,3,1200,3600
4739,2026-06-08, Tienda Mall ,Cloro,limpieza,2,1400,2800
4740,26/7/2026,  Tienda Mall,Agua mineral  ,Bebidas,1,900,900
4740,2026-07-26,Tienda Mall,Toallitas húmedas,bebé,1,2200,2200
4741,2026-06-25,Tienda Mall,Bebida cola,Bebidas,1,1500,1500
4741,2026-06-25,Tienda Mall,Cerveza,Alcohol,1,3500,3500
4741,25-06-2026,Tienda Mall,Papas fritas,Snacks,1,1800,1800
4742,2026-07-03,Tienda Sur, Leche ,Lácteos,,1200,1200
4743,2026-07-08,Tienda Norte,Azúcar  ,Café/Té,1,1300,1300
4744,30/5/2026,Tienda Norte,Agua mineral,Bebidas,1,900,900
4744,30/5/2026,Tienda Norte  , Bebida cola ,Bebidas,1,1500,1500
4744,30-5-2026,Tienda Norte,Toallitas húmedas,Bebé,1,2200,2200
4745,15/8/2026,Tienda Norte,Bebida cola,Bebidas,1,1500,1500
4745,2026-08-15,  Tienda Norte,Papas fritas,SNACKS,1,1800,1800
4745,15-08-2026,Tienda Norte,Queso,LÁCTEOS,1,4500,4500
4745,2026-08-15,Tienda Norte,Vino tinto  ,Alcohol,1,5000,5000
4746,25/5/2026,Tienda Centro,Cerveza,alcohol,3,3500,10.500
4746,25-5-2026,Tienda Centro  ,Croissant  ,Panadería,2,900,1800
4746,2026-05-25,Tienda Centro,Maní,snacks,1,1200,1200
4746,25-5-2026,Tienda Centro,  Papas fritas,Snacks,1,1800,1800
4746,2026-05-25,Tienda Centro, Queso ,Lácteos,1,4500,4500
4747,2026-07-25,Tienda Sur  ,Galletas,Snacks,1,1000,1000
4747,2026/07/25,Tienda Sur,Mantequilla  ,Lácteos,3,2500,7500
4747,25-07-2026,Tienda Sur,  Maní,SNACKS,1,1200,1200
4748,2026-06-12,Tienda Mall,Cerveza,Alcohol,2,3500,7000
4748,2026-06-12,Tienda Mall,Pañales,Bebé,1,8000,8000
4748,2026-06-12,Tienda Mall,  Queso,LÁCTEOS,,4500,9000
4749,2026/06/29,Tienda Norte, Azúcar ,Café/Té,1,1300,1300
4750,1-7-2026,Tienda Mall,Croissant,PANADERÍA,1,900,900
4750,2026-07-01,Tienda Mall,Papas fritas,Snacks,,1800,3600
4751,14/8/2026,Tienda Norte  , Esponjas ,Limpieza,1,1200,1200
4751,2026/08/14,Tienda Norte,Pan hallulla  ,panadería,1,1500,1500
4751,14-8-2026,Tienda Norte,Queso,Lácteos,1,4500,4500
4751,14-08-2026,Tienda Norte,Vino tinto  ,alcohol,3,5000,15000
4752,2026-07-22,Tienda Norte,Cloro,LIMPIEZA,1,1400,1400
4752,2026-07-22,Tienda Norte,Detergente,Limpieza,2,5500,11000
4752,22-7-2026,Tienda Norte, Maní ,Snacks,2,1200,2400
4752,22/7/2026,Tienda Norte,Vino tinto,Alcohol,1,5000,5000
4753,29/5/2026,Tienda Norte,Azúcar,Café/Té,1,1300,1300
4753,2026-05-29,Tienda Norte,Bebida cola,Bebidas,1,1500,1500
4753,29-5-2026,Tienda Norte,  Mantequilla,Lácteos,1,2500,2500
4753,29-05-2026,Tienda Norte,Pan hallulla,Panadería,1,1500,1500
4754,2026/08/06,Tienda Norte,Leche,Lácteos,1,1200,1200
4754,6-8-2026,Tienda Norte,Toallitas húmedas  ,Bebé,2,2200,4400
4754,2026-08-06,Tienda Norte,Té,Café/Té,3,2500,7500
4755,2026-07-03,Tienda Sur,  Cerveza,Alcohol,2,3500,7000
4755,2026-07-03,Tienda Sur,Detergente,Limpieza,2,5500,11.000
4755,2026/07/03,Tienda Sur,Esponjas  ,Limpieza,1,1200,1200
4756,23/7/2026,Tienda Centro,Bebida cola,Bebidas,1,1500,1500
4756,23-07-2026,Tienda Centro,Jugo naranja,Bebidas,1,1600,1600
4756,2026-07-23,Tienda Centro,  Té,Café/Té,2,2500,5000
4757,22-06-2026,Tienda Centro  , Agua mineral ,Bebidas,1,900,900
4757,22-06-2026,Tienda Centro,  Toallitas húmedas,BEBÉ,2,2200,4400
4758,30-06-2026,Tienda Centro,Azúcar,CAFÉ/TÉ,1,1300,1300
4758,30-06-2026,Tienda Centro,Mantequilla,lácteos,1,2500,2500
4759,2026-07-04,Tienda Sur,Esponjas,Limpieza,1,1200,1200
4759,4/7/2026,  Tienda Sur,Maní,Snacks,,1200,1200
4759,2026-07-04,Tienda Sur  , Queso ,lácteos,1,4500,4500
4759,2026-07-04,Tienda Sur,Vino tinto,Alcohol,1,5000,5000
4760,2026-06-03,Tienda Centro,Galletas,Snacks,2,1000,2000
4760,3/6/2026,Tienda Centro,Pañales,BEBÉ,1,8000,8000
4760,2026-06-03,Tienda Centro,  Queso,Lácteos,,4500,4500
4760,2026/06/03,Tienda Centro,Toallitas húmedas,Bebé,1,2200,2200
4760,2026-06-03,Tienda Centro,Vino tinto,Alcohol,1,5000,5000
4761,2026-08-05,Tienda Sur,Azúcar,Café/Té,1,1300,1300
4761,5-8-2026,Tienda Sur,Mantequilla,Lácteos,1,2500,2500
4762,2026-08-15,Tienda Centro,Yogurt,Lácteos,2,800,1600
4763,16/6/2026,Tienda Centro,  Café,Café/Té,1,4000,4000
4763,2026-06-16,Tienda Centro  ,Pan hallulla  ,Panadería,1,1500,1500
4763,2026-06-16,Tienda Centro,  Queso,Lácteos,1,4500,4500
4764,24-6-2026,  Tienda Norte,Mantequilla,Lácteos,1,2500,2500
4764,2026-06-24,Tienda Norte, Papas fritas ,SNACKS,1,1800,1800
4764,2026/06/24,Tienda Norte,Toallitas húmedas,Bebé,1,2200,2200
4764,2026-06-24,Tienda Norte,Yogurt,LÁCTEOS,2,800,1600
4765,2026-07-04,Tienda Mall,Azúcar,Café/Té,1,1300,1300
4765,4-7-2026,Tienda Mall,  Jugo naranja,Bebidas,1,1600,1600
4765,2026-07-04,Tienda Mall,Toallitas húmedas,Bebé,3,2200,6600
4765,2026-07-04,Tienda Mall, Té ,CAFÉ/TÉ,1,2500,2500
4766,2026-06-18,Tienda Norte  ,Cerveza,Alcohol,1,3500,3500
4766,18-6-2026,Tienda Norte,Pañales,Bebé,1,8000,8000
4766,18-6-2026,Tienda Norte  ,Toallitas húmedas,Bebé,1,2200,2200
4767,2026-07-29,Tienda Sur,Azúcar,Café/Té,2,1300,2600
4767,2026/07/29,Tienda Sur  ,Galletas,snacks,1,1000,1000
4767,29/7/2026,Tienda Sur,Té,CAFÉ/TÉ,2,2500,5000
4768,2026-08-15,  Tienda Sur,Bebida cola,Bebidas,1,1500,1500
4768,15-8-2026,  Tienda Sur,Té,Café/Té,2,2500,5000
4769,2026/07/31,  Tienda Mall,Cloro  ,Limpieza,1,1400,1400
4769,2026-07-31,Tienda Mall,Detergente,limpieza,1,5500,5500
4769,31-07-2026,Tienda Mall,  Pañales,Bebé,1,8000,8000
4769,31/7/2026,Tienda Mall,Toallitas húmedas,BEBÉ,2,2200,4400
4770,10/6/2026,Tienda Sur,Cloro,Limpieza,1,1400,1400
4770,10/6/2026,Tienda Sur, Detergente ,Limpieza,1,5500,5500
4770,2026-06-10,Tienda Sur,Esponjas,Limpieza,1,1200,1200
4770,2026-06-10,Tienda Sur,Galletas,Snacks,1,1000,1000
4770,10-6-2026,Tienda Sur,Papas fritas,SNACKS,1,1800,1800
4771,26-7-2026,Tienda Mall,Azúcar,café/té,3,1300,3900
4771,2026-07-26,Tienda Mall  ,  Mantequilla,Lácteos,2,2500,5000
4771,2026-07-26,Tienda Mall,Pan hallulla,Panadería,1,1500,1500
4771,26-7-2026,Tienda Mall,Pañales,BEBÉ,1,8000,8000
4772,3/8/2026,Tienda Centro,Jugo naranja,Bebidas,1,1600,1600
4772,03-08-2026,Tienda Centro,Pañales,bebé,1,8000,8000
4772,2026-08-03,Tienda Centro,Queso,Lácteos,1,4500,4500
4772,2026-08-03,Tienda Centro,  Toallitas húmedas,bebé,1,2200,2200
4773,2026-08-07,Tienda Norte,Jugo naranja,Bebidas,1,1600,1600
4774,2026-06-22,Tienda Sur,Azúcar,Café/Té,1,1300,1300
4774,22-6-2026,Tienda Sur,Café,Café/Té,2,4000,8000
4774,2026-06-22,Tienda Sur  ,Galletas  ,Snacks,1,1000,1000
4775,15-8-2026,Tienda Centro,Yogurt,Lácteos,1,800,800
4776,2026-06-15,  Tienda Mall,Toallitas húmedas,Bebé,1,2200,2200
4776,2026-06-15,Tienda Mall,  Yogurt,LÁCTEOS,1,800,800
4777,2026-07-10,Tienda Sur,Croissant,panadería,1,900,900
4777,2026-07-10,Tienda Sur,Detergente,Limpieza,3,5500,16.500
4777,2026/07/10,Tienda Sur,Maní,Snacks,1,1200,1200
4777,10-07-2026,Tienda Sur,Papas fritas,Snacks,1,1800,1800
4778,2026/07/04,Tienda Norte,Maní,Snacks,2,1200,2400
4778,2026-07-04,Tienda Norte,Queso,Lácteos,1,4500,4500
4778,2026-07-04,Tienda Norte,Vino tinto,Alcohol,1,5000,5000
4779,16-8-2026,Tienda Norte,Mantequilla,lácteos,1,2500,2500
4779,16-08-2026,Tienda Norte,Pan molde,panadería,1,1800,1800
4780,12-6-2026,Tienda Centro  ,Mantequilla,Lácteos,1,2500,2500
4780,12/6/2026,Tienda Centro,Pan hallulla,Panadería,1,1500,1500
4780,12/6/2026,Tienda Centro, Pañales ,bebé,1,8000,8000
4780,2026-06-12,Tienda Centro,Toallitas húmedas,Bebé,1,2200,2200
4781,2026-05-25,Tienda Mall,Jugo naranja  ,Bebidas,1,1600,1600
4782,2026-08-13,Tienda Norte,Azúcar,Café/Té,3,1300,3900
4782,2026-08-13,Tienda Norte, Café ,Café/Té,1,4000,4000
4782,2026-08-13,Tienda Norte  ,Galletas,Snacks,2,1000,2000
4783,2026-06-25,Tienda Mall,Papas fritas  ,Snacks,1,1800,1800
4784,2026-07-10,  Tienda Centro,Bebida cola,BEBIDAS,1,1500,1500
4784,2026-07-10, Tienda Centro ,Detergente,Limpieza,1,5500,5500
4785,2026-06-05,Tienda Centro  ,Galletas,snacks,1,1000,1000
4786,6-8-2026,Tienda Centro,Agua mineral,Bebidas,1,900,900
4786,6-8-2026,Tienda Centro,Azúcar,Café/Té,1,1300,1300
4786,6/8/2026,Tienda Centro,Café,Café/Té,1,4000,4000
4787,2/6/2026,Tienda Mall,Vino tinto,Alcohol,1,5000,5000
4788,10-8-2026,Tienda Mall,Azúcar  ,Café/Té,2,1300,2600
4788,2026-08-10,Tienda Mall,  Detergente,Limpieza,2,5500,11000
4788,2026-08-10, Tienda Mall ,Vino tinto,Alcohol,1,5000,5000
4789,2026-08-09,Tienda Mall,Cerveza,ALCOHOL,1,3500,3500
4789,2026-08-09,Tienda Mall,Detergente,Limpieza,1,5500,5500
4789,2026/08/09,Tienda Mall, Pañales ,Bebé,1,8000,8000
4790,8-8-2026,Tienda Norte,Azúcar,Café/Té,1,1300,1300
4790,2026-08-08,Tienda Norte,Café,café/té,1,4000,4000
4790,2026-08-08,  Tienda Norte,Jugo naranja,bebidas,1,1600,1600
4790,2026-08-08,Tienda Norte, Té ,Café/Té,,2500,2500
4791,2026-06-17,Tienda Norte  ,Mantequilla,Lácteos,1,2500,2500
4791,2026-06-17,  Tienda Norte,Pan molde,Panadería,2,1800,3600
4791,2026-06-17,Tienda Norte,Queso,Lácteos,2,4500,9000
4792,2026-05-21,Tienda Centro,Galletas,Snacks,1,1000,1000
4793,23/6/2026,Tienda Mall,Esponjas,Limpieza,1,1200,1200
4793,2026-06-23,Tienda Mall,Toallitas húmedas,Bebé,1,2200,2200
4794,1-6-2026, Tienda Mall ,  Cerveza,Alcohol,2,3500,7000
4794,1/6/2026,Tienda Mall,Mantequilla,Lácteos,2,2500,5000
4794,2026-06-01,Tienda Mall,Papas fritas,snacks,1,1800,1800
4795,2026-05-27,Tienda Norte,Azúcar,Café/Té,1,1300,1300
4795,27/5/2026,Tienda Norte,Té  ,café/té,1,2500,2500
4795,27/5/2026,  Tienda Norte,Vino tinto,Alcohol,1,5000,5000
4795,2026-05-27,Tienda Norte,Yogurt,Lácteos,1,800,800
4796,24-05-2026,Tienda Centro,Agua mineral,Bebidas,2,900,1800
4796,2026-05-24,Tienda Centro,Azúcar,Café/Té,1,1300,1300
4796,2026/05/24, Tienda Centro ,Detergente,Limpieza,1,5500,5500
4796,2026-05-24,Tienda Centro, Esponjas ,LIMPIEZA,1,1200,1200
4797,3-6-2026, Tienda Norte ,Azúcar,Café/Té,3,1300,3900
4797,2026-06-03,Tienda Norte,Jugo naranja,Bebidas,1,1600,1600
4797,2026/06/03,Tienda Norte,Pan molde,Panadería,2,1800,3600
4797,2026-06-03,Tienda Norte  ,Queso,Lácteos,3,4500,13500
4797,2026-06-03,  Tienda Norte, Té ,Café/Té,1,2500,2500
4798,2026/06/02,Tienda Norte, Esponjas ,Limpieza,1,1200,1200
4798,2026-06-02,  Tienda Norte,  Papas fritas,Snacks,1,1800,1800
4799,2026-07-27,Tienda Centro,Bebida cola  ,Bebidas,1,1500,1500
4799,27/7/2026,  Tienda Centro,Cloro,Limpieza,1,1400,1400
4799,2026/07/27,  Tienda Centro,Galletas,Snacks,3,1000,3000
4799,2026-07-27,Tienda Centro,Maní,SNACKS,1,1200,1200
4800,2026-08-12,Tienda Mall,Mantequilla,lácteos,1,2500,2500
4800,12/8/2026,  Tienda Mall,Pan molde  ,PANADERÍA,1,1800,1800
4800,12-08-2026,Tienda Mall  ,Queso,Lácteos,1,4500,4500
4801,25/6/2026,  Tienda Mall,Azúcar  ,CAFÉ/TÉ,1,1300,1300
4801,25-06-2026,Tienda Mall,Bebida cola,Bebidas,1,1500,1500
4801,25-6-2026,Tienda Mall,Café  ,Café/Té,1,4000,4000
4801,2026-06-25,Tienda Mall,Jugo naranja,BEBIDAS,1,1600,1600
4801,2026-06-25,Tienda Mall,Leche,Lácteos,1,1200,1200
4801,25-06-2026,Tienda Mall,Papas fritas,Snacks,1,1800,1800
4802,2026-07-18,Tienda Mall,Azúcar,Café/Té,,1300,1300
4802,2026-07-18,Tienda Mall,Detergente,Limpieza,1,5500,5500
4802,18-07-2026,Tienda Mall, Esponjas ,Limpieza,1,1200,1200
4802,2026-07-18,  Tienda Mall,Pañales,Bebé,1,8000,8000
4802,18-07-2026,  Tienda Mall,Toallitas húmedas  ,Bebé,1,2200,2200
4803,10/6/2026,Tienda Norte,Agua mineral,Bebidas,1,900,900
4803,2026-06-10,Tienda Norte  ,Leche,Lácteos,2,1200,2400
4803,2026-06-10,Tienda Norte, Pan molde ,Panadería,3,1800,5400
4803,2026-06-10,Tienda Norte  ,Queso,Lácteos,1,4500,4500
4804,11/8/2026,  Tienda Centro,Leche,LÁCTEOS,1,1200,1200
4804,2026-08-11,Tienda Centro, Toallitas húmedas ,Bebé,1,2200,2200
4805,2026-08-14,Tienda Norte,Pan hallulla  ,Panadería,1,1500,1500
4806,3/7/2026,Tienda Mall,Croissant,Panadería,1,900,900
4807,2026/08/11,Tienda Sur  ,Bebida cola  ,Bebidas,1,1500,1500
4807,11/8/2026,Tienda Sur,Cloro,Limpieza,1,1400,1400
4807,2026-08-11,Tienda Sur,Detergente,limpieza,3,5500,16500
4807,11-8-2026,Tienda Sur,Esponjas,Limpieza,2,1200,2400
4807,2026-08-11,  Tienda Sur,Té,Café/Té,1,2500,2500
4808,13-6-2026,Tienda Centro,Esponjas,Limpieza,1,1200,1200
4808,13/6/2026,Tienda Centro, Maní ,Snacks,1,1200,1200
4809,2026-06-14,Tienda Centro,Azúcar,Café/Té,1,1300,1300
4809,14-6-2026,Tienda Centro,Mantequilla,lácteos,1,2500,2500
4809,2026-06-14,  Tienda Centro, Pan hallulla ,Panadería,1,1500,1500
4809,14-06-2026,Tienda Centro,  Pañales,Bebé,1,8000,8000
4809,2026/06/14, Tienda Centro ,Queso,Lácteos,1,4500,4500
4809,2026-06-14,Tienda Centro,Vino tinto,ALCOHOL,3,5000,15.000
4810,2026-07-23,Tienda Mall,Azúcar  ,café/té,2,1300,2600
4810,23/7/2026,Tienda Mall,Bebida cola  ,BEBIDAS,1,1500,1500
4810,2026-07-23,Tienda Mall  ,Café,Café/Té,1,4000,4000
4810,23-07-2026,Tienda Mall,Jugo naranja,Bebidas,2,1600,3200
4810,23-07-2026,Tienda Mall  , Papas fritas ,Snacks,1,1800,1800
4811,2026/06/27,Tienda Norte,  Maní,Snacks,1,1200,1200
4812,2026-06-28,Tienda Norte  ,Mantequilla,Lácteos,1,2500,2500
4812,2026-06-28,Tienda Norte,Papas fritas,snacks,2,1800,3600
4812,2026/06/28,Tienda Norte  ,Queso,lácteos,1,4500,4500
4813,2026-05-24,  Tienda Norte,Cerveza,Alcohol,2,3500,7000
4813,24-05-2026,Tienda Norte,Leche,Lácteos,1,1200,1200
4813,24/5/2026,Tienda Norte,Maní,snacks,1,1200,1200
4813,24-05-2026,Tienda Norte,Papas fritas,Snacks,1,1800,1800
4814,2026/06/09,  Tienda Mall,Café,Café/Té,2,4000,8000
4814,2026-06-09,Tienda Mall,Galletas,Snacks,1,1000,1000
4815,2026/07/26,Tienda Centro,Azúcar  ,Café/Té,2,1300,2600
4816,2026-07-10,  Tienda Mall,Agua mineral,Bebidas,3,900,2700
4816,2026-07-10,Tienda Mall,Pan molde,Panadería,2,1800,3600
4817,2026-06-23,Tienda Mall,Esponjas,Limpieza,2,1200,2400
4817,23-6-2026,  Tienda Mall,  Yogurt,lácteos,1,800,800
4818,2026-07-11,Tienda Mall,Cerveza,Alcohol,1,3500,3500
4818,2026-07-11,Tienda Mall,Leche,lácteos,1,1200,1200
4818,2026-07-11, Tienda Mall ,Maní,SNACKS,1,1200,1200
4818,2026-07-11,Tienda Mall,Papas fritas,Snacks,1,1800,1800
4819,13-08-2026,Tienda Norte,Agua mineral,bebidas,1,900,900
4819,2026-08-13,Tienda Norte,Cerveza  ,Alcohol,1,3500,3500
4819,2026/08/13,Tienda Norte, Jugo naranja ,Bebidas,1,1600,1600
4819,13/8/2026,Tienda Norte,Maní,Snacks,1,1200,1200
4820,2026-07-16,Tienda Sur,Azúcar,Café/Té,1,1300,1300
4820,16-07-2026,Tienda Sur,Esponjas,Limpieza,1,1200,1200
4820,2026-07-16,Tienda Sur,Mantequilla,Lácteos,1,2500,2500
4820,2026-07-16,Tienda Sur,Pan hallulla,Panadería,1,1500,1500
4820,2026-07-16,  Tienda Sur,Té,Café/Té,1,2500,2500
4821,2026-07-15,  Tienda Centro,Bebida cola,Bebidas,1,1500,1500
4821,2026-07-15,  Tienda Centro,Queso,Lácteos,1,4500,4500
4822,6/6/2026,Tienda Sur,  Azúcar,Café/Té,1,1300,1300
4822,6/6/2026,Tienda Sur, Jugo naranja ,Bebidas,1,1600,1600
4823,22/5/2026,Tienda Norte,Bebida cola,Bebidas,2,1500,3000
4823,22-05-2026,Tienda Norte,Jugo naranja,Bebidas,1,1600,1600
4823,2026-05-22,Tienda Norte,Leche,Lácteos,1,1200,1200
4824,2026-06-23,Tienda Centro,Cerveza,Alcohol,1,3500,3500
4824,23/6/2026,Tienda Centro,  Pañales,Bebé,1,8000,8000
4824,2026-06-23,Tienda Centro  ,Toallitas húmedas,bebé,1,2200,2200
4825,18/6/2026,Tienda Centro  ,Azúcar,Café/Té,2,1300,2600
4825,2026/06/18,Tienda Centro  , Cloro ,LIMPIEZA,1,1400,1400
4825,2026/06/18,Tienda Centro,Detergente,Limpieza,1,5500,5500
4825,18-6-2026,Tienda Centro,Pañales  ,bebé,1,8000,8000
4825,2026-06-18,Tienda Centro,  Té,café/té,1,2500,2500
4826,16/7/2026,Tienda Mall,  Cerveza,Alcohol,2,3500,7000
4826,2026-07-16,Tienda Mall,Detergente,Limpieza,1,5500,5500
4826,2026-07-16,Tienda Mall,Esponjas,limpieza,1,1200,1200
4826,16-7-2026,Tienda Mall,Papas fritas,Snacks,1,1800,1800
4827,1-8-2026,Tienda Sur,Azúcar,Café/Té,1,1300,1300
4827,2026/08/01,Tienda Sur,Té,café/té,2,2500,5000
4828,28/7/2026,Tienda Norte,Cloro,LIMPIEZA,2,1400,2800
4828,28-07-2026,Tienda Norte,Detergente,limpieza,1,5500,5500
4829,2026-07-09,Tienda Sur,Jugo naranja,Bebidas,1,1600,1600
4829,09-07-2026,Tienda Sur,Mantequilla,LÁCTEOS,1,2500,2500
4829,2026-07-09,Tienda Sur,Pan hallulla,Panadería,1,1500,1500
4830,2026-07-13,  Tienda Sur,Azúcar,Café/Té,1,1300,1300
4830,2026-07-13,Tienda Sur,Mantequilla,Lácteos,1,2500,2500
4830,13-07-2026,Tienda Sur,Té,CAFÉ/TÉ,1,2500,2500
4831,2026/07/13, Tienda Norte ,Azúcar,Café/Té,1,1300,1300
4831,13-07-2026,Tienda Norte,Pan hallulla,Panadería,1,1500,1500
4831,13-7-2026,Tienda Norte  ,Pan molde,Panadería,1,1800,1800
4831,13/7/2026,Tienda Norte,Queso,Lácteos,1,4500,4500
4831,13-7-2026,  Tienda Norte,Vino tinto,Alcohol,3,5000,15000
4832,18-07-2026,Tienda Norte,Papas fritas,Snacks,1,1800,1800
4832,2026-07-18,Tienda Norte  ,Té,CAFÉ/TÉ,2,2500,5000
4833,2026/08/12, Tienda Norte ,Queso,lácteos,1,4500,4500
4834,2026-05-30,Tienda Centro,Azúcar,Café/Té,1,1300,1300
4834,2026-05-30,Tienda Centro,Croissant,Panadería,2,900,1800
4834,2026-05-30,Tienda Centro,Maní,snacks,1,1200,1200
4834,2026/05/30,Tienda Centro,Pañales,Bebé,3,8000,24.000
4835,10-07-2026,Tienda Norte,Agua mineral,bebidas,1,900,900
4836,18/8/2026,Tienda Centro,Azúcar,Café/Té,1,1300,1300
4836,18-8-2026,Tienda Centro,Galletas,Snacks,1,1000,1000
4836,2026-08-18,Tienda Centro,Mantequilla,Lácteos,2,2500,5000
4836,18-08-2026,Tienda Centro,Pan hallulla,Panadería,1,1500,1500
4836,18-08-2026,Tienda Centro,Pan molde,Panadería,2,1800,3600
4837,2026-06-09,Tienda Mall,  Azúcar,Café/Té,1,1300,1300
4837,2026/06/09,Tienda Mall,Bebida cola  ,Bebidas,2,1500,3000
4837,2026-06-09,Tienda Mall  ,Papas fritas,Snacks,1,1800,1800
4838,3/8/2026,Tienda Mall,Agua mineral,BEBIDAS,1,900,900
4838,2026-08-03,Tienda Mall,Cerveza,Alcohol,2,3500,7000
4838,2026-08-03, Tienda Mall ,Maní,SNACKS,2,1200,2400
4838,2026-08-03,Tienda Mall,Papas fritas,Snacks,3,1800,5400
4838,3-8-2026,Tienda Mall,Toallitas húmedas,Bebé,1,2200,2200
4839,27/7/2026,Tienda Sur,Mantequilla,Lácteos,1,2500,2500
4839,2026-07-27,  Tienda Sur,Té,café/té,1,2500,2500
4840,2026-08-11,  Tienda Centro,Cloro,Limpieza,1,1400,1400
4840,2026/08/11,Tienda Centro,Croissant  ,panadería,1,900,900
4840,2026-08-11,Tienda Centro,Toallitas húmedas,Bebé,2,2200,4400
4841,22-7-2026,Tienda Sur  ,Cloro,Limpieza,1,1400,1400
4841,22-07-2026,Tienda Sur,Detergente,limpieza,1,5500,5500
4841,2026-07-22,Tienda Sur,Esponjas,Limpieza,1,1200,1200
4842,28/5/2026,Tienda Sur,Galletas,snacks,1,1000,1000
4843,9-8-2026, Tienda Norte ,Galletas,snacks,2,1000,2000
4843,2026-08-09,Tienda Norte,Toallitas húmedas,Bebé,1,2200,2200
4843,09-08-2026,Tienda Norte,Yogurt,Lácteos,1,800,800
4844,2026-08-17,Tienda Centro,Agua mineral  ,Bebidas,1,900,900
4844,2026-08-17,  Tienda Centro,  Azúcar,Café/Té,1,1300,1300
4845,7/8/2026,Tienda Centro,  Azúcar,Café/Té,2,1300,2600
4845,7/8/2026,Tienda Centro,Té,Café/Té,,2500,2500
4845,2026-08-07,Tienda Centro,Yogurt,Lácteos,2,800,1600
4846,2026-06-24,Tienda Sur, Pan hallulla ,Panadería,,1500,1500
4846,2026-06-24, Tienda Sur ,Queso,Lácteos,2,4500,9000
4847,2026-07-26,Tienda Mall,Azúcar,Café/Té,1,1300,1300
4847,26-07-2026,Tienda Mall  ,Pan molde,Panadería,1,1800,1800
4848,2026-05-28,Tienda Centro,Croissant,Panadería,2,900,1800
4848,2026-05-28,  Tienda Centro,  Pan molde,panadería,3,1800,5400
4849,2026-08-13,Tienda Sur,Cloro,Limpieza,1,1400,1400
4849,2026-08-13,Tienda Sur,Mantequilla  ,LÁCTEOS,1,2500,2500
4850,2026-07-02,Tienda Sur,Detergente,Limpieza,1,5500,5500
4850,2026-07-02,Tienda Sur,Esponjas,Limpieza,1,1200,1200
4850,2026/07/02,Tienda Sur,Maní,Snacks,1,1200,1200
4850,2026/07/02,Tienda Sur,Vino tinto,Alcohol,1,5000,5000
4851,2026/08/17,Tienda Centro,Queso,Lácteos,1,4500,4500
4852,9/6/2026,  Tienda Sur,Detergente,Limpieza,1,5500,5500
4852,2026-06-09,Tienda Sur,Esponjas,Limpieza,1,1200,1200
4852,9/6/2026,  Tienda Sur,Jugo naranja,bebidas,1,1600,1600
4852,09-06-2026,Tienda Sur, Toallitas húmedas ,Bebé,2,2200,4400
4853,2026-06-04,Tienda Centro,Detergente,Limpieza,1,5500,5500
4853,2026-06-04,  Tienda Centro,Esponjas,LIMPIEZA,1,1200,1200
4853,2026-06-04,Tienda Centro,Galletas,Snacks,1,1000,1000
4854,6-7-2026,Tienda Mall,Azúcar,Café/Té,1,1300,1300
4854,06-07-2026,Tienda Mall,Jugo naranja,Bebidas,1,1600,1600
4854,2026-07-06, Tienda Mall ,Yogurt,Lácteos,1,800,800
4855,2026-05-27,Tienda Norte,Cloro,Limpieza,1,1400,1400
4855,27-5-2026,Tienda Norte,Mantequilla,Lácteos,1,2500,2500
4856,8/8/2026,Tienda Centro,Cloro,LIMPIEZA,1,1400,1400
4856,8-8-2026,Tienda Centro,Esponjas  ,Limpieza,1,1200,1200
4856,2026/08/08,Tienda Centro,Pan hallulla,PANADERÍA,1,1500,1500
4857,15-08-2026,Tienda Centro,Agua mineral,Bebidas,1,900,900
4857,2026-08-15,Tienda Centro,  Mantequilla,Lácteos,1,2500,2500
4858,2026-06-14,Tienda Centro,Azúcar,Café/Té,1,1300,1300
4858,2026-06-14,Tienda Centro, Café ,CAFÉ/TÉ,1,4000,4000
4858,2026-06-14,Tienda Centro,Pañales,Bebé,1,8000,8000
4859,13/6/2026,Tienda Mall,Galletas,Snacks,1,1000,1000
4859,2026/06/13,Tienda Mall,Vino tinto,Alcohol,1,5000,5000
4860,2026/07/12, Tienda Sur ,Azúcar,Café/Té,1,1300,1300
4860,2026/07/12,  Tienda Sur,Maní,snacks,1,1200,1200
4860,2026-07-12,Tienda Sur,Pan molde,Panadería,,1800,1800
4860,2026-07-12,Tienda Sur,Queso,Lácteos,2,4500,9000
4860,2026-07-12,Tienda Sur,Vino tinto,Alcohol,1,5000,5000
4861,04-06-2026, Tienda Norte ,Mantequilla,Lácteos,1,2500,2500
4861,4-6-2026,Tienda Norte,Pan hallulla,PANADERÍA,1,1500,1500
4862,2026-06-21, Tienda Norte ,Azúcar,Café/Té,1,1300,1300
4862,21/6/2026,Tienda Norte,Toallitas húmedas,Bebé,1,2200,2200
4862,21-6-2026,Tienda Norte,Té,Café/Té,3,2500,7500
4863,26-06-2026,Tienda Sur,Jugo naranja,Bebidas,1,1600,1600
4863,2026-06-26,Tienda Sur,Leche,Lácteos,1,1200,1200
4864,2026-05-25, Tienda Sur , Azúcar ,Café/Té,1,1300,1300
4864,2026-05-25,Tienda Sur,Café,CAFÉ/TÉ,1,4000,4000
4864,2026-05-25, Tienda Sur ,Papas fritas,SNACKS,1,1800,1800
4864,2026-05-25,Tienda Sur,Queso,Lácteos,1,4500,4500
4865,2026-07-10, Tienda Centro ,Detergente,LIMPIEZA,1,5500,5500
4866,4/7/2026,Tienda Sur,Cerveza  ,Alcohol,1,3500,3500
4866,2026-07-04, Tienda Sur ,Pañales,Bebé,2,8000,16000
4866,2026-07-04,Tienda Sur,Toallitas húmedas,Bebé,1,2200,2200
4866,2026/07/04,Tienda Sur,  Yogurt,Lácteos,,800,800
4867,2026-08-07,Tienda Mall,Azúcar,Café/Té,1,1300,1300
4867,2026-08-07,Tienda Mall, Croissant ,Panadería,1,900,900
4867,2026-08-07,  Tienda Mall,Galletas,Snacks,1,1000,1000
4867,07-08-2026,Tienda Mall,  Té,Café/Té,2,2500,5000
4868,2026-06-27,Tienda Norte,Agua mineral,Bebidas,1,900,900
4868,2026-06-27,Tienda Norte  ,Azúcar,Café/Té,1,1300,1300
4869,2026/08/04,Tienda Sur,Agua mineral,bebidas,1,900,900
4869,2026-08-04,  Tienda Sur,Galletas,Snacks,1,1000,1000
4869,2026-08-04,Tienda Sur, Leche ,Lácteos,2,1200,2400
4870,20-7-2026,Tienda Sur,Azúcar,Café/Té,1,1300,1300
4870,2026-07-20,Tienda Sur,Café,Café/Té,1,4000,4000
4870,2026-07-20,Tienda Sur  ,Cloro,Limpieza,1,1400,1400
4870,2026-07-20, Tienda Sur , Detergente ,Limpieza,1,5500,5500
4870,2026/07/20,Tienda Sur,Galletas,Snacks,3,1000,3000
4870,20-07-2026,Tienda Sur,Jugo naranja,Bebidas,1,1600,1600
4870,20/7/2026, Tienda Sur ,Queso,Lácteos,2,4500,9000
4871,9/7/2026,Tienda Sur,Azúcar,Café/Té,2,1300,2600
4871,9-7-2026,Tienda Sur, Cerveza ,ALCOHOL,2,3500,7000
4871,2026-07-09,Tienda Sur,Cloro,Limpieza,1,1400,1400
4871,2026-07-09,Tienda Sur,Mantequilla,Lácteos,1,2500,2500
4871,2026-07-09,Tienda Sur,  Maní,SNACKS,1,1200,1200
4871,2026-07-09,Tienda Sur, Pan hallulla ,Panadería,2,1500,3000
4871,2026-07-09,Tienda Sur,Papas fritas,Snacks,2,1800,3600
4871,2026-07-09,Tienda Sur,Té,Café/Té,1,2500,2500
4872,2026-05-29,Tienda Norte,Cerveza,Alcohol,,3500,7000
4872,2026/05/29,Tienda Norte,Esponjas,LIMPIEZA,1,1200,1200
4872,29/5/2026,Tienda Norte,Pan molde,Panadería,1,1800,1800
4872,2026-05-29,Tienda Norte,Queso,Lácteos,1,4500,4500
4872,29-05-2026, Tienda Norte ,Vino tinto,Alcohol,2,5000,10.000
4873,2026-07-16,Tienda Mall,Cerveza,Alcohol,1,3500,3500
4873,16/7/2026,Tienda Mall,Pañales,Bebé,1,8000,8000
4873,2026/07/16,Tienda Mall,Toallitas húmedas  ,Bebé,1,2200,2200
4873,2026-07-16,Tienda Mall,Vino tinto,Alcohol,1,5000,5000
4874,2026-06-16,Tienda Centro,Bebida cola,Bebidas,1,1500,1500
4874,2026-06-16, Tienda Centro ,  Esponjas,LIMPIEZA,1,1200,1200
4874,16-06-2026,Tienda Centro,  Papas fritas,Snacks,2,1800,3600
4874,16/6/2026,Tienda Centro,Vino tinto,ALCOHOL,1,5000,5000
4875,3-8-2026,  Tienda Norte,Esponjas,Limpieza,3,1200,3600
4875,2026-08-03,Tienda Norte  ,Vino tinto,alcohol,1,5000,5000
4876,4-7-2026,Tienda Sur, Croissant ,Panadería,3,900,2700
4876,2026-07-04,Tienda Sur, Leche ,LÁCTEOS,2,1200,2400
4876,2026-07-04,Tienda Sur, Papas fritas ,Snacks,1,1800,1800
4877,2026/06/16,Tienda Sur,Jugo naranja,Bebidas,1,1600,1600
4878,25-7-2026,Tienda Mall, Azúcar ,café/té,1,1300,1300
4878,2026/07/25,Tienda Mall,Café,Café/Té,1,4000,4000
4878,25-07-2026,Tienda Mall,Esponjas,Limpieza,3,1200,3600
4878,2026-07-25,Tienda Mall  ,Galletas,Snacks,1,1000,1000
4879,30-05-2026, Tienda Centro ,  Azúcar,Café/Té,3,1300,3900
4879,30/5/2026,Tienda Centro,Café,café/té,2,4000,8000
4879,2026/05/30,Tienda Centro,Cloro  ,Limpieza,1,1400,1400
4879,2026-05-30,Tienda Centro,Detergente,Limpieza,3,5500,16.500
4879,2026-05-30,Tienda Centro,Esponjas  ,Limpieza,1,1200,1200
4879,2026-05-30,Tienda Centro,Galletas,snacks,1,1000,1000
4879,2026-05-30,Tienda Centro,  Mantequilla,Lácteos,1,2500,2500
4879,2026-05-30,  Tienda Centro,Pan molde,panadería,2,1800,3600
4879,30-5-2026,Tienda Centro,Papas fritas,Snacks,1,1800,1800
4879,30/5/2026,Tienda Centro,Queso,lácteos,1,4500,4500
4880,2026-07-30,Tienda Mall,Yogurt,LÁCTEOS,1,800,800
4881,2/6/2026,Tienda Sur,Agua mineral,BEBIDAS,1,900,900
4881,2026/06/02,Tienda Sur,Cloro  ,limpieza,2,1400,2800
4881,2026-06-02,Tienda Sur, Croissant ,Panadería,3,900,2700
4882,2/6/2026,Tienda Mall,Queso,Lácteos,1,4500,4500
4883,24-07-2026,Tienda Sur,Cloro,Limpieza,1,1400,1400
4884,2026/07/06,Tienda Norte,Detergente,Limpieza,1,5500,5500
4884,2026-07-06,  Tienda Norte,  Mantequilla,Lácteos,1,2500,2500
4885,9/6/2026,Tienda Norte  ,Cerveza,Alcohol,1,3500,3500
4885,2026-06-09,Tienda Norte,Maní,Snacks,1,1200,1200
4885,2026/06/09,Tienda Norte  ,Vino tinto,alcohol,1,5000,5000
4886,2026-06-18,Tienda Centro,Vino tinto,Alcohol,2,5000,10.000
4887,07-06-2026,Tienda Mall,Cloro,Limpieza,1,1400,1400
4887,2026/06/07,Tienda Mall,Detergente,Limpieza,2,5500,11000
4887,07-06-2026,Tienda Mall,Esponjas,Limpieza,1,1200,1200
4887,2026-06-07,Tienda Mall, Yogurt ,Lácteos,2,800,1600
4888,2026-08-14,Tienda Norte,Papas fritas,Snacks,1,1800,1800
4888,2026/08/14,Tienda Norte,  Queso,Lácteos,1,4500,4500
4888,2026-08-14,Tienda Norte,Vino tinto,ALCOHOL,1,5000,5000
4889,2026-06-09,Tienda Sur  ,Galletas,Snacks,1,1000,1000
4889,2026-06-09,Tienda Sur, Pañales ,Bebé,1,8000,8000
4889,2026/06/09,Tienda Sur,Toallitas húmedas,Bebé,2,2200,4400
4890,6/7/2026,Tienda Mall,Azúcar,Café/Té,1,1300,1300
4890,2026-07-06,Tienda Mall,Pan molde,Panadería,1,1800,1800
4890,2026/07/06,Tienda Mall,Queso,LÁCTEOS,1,4500,4500
4890,06-07-2026,  Tienda Mall,Té,Café/Té,1,2500,2500
4891,28/6/2026,Tienda Sur,Pan molde,Panadería,1,1800,1800
4891,2026-06-28,Tienda Sur,Queso  ,LÁCTEOS,2,4500,9000
4891,2026/06/28,Tienda Sur,Vino tinto,Alcohol,1,5000,5000
4892,2026-07-01,Tienda Centro,Azúcar,Café/Té,2,1300,2600
4892,2026-07-01,Tienda Centro,Cerveza,Alcohol,2,3500,7000
4892,1/7/2026, Tienda Centro ,Papas fritas,Snacks,1,1800,1800
4893,15-06-2026,Tienda Norte,  Agua mineral,Bebidas,1,900,900
4893,15-6-2026,Tienda Norte  ,Mantequilla,Lácteos,1,2500,2500
4893,15/6/2026,Tienda Norte,Pan hallulla,panadería,1,1500,1500
4893,2026-06-15,Tienda Norte,Queso,Lácteos,1,4500,4500
4894,14-7-2026,Tienda Mall,Bebida cola,Bebidas,1,1500,1500
4894,14-07-2026, Tienda Mall , Leche ,lácteos,1,1200,1200
4894,2026-07-14,Tienda Mall,Papas fritas,snacks,1,1800,1800
4895,2026/06/01,Tienda Sur,Azúcar,café/té,1,1300,1300
4895,1-6-2026,Tienda Sur  ,  Mantequilla,Lácteos,1,2500,2500
4895,1/6/2026, Tienda Sur ,Pan hallulla,Panadería,1,1500,1500
4895,2026-06-01,Tienda Sur,Papas fritas  ,Snacks,2,1800,3600
4896,5/6/2026,Tienda Sur,Mantequilla,Lácteos,1,2500,2500
4897,2/7/2026,Tienda Sur, Agua mineral ,bebidas,2,900,1800
4898,09-06-2026,Tienda Norte,Mantequilla,Lácteos,2,2500,5000
4898,2026-06-09,Tienda Norte,Pan molde,Panadería,1,1800,1800
4898,9/6/2026,Tienda Norte,Queso  ,Lácteos,1,4500,4500
4899,2026-06-06,  Tienda Mall,Toallitas húmedas,Bebé,1,2200,2200
4899,2026-06-06,Tienda Mall  ,Yogurt,Lácteos,1,800,800
4900,23/6/2026,Tienda Norte,Detergente,Limpieza,1,5500,5500
4900,23-06-2026,Tienda Norte,Esponjas,Limpieza,1,1200,1200
4900,2026-06-23,Tienda Norte,Pañales  ,Bebé,1,8000,8000
4901,2026-07-08,Tienda Centro,Azúcar,Café/Té,1,1300,1300
4901,08-07-2026,Tienda Centro,Café,Café/Té,1,4000,4000
4901,2026-07-08,Tienda Centro,Maní,Snacks,2,1200,2400
4901,2026-07-08,Tienda Centro,Yogurt,Lácteos,2,800,1600
4902,2026-06-26, Tienda Centro ,Azúcar,Café/Té,1,1300,1300
4902,2026-06-26,  Tienda Centro,Galletas,Snacks,3,1000,3000
4902,26/6/2026,Tienda Centro  ,Toallitas húmedas,bebé,,2200,2200
4903,29-05-2026,Tienda Sur,Queso,Lácteos,1,4500,4500
4904,19-07-2026,  Tienda Centro,Bebida cola,BEBIDAS,1,1500,1500
4904,19-7-2026,Tienda Centro,Papas fritas,Snacks,1,1800,1800
4905,22-07-2026,Tienda Norte,  Azúcar,Café/Té,1,1300,1300
4905,22-07-2026,Tienda Norte,Café,Café/Té,1,4000,4000
4905,22-7-2026,Tienda Norte,Cerveza,Alcohol,1,3500,3500
4905,2026/07/22,Tienda Norte  ,Maní,snacks,2,1200,2400
4905,2026-07-22,Tienda Norte,Yogurt,Lácteos,1,800,800
4906,2026-08-02,Tienda Mall  ,Azúcar,Café/Té,2,1300,2600
4906,2026-08-02,Tienda Mall,  Galletas,Snacks,1,1000,1000
4906,2026-08-02,Tienda Mall,Queso,Lácteos,1,4500,4500
4907,2026-07-24,Tienda Norte,Maní,Snacks,1,1200,1200
4908,2026-06-10,Tienda Norte, Yogurt ,Lácteos,3,800,2400
4909,18-6-2026,Tienda Norte,Croissant  ,Panadería,1,900,900
4909,18-6-2026,Tienda Norte,Queso,Lácteos,3,4500,13500
4910,12/6/2026,Tienda Norte,Mantequilla,Lácteos,1,2500,2500
4910,12/6/2026,Tienda Norte, Pan molde ,Panadería,1,1800,1800
4910,2026-06-12, Tienda Norte ,Toallitas húmedas,BEBÉ,2,2200,4400
4911,26-5-2026,Tienda Centro, Cerveza ,Alcohol,3,3500,10500
4911,2026-05-26,Tienda Centro,Croissant,Panadería,1,900,900
4911,26-05-2026,Tienda Centro,Jugo naranja,Bebidas,1,1600,1600
4911,2026-05-26,Tienda Centro,Maní,SNACKS,1,1200,1200
4911,2026/05/26,Tienda Centro,Yogurt,Lácteos,1,800,800
4912,2026/08/14,Tienda Norte, Bebida cola ,Bebidas,1,1500,1500
4912,14-8-2026,Tienda Norte,Esponjas,Limpieza,1,1200,1200
4913,10-6-2026,Tienda Norte, Galletas ,Snacks,1,1000,1000
4914,5/7/2026,Tienda Norte,  Azúcar,Café/Té,1,1300,1300
4914,05-07-2026,Tienda Norte,Bebida cola,Bebidas,1,1500,1500
4914,05-07-2026, Tienda Norte ,Queso,Lácteos,1,4500,4500
4915,08-08-2026,Tienda Centro,Cerveza,ALCOHOL,1,3500,3500
4915,2026-08-08,Tienda Centro,Mantequilla,Lácteos,1,2500,2500
4915,8-8-2026,Tienda Centro  ,Maní,Snacks,1,1200,1200
4915,2026/08/08,Tienda Centro  ,Pan molde,panadería,1,1800,1800
4915,2026-08-08,Tienda Centro,Queso  ,Lácteos,3,4500,13500
4915,2026-08-08,Tienda Centro, Toallitas húmedas ,Bebé,1,2200,2200
4916,2026-07-21,Tienda Norte,Cloro,Limpieza,1,1400,1400
4916,2026-07-21,Tienda Norte,Esponjas,Limpieza,1,1200,1200
4917,2026-05-21, Tienda Mall , Azúcar ,CAFÉ/TÉ,1,1300,1300
4917,2026-05-21,Tienda Mall,Croissant,Panadería,1,900,900
4917,2026/05/21,  Tienda Mall,Maní,Snacks,2,1200,2400
4918,10-07-2026,Tienda Mall  ,Detergente,Limpieza,1,5500,5500
4918,10-07-2026, Tienda Mall ,Esponjas,Limpieza,1,1200,1200
4918,2026-07-10,Tienda Mall, Queso ,Lácteos,1,4500,4500
4918,10-07-2026,Tienda Mall,Vino tinto,Alcohol,2,5000,10.000
4919,2026-05-26,Tienda Mall,Cloro,Limpieza,1,1400,1400
4919,2026-05-26,Tienda Mall,Mantequilla,Lácteos,3,2500,7500
4920,13/8/2026,Tienda Centro,Cerveza,Alcohol,1,3500,3500
4920,13/8/2026,Tienda Centro,Cloro,Limpieza,2,1400,2800
4920,13-8-2026,Tienda Centro,Mantequilla,Lácteos,2,2500,5000
4921,2026-06-03,Tienda Centro,Mantequilla,Lácteos,1,2500,2500
4921,03-06-2026,  Tienda Centro,Maní,Snacks,1,1200,1200
4921,2026-06-03,Tienda Centro,Pan hallulla,Panadería,1,1500,1500
4921,2026-06-03,Tienda Centro, Queso ,Lácteos,1,4500,4500
4921,03-06-2026,Tienda Centro,Vino tinto,Alcohol,1,5000,5000
4922,2026/08/11,Tienda Sur,Cerveza,ALCOHOL,2,3500,7000
4922,2026-08-11,Tienda Sur,Jugo naranja,Bebidas,2,1600,3200
4922,11/8/2026,  Tienda Sur,Maní,Snacks,1,1200,1200
4922,11/8/2026,Tienda Sur,Papas fritas,Snacks,1,1800,1800
4922,11-8-2026,Tienda Sur  ,Pañales,BEBÉ,2,8000,16000
4922,2026-08-11,Tienda Sur,Toallitas húmedas,Bebé,1,2200,2200
4923,2026/06/30,Tienda Sur,Bebida cola,Bebidas,1,1500,1500
4923,2026/06/30,Tienda Sur, Mantequilla ,Lácteos,1,2500,2500
4923,2026-06-30,Tienda Sur,Maní,SNACKS,2,1200,2400
4924,18/8/2026,Tienda Norte,Mantequilla,Lácteos,2,2500,5000
4924,2026-08-18,Tienda Norte,Vino tinto,Alcohol,,5000,5000
4925,2026-06-05,Tienda Centro  ,Cerveza,alcohol,1,3500,3500
4925,2026/06/05, Tienda Centro ,  Cloro,LIMPIEZA,2,1400,2800
4925,2026-06-05,Tienda Centro,Maní,snacks,2,1200,2400
4925,2026-06-05,  Tienda Centro,Papas fritas,Snacks,1,1800,1800
4926,2026/05/30,Tienda Norte,Queso,Lácteos,2,4500,9000
4926,2026-05-30,Tienda Norte,Vino tinto  ,Alcohol,1,5000,5000
4927,2026-08-04,Tienda Mall,Azúcar,Café/Té,1,1300,1300
4927,2026/08/04,Tienda Mall,Galletas  ,SNACKS,1,1000,1000
4928,2026-08-09,Tienda Mall,  Azúcar,CAFÉ/TÉ,3,1300,3900
4928,2026/08/09,Tienda Mall,Té  ,café/té,1,2500,2500
4928,9-8-2026,Tienda Mall,Yogurt,Lácteos,1,800,800
4929,2026-08-13,Tienda Centro  ,Croissant  ,Panadería,1,900,900
4929,2026-08-13,Tienda Centro  ,Pan hallulla,Panadería,1,1500,1500
4930,2026-06-27,Tienda Centro,Cloro,Limpieza,1,1400,1400
4930,2026/06/27,Tienda Centro,  Detergente,Limpieza,1,5500,5500
4930,2026/06/27,Tienda Centro,Esponjas,Limpieza,1,1200,1200
4930,2026-06-27,Tienda Centro,Toallitas húmedas  ,Bebé,1,2200,2200
4931,23/5/2026,Tienda Centro, Croissant ,panadería,2,900,1800
4931,23-05-2026,Tienda Centro,Pañales  ,Bebé,1,8000,8000
4932,11-06-2026, Tienda Norte ,Jugo naranja,Bebidas,1,1600,1600
4932,2026-06-11,Tienda Norte,Pañales,Bebé,1,8000,8000
4932,11/6/2026,Tienda Norte,  Yogurt,Lácteos,3,800,2400
4933,27/6/2026,Tienda Centro,Croissant,Panadería,1,900,900
4933,27-06-2026,Tienda Centro,Mantequilla,Lácteos,3,2500,7500
4933,27-06-2026,Tienda Centro,Pan hallulla,Panadería,1,1500,1500
4934,4/7/2026,Tienda Sur,Croissant,panadería,1,900,900
4934,2026-07-04,Tienda Sur,Queso,Lácteos,1,4500,4500
4934,2026/07/04,Tienda Sur,Vino tinto,Alcohol,1,5000,5000
4935,2026/07/13,Tienda Centro, Cloro ,Limpieza,1,1400,1400
4935,13/7/2026,Tienda Centro,Detergente  ,Limpieza,1,5500,5500
4935,13-07-2026,Tienda Centro  ,Galletas,Snacks,1,1000,1000
4935,13-07-2026,Tienda Centro,Queso,LÁCTEOS,1,4500,4500
4935,13-7-2026,Tienda Centro,Vino tinto,Alcohol,1,5000,5000
4936,2026-06-06,Tienda Mall, Cloro ,limpieza,1,1400,1400
4936,2026/06/06,  Tienda Mall,  Mantequilla,LÁCTEOS,2,2500,5000
4937,29/7/2026,Tienda Mall,Cerveza,Alcohol,2,3500,7000
4937,2026-07-29,Tienda Mall,Maní,Snacks,1,1200,1200
4937,2026-07-29, Tienda Mall ,Papas fritas,Snacks,2,1800,3600
4938,2-6-2026,  Tienda Sur,Queso,Lácteos,1,4500,4500
4938,2026-06-02,Tienda Sur,Toallitas húmedas,Bebé,1,2200,2200
4938,2026/06/02,Tienda Sur,  Vino tinto,Alcohol,1,5000,5000
4939,13-7-2026, Tienda Sur , Agua mineral ,bebidas,3,900,2700
4940,23/7/2026,Tienda Norte,  Esponjas,limpieza,1,1200,1200
4940,2026/07/23,Tienda Norte,Leche,Lácteos,2,1200,2400
4940,2026/07/23,Tienda Norte,Queso,LÁCTEOS,1,4500,4500
4940,2026-07-23,Tienda Norte  ,Vino tinto,Alcohol,1,5000,5000
4941,2026-06-08,Tienda Sur,Azúcar,Café/Té,1,1300,1300
4941,8-6-2026,Tienda Sur,Cloro,Limpieza,3,1400,4200
4941,8/6/2026,Tienda Sur  ,Detergente,Limpieza,1,5500,5500
4941,2026/06/08, Tienda Sur , Jugo naranja ,Bebidas,1,1600,1600
4942,2026/05/25,Tienda Mall,Bebida cola,Bebidas,1,1500,1500
4942,25-05-2026,  Tienda Mall,Cerveza  ,ALCOHOL,3,3500,10500
4942,2026/05/25,Tienda Mall,Mantequilla,Lácteos,2,2500,5000
4942,2026/05/25,  Tienda Mall,Maní,Snacks,1,1200,1200
4942,2026-05-25,Tienda Mall,Papas fritas,Snacks,1,1800,1800
4943,30-05-2026,Tienda Centro,Agua mineral,Bebidas,2,900,1800
4943,30-05-2026,  Tienda Centro,Esponjas,Limpieza,1,1200,1200
4943,2026/05/30,Tienda Centro,Pan hallulla,Panadería,3,1500,4500
4943,30-05-2026,Tienda Centro,Pan molde,PANADERÍA,1,1800,1800
4943,2026-05-30,Tienda Centro  ,  Queso,Lácteos,2,4500,9000
4944,2026-06-07,Tienda Norte, Galletas ,Snacks,2,1000,2000
4944,2026-06-07,Tienda Norte,Jugo naranja,Bebidas,1,1600,1600
4945,2026-08-04,Tienda Sur,  Agua mineral,Bebidas,1,900,900
4945,2026-08-04,Tienda Sur,Detergente,limpieza,,5500,5500
4945,2026-08-04,Tienda Sur  ,Queso,Lácteos,1,4500,4500
4945,4/8/2026,Tienda Sur,Vino tinto,Alcohol,1,5000,5000
4946,2026-07-28,Tienda Mall,Agua mineral,Bebidas,1,900,900
4946,28-7-2026,Tienda Mall  ,Maní,Snacks,2,1200,2400
4946,2026-07-28,Tienda Mall,Papas fritas,Snacks,1,1800,1800
4947,29-05-2026,Tienda Norte,Esponjas  ,limpieza,2,1200,2400
4947,29-5-2026,Tienda Norte  ,Mantequilla,Lácteos,1,2500,2500
4948,2026-06-24,Tienda Norte,Maní,snacks,1,1200,1200
4949,2026-07-23, Tienda Norte ,Azúcar,Café/Té,1,1300,1300
4949,2026-07-23,Tienda Norte, Croissant ,Panadería,1,900,900
4949,23-07-2026,Tienda Norte,Galletas,Snacks,1,1000,1000
4949,2026-07-23,Tienda Norte,Té,Café/Té,3,2500,7500
4950,24-7-2026,Tienda Norte, Bebida cola ,Bebidas,2,1500,3000
4950,2026-07-24,Tienda Norte,  Croissant,Panadería,3,900,2700
4950,2026-07-24,Tienda Norte,Esponjas,limpieza,1,1200,1200
4950,2026/07/24, Tienda Norte ,Papas fritas,Snacks,1,1800,1800
4951,2026-07-31,Tienda Norte,Croissant  ,Panadería,2,900,1800
4951,31-07-2026,  Tienda Norte,Maní  ,SNACKS,1,1200,1200
4951,2026-07-31,Tienda Norte, Papas fritas ,snacks,1,1800,1800
4952,31/5/2026,Tienda Mall  ,Cerveza,Alcohol,1,3500,3500
4952,31/5/2026,Tienda Mall,Mantequilla,LÁCTEOS,2,2500,5000
4952,31-05-2026,Tienda Mall  ,Papas fritas,Snacks,1,1800,1800
4952,2026-05-31,Tienda Mall,Pañales,Bebé,2,8000,16.000
4953,2026-08-04,Tienda Mall  ,Azúcar,café/té,1,1300,1300
4953,2026-08-04,  Tienda Mall,Croissant,Panadería,2,900,1800
4953,4-8-2026,Tienda Mall, Mantequilla ,Lácteos,1,2500,2500
4953,4/8/2026,Tienda Mall, Pan molde ,Panadería,1,1800,1800
4954,21-07-2026,Tienda Mall,Maní,Snacks,2,1200,2400
4954,21-7-2026,Tienda Mall,Pan molde,Panadería,1,1800,1800
4954,21-7-2026,Tienda Mall  ,  Queso,Lácteos,2,4500,9000
4955,2026-08-05,Tienda Sur,Papas fritas,SNACKS,2,1800,3600
4956,11/8/2026,Tienda Mall  , Cerveza ,ALCOHOL,1,3500,3500
4956,11-08-2026,Tienda Mall,Esponjas,Limpieza,1,1200,1200
4956,2026-08-11,Tienda Mall,Papas fritas,Snacks,2,1800,3600
4957,2026-05-27,Tienda Centro,Maní,Snacks,1,1200,1200
4957,2026-05-27,Tienda Centro,Pan hallulla,PANADERÍA,2,1500,3000
4957,2026-05-27,Tienda Centro  ,  Queso,lácteos,2,4500,9000
4958,25/5/2026,Tienda Sur,Croissant  ,panadería,2,900,1800
4958,25/5/2026,Tienda Sur,Jugo naranja  ,Bebidas,2,1600,3200
4958,25-5-2026,  Tienda Sur, Maní ,Snacks,2,1200,2400
4958,2026-05-25,Tienda Sur,Vino tinto  ,Alcohol,1,5000,5000
4959,2026/07/13,Tienda Centro, Pan molde ,PANADERÍA,1,1800,1800
4959,2026-07-13,Tienda Centro,Vino tinto,ALCOHOL,3,5000,15000
4960,16-7-2026,Tienda Mall,Leche,LÁCTEOS,2,1200,2400
4961,24/7/2026,Tienda Centro,Azúcar,café/té,1,1300,1300
4961,2026-07-24,Tienda Centro,Jugo naranja,Bebidas,1,1600,1600
4961,2026-07-24,Tienda Centro,Toallitas húmedas,Bebé,1,2200,2200
4962,22/5/2026,Tienda Norte,Croissant,PANADERÍA,1,900,900
4963,25-06-2026,Tienda Centro,  Azúcar,Café/Té,1,1300,1300
4963,2026-06-25,  Tienda Centro,Café,Café/Té,2,4000,8000
4963,25-6-2026,Tienda Centro,Cerveza,Alcohol,1,3500,3500
4963,2026-06-25,Tienda Centro,  Galletas,Snacks,2,1000,2000
4963,25-6-2026,Tienda Centro,Maní,SNACKS,2,1200,2400
4964,03-06-2026,Tienda Sur, Cloro ,Limpieza,1,1400,1400
4964,2026-06-03,Tienda Sur,Detergente,LIMPIEZA,1,5500,5500
4964,3-6-2026,Tienda Sur,Vino tinto,Alcohol,2,5000,10000
4965,10-7-2026, Tienda Centro ,Mantequilla,Lácteos,1,2500,2500
4965,2026-07-10,  Tienda Centro,Maní  ,Snacks,3,1200,3600
4965,2026/07/10,Tienda Centro,Pan hallulla,Panadería,2,1500,3000
4965,2026-07-10,Tienda Centro,Pañales,bebé,2,8000,16.000
4965,10-07-2026,Tienda Centro,Queso,LÁCTEOS,1,4500,4500
4965,2026-07-10,Tienda Centro,Toallitas húmedas,Bebé,1,2200,2200
4966,2026-06-30, Tienda Norte ,Azúcar,CAFÉ/TÉ,1,1300,1300
4966,30-06-2026,Tienda Norte,Café,Café/Té,1,4000,4000
4966,2026-06-30,Tienda Norte,Esponjas,limpieza,1,1200,1200
4967,28-5-2026,Tienda Mall,Esponjas,Limpieza,2,1200,2400
4967,2026-05-28,Tienda Mall,Mantequilla,Lácteos,1,2500,2500
4967,2026-05-28,Tienda Mall  , Pan molde ,Panadería,1,1800,1800
4968,2026-06-08,  Tienda Centro,Agua mineral,Bebidas,2,900,1800
4968,8/6/2026,Tienda Centro  ,Bebida cola,Bebidas,1,1500,1500
4969,2026-08-05, Tienda Centro ,Azúcar,Café/Té,1,1300,1300
4969,5-8-2026, Tienda Centro ,Café,CAFÉ/TÉ,1,4000,4000
4969,5/8/2026,Tienda Centro, Vino tinto ,Alcohol,1,5000,5000
4970,23/5/2026,Tienda Mall,Agua mineral,bebidas,1,900,900
4970,23/5/2026,Tienda Mall,Jugo naranja,bebidas,1,1600,1600
4970,23-5-2026,Tienda Mall,Toallitas húmedas,Bebé,1,2200,2200
4971,14-8-2026,Tienda Mall,Cloro,Limpieza,1,1400,1400
4971,2026-08-14,Tienda Mall,Detergente  ,limpieza,2,5500,11000
4971,14-8-2026,Tienda Mall,  Esponjas,Limpieza,1,1200,1200
4971,2026-08-14, Tienda Mall ,Mantequilla,LÁCTEOS,1,2500,2500
4971,14-08-2026,Tienda Mall, Maní ,Snacks,1,1200,1200
4972,24-06-2026,Tienda Centro,Papas fritas,Snacks,1,1800,1800
4973,2026-06-13,Tienda Sur  , Cerveza ,alcohol,1,3500,3500
4973,2026/06/13,Tienda Sur,Maní,SNACKS,1,1200,1200
4973,2026/06/13,Tienda Sur,Vino tinto,Alcohol,1,5000,5000
4974,2026-07-11,Tienda Sur,  Pañales,Bebé,,8000,8000
4974,11-7-2026,Tienda Sur,Queso,Lácteos,1,4500,4500
4974,2026-07-11,Tienda Sur,Toallitas húmedas,BEBÉ,1,2200,2200
4975,6/8/2026,  Tienda Centro,Bebida cola,Bebidas,1,1500,1500
4975,2026/08/06,Tienda Centro,  Yogurt,Lácteos,,800,800
4976,2026/08/10,Tienda Sur,Bebida cola,BEBIDAS,1,1500,1500
4976,2026-08-10,Tienda Sur,Esponjas,Limpieza,2,1200,2400
4977,19-6-2026,Tienda Mall,Detergente,Limpieza,2,5500,11000
4977,2026-06-19,Tienda Mall,Esponjas,Limpieza,1,1200,1200
4977,2026/06/19,Tienda Mall,Mantequilla,lácteos,1,2500,2500
4977,2026-06-19,Tienda Mall,Pan hallulla  ,Panadería,1,1500,1500
4977,19-6-2026,Tienda Mall  ,Toallitas húmedas,Bebé,1,2200,2200
4978,2026-07-27,  Tienda Norte,Cerveza,Alcohol,3,3500,10500
4978,2026-07-27,Tienda Norte,Esponjas,Limpieza,1,1200,1200
4978,2026/07/27,Tienda Norte,Pañales,Bebé,1,8000,8000
4978,2026-07-27,Tienda Norte,Toallitas húmedas,Bebé,3,2200,6600
4978,27-07-2026,Tienda Norte,Yogurt,Lácteos,1,800,800
4979,2026-06-15,Tienda Sur, Cloro ,Limpieza,1,1400,1400
4979,2026-06-15,Tienda Sur,Croissant,Panadería,2,900,1800
4980,2026/06/10,Tienda Centro,Café,Café/Té,3,4000,12000
4980,2026-06-10,Tienda Centro, Maní ,Snacks,1,1200,1200
4980,2026/06/10,Tienda Centro  ,Papas fritas,Snacks,1,1800,1800
4981,2026/07/08,Tienda Mall,Azúcar,Café/Té,1,1300,1300
4981,2026-07-08,Tienda Mall,Galletas,Snacks,1,1000,1000
4981,2026-07-08,Tienda Mall,Toallitas húmedas  ,Bebé,2,2200,4400
4981,2026-07-08,Tienda Mall,Té,Café/Té,2,2500,5000
4982,2026-07-06,Tienda Norte,Azúcar,Café/Té,1,1300,1300
4982,6/7/2026,Tienda Norte,Cerveza,Alcohol,1,3500,3500
4982,2026-07-06,Tienda Norte,Papas fritas,Snacks,2,1800,3600
4982,6-7-2026,Tienda Norte,  Queso,Lácteos,1,4500,4500
4983,2026-05-23,Tienda Norte,Azúcar  ,Café/Té,1,1300,1300
4983,2026-05-23,Tienda Norte,Papas fritas  ,snacks,2,1800,3600
4983,2026-05-23, Tienda Norte ,Queso,Lácteos,,4500,9000
4984,2026-07-08,Tienda Mall, Leche ,LÁCTEOS,3,1200,3600
4984,2026-07-08,Tienda Mall,Mantequilla,LÁCTEOS,1,2500,2500
4984,2026-07-08,Tienda Mall,Pan molde,Panadería,2,1800,3600
4984,8-7-2026, Tienda Mall ,Té,CAFÉ/TÉ,2,2500,5000
4985,2026-06-18,Tienda Norte,Bebida cola,Bebidas,3,1500,4500
4985,2026-06-18,Tienda Norte,Croissant,Panadería,1,900,900
4985,18-6-2026,Tienda Norte,Esponjas,Limpieza,1,1200,1200
4985,2026-06-18, Tienda Norte ,Papas fritas,Snacks,2,1800,3600
4986,3/6/2026,Tienda Centro,Azúcar,Café/Té,1,1300,1300
4986,3/6/2026,Tienda Centro,Café,Café/Té,2,4000,8000
4986,03-06-2026,Tienda Centro,Esponjas,Limpieza,1,1200,1200
4986,2026/06/03,Tienda Centro,Galletas,Snacks,1,1000,1000
4986,2026-06-03,Tienda Centro,  Té,Café/Té,3,2500,7500
4987,25-06-2026,  Tienda Sur, Toallitas húmedas ,bebé,1,2200,2200
4988,2026-08-06, Tienda Sur ,Azúcar,Café/Té,2,1300,2600
4988,2026/08/06,Tienda Sur,Croissant,Panadería,1,900,900
4988,2026-08-06,Tienda Sur, Té ,Café/Té,1,2500,2500
4989,2026-08-12,Tienda Mall  ,Esponjas,Limpieza,2,1200,2400
4989,2026-08-12,Tienda Mall,Jugo naranja,Bebidas,1,1600,1600
4989,2026-08-12,Tienda Mall,Mantequilla,Lácteos,2,2500,5000
4990,29/6/2026,Tienda Norte,Mantequilla,lácteos,2,2500,5000
4990,29-6-2026,Tienda Norte,Pan hallulla  ,PANADERÍA,1,1500,1500
4991,2026-05-28,Tienda Mall,Cerveza,Alcohol,1,3500,3500
4991,2026-05-28,Tienda Mall,Galletas,Snacks,3,1000,3000
4991,2026-05-28,Tienda Mall,Maní  ,snacks,1,1200,1200
4991,28/5/2026,Tienda Mall,Papas fritas  ,snacks,2,1800,3600
4992,10-08-2026,Tienda Mall  ,Bebida cola,Bebidas,1,1500,1500
4992,2026/08/10,Tienda Mall, Detergente ,LIMPIEZA,,5500,5500
4992,2026/08/10,Tienda Mall,Esponjas,limpieza,1,1200,1200
4992,10-8-2026,Tienda Mall  ,Papas fritas,Snacks,1,1800,1800
4993,2026-07-05,  Tienda Centro,Bebida cola,Bebidas,1,1500,1500
4993,5-7-2026,Tienda Centro,Mantequilla,Lácteos,1,2500,2500
4993,2026-07-05,Tienda Centro,  Papas fritas,Snacks,1,1800,1800
4993,2026/07/05,Tienda Centro,Toallitas húmedas,BEBÉ,2,2200,4400
4994,2026-08-17,Tienda Norte,Agua mineral,Bebidas,,900,900
4994,2026-08-17,Tienda Norte,Bebida cola,Bebidas,1,1500,1500
4994,2026-08-17,Tienda Norte  ,Cloro,Limpieza,1,1400,1400
4994,2026-08-17,  Tienda Norte,Detergente,Limpieza,1,5500,5500
4994,17-08-2026,Tienda Norte,Esponjas,Limpieza,1,1200,1200
4994,2026-08-17,Tienda Norte,Maní,Snacks,2,1200,2400
4995,29-05-2026,Tienda Sur,Croissant  ,Panadería,1,900,900
4995,2026/05/29,Tienda Sur, Mantequilla ,Lácteos,1,2500,2500
4995,2026-05-29,Tienda Sur,Pan molde,panadería,1,1800,1800
4995,29-05-2026,Tienda Sur,Papas fritas,snacks,2,1800,3600
4995,2026/05/29,Tienda Sur,  Queso,Lácteos,1,4500,4500
4996,4/8/2026,Tienda Norte,Cloro,Limpieza,2,1400,2800
4996,4-8-2026,Tienda Norte  ,Té,Café/Té,1,2500,2500
4997,2026-08-05,Tienda Mall,Bebida cola,BEBIDAS,1,1500,1500
4997,2026-08-05,Tienda Mall,Galletas,snacks,1,1000,1000
4997,5-8-2026,Tienda Mall,Té  ,Café/Té,1,2500,2500
4998,2026/05/21,Tienda Norte, Azúcar ,Café/Té,1,1300,1300
4998,21-5-2026,Tienda Norte, Café ,Café/Té,1,4000,4000
4998,21-5-2026,Tienda Norte  ,Galletas,SNACKS,2,1000,2000
4998,2026/05/21, Tienda Norte ,Leche,Lácteos,2,1200,2400
4999,2026-07-28,Tienda Norte,  Detergente,limpieza,1,5500,5500
4999,2026/07/28,Tienda Norte,Esponjas,Limpieza,1,1200,1200
4999,2026/07/28,  Tienda Norte,Vino tinto,Alcohol,1,5000,5000
5000,09-07-2026, Tienda Norte ,Agua mineral,Bebidas,1,900,900
5000,9/7/2026,  Tienda Norte,Cerveza,Alcohol,1,3500,3500
5000,2026-07-09,Tienda Norte  ,Maní,Snacks,1,1200,1200
