boleta_id,fecha,tienda,producto,categoria,cantidad,precio_unit,monto
1,2026-08-09,Tienda Centro,Agua mineral,Bebidas,1,900,900
2,2026-06-06,Tienda Centro,Azúcar,Café/Té,1,1300,1300
2,2026-06-06,Tienda Centro,Cerveza,Alcohol,1,3500,3500
2,2026-06-06,Tienda Centro,Croissant,Panadería,1,900,900
2,2026-06-06,Tienda Centro,Pañales,Bebé,1,8000,8000
2,2026-06-06,Tienda Centro,Toallitas húmedas,Bebé,1,2200,2200
3,2026-07-28,Tienda Mall,Agua mineral,Bebidas,2,900,1800
3,2026-07-28,Tienda Mall,Cerveza,Alcohol,1,3500,3500
3,2026-07-28,Tienda Mall,Pañales,Bebé,1,8000,8000
4,2026-06-08,Tienda Norte,Cerveza,Alcohol,1,3500,3500
4,2026-06-08,Tienda Norte,Croissant,Panadería,2,900,1800
4,2026-06-08,Tienda Norte,Leche,Lácteos,2,1200,2400
4,2026-06-08,Tienda Norte,Papas fritas,Snacks,1,1800,1800
5,2026-07-07,Tienda Centro,Detergente,Limpieza,1,5500,5500
5,2026-07-07,Tienda Centro,Toallitas húmedas,Bebé,1,2200,2200
6,2026-08-12,Tienda Norte,Bebida cola,Bebidas,1,1500,1500
6,2026-08-12,Tienda Norte,Croissant,Panadería,2,900,1800
6,2026-08-12,Tienda Norte,Leche,Lácteos,1,1200,1200
7,2026-07-04,Tienda Norte,Cloro,Limpieza,1,1400,1400
7,2026-07-04,Tienda Norte,Detergente,Limpieza,1,5500,5500
7,2026-07-04,Tienda Norte,Esponjas,Limpieza,1,1200,1200
8,2026-06-23,Tienda Norte,Bebida cola,Bebidas,1,1500,1500
8,2026-06-23,Tienda Norte,Cerveza,Alcohol,1,3500,3500
8,2026-06-23,Tienda Norte,Mantequilla,Lácteos,2,2500,5000
8,2026-06-23,Tienda Norte,Pan hallulla,Panadería,1,1500,1500
8,2026-06-23,Tienda Norte,Papas fritas,Snacks,1,1800,1800
8,2026-06-23,Tienda Norte,Queso,Lácteos,1,4500,4500
9,2026-07-30,Tienda Sur,Maní,Snacks,1,1200,1200
9,2026-07-30,Tienda Sur,Papas fritas,Snacks,1,1800,1800
9,2026-07-30,Tienda Sur,Pañales,Bebé,2,8000,16000
9,2026-07-30,Tienda Sur,Toallitas húmedas,Bebé,2,2200,4400
10,2026-06-08,Tienda Norte,Croissant,Panadería,1,900,900
10,2026-06-08,Tienda Norte,Maní,Snacks,1,1200,1200
10,2026-06-08,Tienda Norte,Toallitas húmedas,Bebé,1,2200,2200
11,2026-06-21,Tienda Centro,Azúcar,Café/Té,2,1300,2600
11,2026-06-21,Tienda Centro,Cloro,Limpieza,2,1400,2800
11,2026-06-21,Tienda Centro,Leche,Lácteos,1,1200,1200
12,2026-06-26,Tienda Mall,Pan molde,Panadería,1,1800,1800
13,2026-07-23,Tienda Norte,Cloro,Limpieza,1,1400,1400
13,2026-07-23,Tienda Norte,Detergente,Limpieza,1,5500,5500
13,2026-07-23,Tienda Norte,Leche,Lácteos,2,1200,2400
14,2026-07-28,Tienda Centro,Azúcar,Café/Té,1,1300,1300
14,2026-07-28,Tienda Centro,Café,Café/Té,1,4000,4000
14,2026-07-28,Tienda Centro,Pan molde,Panadería,1,1800,1800
15,2026-05-30,Tienda Centro,Azúcar,Café/Té,1,1300,1300
15,2026-05-30,Tienda Centro,Croissant,Panadería,1,900,900
15,2026-05-30,Tienda Centro,Mantequilla,Lácteos,1,2500,2500
16,2026-06-22,Tienda Mall,Azúcar,Café/Té,1,1300,1300
16,2026-06-22,Tienda Mall,Esponjas,Limpieza,1,1200,1200
16,2026-06-22,Tienda Mall,Jugo naranja,Bebidas,1,1600,1600
16,2026-06-22,Tienda Mall,Queso,Lácteos,2,4500,9000
17,2026-07-16,Tienda Centro,Cerveza,Alcohol,1,3500,3500
17,2026-07-16,Tienda Centro,Croissant,Panadería,1,900,900
17,2026-07-16,Tienda Centro,Papas fritas,Snacks,2,1800,3600
18,2026-05-27,Tienda Norte,Pan hallulla,Panadería,1,1500,1500
18,2026-05-27,Tienda Norte,Queso,Lácteos,1,4500,4500
19,2026-06-16,Tienda Norte,Azúcar,Café/Té,1,1300,1300
19,2026-06-16,Tienda Norte,Bebida cola,Bebidas,1,1500,1500
19,2026-06-16,Tienda Norte,Café,Café/Té,2,4000,8000
19,2026-06-16,Tienda Norte,Galletas,Snacks,1,1000,1000
19,2026-06-16,Tienda Norte,Pañales,Bebé,3,8000,24000
20,2026-06-01,Tienda Centro,Cerveza,Alcohol,1,3500,3500
20,2026-06-01,Tienda Centro,Leche,Lácteos,1,1200,1200
20,2026-06-01,Tienda Centro,Maní,Snacks,1,1200,1200
20,2026-06-01,Tienda Centro,Papas fritas,Snacks,1,1800,1800
21,2026-05-29,Tienda Mall,Azúcar,Café/Té,1,1300,1300
21,2026-05-29,Tienda Mall,Leche,Lácteos,1,1200,1200
21,2026-05-29,Tienda Mall,Pan hallulla,Panadería,2,1500,3000
22,2026-06-19,Tienda Norte,Café,Café/Té,1,4000,4000
22,2026-06-19,Tienda Norte,Queso,Lácteos,1,4500,4500
23,2026-07-08,Tienda Sur,Esponjas,Limpieza,3,1200,3600
23,2026-07-08,Tienda Sur,Galletas,Snacks,3,1000,3000
23,2026-07-08,Tienda Sur,Jugo naranja,Bebidas,1,1600,1600
23,2026-07-08,Tienda Sur,Maní,Snacks,2,1200,2400
24,2026-06-08,Tienda Norte,Cerveza,Alcohol,1,3500,3500
24,2026-06-08,Tienda Norte,Mantequilla,Lácteos,2,2500,5000
24,2026-06-08,Tienda Norte,Pan hallulla,Panadería,1,1500,1500
24,2026-06-08,Tienda Norte,Pañales,Bebé,1,8000,8000
24,2026-06-08,Tienda Norte,Queso,Lácteos,1,4500,4500
25,2026-06-12,Tienda Centro,Bebida cola,Bebidas,3,1500,4500
25,2026-06-12,Tienda Centro,Cloro,Limpieza,1,1400,1400
26,2026-08-02,Tienda Centro,Cloro,Limpieza,1,1400,1400
26,2026-08-02,Tienda Centro,Maní,Snacks,1,1200,1200
26,2026-08-02,Tienda Centro,Pañales,Bebé,1,8000,8000
26,2026-08-02,Tienda Centro,Toallitas húmedas,Bebé,1,2200,2200
27,2026-06-05,Tienda Sur,Croissant,Panadería,3,900,2700
27,2026-06-05,Tienda Sur,Mantequilla,Lácteos,1,2500,2500
27,2026-06-05,Tienda Sur,Pan molde,Panadería,1,1800,1800
28,2026-06-22,Tienda Norte,Bebida cola,Bebidas,2,1500,3000
28,2026-06-22,Tienda Norte,Croissant,Panadería,1,900,900
28,2026-06-22,Tienda Norte,Jugo naranja,Bebidas,3,1600,4800
28,2026-06-22,Tienda Norte,Queso,Lácteos,1,4500,4500
28,2026-06-22,Tienda Norte,Vino tinto,Alcohol,1,5000,5000
29,2026-07-29,Tienda Sur,Agua mineral,Bebidas,1,900,900
29,2026-07-29,Tienda Sur,Azúcar,Café/Té,1,1300,1300
29,2026-07-29,Tienda Sur,Leche,Lácteos,1,1200,1200
29,2026-07-29,Tienda Sur,Mantequilla,Lácteos,1,2500,2500
30,2026-08-15,Tienda Sur,Agua mineral,Bebidas,1,900,900
30,2026-08-15,Tienda Sur,Mantequilla,Lácteos,1,2500,2500
30,2026-08-15,Tienda Sur,Pan hallulla,Panadería,2,1500,3000
31,2026-08-09,Tienda Sur,Galletas,Snacks,1,1000,1000
32,2026-07-13,Tienda Centro,Esponjas,Limpieza,2,1200,2400
33,2026-07-28,Tienda Centro,Azúcar,Café/Té,1,1300,1300
33,2026-07-28,Tienda Centro,Cerveza,Alcohol,3,3500,10500
33,2026-07-28,Tienda Centro,Mantequilla,Lácteos,3,2500,7500
33,2026-07-28,Tienda Centro,Pañales,Bebé,1,8000,8000
33,2026-07-28,Tienda Centro,Toallitas húmedas,Bebé,1,2200,2200
34,2026-08-15,Tienda Norte,Azúcar,Café/Té,2,1300,2600
34,2026-08-15,Tienda Norte,Maní,Snacks,3,1200,3600
34,2026-08-15,Tienda Norte,Vino tinto,Alcohol,1,5000,5000
35,2026-06-09,Tienda Norte,Cerveza,Alcohol,1,3500,3500
35,2026-06-09,Tienda Norte,Pan molde,Panadería,1,1800,1800
35,2026-06-09,Tienda Norte,Yogurt,Lácteos,2,800,1600
36,2026-07-07,Tienda Centro,Bebida cola,Bebidas,2,1500,3000
36,2026-07-07,Tienda Centro,Galletas,Snacks,2,1000,2000
36,2026-07-07,Tienda Centro,Papas fritas,Snacks,1,1800,1800
36,2026-07-07,Tienda Centro,Queso,Lácteos,1,4500,4500
37,2026-07-10,Tienda Sur,Agua mineral,Bebidas,1,900,900
37,2026-07-10,Tienda Sur,Croissant,Panadería,1,900,900
38,2026-08-14,Tienda Sur,Agua mineral,Bebidas,1,900,900
38,2026-08-14,Tienda Sur,Leche,Lácteos,1,1200,1200
38,2026-08-14,Tienda Sur,Pañales,Bebé,2,8000,16000
38,2026-08-14,Tienda Sur,Yogurt,Lácteos,1,800,800
39,2026-08-05,Tienda Centro,Pañales,Bebé,1,8000,8000
39,2026-08-05,Tienda Centro,Queso,Lácteos,3,4500,13500
39,2026-08-05,Tienda Centro,Toallitas húmedas,Bebé,1,2200,2200
40,2026-08-13,Tienda Norte,Cloro,Limpieza,3,1400,4200
40,2026-08-13,Tienda Norte,Croissant,Panadería,1,900,900
41,2026-08-12,Tienda Centro,Azúcar,Café/Té,1,1300,1300
41,2026-08-12,Tienda Centro,Cloro,Limpieza,1,1400,1400
41,2026-08-12,Tienda Centro,Jugo naranja,Bebidas,1,1600,1600
41,2026-08-12,Tienda Centro,Té,Café/Té,1,2500,2500
42,2026-07-07,Tienda Norte,Azúcar,Café/Té,2,1300,2600
42,2026-07-07,Tienda Norte,Jugo naranja,Bebidas,1,1600,1600
42,2026-07-07,Tienda Norte,Papas fritas,Snacks,1,1800,1800
43,2026-08-02,Tienda Sur,Cloro,Limpieza,1,1400,1400
43,2026-08-02,Tienda Sur,Galletas,Snacks,1,1000,1000
44,2026-06-10,Tienda Centro,Cloro,Limpieza,3,1400,4200
44,2026-06-10,Tienda Centro,Detergente,Limpieza,1,5500,5500
44,2026-06-10,Tienda Centro,Esponjas,Limpieza,1,1200,1200
45,2026-06-14,Tienda Norte,Bebida cola,Bebidas,1,1500,1500
46,2026-05-29,Tienda Mall,Cerveza,Alcohol,1,3500,3500
46,2026-05-29,Tienda Mall,Cloro,Limpieza,1,1400,1400
46,2026-05-29,Tienda Mall,Detergente,Limpieza,2,5500,11000
46,2026-05-29,Tienda Mall,Pañales,Bebé,2,8000,16000
46,2026-05-29,Tienda Mall,Toallitas húmedas,Bebé,1,2200,2200
47,2026-07-13,Tienda Norte,Esponjas,Limpieza,1,1200,1200
48,2026-05-26,Tienda Norte,Cloro,Limpieza,1,1400,1400
48,2026-05-26,Tienda Norte,Galletas,Snacks,1,1000,1000
48,2026-05-26,Tienda Norte,Leche,Lácteos,1,1200,1200
48,2026-05-26,Tienda Norte,Mantequilla,Lácteos,2,2500,5000
49,2026-07-15,Tienda Mall,Azúcar,Café/Té,2,1300,2600
49,2026-07-15,Tienda Mall,Galletas,Snacks,1,1000,1000
49,2026-07-15,Tienda Mall,Yogurt,Lácteos,1,800,800
50,2026-06-20,Tienda Sur,Azúcar,Café/Té,2,1300,2600
50,2026-06-20,Tienda Sur,Café,Café/Té,1,4000,4000
50,2026-06-20,Tienda Sur,Cloro,Limpieza,1,1400,1400
50,2026-06-20,Tienda Sur,Detergente,Limpieza,1,5500,5500
50,2026-06-20,Tienda Sur,Galletas,Snacks,1,1000,1000
50,2026-06-20,Tienda Sur,Té,Café/Té,1,2500,2500
51,2026-07-12,Tienda Mall,Galletas,Snacks,1,1000,1000
51,2026-07-12,Tienda Mall,Maní,Snacks,2,1200,2400
52,2026-07-08,Tienda Centro,Café,Café/Té,3,4000,12000
52,2026-07-08,Tienda Centro,Papas fritas,Snacks,1,1800,1800
52,2026-07-08,Tienda Centro,Pañales,Bebé,2,8000,16000
52,2026-07-08,Tienda Centro,Toallitas húmedas,Bebé,1,2200,2200
53,2026-08-05,Tienda Norte,Agua mineral,Bebidas,1,900,900
53,2026-08-05,Tienda Norte,Maní,Snacks,1,1200,1200
54,2026-08-13,Tienda Mall,Galletas,Snacks,1,1000,1000
54,2026-08-13,Tienda Mall,Mantequilla,Lácteos,2,2500,5000
54,2026-08-13,Tienda Mall,Toallitas húmedas,Bebé,1,2200,2200
55,2026-08-12,Tienda Centro,Maní,Snacks,1,1200,1200
56,2026-07-18,Tienda Norte,Papas fritas,Snacks,1,1800,1800
57,2026-07-17,Tienda Sur,Agua mineral,Bebidas,2,900,1800
57,2026-07-17,Tienda Sur,Papas fritas,Snacks,2,1800,3600
58,2026-06-21,Tienda Centro,Azúcar,Café/Té,1,1300,1300
58,2026-06-21,Tienda Centro,Pan hallulla,Panadería,2,1500,3000
59,2026-08-11,Tienda Centro,Bebida cola,Bebidas,1,1500,1500
59,2026-08-11,Tienda Centro,Mantequilla,Lácteos,3,2500,7500
59,2026-08-11,Tienda Centro,Pan molde,Panadería,1,1800,1800
59,2026-08-11,Tienda Centro,Queso,Lácteos,1,4500,4500
60,2026-07-06,Tienda Norte,Esponjas,Limpieza,3,1200,3600
60,2026-07-06,Tienda Norte,Leche,Lácteos,1,1200,1200
60,2026-07-06,Tienda Norte,Yogurt,Lácteos,1,800,800
61,2026-06-28,Tienda Mall,Esponjas,Limpieza,1,1200,1200
61,2026-06-28,Tienda Mall,Queso,Lácteos,1,4500,4500
62,2026-08-08,Tienda Norte,Jugo naranja,Bebidas,2,1600,3200
63,2026-08-04,Tienda Centro,Mantequilla,Lácteos,1,2500,2500
63,2026-08-04,Tienda Centro,Pan hallulla,Panadería,1,1500,1500
63,2026-08-04,Tienda Centro,Pañales,Bebé,1,8000,8000
63,2026-08-04,Tienda Centro,Queso,Lácteos,1,4500,4500
63,2026-08-04,Tienda Centro,Toallitas húmedas,Bebé,2,2200,4400
63,2026-08-04,Tienda Centro,Vino tinto,Alcohol,1,5000,5000
64,2026-06-08,Tienda Mall,Té,Café/Té,1,2500,2500
65,2026-07-27,Tienda Mall,Agua mineral,Bebidas,3,900,2700
65,2026-07-27,Tienda Mall,Cerveza,Alcohol,1,3500,3500
65,2026-07-27,Tienda Mall,Pañales,Bebé,1,8000,8000
65,2026-07-27,Tienda Mall,Toallitas húmedas,Bebé,2,2200,4400
66,2026-07-31,Tienda Mall,Azúcar,Café/Té,2,1300,2600
66,2026-07-31,Tienda Mall,Café,Café/Té,2,4000,8000
66,2026-07-31,Tienda Mall,Cerveza,Alcohol,1,3500,3500
66,2026-07-31,Tienda Mall,Galletas,Snacks,1,1000,1000
66,2026-07-31,Tienda Mall,Maní,Snacks,3,1200,3600
67,2026-05-30,Tienda Norte,Azúcar,Café/Té,2,1300,2600
67,2026-05-30,Tienda Norte,Bebida cola,Bebidas,1,1500,1500
67,2026-05-30,Tienda Norte,Café,Café/Té,1,4000,4000
68,2026-08-16,Tienda Norte,Pañales,Bebé,2,8000,16000
68,2026-08-16,Tienda Norte,Queso,Lácteos,1,4500,4500
68,2026-08-16,Tienda Norte,Toallitas húmedas,Bebé,2,2200,4400
68,2026-08-16,Tienda Norte,Vino tinto,Alcohol,1,5000,5000
69,2026-06-21,Tienda Norte,Queso,Lácteos,1,4500,4500
70,2026-07-27,Tienda Norte,Azúcar,Café/Té,2,1300,2600
70,2026-07-27,Tienda Norte,Café,Café/Té,1,4000,4000
71,2026-06-01,Tienda Norte,Queso,Lácteos,2,4500,9000
71,2026-06-01,Tienda Norte,Vino tinto,Alcohol,1,5000,5000
71,2026-06-01,Tienda Norte,Yogurt,Lácteos,1,800,800
72,2026-05-26,Tienda Sur,Azúcar,Café/Té,1,1300,1300
72,2026-05-26,Tienda Sur,Café,Café/Té,3,4000,12000
72,2026-05-26,Tienda Sur,Cloro,Limpieza,1,1400,1400
72,2026-05-26,Tienda Sur,Detergente,Limpieza,2,5500,11000
72,2026-05-26,Tienda Sur,Esponjas,Limpieza,1,1200,1200
72,2026-05-26,Tienda Sur,Mantequilla,Lácteos,1,2500,2500
73,2026-07-21,Tienda Centro,Cloro,Limpieza,3,1400,4200
73,2026-07-21,Tienda Centro,Mantequilla,Lácteos,1,2500,2500
73,2026-07-21,Tienda Centro,Pan hallulla,Panadería,1,1500,1500
74,2026-07-30,Tienda Mall,Bebida cola,Bebidas,1,1500,1500
74,2026-07-30,Tienda Mall,Toallitas húmedas,Bebé,1,2200,2200
74,2026-07-30,Tienda Mall,Té,Café/Té,1,2500,2500
75,2026-07-31,Tienda Centro,Cloro,Limpieza,1,1400,1400
75,2026-07-31,Tienda Centro,Detergente,Limpieza,1,5500,5500
75,2026-07-31,Tienda Centro,Leche,Lácteos,1,1200,1200
75,2026-07-31,Tienda Centro,Queso,Lácteos,1,4500,4500
76,2026-07-16,Tienda Mall,Bebida cola,Bebidas,2,1500,3000
76,2026-07-16,Tienda Mall,Jugo naranja,Bebidas,1,1600,1600
77,2026-08-15,Tienda Norte,Cloro,Limpieza,2,1400,2800
77,2026-08-15,Tienda Norte,Detergente,Limpieza,1,5500,5500
77,2026-08-15,Tienda Norte,Pañales,Bebé,1,8000,8000
77,2026-08-15,Tienda Norte,Queso,Lácteos,1,4500,4500
77,2026-08-15,Tienda Norte,Toallitas húmedas,Bebé,2,2200,4400
78,2026-07-31,Tienda Sur,Esponjas,Limpieza,1,1200,1200
78,2026-07-31,Tienda Sur,Galletas,Snacks,1,1000,1000
79,2026-06-23,Tienda Mall,Pan hallulla,Panadería,1,1500,1500
79,2026-06-23,Tienda Mall,Toallitas húmedas,Bebé,1,2200,2200
80,2026-06-18,Tienda Centro,Agua mineral,Bebidas,1,900,900
80,2026-06-18,Tienda Centro,Cerveza,Alcohol,3,3500,10500
80,2026-06-18,Tienda Centro,Cloro,Limpieza,1,1400,1400
80,2026-06-18,Tienda Centro,Pan hallulla,Panadería,2,1500,3000
80,2026-06-18,Tienda Centro,Pañales,Bebé,3,8000,24000
81,2026-07-19,Tienda Sur,Cerveza,Alcohol,1,3500,3500
81,2026-07-19,Tienda Sur,Cloro,Limpieza,1,1400,1400
81,2026-07-19,Tienda Sur,Maní,Snacks,1,1200,1200
81,2026-07-19,Tienda Sur,Papas fritas,Snacks,1,1800,1800
82,2026-07-29,Tienda Centro,Agua mineral,Bebidas,1,900,900
82,2026-07-29,Tienda Centro,Cerveza,Alcohol,1,3500,3500
82,2026-07-29,Tienda Centro,Papas fritas,Snacks,3,1800,5400
83,2026-08-12,Tienda Mall,Azúcar,Café/Té,2,1300,2600
83,2026-08-12,Tienda Mall,Queso,Lácteos,1,4500,4500
83,2026-08-12,Tienda Mall,Té,Café/Té,2,2500,5000
84,2026-06-15,Tienda Sur,Galletas,Snacks,2,1000,2000
84,2026-06-15,Tienda Sur,Jugo naranja,Bebidas,1,1600,1600
85,2026-05-23,Tienda Norte,Azúcar,Café/Té,3,1300,3900
85,2026-05-23,Tienda Norte,Jugo naranja,Bebidas,2,1600,3200
85,2026-05-23,Tienda Norte,Pan molde,Panadería,1,1800,1800
85,2026-05-23,Tienda Norte,Queso,Lácteos,1,4500,4500
86,2026-06-08,Tienda Mall,Agua mineral,Bebidas,1,900,900
86,2026-06-08,Tienda Mall,Azúcar,Café/Té,1,1300,1300
86,2026-06-08,Tienda Mall,Esponjas,Limpieza,1,1200,1200
86,2026-06-08,Tienda Mall,Jugo naranja,Bebidas,1,1600,1600
86,2026-06-08,Tienda Mall,Té,Café/Té,1,2500,2500
87,2026-08-04,Tienda Norte,Agua mineral,Bebidas,2,900,1800
87,2026-08-04,Tienda Norte,Cerveza,Alcohol,1,3500,3500
87,2026-08-04,Tienda Norte,Maní,Snacks,1,1200,1200
88,2026-08-03,Tienda Mall,Azúcar,Café/Té,1,1300,1300
88,2026-08-03,Tienda Mall,Café,Café/Té,1,4000,4000
88,2026-08-03,Tienda Mall,Galletas,Snacks,1,1000,1000
89,2026-06-13,Tienda Norte,Bebida cola,Bebidas,2,1500,3000
89,2026-06-13,Tienda Norte,Maní,Snacks,2,1200,2400
89,2026-06-13,Tienda Norte,Papas fritas,Snacks,2,1800,3600
90,2026-07-08,Tienda Norte,Mantequilla,Lácteos,2,2500,5000
90,2026-07-08,Tienda Norte,Pan hallulla,Panadería,2,1500,3000
91,2026-07-15,Tienda Centro,Galletas,Snacks,1,1000,1000
91,2026-07-15,Tienda Centro,Pan molde,Panadería,1,1800,1800
92,2026-07-19,Tienda Sur,Esponjas,Limpieza,1,1200,1200
92,2026-07-19,Tienda Sur,Papas fritas,Snacks,2,1800,3600
93,2026-08-14,Tienda Mall,Azúcar,Café/Té,3,1300,3900
93,2026-08-14,Tienda Mall,Café,Café/Té,2,4000,8000
93,2026-08-14,Tienda Mall,Cloro,Limpieza,1,1400,1400
93,2026-08-14,Tienda Mall,Detergente,Limpieza,1,5500,5500
93,2026-08-14,Tienda Mall,Esponjas,Limpieza,1,1200,1200
94,2026-06-01,Tienda Mall,Jugo naranja,Bebidas,2,1600,3200
95,2026-05-25,Tienda Sur,Jugo naranja,Bebidas,1,1600,1600
95,2026-05-25,Tienda Sur,Maní,Snacks,1,1200,1200
95,2026-05-25,Tienda Sur,Queso,Lácteos,2,4500,9000
95,2026-05-25,Tienda Sur,Vino tinto,Alcohol,1,5000,5000
96,2026-05-30,Tienda Mall,Azúcar,Café/Té,2,1300,2600
96,2026-05-30,Tienda Mall,Bebida cola,Bebidas,2,1500,3000
96,2026-05-30,Tienda Mall,Café,Café/Té,1,4000,4000
96,2026-05-30,Tienda Mall,Galletas,Snacks,1,1000,1000
96,2026-05-30,Tienda Mall,Papas fritas,Snacks,1,1800,1800
96,2026-05-30,Tienda Mall,Pañales,Bebé,1,8000,8000
96,2026-05-30,Tienda Mall,Toallitas húmedas,Bebé,1,2200,2200
97,2026-08-09,Tienda Mall,Galletas,Snacks,3,1000,3000
97,2026-08-09,Tienda Mall,Jugo naranja,Bebidas,2,1600,3200
97,2026-08-09,Tienda Mall,Queso,Lácteos,1,4500,4500
98,2026-07-07,Tienda Sur,Esponjas,Limpieza,1,1200,1200
98,2026-07-07,Tienda Sur,Jugo naranja,Bebidas,2,1600,3200
99,2026-07-09,Tienda Sur,Cloro,Limpieza,2,1400,2800
100,2026-05-26,Tienda Mall,Bebida cola,Bebidas,1,1500,1500
100,2026-05-26,Tienda Mall,Jugo naranja,Bebidas,1,1600,1600
100,2026-05-26,Tienda Mall,Toallitas húmedas,Bebé,1,2200,2200
101,2026-08-12,Tienda Norte,Detergente,Limpieza,2,5500,11000
101,2026-08-12,Tienda Norte,Esponjas,Limpieza,1,1200,1200
101,2026-08-12,Tienda Norte,Jugo naranja,Bebidas,1,1600,1600
101,2026-08-12,Tienda Norte,Mantequilla,Lácteos,1,2500,2500
101,2026-08-12,Tienda Norte,Pan hallulla,Panadería,2,1500,3000
101,2026-08-12,Tienda Norte,Queso,Lácteos,2,4500,9000
102,2026-07-05,Tienda Sur,Agua mineral,Bebidas,1,900,900
102,2026-07-05,Tienda Sur,Café,Café/Té,3,4000,12000
102,2026-07-05,Tienda Sur,Jugo naranja,Bebidas,1,1600,1600
103,2026-06-17,Tienda Mall,Azúcar,Café/Té,1,1300,1300
103,2026-06-17,Tienda Mall,Croissant,Panadería,1,900,900
103,2026-06-17,Tienda Mall,Papas fritas,Snacks,1,1800,1800
103,2026-06-17,Tienda Mall,Queso,Lácteos,1,4500,4500
103,2026-06-17,Tienda Mall,Vino tinto,Alcohol,1,5000,5000
104,2026-08-09,Tienda Sur,Bebida cola,Bebidas,1,1500,1500
105,2026-07-30,Tienda Sur,Bebida cola,Bebidas,1,1500,1500
105,2026-07-30,Tienda Sur,Croissant,Panadería,3,900,2700
105,2026-07-30,Tienda Sur,Detergente,Limpieza,1,5500,5500
105,2026-07-30,Tienda Sur,Esponjas,Limpieza,1,1200,1200
105,2026-07-30,Tienda Sur,Galletas,Snacks,1,1000,1000
106,2026-07-27,Tienda Norte,Cloro,Limpieza,1,1400,1400
106,2026-07-27,Tienda Norte,Vino tinto,Alcohol,1,5000,5000
107,2026-08-03,Tienda Norte,Azúcar,Café/Té,1,1300,1300
107,2026-08-03,Tienda Norte,Café,Café/Té,1,4000,4000
107,2026-08-03,Tienda Norte,Detergente,Limpieza,1,5500,5500
107,2026-08-03,Tienda Norte,Leche,Lácteos,1,1200,1200
108,2026-08-15,Tienda Sur,Cloro,Limpieza,3,1400,4200
108,2026-08-15,Tienda Sur,Detergente,Limpieza,2,5500,11000
108,2026-08-15,Tienda Sur,Esponjas,Limpieza,1,1200,1200
108,2026-08-15,Tienda Sur,Vino tinto,Alcohol,1,5000,5000
109,2026-08-09,Tienda Centro,Cerveza,Alcohol,1,3500,3500
109,2026-08-09,Tienda Centro,Maní,Snacks,1,1200,1200
109,2026-08-09,Tienda Centro,Papas fritas,Snacks,2,1800,3600
110,2026-06-15,Tienda Norte,Bebida cola,Bebidas,3,1500,4500
110,2026-06-15,Tienda Norte,Cerveza,Alcohol,3,3500,10500
110,2026-06-15,Tienda Norte,Mantequilla,Lácteos,1,2500,2500
110,2026-06-15,Tienda Norte,Papas fritas,Snacks,2,1800,3600
111,2026-06-03,Tienda Centro,Vino tinto,Alcohol,1,5000,5000
112,2026-06-30,Tienda Centro,Mantequilla,Lácteos,1,2500,2500
112,2026-06-30,Tienda Centro,Pan hallulla,Panadería,1,1500,1500
113,2026-07-16,Tienda Sur,Galletas,Snacks,1,1000,1000
113,2026-07-16,Tienda Sur,Leche,Lácteos,3,1200,3600
114,2026-05-25,Tienda Sur,Mantequilla,Lácteos,2,2500,5000
114,2026-05-25,Tienda Sur,Pan hallulla,Panadería,1,1500,1500
114,2026-05-25,Tienda Sur,Pan molde,Panadería,2,1800,3600
114,2026-05-25,Tienda Sur,Queso,Lácteos,1,4500,4500
115,2026-06-07,Tienda Centro,Toallitas húmedas,Bebé,1,2200,2200
116,2026-07-29,Tienda Sur,Azúcar,Café/Té,1,1300,1300
116,2026-07-29,Tienda Sur,Toallitas húmedas,Bebé,1,2200,2200
116,2026-07-29,Tienda Sur,Té,Café/Té,2,2500,5000
117,2026-06-03,Tienda Norte,Bebida cola,Bebidas,1,1500,1500
117,2026-06-03,Tienda Norte,Maní,Snacks,1,1200,1200
117,2026-06-03,Tienda Norte,Papas fritas,Snacks,1,1800,1800
118,2026-07-13,Tienda Sur,Cloro,Limpieza,1,1400,1400
118,2026-07-13,Tienda Sur,Mantequilla,Lácteos,2,2500,5000
118,2026-07-13,Tienda Sur,Vino tinto,Alcohol,1,5000,5000
119,2026-06-01,Tienda Sur,Azúcar,Café/Té,2,1300,2600
119,2026-06-01,Tienda Sur,Pan hallulla,Panadería,3,1500,4500
119,2026-06-01,Tienda Sur,Pañales,Bebé,1,8000,8000
119,2026-06-01,Tienda Sur,Toallitas húmedas,Bebé,2,2200,4400
120,2026-05-26,Tienda Sur,Cerveza,Alcohol,2,3500,7000
120,2026-05-26,Tienda Sur,Leche,Lácteos,1,1200,1200
120,2026-05-26,Tienda Sur,Pañales,Bebé,1,8000,8000
120,2026-05-26,Tienda Sur,Queso,Lácteos,1,4500,4500
120,2026-05-26,Tienda Sur,Toallitas húmedas,Bebé,1,2200,2200
120,2026-05-26,Tienda Sur,Vino tinto,Alcohol,1,5000,5000
121,2026-07-13,Tienda Centro,Agua mineral,Bebidas,1,900,900
121,2026-07-13,Tienda Centro,Cloro,Limpieza,1,1400,1400
121,2026-07-13,Tienda Centro,Esponjas,Limpieza,2,1200,2400
122,2026-07-02,Tienda Sur,Mantequilla,Lácteos,1,2500,2500
123,2026-07-10,Tienda Centro,Detergente,Limpieza,1,5500,5500
123,2026-07-10,Tienda Centro,Esponjas,Limpieza,1,1200,1200
124,2026-07-17,Tienda Sur,Jugo naranja,Bebidas,2,1600,3200
125,2026-07-31,Tienda Centro,Mantequilla,Lácteos,1,2500,2500
125,2026-07-31,Tienda Centro,Toallitas húmedas,Bebé,1,2200,2200
125,2026-07-31,Tienda Centro,Yogurt,Lácteos,1,800,800
126,2026-07-13,Tienda Mall,Agua mineral,Bebidas,2,900,1800
126,2026-07-13,Tienda Mall,Maní,Snacks,1,1200,1200
126,2026-07-13,Tienda Mall,Queso,Lácteos,1,4500,4500
127,2026-06-25,Tienda Mall,Jugo naranja,Bebidas,1,1600,1600
127,2026-06-25,Tienda Mall,Mantequilla,Lácteos,1,2500,2500
127,2026-06-25,Tienda Mall,Pan hallulla,Panadería,3,1500,4500
128,2026-06-06,Tienda Sur,Leche,Lácteos,1,1200,1200
128,2026-06-06,Tienda Sur,Mantequilla,Lácteos,1,2500,2500
128,2026-06-06,Tienda Sur,Pan molde,Panadería,1,1800,1800
129,2026-07-30,Tienda Sur,Mantequilla,Lácteos,1,2500,2500
129,2026-07-30,Tienda Sur,Pan hallulla,Panadería,1,1500,1500
130,2026-07-13,Tienda Mall,Jugo naranja,Bebidas,1,1600,1600
130,2026-07-13,Tienda Mall,Leche,Lácteos,3,1200,3600
130,2026-07-13,Tienda Mall,Maní,Snacks,1,1200,1200
131,2026-08-07,Tienda Mall,Croissant,Panadería,1,900,900
131,2026-08-07,Tienda Mall,Maní,Snacks,1,1200,1200
131,2026-08-07,Tienda Mall,Vino tinto,Alcohol,1,5000,5000
132,2026-07-09,Tienda Sur,Bebida cola,Bebidas,1,1500,1500
132,2026-07-09,Tienda Sur,Cerveza,Alcohol,2,3500,7000
132,2026-07-09,Tienda Sur,Papas fritas,Snacks,1,1800,1800
132,2026-07-09,Tienda Sur,Yogurt,Lácteos,3,800,2400
133,2026-08-10,Tienda Norte,Agua mineral,Bebidas,1,900,900
133,2026-08-10,Tienda Norte,Mantequilla,Lácteos,1,2500,2500
134,2026-08-11,Tienda Centro,Detergente,Limpieza,2,5500,11000
135,2026-07-16,Tienda Sur,Cerveza,Alcohol,1,3500,3500
135,2026-07-16,Tienda Sur,Detergente,Limpieza,1,5500,5500
135,2026-07-16,Tienda Sur,Mantequilla,Lácteos,1,2500,2500
136,2026-07-18,Tienda Mall,Vino tinto,Alcohol,1,5000,5000
137,2026-05-31,Tienda Mall,Azúcar,Café/Té,1,1300,1300
137,2026-05-31,Tienda Mall,Mantequilla,Lácteos,1,2500,2500
137,2026-05-31,Tienda Mall,Pan hallulla,Panadería,1,1500,1500
138,2026-06-08,Tienda Centro,Cerveza,Alcohol,1,3500,3500
138,2026-06-08,Tienda Centro,Esponjas,Limpieza,2,1200,2400
138,2026-06-08,Tienda Centro,Papas fritas,Snacks,3,1800,5400
139,2026-07-26,Tienda Norte,Jugo naranja,Bebidas,1,1600,1600
139,2026-07-26,Tienda Norte,Papas fritas,Snacks,1,1800,1800
140,2026-08-04,Tienda Centro,Cerveza,Alcohol,2,3500,7000
140,2026-08-04,Tienda Centro,Cloro,Limpieza,3,1400,4200
140,2026-08-04,Tienda Centro,Croissant,Panadería,1,900,900
140,2026-08-04,Tienda Centro,Detergente,Limpieza,1,5500,5500
140,2026-08-04,Tienda Centro,Maní,Snacks,1,1200,1200
140,2026-08-04,Tienda Centro,Papas fritas,Snacks,1,1800,1800
141,2026-07-03,Tienda Sur,Cloro,Limpieza,1,1400,1400
141,2026-07-03,Tienda Sur,Esponjas,Limpieza,3,1200,3600
141,2026-07-03,Tienda Sur,Mantequilla,Lácteos,1,2500,2500
141,2026-07-03,Tienda Sur,Papas fritas,Snacks,1,1800,1800
142,2026-07-01,Tienda Norte,Cloro,Limpieza,1,1400,1400
142,2026-07-01,Tienda Norte,Croissant,Panadería,1,900,900
142,2026-07-01,Tienda Norte,Té,Café/Té,1,2500,2500
143,2026-06-12,Tienda Norte,Azúcar,Café/Té,1,1300,1300
143,2026-06-12,Tienda Norte,Café,Café/Té,2,4000,8000
143,2026-06-12,Tienda Norte,Galletas,Snacks,1,1000,1000
143,2026-06-12,Tienda Norte,Queso,Lácteos,2,4500,9000
144,2026-07-26,Tienda Centro,Mantequilla,Lácteos,1,2500,2500
144,2026-07-26,Tienda Centro,Papas fritas,Snacks,1,1800,1800
144,2026-07-26,Tienda Centro,Toallitas húmedas,Bebé,1,2200,2200
145,2026-08-07,Tienda Norte,Maní,Snacks,1,1200,1200
145,2026-08-07,Tienda Norte,Pan hallulla,Panadería,2,1500,3000
145,2026-08-07,Tienda Norte,Queso,Lácteos,1,4500,4500
145,2026-08-07,Tienda Norte,Vino tinto,Alcohol,1,5000,5000
146,2026-06-28,Tienda Mall,Cloro,Limpieza,1,1400,1400
146,2026-06-28,Tienda Mall,Pañales,Bebé,1,8000,8000
146,2026-06-28,Tienda Mall,Queso,Lácteos,3,4500,13500
146,2026-06-28,Tienda Mall,Vino tinto,Alcohol,2,5000,10000
147,2026-08-05,Tienda Norte,Café,Café/Té,2,4000,8000
147,2026-08-05,Tienda Norte,Detergente,Limpieza,1,5500,5500
147,2026-08-05,Tienda Norte,Galletas,Snacks,2,1000,2000
147,2026-08-05,Tienda Norte,Mantequilla,Lácteos,1,2500,2500
147,2026-08-05,Tienda Norte,Pan hallulla,Panadería,1,1500,1500
148,2026-06-17,Tienda Mall,Mantequilla,Lácteos,1,2500,2500
148,2026-06-17,Tienda Mall,Maní,Snacks,1,1200,1200
148,2026-06-17,Tienda Mall,Pan hallulla,Panadería,1,1500,1500
148,2026-06-17,Tienda Mall,Pan molde,Panadería,2,1800,3600
148,2026-06-17,Tienda Mall,Queso,Lácteos,1,4500,4500
149,2026-06-07,Tienda Norte,Café,Café/Té,2,4000,8000
149,2026-06-07,Tienda Norte,Galletas,Snacks,1,1000,1000
150,2026-05-20,Tienda Centro,Queso,Lácteos,2,4500,9000
151,2026-07-29,Tienda Mall,Jugo naranja,Bebidas,1,1600,1600
152,2026-06-04,Tienda Centro,Detergente,Limpieza,2,5500,11000
152,2026-06-04,Tienda Centro,Esponjas,Limpieza,1,1200,1200
152,2026-06-04,Tienda Centro,Toallitas húmedas,Bebé,1,2200,2200
153,2026-07-24,Tienda Norte,Jugo naranja,Bebidas,1,1600,1600
153,2026-07-24,Tienda Norte,Maní,Snacks,1,1200,1200
153,2026-07-24,Tienda Norte,Pan molde,Panadería,1,1800,1800
153,2026-07-24,Tienda Norte,Queso,Lácteos,3,4500,13500
154,2026-05-28,Tienda Centro,Azúcar,Café/Té,2,1300,2600
154,2026-05-28,Tienda Centro,Café,Café/Té,1,4000,4000
154,2026-05-28,Tienda Centro,Galletas,Snacks,2,1000,2000
154,2026-05-28,Tienda Centro,Pan hallulla,Panadería,1,1500,1500
155,2026-08-02,Tienda Sur,Vino tinto,Alcohol,2,5000,10000
156,2026-06-11,Tienda Mall,Azúcar,Café/Té,1,1300,1300
156,2026-06-11,Tienda Mall,Café,Café/Té,1,4000,4000
156,2026-06-11,Tienda Mall,Cloro,Limpieza,1,1400,1400
156,2026-06-11,Tienda Mall,Detergente,Limpieza,3,5500,16500
156,2026-06-11,Tienda Mall,Galletas,Snacks,1,1000,1000
156,2026-06-11,Tienda Mall,Mantequilla,Lácteos,3,2500,7500
156,2026-06-11,Tienda Mall,Yogurt,Lácteos,1,800,800
157,2026-06-21,Tienda Centro,Jugo naranja,Bebidas,1,1600,1600
157,2026-06-21,Tienda Centro,Queso,Lácteos,1,4500,4500
157,2026-06-21,Tienda Centro,Vino tinto,Alcohol,1,5000,5000
158,2026-07-06,Tienda Mall,Cerveza,Alcohol,1,3500,3500
158,2026-07-06,Tienda Mall,Galletas,Snacks,3,1000,3000
158,2026-07-06,Tienda Mall,Papas fritas,Snacks,1,1800,1800
159,2026-05-30,Tienda Mall,Toallitas húmedas,Bebé,3,2200,6600
160,2026-06-12,Tienda Sur,Cerveza,Alcohol,1,3500,3500
160,2026-06-12,Tienda Sur,Croissant,Panadería,1,900,900
160,2026-06-12,Tienda Sur,Maní,Snacks,1,1200,1200
161,2026-07-03,Tienda Mall,Vino tinto,Alcohol,1,5000,5000
162,2026-08-09,Tienda Centro,Detergente,Limpieza,2,5500,11000
163,2026-06-09,Tienda Centro,Toallitas húmedas,Bebé,1,2200,2200
164,2026-07-15,Tienda Centro,Bebida cola,Bebidas,1,1500,1500
165,2026-07-08,Tienda Centro,Cloro,Limpieza,2,1400,2800
165,2026-07-08,Tienda Centro,Galletas,Snacks,1,1000,1000
165,2026-07-08,Tienda Centro,Queso,Lácteos,1,4500,4500
165,2026-07-08,Tienda Centro,Vino tinto,Alcohol,1,5000,5000
166,2026-08-11,Tienda Sur,Leche,Lácteos,1,1200,1200
166,2026-08-11,Tienda Sur,Pan molde,Panadería,1,1800,1800
167,2026-06-22,Tienda Sur,Jugo naranja,Bebidas,1,1600,1600
167,2026-06-22,Tienda Sur,Queso,Lácteos,3,4500,13500
167,2026-06-22,Tienda Sur,Toallitas húmedas,Bebé,1,2200,2200
168,2026-06-06,Tienda Centro,Esponjas,Limpieza,3,1200,3600
168,2026-06-06,Tienda Centro,Galletas,Snacks,2,1000,2000
169,2026-06-29,Tienda Sur,Azúcar,Café/Té,2,1300,2600
169,2026-06-29,Tienda Sur,Jugo naranja,Bebidas,3,1600,4800
169,2026-06-29,Tienda Sur,Yogurt,Lácteos,1,800,800
170,2026-07-05,Tienda Norte,Queso,Lácteos,2,4500,9000
171,2026-06-19,Tienda Mall,Azúcar,Café/Té,1,1300,1300
172,2026-07-18,Tienda Norte,Croissant,Panadería,3,900,2700
172,2026-07-18,Tienda Norte,Jugo naranja,Bebidas,2,1600,3200
172,2026-07-18,Tienda Norte,Papas fritas,Snacks,1,1800,1800
173,2026-07-11,Tienda Centro,Cerveza,Alcohol,1,3500,3500
173,2026-07-11,Tienda Centro,Maní,Snacks,1,1200,1200
174,2026-07-29,Tienda Norte,Mantequilla,Lácteos,1,2500,2500
174,2026-07-29,Tienda Norte,Maní,Snacks,1,1200,1200
174,2026-07-29,Tienda Norte,Té,Café/Té,1,2500,2500
175,2026-06-10,Tienda Norte,Bebida cola,Bebidas,3,1500,4500
175,2026-06-10,Tienda Norte,Esponjas,Limpieza,2,1200,2400
175,2026-06-10,Tienda Norte,Papas fritas,Snacks,2,1800,3600
176,2026-06-21,Tienda Norte,Agua mineral,Bebidas,1,900,900
176,2026-06-21,Tienda Norte,Azúcar,Café/Té,1,1300,1300
176,2026-06-21,Tienda Norte,Mantequilla,Lácteos,1,2500,2500
177,2026-08-10,Tienda Norte,Mantequilla,Lácteos,2,2500,5000
177,2026-08-10,Tienda Norte,Pañales,Bebé,1,8000,8000
177,2026-08-10,Tienda Norte,Toallitas húmedas,Bebé,3,2200,6600
178,2026-05-25,Tienda Centro,Detergente,Limpieza,1,5500,5500
178,2026-05-25,Tienda Centro,Esponjas,Limpieza,1,1200,1200
179,2026-08-07,Tienda Centro,Azúcar,Café/Té,1,1300,1300
179,2026-08-07,Tienda Centro,Cloro,Limpieza,2,1400,2800
179,2026-08-07,Tienda Centro,Detergente,Limpieza,1,5500,5500
180,2026-06-27,Tienda Mall,Mantequilla,Lácteos,1,2500,2500
180,2026-06-27,Tienda Mall,Pan hallulla,Panadería,1,1500,1500
181,2026-06-07,Tienda Sur,Cerveza,Alcohol,1,3500,3500
181,2026-06-07,Tienda Sur,Papas fritas,Snacks,1,1800,1800
181,2026-06-07,Tienda Sur,Queso,Lácteos,1,4500,4500
181,2026-06-07,Tienda Sur,Vino tinto,Alcohol,1,5000,5000
182,2026-06-01,Tienda Centro,Papas fritas,Snacks,1,1800,1800
182,2026-06-01,Tienda Centro,Toallitas húmedas,Bebé,3,2200,6600
183,2026-06-09,Tienda Sur,Café,Café/Té,1,4000,4000
183,2026-06-09,Tienda Sur,Cerveza,Alcohol,1,3500,3500
183,2026-06-09,Tienda Sur,Queso,Lácteos,1,4500,4500
183,2026-06-09,Tienda Sur,Yogurt,Lácteos,1,800,800
184,2026-08-02,Tienda Sur,Jugo naranja,Bebidas,1,1600,1600
185,2026-08-11,Tienda Mall,Leche,Lácteos,2,1200,2400
185,2026-08-11,Tienda Mall,Mantequilla,Lácteos,2,2500,5000
185,2026-08-11,Tienda Mall,Pan molde,Panadería,1,1800,1800
186,2026-07-10,Tienda Centro,Queso,Lácteos,1,4500,4500
186,2026-07-10,Tienda Centro,Vino tinto,Alcohol,1,5000,5000
187,2026-07-29,Tienda Sur,Cloro,Limpieza,1,1400,1400
187,2026-07-29,Tienda Sur,Leche,Lácteos,1,1200,1200
187,2026-07-29,Tienda Sur,Toallitas húmedas,Bebé,1,2200,2200
188,2026-07-02,Tienda Sur,Azúcar,Café/Té,1,1300,1300
188,2026-07-02,Tienda Sur,Queso,Lácteos,1,4500,4500
188,2026-07-02,Tienda Sur,Toallitas húmedas,Bebé,2,2200,4400
188,2026-07-02,Tienda Sur,Té,Café/Té,2,2500,5000
189,2026-07-25,Tienda Mall,Azúcar,Café/Té,3,1300,3900
189,2026-07-25,Tienda Mall,Té,Café/Té,1,2500,2500
190,2026-07-09,Tienda Sur,Azúcar,Café/Té,1,1300,1300
190,2026-07-09,Tienda Sur,Té,Café/Té,1,2500,2500
191,2026-05-22,Tienda Sur,Leche,Lácteos,1,1200,1200
191,2026-05-22,Tienda Sur,Maní,Snacks,2,1200,2400
192,2026-08-16,Tienda Centro,Agua mineral,Bebidas,1,900,900
192,2026-08-16,Tienda Centro,Detergente,Limpieza,2,5500,11000
193,2026-08-02,Tienda Mall,Detergente,Limpieza,1,5500,5500
194,2026-08-15,Tienda Norte,Esponjas,Limpieza,1,1200,1200
195,2026-05-22,Tienda Mall,Mantequilla,Lácteos,1,2500,2500
195,2026-05-22,Tienda Mall,Maní,Snacks,1,1200,1200
196,2026-08-06,Tienda Mall,Esponjas,Limpieza,3,1200,3600
196,2026-08-06,Tienda Mall,Mantequilla,Lácteos,1,2500,2500
196,2026-08-06,Tienda Mall,Pan hallulla,Panadería,1,1500,1500
197,2026-06-11,Tienda Mall,Azúcar,Café/Té,1,1300,1300
197,2026-06-11,Tienda Mall,Cerveza,Alcohol,1,3500,3500
197,2026-06-11,Tienda Mall,Cloro,Limpieza,1,1400,1400
197,2026-06-11,Tienda Mall,Vino tinto,Alcohol,1,5000,5000
198,2026-07-30,Tienda Sur,Esponjas,Limpieza,1,1200,1200
198,2026-07-30,Tienda Sur,Jugo naranja,Bebidas,2,1600,3200
199,2026-06-29,Tienda Mall,Agua mineral,Bebidas,1,900,900
199,2026-06-29,Tienda Mall,Jugo naranja,Bebidas,1,1600,1600
200,2026-07-07,Tienda Mall,Jugo naranja,Bebidas,1,1600,1600
200,2026-07-07,Tienda Mall,Mantequilla,Lácteos,1,2500,2500
200,2026-07-07,Tienda Mall,Pan hallulla,Panadería,1,1500,1500
201,2026-07-20,Tienda Norte,Agua mineral,Bebidas,3,900,2700
201,2026-07-20,Tienda Norte,Azúcar,Café/Té,1,1300,1300
202,2026-06-06,Tienda Centro,Bebida cola,Bebidas,2,1500,3000
202,2026-06-06,Tienda Centro,Pan hallulla,Panadería,1,1500,1500
202,2026-06-06,Tienda Centro,Pañales,Bebé,2,8000,16000
202,2026-06-06,Tienda Centro,Queso,Lácteos,1,4500,4500
202,2026-06-06,Tienda Centro,Toallitas húmedas,Bebé,1,2200,2200
203,2026-06-09,Tienda Mall,Azúcar,Café/Té,2,1300,2600
203,2026-06-09,Tienda Mall,Café,Café/Té,1,4000,4000
203,2026-06-09,Tienda Mall,Detergente,Limpieza,1,5500,5500
203,2026-06-09,Tienda Mall,Esponjas,Limpieza,2,1200,2400
203,2026-06-09,Tienda Mall,Galletas,Snacks,2,1000,2000
203,2026-06-09,Tienda Mall,Queso,Lácteos,1,4500,4500
204,2026-06-11,Tienda Mall,Pan hallulla,Panadería,2,1500,3000
204,2026-06-11,Tienda Mall,Papas fritas,Snacks,2,1800,3600
204,2026-06-11,Tienda Mall,Queso,Lácteos,1,4500,4500
204,2026-06-11,Tienda Mall,Yogurt,Lácteos,1,800,800
205,2026-06-27,Tienda Centro,Cerveza,Alcohol,1,3500,3500
205,2026-06-27,Tienda Centro,Detergente,Limpieza,1,5500,5500
205,2026-06-27,Tienda Centro,Galletas,Snacks,1,1000,1000
205,2026-06-27,Tienda Centro,Jugo naranja,Bebidas,1,1600,1600
206,2026-07-17,Tienda Sur,Cerveza,Alcohol,2,3500,7000
206,2026-07-17,Tienda Sur,Jugo naranja,Bebidas,2,1600,3200
206,2026-07-17,Tienda Sur,Mantequilla,Lácteos,1,2500,2500
206,2026-07-17,Tienda Sur,Pan molde,Panadería,1,1800,1800
206,2026-07-17,Tienda Sur,Papas fritas,Snacks,1,1800,1800
207,2026-06-12,Tienda Norte,Bebida cola,Bebidas,3,1500,4500
207,2026-06-12,Tienda Norte,Mantequilla,Lácteos,1,2500,2500
207,2026-06-12,Tienda Norte,Pan molde,Panadería,2,1800,3600
207,2026-06-12,Tienda Norte,Papas fritas,Snacks,1,1800,1800
208,2026-08-11,Tienda Sur,Cloro,Limpieza,1,1400,1400
208,2026-08-11,Tienda Sur,Leche,Lácteos,3,1200,3600
208,2026-08-11,Tienda Sur,Mantequilla,Lácteos,2,2500,5000
208,2026-08-11,Tienda Sur,Pan hallulla,Panadería,2,1500,3000
208,2026-08-11,Tienda Sur,Queso,Lácteos,1,4500,4500
209,2026-08-09,Tienda Sur,Bebida cola,Bebidas,1,1500,1500
209,2026-08-09,Tienda Sur,Mantequilla,Lácteos,3,2500,7500
210,2026-07-06,Tienda Mall,Azúcar,Café/Té,1,1300,1300
210,2026-07-06,Tienda Mall,Café,Café/Té,1,4000,4000
210,2026-07-06,Tienda Mall,Cloro,Limpieza,2,1400,2800
211,2026-07-26,Tienda Mall,Croissant,Panadería,1,900,900
211,2026-07-26,Tienda Mall,Vino tinto,Alcohol,2,5000,10000
212,2026-07-23,Tienda Norte,Mantequilla,Lácteos,1,2500,2500
212,2026-07-23,Tienda Norte,Yogurt,Lácteos,1,800,800
213,2026-06-03,Tienda Norte,Azúcar,Café/Té,1,1300,1300
213,2026-06-03,Tienda Norte,Café,Café/Té,1,4000,4000
213,2026-06-03,Tienda Norte,Croissant,Panadería,1,900,900
213,2026-06-03,Tienda Norte,Galletas,Snacks,1,1000,1000
213,2026-06-03,Tienda Norte,Té,Café/Té,1,2500,2500
214,2026-05-22,Tienda Mall,Pan molde,Panadería,1,1800,1800
214,2026-05-22,Tienda Mall,Queso,Lácteos,1,4500,4500
215,2026-05-27,Tienda Centro,Azúcar,Café/Té,3,1300,3900
215,2026-05-27,Tienda Centro,Café,Café/Té,1,4000,4000
215,2026-05-27,Tienda Centro,Jugo naranja,Bebidas,2,1600,3200
215,2026-05-27,Tienda Centro,Mantequilla,Lácteos,1,2500,2500
215,2026-05-27,Tienda Centro,Maní,Snacks,2,1200,2400
215,2026-05-27,Tienda Centro,Pan hallulla,Panadería,1,1500,1500
215,2026-05-27,Tienda Centro,Queso,Lácteos,1,4500,4500
216,2026-08-12,Tienda Norte,Leche,Lácteos,1,1200,1200
216,2026-08-12,Tienda Norte,Vino tinto,Alcohol,1,5000,5000
216,2026-08-12,Tienda Norte,Yogurt,Lácteos,3,800,2400
217,2026-05-20,Tienda Centro,Azúcar,Café/Té,1,1300,1300
217,2026-05-20,Tienda Centro,Cloro,Limpieza,2,1400,2800
217,2026-05-20,Tienda Centro,Galletas,Snacks,1,1000,1000
217,2026-05-20,Tienda Centro,Maní,Snacks,1,1200,1200
218,2026-06-24,Tienda Norte,Cloro,Limpieza,2,1400,2800
218,2026-06-24,Tienda Norte,Leche,Lácteos,1,1200,1200
218,2026-06-24,Tienda Norte,Maní,Snacks,1,1200,1200
218,2026-06-24,Tienda Norte,Pan hallulla,Panadería,1,1500,1500
219,2026-07-16,Tienda Centro,Mantequilla,Lácteos,2,2500,5000
219,2026-07-16,Tienda Centro,Pan hallulla,Panadería,2,1500,3000
219,2026-07-16,Tienda Centro,Papas fritas,Snacks,1,1800,1800
220,2026-06-26,Tienda Norte,Cerveza,Alcohol,3,3500,10500
220,2026-06-26,Tienda Norte,Papas fritas,Snacks,1,1800,1800
220,2026-06-26,Tienda Norte,Pañales,Bebé,1,8000,8000
220,2026-06-26,Tienda Norte,Toallitas húmedas,Bebé,1,2200,2200
221,2026-07-30,Tienda Norte,Azúcar,Café/Té,1,1300,1300
221,2026-07-30,Tienda Norte,Café,Café/Té,1,4000,4000
221,2026-07-30,Tienda Norte,Maní,Snacks,1,1200,1200
222,2026-08-17,Tienda Mall,Jugo naranja,Bebidas,1,1600,1600
222,2026-08-17,Tienda Mall,Papas fritas,Snacks,1,1800,1800
223,2026-06-19,Tienda Norte,Esponjas,Limpieza,2,1200,2400
223,2026-06-19,Tienda Norte,Mantequilla,Lácteos,2,2500,5000
224,2026-07-30,Tienda Mall,Azúcar,Café/Té,1,1300,1300
224,2026-07-30,Tienda Mall,Mantequilla,Lácteos,1,2500,2500
224,2026-07-30,Tienda Mall,Papas fritas,Snacks,3,1800,5400
224,2026-07-30,Tienda Mall,Té,Café/Té,2,2500,5000
225,2026-05-31,Tienda Norte,Papas fritas,Snacks,1,1800,1800
226,2026-08-05,Tienda Centro,Cloro,Limpieza,2,1400,2800
226,2026-08-05,Tienda Centro,Pañales,Bebé,1,8000,8000
226,2026-08-05,Tienda Centro,Queso,Lácteos,3,4500,13500
226,2026-08-05,Tienda Centro,Toallitas húmedas,Bebé,1,2200,2200
227,2026-06-13,Tienda Centro,Azúcar,Café/Té,1,1300,1300
227,2026-06-13,Tienda Centro,Bebida cola,Bebidas,2,1500,3000
227,2026-06-13,Tienda Centro,Café,Café/Té,1,4000,4000
227,2026-06-13,Tienda Centro,Esponjas,Limpieza,1,1200,1200
227,2026-06-13,Tienda Centro,Galletas,Snacks,1,1000,1000
228,2026-06-22,Tienda Sur,Azúcar,Café/Té,1,1300,1300
228,2026-06-22,Tienda Sur,Café,Café/Té,2,4000,8000
228,2026-06-22,Tienda Sur,Galletas,Snacks,2,1000,2000
229,2026-07-06,Tienda Sur,Bebida cola,Bebidas,1,1500,1500
229,2026-07-06,Tienda Sur,Cerveza,Alcohol,2,3500,7000
229,2026-07-06,Tienda Sur,Pañales,Bebé,1,8000,8000
230,2026-06-14,Tienda Sur,Bebida cola,Bebidas,1,1500,1500
230,2026-06-14,Tienda Sur,Pañales,Bebé,2,8000,16000
230,2026-06-14,Tienda Sur,Toallitas húmedas,Bebé,3,2200,6600
231,2026-08-10,Tienda Mall,Queso,Lácteos,1,4500,4500
231,2026-08-10,Tienda Mall,Vino tinto,Alcohol,1,5000,5000
231,2026-08-10,Tienda Mall,Yogurt,Lácteos,2,800,1600
232,2026-08-10,Tienda Centro,Cloro,Limpieza,1,1400,1400
232,2026-08-10,Tienda Centro,Croissant,Panadería,1,900,900
233,2026-06-06,Tienda Norte,Mantequilla,Lácteos,1,2500,2500
234,2026-07-23,Tienda Mall,Detergente,Limpieza,1,5500,5500
234,2026-07-23,Tienda Mall,Toallitas húmedas,Bebé,1,2200,2200
235,2026-05-20,Tienda Mall,Té,Café/Té,1,2500,2500
236,2026-06-25,Tienda Centro,Cloro,Limpieza,1,1400,1400
236,2026-06-25,Tienda Centro,Esponjas,Limpieza,3,1200,3600
237,2026-06-11,Tienda Centro,Azúcar,Café/Té,1,1300,1300
237,2026-06-11,Tienda Centro,Bebida cola,Bebidas,2,1500,3000
237,2026-06-11,Tienda Centro,Mantequilla,Lácteos,1,2500,2500
237,2026-06-11,Tienda Centro,Queso,Lácteos,3,4500,13500
237,2026-06-11,Tienda Centro,Té,Café/Té,1,2500,2500
238,2026-06-20,Tienda Norte,Croissant,Panadería,1,900,900
238,2026-06-20,Tienda Norte,Detergente,Limpieza,1,5500,5500
239,2026-07-07,Tienda Mall,Pan molde,Panadería,2,1800,3600
239,2026-07-07,Tienda Mall,Queso,Lácteos,1,4500,4500
240,2026-07-01,Tienda Centro,Bebida cola,Bebidas,1,1500,1500
240,2026-07-01,Tienda Centro,Pan hallulla,Panadería,3,1500,4500
240,2026-07-01,Tienda Centro,Queso,Lácteos,1,4500,4500
241,2026-06-24,Tienda Centro,Cerveza,Alcohol,1,3500,3500
241,2026-06-24,Tienda Centro,Maní,Snacks,2,1200,2400
241,2026-06-24,Tienda Centro,Papas fritas,Snacks,2,1800,3600
242,2026-05-29,Tienda Sur,Bebida cola,Bebidas,2,1500,3000
243,2026-08-14,Tienda Sur,Esponjas,Limpieza,2,1200,2400
243,2026-08-14,Tienda Sur,Mantequilla,Lácteos,1,2500,2500
244,2026-07-03,Tienda Centro,Bebida cola,Bebidas,1,1500,1500
245,2026-08-06,Tienda Mall,Agua mineral,Bebidas,1,900,900
245,2026-08-06,Tienda Mall,Cerveza,Alcohol,1,3500,3500
245,2026-08-06,Tienda Mall,Detergente,Limpieza,2,5500,11000
245,2026-08-06,Tienda Mall,Mantequilla,Lácteos,1,2500,2500
245,2026-08-06,Tienda Mall,Pan molde,Panadería,1,1800,1800
245,2026-08-06,Tienda Mall,Papas fritas,Snacks,1,1800,1800
245,2026-08-06,Tienda Mall,Queso,Lácteos,1,4500,4500
246,2026-07-07,Tienda Norte,Cerveza,Alcohol,2,3500,7000
246,2026-07-07,Tienda Norte,Leche,Lácteos,1,1200,1200
246,2026-07-07,Tienda Norte,Maní,Snacks,1,1200,1200
246,2026-07-07,Tienda Norte,Queso,Lácteos,1,4500,4500
246,2026-07-07,Tienda Norte,Vino tinto,Alcohol,1,5000,5000
247,2026-07-24,Tienda Mall,Croissant,Panadería,1,900,900
248,2026-05-31,Tienda Sur,Jugo naranja,Bebidas,2,1600,3200
248,2026-05-31,Tienda Sur,Mantequilla,Lácteos,2,2500,5000
248,2026-05-31,Tienda Sur,Maní,Snacks,3,1200,3600
248,2026-05-31,Tienda Sur,Pan molde,Panadería,1,1800,1800
248,2026-05-31,Tienda Sur,Queso,Lácteos,1,4500,4500
249,2026-07-07,Tienda Norte,Jugo naranja,Bebidas,1,1600,1600
250,2026-06-07,Tienda Centro,Agua mineral,Bebidas,1,900,900
251,2026-07-20,Tienda Centro,Bebida cola,Bebidas,1,1500,1500
251,2026-07-20,Tienda Centro,Detergente,Limpieza,1,5500,5500
252,2026-07-09,Tienda Sur,Cerveza,Alcohol,2,3500,7000
252,2026-07-09,Tienda Sur,Galletas,Snacks,3,1000,3000
252,2026-07-09,Tienda Sur,Papas fritas,Snacks,1,1800,1800
253,2026-06-30,Tienda Norte,Papas fritas,Snacks,3,1800,5400
253,2026-06-30,Tienda Norte,Yogurt,Lácteos,1,800,800
254,2026-08-16,Tienda Mall,Agua mineral,Bebidas,1,900,900
254,2026-08-16,Tienda Mall,Bebida cola,Bebidas,1,1500,1500
254,2026-08-16,Tienda Mall,Cerveza,Alcohol,1,3500,3500
254,2026-08-16,Tienda Mall,Maní,Snacks,1,1200,1200
254,2026-08-16,Tienda Mall,Papas fritas,Snacks,1,1800,1800
255,2026-07-18,Tienda Norte,Esponjas,Limpieza,1,1200,1200
255,2026-07-18,Tienda Norte,Jugo naranja,Bebidas,2,1600,3200
256,2026-07-11,Tienda Mall,Jugo naranja,Bebidas,1,1600,1600
257,2026-08-12,Tienda Norte,Croissant,Panadería,3,900,2700
257,2026-08-12,Tienda Norte,Galletas,Snacks,1,1000,1000
257,2026-08-12,Tienda Norte,Papas fritas,Snacks,1,1800,1800
258,2026-07-23,Tienda Mall,Esponjas,Limpieza,1,1200,1200
258,2026-07-23,Tienda Mall,Vino tinto,Alcohol,1,5000,5000
259,2026-05-30,Tienda Centro,Cloro,Limpieza,1,1400,1400
259,2026-05-30,Tienda Centro,Vino tinto,Alcohol,3,5000,15000
259,2026-05-30,Tienda Centro,Yogurt,Lácteos,1,800,800
260,2026-07-10,Tienda Sur,Agua mineral,Bebidas,1,900,900
260,2026-07-10,Tienda Sur,Leche,Lácteos,1,1200,1200
260,2026-07-10,Tienda Sur,Mantequilla,Lácteos,1,2500,2500
260,2026-07-10,Tienda Sur,Maní,Snacks,1,1200,1200
260,2026-07-10,Tienda Sur,Pan molde,Panadería,1,1800,1800
261,2026-08-14,Tienda Norte,Azúcar,Café/Té,3,1300,3900
261,2026-08-14,Tienda Norte,Café,Café/Té,1,4000,4000
261,2026-08-14,Tienda Norte,Pan molde,Panadería,1,1800,1800
261,2026-08-14,Tienda Norte,Queso,Lácteos,1,4500,4500
262,2026-06-15,Tienda Mall,Galletas,Snacks,2,1000,2000
262,2026-06-15,Tienda Mall,Leche,Lácteos,1,1200,1200
263,2026-05-28,Tienda Sur,Esponjas,Limpieza,1,1200,1200
264,2026-07-02,Tienda Centro,Azúcar,Café/Té,1,1300,1300
264,2026-07-02,Tienda Centro,Bebida cola,Bebidas,3,1500,4500
264,2026-07-02,Tienda Centro,Papas fritas,Snacks,1,1800,1800
264,2026-07-02,Tienda Centro,Té,Café/Té,1,2500,2500
264,2026-07-02,Tienda Centro,Yogurt,Lácteos,1,800,800
265,2026-08-09,Tienda Mall,Queso,Lácteos,1,4500,4500
265,2026-08-09,Tienda Mall,Toallitas húmedas,Bebé,1,2200,2200
266,2026-05-20,Tienda Norte,Croissant,Panadería,1,900,900
266,2026-05-20,Tienda Norte,Esponjas,Limpieza,2,1200,2400
267,2026-07-27,Tienda Norte,Galletas,Snacks,1,1000,1000
267,2026-07-27,Tienda Norte,Queso,Lácteos,1,4500,4500
268,2026-07-21,Tienda Sur,Papas fritas,Snacks,1,1800,1800
268,2026-07-21,Tienda Sur,Toallitas húmedas,Bebé,1,2200,2200
269,2026-07-17,Tienda Norte,Esponjas,Limpieza,1,1200,1200
269,2026-07-17,Tienda Norte,Jugo naranja,Bebidas,1,1600,1600
269,2026-07-17,Tienda Norte,Toallitas húmedas,Bebé,1,2200,2200
270,2026-06-19,Tienda Sur,Vino tinto,Alcohol,1,5000,5000
271,2026-07-12,Tienda Norte,Maní,Snacks,1,1200,1200
271,2026-07-12,Tienda Norte,Yogurt,Lácteos,1,800,800
272,2026-08-10,Tienda Norte,Azúcar,Café/Té,1,1300,1300
272,2026-08-10,Tienda Norte,Café,Café/Té,1,4000,4000
272,2026-08-10,Tienda Norte,Jugo naranja,Bebidas,1,1600,1600
273,2026-05-21,Tienda Mall,Papas fritas,Snacks,3,1800,5400
274,2026-07-23,Tienda Mall,Café,Café/Té,1,4000,4000
274,2026-07-23,Tienda Mall,Maní,Snacks,1,1200,1200
275,2026-06-17,Tienda Sur,Bebida cola,Bebidas,1,1500,1500
276,2026-07-17,Tienda Mall,Leche,Lácteos,2,1200,2400
276,2026-07-17,Tienda Mall,Pañales,Bebé,1,8000,8000
276,2026-07-17,Tienda Mall,Toallitas húmedas,Bebé,2,2200,4400
277,2026-05-25,Tienda Mall,Leche,Lácteos,2,1200,2400
277,2026-05-25,Tienda Mall,Maní,Snacks,1,1200,1200
278,2026-06-20,Tienda Sur,Agua mineral,Bebidas,1,900,900
278,2026-06-20,Tienda Sur,Galletas,Snacks,3,1000,3000
278,2026-06-20,Tienda Sur,Mantequilla,Lácteos,2,2500,5000
278,2026-06-20,Tienda Sur,Pan hallulla,Panadería,1,1500,1500
279,2026-08-03,Tienda Sur,Cloro,Limpieza,1,1400,1400
279,2026-08-03,Tienda Sur,Detergente,Limpieza,1,5500,5500
279,2026-08-03,Tienda Sur,Esponjas,Limpieza,1,1200,1200
279,2026-08-03,Tienda Sur,Maní,Snacks,1,1200,1200
279,2026-08-03,Tienda Sur,Toallitas húmedas,Bebé,1,2200,2200
280,2026-07-27,Tienda Norte,Esponjas,Limpieza,1,1200,1200
280,2026-07-27,Tienda Norte,Jugo naranja,Bebidas,1,1600,1600
281,2026-07-24,Tienda Centro,Maní,Snacks,2,1200,2400
282,2026-06-24,Tienda Norte,Bebida cola,Bebidas,1,1500,1500
282,2026-06-24,Tienda Norte,Esponjas,Limpieza,2,1200,2400
282,2026-06-24,Tienda Norte,Mantequilla,Lácteos,1,2500,2500
282,2026-06-24,Tienda Norte,Papas fritas,Snacks,1,1800,1800
283,2026-08-08,Tienda Sur,Croissant,Panadería,1,900,900
283,2026-08-08,Tienda Sur,Galletas,Snacks,2,1000,2000
283,2026-08-08,Tienda Sur,Papas fritas,Snacks,1,1800,1800
284,2026-07-24,Tienda Sur,Azúcar,Café/Té,2,1300,2600
284,2026-07-24,Tienda Sur,Café,Café/Té,2,4000,8000
284,2026-07-24,Tienda Sur,Galletas,Snacks,1,1000,1000
284,2026-07-24,Tienda Sur,Queso,Lácteos,1,4500,4500
284,2026-07-24,Tienda Sur,Vino tinto,Alcohol,1,5000,5000
285,2026-05-28,Tienda Mall,Maní,Snacks,1,1200,1200
285,2026-05-28,Tienda Mall,Queso,Lácteos,1,4500,4500
286,2026-06-25,Tienda Sur,Mantequilla,Lácteos,2,2500,5000
286,2026-06-25,Tienda Sur,Pañales,Bebé,2,8000,16000
287,2026-05-25,Tienda Centro,Galletas,Snacks,1,1000,1000
287,2026-05-25,Tienda Centro,Leche,Lácteos,3,1200,3600
287,2026-05-25,Tienda Centro,Pan molde,Panadería,1,1800,1800
287,2026-05-25,Tienda Centro,Queso,Lácteos,3,4500,13500
288,2026-06-05,Tienda Sur,Agua mineral,Bebidas,1,900,900
289,2026-07-05,Tienda Sur,Cloro,Limpieza,2,1400,2800
290,2026-06-10,Tienda Centro,Esponjas,Limpieza,2,1200,2400
290,2026-06-10,Tienda Centro,Jugo naranja,Bebidas,1,1600,1600
291,2026-05-31,Tienda Centro,Azúcar,Café/Té,1,1300,1300
291,2026-05-31,Tienda Centro,Café,Café/Té,1,4000,4000
292,2026-05-21,Tienda Sur,Esponjas,Limpieza,1,1200,1200
292,2026-05-21,Tienda Sur,Mantequilla,Lácteos,1,2500,2500
292,2026-05-21,Tienda Sur,Maní,Snacks,1,1200,1200
293,2026-06-02,Tienda Centro,Jugo naranja,Bebidas,1,1600,1600
293,2026-06-02,Tienda Centro,Mantequilla,Lácteos,2,2500,5000
294,2026-06-06,Tienda Norte,Pañales,Bebé,1,8000,8000
294,2026-06-06,Tienda Norte,Toallitas húmedas,Bebé,2,2200,4400
295,2026-08-08,Tienda Norte,Cloro,Limpieza,1,1400,1400
295,2026-08-08,Tienda Norte,Galletas,Snacks,1,1000,1000
295,2026-08-08,Tienda Norte,Queso,Lácteos,2,4500,9000
295,2026-08-08,Tienda Norte,Toallitas húmedas,Bebé,1,2200,2200
296,2026-07-08,Tienda Sur,Agua mineral,Bebidas,2,900,1800
296,2026-07-08,Tienda Sur,Bebida cola,Bebidas,1,1500,1500
296,2026-07-08,Tienda Sur,Cerveza,Alcohol,3,3500,10500
296,2026-07-08,Tienda Sur,Mantequilla,Lácteos,1,2500,2500
296,2026-07-08,Tienda Sur,Papas fritas,Snacks,2,1800,3600
297,2026-06-27,Tienda Norte,Queso,Lácteos,1,4500,4500
297,2026-06-27,Tienda Norte,Té,Café/Té,1,2500,2500
298,2026-06-19,Tienda Mall,Azúcar,Café/Té,1,1300,1300
298,2026-06-19,Tienda Mall,Bebida cola,Bebidas,1,1500,1500
298,2026-06-19,Tienda Mall,Café,Café/Té,1,4000,4000
298,2026-06-19,Tienda Mall,Galletas,Snacks,1,1000,1000
299,2026-07-31,Tienda Mall,Cloro,Limpieza,2,1400,2800
299,2026-07-31,Tienda Mall,Yogurt,Lácteos,3,800,2400
300,2026-05-29,Tienda Centro,Agua mineral,Bebidas,3,900,2700
300,2026-05-29,Tienda Centro,Mantequilla,Lácteos,1,2500,2500
300,2026-05-29,Tienda Centro,Pan molde,Panadería,1,1800,1800
301,2026-07-23,Tienda Mall,Croissant,Panadería,1,900,900
301,2026-07-23,Tienda Mall,Papas fritas,Snacks,1,1800,1800
302,2026-06-08,Tienda Sur,Croissant,Panadería,1,900,900
303,2026-06-15,Tienda Norte,Papas fritas,Snacks,1,1800,1800
303,2026-06-15,Tienda Norte,Pañales,Bebé,1,8000,8000
303,2026-06-15,Tienda Norte,Toallitas húmedas,Bebé,1,2200,2200
304,2026-06-19,Tienda Centro,Leche,Lácteos,1,1200,1200
304,2026-06-19,Tienda Centro,Maní,Snacks,1,1200,1200
305,2026-06-28,Tienda Norte,Esponjas,Limpieza,1,1200,1200
306,2026-05-21,Tienda Norte,Té,Café/Té,1,2500,2500
306,2026-05-21,Tienda Norte,Vino tinto,Alcohol,1,5000,5000
307,2026-06-23,Tienda Centro,Cerveza,Alcohol,1,3500,3500
307,2026-06-23,Tienda Centro,Maní,Snacks,1,1200,1200
307,2026-06-23,Tienda Centro,Pan molde,Panadería,1,1800,1800
307,2026-06-23,Tienda Centro,Papas fritas,Snacks,1,1800,1800
308,2026-07-31,Tienda Norte,Agua mineral,Bebidas,2,900,1800
308,2026-07-31,Tienda Norte,Leche,Lácteos,1,1200,1200
309,2026-06-03,Tienda Norte,Bebida cola,Bebidas,1,1500,1500
309,2026-06-03,Tienda Norte,Mantequilla,Lácteos,2,2500,5000
309,2026-06-03,Tienda Norte,Pan hallulla,Panadería,2,1500,3000
309,2026-06-03,Tienda Norte,Pan molde,Panadería,1,1800,1800
309,2026-06-03,Tienda Norte,Papas fritas,Snacks,1,1800,1800
310,2026-06-20,Tienda Mall,Agua mineral,Bebidas,2,900,1800
310,2026-06-20,Tienda Mall,Cerveza,Alcohol,3,3500,10500
310,2026-06-20,Tienda Mall,Croissant,Panadería,3,900,2700
310,2026-06-20,Tienda Mall,Maní,Snacks,1,1200,1200
310,2026-06-20,Tienda Mall,Pañales,Bebé,1,8000,8000
310,2026-06-20,Tienda Mall,Toallitas húmedas,Bebé,1,2200,2200
311,2026-06-28,Tienda Sur,Galletas,Snacks,1,1000,1000
312,2026-06-14,Tienda Sur,Jugo naranja,Bebidas,1,1600,1600
312,2026-06-14,Tienda Sur,Toallitas húmedas,Bebé,1,2200,2200
313,2026-07-22,Tienda Norte,Azúcar,Café/Té,1,1300,1300
313,2026-07-22,Tienda Norte,Bebida cola,Bebidas,1,1500,1500
313,2026-07-22,Tienda Norte,Mantequilla,Lácteos,1,2500,2500
313,2026-07-22,Tienda Norte,Papas fritas,Snacks,2,1800,3600
314,2026-05-21,Tienda Sur,Cloro,Limpieza,1,1400,1400
315,2026-06-28,Tienda Centro,Bebida cola,Bebidas,1,1500,1500
315,2026-06-28,Tienda Centro,Maní,Snacks,3,1200,3600
316,2026-06-24,Tienda Centro,Bebida cola,Bebidas,1,1500,1500
317,2026-08-17,Tienda Sur,Cerveza,Alcohol,2,3500,7000
317,2026-08-17,Tienda Sur,Croissant,Panadería,1,900,900
317,2026-08-17,Tienda Sur,Pañales,Bebé,1,8000,8000
317,2026-08-17,Tienda Sur,Toallitas húmedas,Bebé,1,2200,2200
318,2026-06-05,Tienda Norte,Cerveza,Alcohol,1,3500,3500
318,2026-06-05,Tienda Norte,Papas fritas,Snacks,1,1800,1800
319,2026-05-29,Tienda Norte,Cerveza,Alcohol,1,3500,3500
319,2026-05-29,Tienda Norte,Pañales,Bebé,1,8000,8000
319,2026-05-29,Tienda Norte,Toallitas húmedas,Bebé,1,2200,2200
320,2026-07-04,Tienda Norte,Agua mineral,Bebidas,2,900,1800
320,2026-07-04,Tienda Norte,Galletas,Snacks,1,1000,1000
321,2026-08-15,Tienda Sur,Esponjas,Limpieza,1,1200,1200
321,2026-08-15,Tienda Sur,Mantequilla,Lácteos,2,2500,5000
321,2026-08-15,Tienda Sur,Pan hallulla,Panadería,3,1500,4500
321,2026-08-15,Tienda Sur,Toallitas húmedas,Bebé,1,2200,2200
322,2026-05-26,Tienda Sur,Pan molde,Panadería,1,1800,1800
322,2026-05-26,Tienda Sur,Yogurt,Lácteos,1,800,800
323,2026-06-01,Tienda Mall,Mantequilla,Lácteos,1,2500,2500
324,2026-05-27,Tienda Norte,Papas fritas,Snacks,1,1800,1800
325,2026-08-08,Tienda Centro,Agua mineral,Bebidas,1,900,900
325,2026-08-08,Tienda Centro,Croissant,Panadería,1,900,900
326,2026-08-10,Tienda Mall,Cerveza,Alcohol,1,3500,3500
326,2026-08-10,Tienda Mall,Croissant,Panadería,1,900,900
326,2026-08-10,Tienda Mall,Leche,Lácteos,2,1200,2400
326,2026-08-10,Tienda Mall,Papas fritas,Snacks,1,1800,1800
327,2026-05-23,Tienda Mall,Queso,Lácteos,1,4500,4500
327,2026-05-23,Tienda Mall,Vino tinto,Alcohol,1,5000,5000
327,2026-05-23,Tienda Mall,Yogurt,Lácteos,1,800,800
328,2026-08-06,Tienda Norte,Azúcar,Café/Té,1,1300,1300
328,2026-08-06,Tienda Norte,Café,Café/Té,1,4000,4000
328,2026-08-06,Tienda Norte,Galletas,Snacks,1,1000,1000
328,2026-08-06,Tienda Norte,Maní,Snacks,2,1200,2400
329,2026-06-20,Tienda Centro,Azúcar,Café/Té,1,1300,1300
329,2026-06-20,Tienda Centro,Café,Café/Té,1,4000,4000
329,2026-06-20,Tienda Centro,Esponjas,Limpieza,1,1200,1200
329,2026-06-20,Tienda Centro,Vino tinto,Alcohol,1,5000,5000
330,2026-05-23,Tienda Sur,Azúcar,Café/Té,3,1300,3900
330,2026-05-23,Tienda Sur,Café,Café/Té,3,4000,12000
331,2026-06-01,Tienda Norte,Agua mineral,Bebidas,1,900,900
331,2026-06-01,Tienda Norte,Azúcar,Café/Té,3,1300,3900
331,2026-06-01,Tienda Norte,Pan hallulla,Panadería,1,1500,1500
332,2026-06-11,Tienda Norte,Cerveza,Alcohol,2,3500,7000
332,2026-06-11,Tienda Norte,Esponjas,Limpieza,1,1200,1200
332,2026-06-11,Tienda Norte,Papas fritas,Snacks,1,1800,1800
333,2026-06-07,Tienda Norte,Azúcar,Café/Té,1,1300,1300
333,2026-06-07,Tienda Norte,Café,Café/Té,1,4000,4000
333,2026-06-07,Tienda Norte,Galletas,Snacks,1,1000,1000
333,2026-06-07,Tienda Norte,Jugo naranja,Bebidas,1,1600,1600
334,2026-07-01,Tienda Norte,Cerveza,Alcohol,1,3500,3500
334,2026-07-01,Tienda Norte,Esponjas,Limpieza,1,1200,1200
334,2026-07-01,Tienda Norte,Yogurt,Lácteos,1,800,800
335,2026-06-07,Tienda Centro,Croissant,Panadería,1,900,900
335,2026-06-07,Tienda Centro,Esponjas,Limpieza,1,1200,1200
335,2026-06-07,Tienda Centro,Vino tinto,Alcohol,1,5000,5000
336,2026-06-06,Tienda Norte,Café,Café/Té,3,4000,12000
336,2026-06-06,Tienda Norte,Detergente,Limpieza,2,5500,11000
336,2026-06-06,Tienda Norte,Esponjas,Limpieza,1,1200,1200
336,2026-06-06,Tienda Norte,Maní,Snacks,1,1200,1200
337,2026-06-11,Tienda Mall,Esponjas,Limpieza,1,1200,1200
337,2026-06-11,Tienda Mall,Jugo naranja,Bebidas,2,1600,3200
338,2026-08-17,Tienda Mall,Pan hallulla,Panadería,1,1500,1500
338,2026-08-17,Tienda Mall,Pañales,Bebé,3,8000,24000
338,2026-08-17,Tienda Mall,Queso,Lácteos,1,4500,4500
338,2026-08-17,Tienda Mall,Toallitas húmedas,Bebé,2,2200,4400
338,2026-08-17,Tienda Mall,Yogurt,Lácteos,1,800,800
339,2026-06-29,Tienda Norte,Cloro,Limpieza,1,1400,1400
339,2026-06-29,Tienda Norte,Croissant,Panadería,2,900,1800
339,2026-06-29,Tienda Norte,Esponjas,Limpieza,1,1200,1200
340,2026-06-22,Tienda Norte,Croissant,Panadería,1,900,900
340,2026-06-22,Tienda Norte,Queso,Lácteos,1,4500,4500
340,2026-06-22,Tienda Norte,Vino tinto,Alcohol,1,5000,5000
341,2026-07-12,Tienda Norte,Azúcar,Café/Té,2,1300,2600
341,2026-07-12,Tienda Norte,Café,Café/Té,1,4000,4000
341,2026-07-12,Tienda Norte,Galletas,Snacks,1,1000,1000
341,2026-07-12,Tienda Norte,Papas fritas,Snacks,1,1800,1800
341,2026-07-12,Tienda Norte,Queso,Lácteos,1,4500,4500
341,2026-07-12,Tienda Norte,Vino tinto,Alcohol,2,5000,10000
342,2026-06-26,Tienda Centro,Croissant,Panadería,1,900,900
342,2026-06-26,Tienda Centro,Leche,Lácteos,2,1200,2400
343,2026-06-09,Tienda Centro,Cerveza,Alcohol,1,3500,3500
343,2026-06-09,Tienda Centro,Croissant,Panadería,1,900,900
343,2026-06-09,Tienda Centro,Papas fritas,Snacks,3,1800,5400
344,2026-06-10,Tienda Mall,Leche,Lácteos,1,1200,1200
345,2026-06-13,Tienda Mall,Agua mineral,Bebidas,1,900,900
345,2026-06-13,Tienda Mall,Azúcar,Café/Té,1,1300,1300
345,2026-06-13,Tienda Mall,Cloro,Limpieza,1,1400,1400
346,2026-08-01,Tienda Mall,Queso,Lácteos,1,4500,4500
346,2026-08-01,Tienda Mall,Vino tinto,Alcohol,2,5000,10000
347,2026-08-08,Tienda Mall,Mantequilla,Lácteos,3,2500,7500
347,2026-08-08,Tienda Mall,Pan molde,Panadería,1,1800,1800
348,2026-06-03,Tienda Sur,Agua mineral,Bebidas,1,900,900
348,2026-06-03,Tienda Sur,Azúcar,Café/Té,2,1300,2600
348,2026-06-03,Tienda Sur,Café,Café/Té,1,4000,4000
348,2026-06-03,Tienda Sur,Cloro,Limpieza,1,1400,1400
349,2026-06-22,Tienda Mall,Agua mineral,Bebidas,1,900,900
349,2026-06-22,Tienda Mall,Bebida cola,Bebidas,1,1500,1500
350,2026-06-01,Tienda Centro,Azúcar,Café/Té,1,1300,1300
350,2026-06-01,Tienda Centro,Cerveza,Alcohol,1,3500,3500
350,2026-06-01,Tienda Centro,Maní,Snacks,3,1200,3600
350,2026-06-01,Tienda Centro,Pañales,Bebé,1,8000,8000
350,2026-06-01,Tienda Centro,Toallitas húmedas,Bebé,3,2200,6600
351,2026-08-01,Tienda Norte,Croissant,Panadería,2,900,1800
351,2026-08-01,Tienda Norte,Papas fritas,Snacks,2,1800,3600
352,2026-07-23,Tienda Norte,Galletas,Snacks,1,1000,1000
353,2026-06-10,Tienda Norte,Mantequilla,Lácteos,1,2500,2500
353,2026-06-10,Tienda Norte,Maní,Snacks,2,1200,2400
353,2026-06-10,Tienda Norte,Pan hallulla,Panadería,1,1500,1500
354,2026-08-04,Tienda Sur,Croissant,Panadería,1,900,900
354,2026-08-04,Tienda Sur,Papas fritas,Snacks,1,1800,1800
355,2026-06-24,Tienda Mall,Esponjas,Limpieza,1,1200,1200
355,2026-06-24,Tienda Mall,Mantequilla,Lácteos,2,2500,5000
355,2026-06-24,Tienda Mall,Pan molde,Panadería,3,1800,5400
355,2026-06-24,Tienda Mall,Pañales,Bebé,3,8000,24000
355,2026-06-24,Tienda Mall,Queso,Lácteos,1,4500,4500
355,2026-06-24,Tienda Mall,Toallitas húmedas,Bebé,1,2200,2200
356,2026-06-25,Tienda Sur,Agua mineral,Bebidas,1,900,900
356,2026-06-25,Tienda Sur,Detergente,Limpieza,1,5500,5500
356,2026-06-25,Tienda Sur,Papas fritas,Snacks,1,1800,1800
357,2026-08-05,Tienda Mall,Cerveza,Alcohol,1,3500,3500
357,2026-08-05,Tienda Mall,Maní,Snacks,1,1200,1200
358,2026-07-06,Tienda Centro,Agua mineral,Bebidas,2,900,1800
358,2026-07-06,Tienda Centro,Jugo naranja,Bebidas,2,1600,3200
359,2026-08-15,Tienda Centro,Bebida cola,Bebidas,1,1500,1500
359,2026-08-15,Tienda Centro,Galletas,Snacks,2,1000,2000
359,2026-08-15,Tienda Centro,Jugo naranja,Bebidas,1,1600,1600
359,2026-08-15,Tienda Centro,Mantequilla,Lácteos,1,2500,2500
360,2026-07-15,Tienda Norte,Azúcar,Café/Té,1,1300,1300
360,2026-07-15,Tienda Norte,Café,Café/Té,1,4000,4000
360,2026-07-15,Tienda Norte,Maní,Snacks,2,1200,2400
360,2026-07-15,Tienda Norte,Queso,Lácteos,2,4500,9000
360,2026-07-15,Tienda Norte,Té,Café/Té,1,2500,2500
360,2026-07-15,Tienda Norte,Vino tinto,Alcohol,1,5000,5000
361,2026-06-14,Tienda Centro,Galletas,Snacks,1,1000,1000
361,2026-06-14,Tienda Centro,Pan hallulla,Panadería,2,1500,3000
362,2026-07-23,Tienda Mall,Cloro,Limpieza,1,1400,1400
362,2026-07-23,Tienda Mall,Leche,Lácteos,3,1200,3600
362,2026-07-23,Tienda Mall,Mantequilla,Lácteos,1,2500,2500
362,2026-07-23,Tienda Mall,Pan molde,Panadería,1,1800,1800
363,2026-07-03,Tienda Norte,Agua mineral,Bebidas,1,900,900
363,2026-07-03,Tienda Norte,Croissant,Panadería,1,900,900
363,2026-07-03,Tienda Norte,Esponjas,Limpieza,1,1200,1200
364,2026-08-01,Tienda Norte,Bebida cola,Bebidas,2,1500,3000
364,2026-08-01,Tienda Norte,Cloro,Limpieza,3,1400,4200
364,2026-08-01,Tienda Norte,Detergente,Limpieza,1,5500,5500
365,2026-07-19,Tienda Norte,Bebida cola,Bebidas,3,1500,4500
365,2026-07-19,Tienda Norte,Pan molde,Panadería,1,1800,1800
365,2026-07-19,Tienda Norte,Papas fritas,Snacks,1,1800,1800
365,2026-07-19,Tienda Norte,Queso,Lácteos,1,4500,4500
365,2026-07-19,Tienda Norte,Toallitas húmedas,Bebé,1,2200,2200
366,2026-06-21,Tienda Norte,Cloro,Limpieza,1,1400,1400
366,2026-06-21,Tienda Norte,Té,Café/Té,1,2500,2500
367,2026-07-24,Tienda Sur,Jugo naranja,Bebidas,1,1600,1600
367,2026-07-24,Tienda Sur,Toallitas húmedas,Bebé,1,2200,2200
368,2026-05-28,Tienda Sur,Agua mineral,Bebidas,1,900,900
368,2026-05-28,Tienda Sur,Cerveza,Alcohol,1,3500,3500
368,2026-05-28,Tienda Sur,Detergente,Limpieza,2,5500,11000
368,2026-05-28,Tienda Sur,Esponjas,Limpieza,2,1200,2400
368,2026-05-28,Tienda Sur,Papas fritas,Snacks,1,1800,1800
369,2026-06-29,Tienda Norte,Azúcar,Café/Té,2,1300,2600
369,2026-06-29,Tienda Norte,Café,Café/Té,1,4000,4000
369,2026-06-29,Tienda Norte,Cloro,Limpieza,1,1400,1400
369,2026-06-29,Tienda Norte,Detergente,Limpieza,2,5500,11000
369,2026-06-29,Tienda Norte,Galletas,Snacks,1,1000,1000
369,2026-06-29,Tienda Norte,Jugo naranja,Bebidas,1,1600,1600
370,2026-07-19,Tienda Sur,Cloro,Limpieza,2,1400,2800
370,2026-07-19,Tienda Sur,Yogurt,Lácteos,1,800,800
371,2026-06-01,Tienda Mall,Agua mineral,Bebidas,2,900,1800
372,2026-07-30,Tienda Norte,Bebida cola,Bebidas,1,1500,1500
372,2026-07-30,Tienda Norte,Cerveza,Alcohol,1,3500,3500
372,2026-07-30,Tienda Norte,Cloro,Limpieza,2,1400,2800
372,2026-07-30,Tienda Norte,Croissant,Panadería,1,900,900
372,2026-07-30,Tienda Norte,Detergente,Limpieza,2,5500,11000
372,2026-07-30,Tienda Norte,Maní,Snacks,1,1200,1200
372,2026-07-30,Tienda Norte,Papas fritas,Snacks,3,1800,5400
373,2026-05-29,Tienda Mall,Azúcar,Café/Té,1,1300,1300
373,2026-05-29,Tienda Mall,Cloro,Limpieza,1,1400,1400
373,2026-05-29,Tienda Mall,Leche,Lácteos,2,1200,2400
373,2026-05-29,Tienda Mall,Té,Café/Té,1,2500,2500
374,2026-06-14,Tienda Sur,Galletas,Snacks,1,1000,1000
374,2026-06-14,Tienda Sur,Pañales,Bebé,1,8000,8000
374,2026-06-14,Tienda Sur,Toallitas húmedas,Bebé,1,2200,2200
375,2026-06-11,Tienda Sur,Agua mineral,Bebidas,1,900,900
375,2026-06-11,Tienda Sur,Galletas,Snacks,1,1000,1000
375,2026-06-11,Tienda Sur,Mantequilla,Lácteos,2,2500,5000
375,2026-06-11,Tienda Sur,Pan molde,Panadería,2,1800,3600
376,2026-06-05,Tienda Mall,Azúcar,Café/Té,1,1300,1300
376,2026-06-05,Tienda Mall,Café,Café/Té,1,4000,4000
376,2026-06-05,Tienda Mall,Galletas,Snacks,1,1000,1000
376,2026-06-05,Tienda Mall,Maní,Snacks,1,1200,1200
376,2026-06-05,Tienda Mall,Papas fritas,Snacks,2,1800,3600
377,2026-06-13,Tienda Centro,Bebida cola,Bebidas,1,1500,1500
377,2026-06-13,Tienda Centro,Detergente,Limpieza,1,5500,5500
377,2026-06-13,Tienda Centro,Esponjas,Limpieza,1,1200,1200
377,2026-06-13,Tienda Centro,Papas fritas,Snacks,1,1800,1800
378,2026-06-26,Tienda Mall,Azúcar,Café/Té,3,1300,3900
378,2026-06-26,Tienda Mall,Cerveza,Alcohol,1,3500,3500
378,2026-06-26,Tienda Mall,Papas fritas,Snacks,2,1800,3600
378,2026-06-26,Tienda Mall,Toallitas húmedas,Bebé,1,2200,2200
378,2026-06-26,Tienda Mall,Té,Café/Té,2,2500,5000
379,2026-07-10,Tienda Centro,Mantequilla,Lácteos,2,2500,5000
379,2026-07-10,Tienda Centro,Queso,Lácteos,1,4500,4500
380,2026-06-10,Tienda Centro,Cloro,Limpieza,1,1400,1400
380,2026-06-10,Tienda Centro,Detergente,Limpieza,1,5500,5500
380,2026-06-10,Tienda Centro,Pan hallulla,Panadería,1,1500,1500
381,2026-05-22,Tienda Centro,Galletas,Snacks,1,1000,1000
381,2026-05-22,Tienda Centro,Maní,Snacks,1,1200,1200
381,2026-05-22,Tienda Centro,Papas fritas,Snacks,2,1800,3600
382,2026-06-15,Tienda Centro,Cloro,Limpieza,1,1400,1400
382,2026-06-15,Tienda Centro,Leche,Lácteos,1,1200,1200
383,2026-08-05,Tienda Norte,Leche,Lácteos,1,1200,1200
383,2026-08-05,Tienda Norte,Té,Café/Té,1,2500,2500
384,2026-06-02,Tienda Mall,Queso,Lácteos,2,4500,9000
385,2026-07-25,Tienda Norte,Jugo naranja,Bebidas,1,1600,1600
385,2026-07-25,Tienda Norte,Maní,Snacks,1,1200,1200
386,2026-06-15,Tienda Mall,Cloro,Limpieza,1,1400,1400
386,2026-06-15,Tienda Mall,Mantequilla,Lácteos,1,2500,2500
386,2026-06-15,Tienda Mall,Pan molde,Panadería,3,1800,5400
386,2026-06-15,Tienda Mall,Queso,Lácteos,2,4500,9000
387,2026-05-29,Tienda Centro,Bebida cola,Bebidas,2,1500,3000
387,2026-05-29,Tienda Centro,Cloro,Limpieza,2,1400,2800
387,2026-05-29,Tienda Centro,Detergente,Limpieza,1,5500,5500
387,2026-05-29,Tienda Centro,Esponjas,Limpieza,1,1200,1200
387,2026-05-29,Tienda Centro,Galletas,Snacks,1,1000,1000
387,2026-05-29,Tienda Centro,Jugo naranja,Bebidas,1,1600,1600
388,2026-05-25,Tienda Centro,Cloro,Limpieza,3,1400,4200
388,2026-05-25,Tienda Centro,Detergente,Limpieza,1,5500,5500
388,2026-05-25,Tienda Centro,Yogurt,Lácteos,2,800,1600
389,2026-07-06,Tienda Sur,Papas fritas,Snacks,1,1800,1800
390,2026-07-17,Tienda Sur,Azúcar,Café/Té,1,1300,1300
390,2026-07-17,Tienda Sur,Café,Café/Té,1,4000,4000
390,2026-07-17,Tienda Sur,Esponjas,Limpieza,1,1200,1200
390,2026-07-17,Tienda Sur,Maní,Snacks,3,1200,3600
391,2026-06-09,Tienda Centro,Azúcar,Café/Té,1,1300,1300
391,2026-06-09,Tienda Centro,Café,Café/Té,1,4000,4000
391,2026-06-09,Tienda Centro,Pañales,Bebé,1,8000,8000
392,2026-06-05,Tienda Mall,Galletas,Snacks,1,1000,1000
392,2026-06-05,Tienda Mall,Leche,Lácteos,2,1200,2400
392,2026-06-05,Tienda Mall,Mantequilla,Lácteos,1,2500,2500
392,2026-06-05,Tienda Mall,Maní,Snacks,2,1200,2400
392,2026-06-05,Tienda Mall,Pan hallulla,Panadería,2,1500,3000
393,2026-06-17,Tienda Sur,Esponjas,Limpieza,1,1200,1200
393,2026-06-17,Tienda Sur,Toallitas húmedas,Bebé,1,2200,2200
394,2026-06-20,Tienda Mall,Cloro,Limpieza,1,1400,1400
394,2026-06-20,Tienda Mall,Detergente,Limpieza,3,5500,16500
395,2026-05-26,Tienda Centro,Azúcar,Café/Té,1,1300,1300
395,2026-05-26,Tienda Centro,Café,Café/Té,1,4000,4000
395,2026-05-26,Tienda Centro,Té,Café/Té,3,2500,7500
395,2026-05-26,Tienda Centro,Yogurt,Lácteos,1,800,800
396,2026-06-17,Tienda Mall,Bebida cola,Bebidas,2,1500,3000
396,2026-06-17,Tienda Mall,Croissant,Panadería,1,900,900
397,2026-07-22,Tienda Mall,Azúcar,Café/Té,2,1300,2600
397,2026-07-22,Tienda Mall,Café,Café/Té,2,4000,8000
397,2026-07-22,Tienda Mall,Cloro,Limpieza,3,1400,4200
397,2026-07-22,Tienda Mall,Detergente,Limpieza,1,5500,5500
398,2026-07-24,Tienda Norte,Cerveza,Alcohol,1,3500,3500
398,2026-07-24,Tienda Norte,Galletas,Snacks,2,1000,2000
398,2026-07-24,Tienda Norte,Vino tinto,Alcohol,1,5000,5000
399,2026-08-12,Tienda Sur,Bebida cola,Bebidas,1,1500,1500
399,2026-08-12,Tienda Sur,Cloro,Limpieza,1,1400,1400
399,2026-08-12,Tienda Sur,Leche,Lácteos,2,1200,2400
399,2026-08-12,Tienda Sur,Papas fritas,Snacks,1,1800,1800
400,2026-07-06,Tienda Centro,Yogurt,Lácteos,1,800,800
401,2026-07-11,Tienda Centro,Leche,Lácteos,3,1200,3600
401,2026-07-11,Tienda Centro,Queso,Lácteos,1,4500,4500
402,2026-07-17,Tienda Norte,Leche,Lácteos,1,1200,1200
402,2026-07-17,Tienda Norte,Maní,Snacks,2,1200,2400
402,2026-07-17,Tienda Norte,Pan hallulla,Panadería,1,1500,1500
403,2026-08-12,Tienda Norte,Azúcar,Café/Té,1,1300,1300
403,2026-08-12,Tienda Norte,Mantequilla,Lácteos,1,2500,2500
403,2026-08-12,Tienda Norte,Pan hallulla,Panadería,2,1500,3000
403,2026-08-12,Tienda Norte,Pan molde,Panadería,1,1800,1800
403,2026-08-12,Tienda Norte,Té,Café/Té,1,2500,2500
404,2026-08-04,Tienda Sur,Maní,Snacks,3,1200,3600
404,2026-08-04,Tienda Sur,Papas fritas,Snacks,2,1800,3600
405,2026-06-20,Tienda Sur,Cerveza,Alcohol,1,3500,3500
405,2026-06-20,Tienda Sur,Jugo naranja,Bebidas,2,1600,3200
405,2026-06-20,Tienda Sur,Maní,Snacks,2,1200,2400
405,2026-06-20,Tienda Sur,Papas fritas,Snacks,1,1800,1800
406,2026-08-17,Tienda Sur,Azúcar,Café/Té,1,1300,1300
406,2026-08-17,Tienda Sur,Cloro,Limpieza,1,1400,1400
406,2026-08-17,Tienda Sur,Detergente,Limpieza,1,5500,5500
406,2026-08-17,Tienda Sur,Queso,Lácteos,3,4500,13500
407,2026-08-11,Tienda Norte,Cloro,Limpieza,1,1400,1400
407,2026-08-11,Tienda Norte,Detergente,Limpieza,1,5500,5500
407,2026-08-11,Tienda Norte,Esponjas,Limpieza,1,1200,1200
408,2026-08-13,Tienda Mall,Azúcar,Café/Té,2,1300,2600
408,2026-08-13,Tienda Mall,Jugo naranja,Bebidas,1,1600,1600
408,2026-08-13,Tienda Mall,Maní,Snacks,1,1200,1200
409,2026-06-07,Tienda Centro,Agua mineral,Bebidas,3,900,2700
409,2026-06-07,Tienda Centro,Queso,Lácteos,1,4500,4500
409,2026-06-07,Tienda Centro,Yogurt,Lácteos,1,800,800
410,2026-05-27,Tienda Sur,Azúcar,Café/Té,1,1300,1300
410,2026-05-27,Tienda Sur,Mantequilla,Lácteos,1,2500,2500
410,2026-05-27,Tienda Sur,Pan hallulla,Panadería,1,1500,1500
411,2026-06-17,Tienda Mall,Esponjas,Limpieza,1,1200,1200
411,2026-06-17,Tienda Mall,Jugo naranja,Bebidas,1,1600,1600
412,2026-07-07,Tienda Mall,Cerveza,Alcohol,2,3500,7000
412,2026-07-07,Tienda Mall,Cloro,Limpieza,1,1400,1400
412,2026-07-07,Tienda Mall,Maní,Snacks,2,1200,2400
413,2026-07-15,Tienda Norte,Detergente,Limpieza,1,5500,5500
413,2026-07-15,Tienda Norte,Esponjas,Limpieza,1,1200,1200
413,2026-07-15,Tienda Norte,Pañales,Bebé,1,8000,8000
413,2026-07-15,Tienda Norte,Queso,Lácteos,1,4500,4500
413,2026-07-15,Tienda Norte,Vino tinto,Alcohol,1,5000,5000
414,2026-07-07,Tienda Centro,Agua mineral,Bebidas,1,900,900
414,2026-07-07,Tienda Centro,Azúcar,Café/Té,1,1300,1300
415,2026-06-21,Tienda Centro,Esponjas,Limpieza,1,1200,1200
415,2026-06-21,Tienda Centro,Mantequilla,Lácteos,3,2500,7500
416,2026-08-04,Tienda Centro,Cloro,Limpieza,1,1400,1400
416,2026-08-04,Tienda Centro,Detergente,Limpieza,1,5500,5500
416,2026-08-04,Tienda Centro,Toallitas húmedas,Bebé,2,2200,4400
417,2026-07-26,Tienda Norte,Azúcar,Café/Té,1,1300,1300
417,2026-07-26,Tienda Norte,Croissant,Panadería,1,900,900
417,2026-07-26,Tienda Norte,Maní,Snacks,2,1200,2400
417,2026-07-26,Tienda Norte,Té,Café/Té,1,2500,2500
417,2026-07-26,Tienda Norte,Yogurt,Lácteos,1,800,800
418,2026-06-26,Tienda Norte,Azúcar,Café/Té,1,1300,1300
418,2026-06-26,Tienda Norte,Café,Café/Té,1,4000,4000
418,2026-06-26,Tienda Norte,Toallitas húmedas,Bebé,2,2200,4400
418,2026-06-26,Tienda Norte,Té,Café/Té,1,2500,2500
419,2026-08-07,Tienda Norte,Cerveza,Alcohol,1,3500,3500
419,2026-08-07,Tienda Norte,Cloro,Limpieza,2,1400,2800
419,2026-08-07,Tienda Norte,Leche,Lácteos,2,1200,2400
419,2026-08-07,Tienda Norte,Papas fritas,Snacks,1,1800,1800
420,2026-07-24,Tienda Mall,Cloro,Limpieza,3,1400,4200
420,2026-07-24,Tienda Mall,Detergente,Limpieza,1,5500,5500
420,2026-07-24,Tienda Mall,Jugo naranja,Bebidas,3,1600,4800
421,2026-07-27,Tienda Centro,Cloro,Limpieza,1,1400,1400
421,2026-07-27,Tienda Centro,Detergente,Limpieza,1,5500,5500
421,2026-07-27,Tienda Centro,Queso,Lácteos,1,4500,4500
422,2026-08-17,Tienda Mall,Cloro,Limpieza,1,1400,1400
422,2026-08-17,Tienda Mall,Croissant,Panadería,2,900,1800
422,2026-08-17,Tienda Mall,Mantequilla,Lácteos,1,2500,2500
423,2026-05-29,Tienda Centro,Agua mineral,Bebidas,1,900,900
424,2026-08-01,Tienda Norte,Detergente,Limpieza,1,5500,5500
424,2026-08-01,Tienda Norte,Esponjas,Limpieza,1,1200,1200
424,2026-08-01,Tienda Norte,Galletas,Snacks,1,1000,1000
424,2026-08-01,Tienda Norte,Maní,Snacks,2,1200,2400
424,2026-08-01,Tienda Norte,Papas fritas,Snacks,1,1800,1800
425,2026-08-02,Tienda Centro,Croissant,Panadería,1,900,900
425,2026-08-02,Tienda Centro,Queso,Lácteos,1,4500,4500
425,2026-08-02,Tienda Centro,Té,Café/Té,2,2500,5000
425,2026-08-02,Tienda Centro,Vino tinto,Alcohol,1,5000,5000
426,2026-07-09,Tienda Centro,Azúcar,Café/Té,1,1300,1300
426,2026-07-09,Tienda Centro,Bebida cola,Bebidas,2,1500,3000
426,2026-07-09,Tienda Centro,Papas fritas,Snacks,1,1800,1800
427,2026-08-09,Tienda Norte,Detergente,Limpieza,1,5500,5500
427,2026-08-09,Tienda Norte,Esponjas,Limpieza,1,1200,1200
427,2026-08-09,Tienda Norte,Vino tinto,Alcohol,1,5000,5000
428,2026-07-09,Tienda Centro,Queso,Lácteos,1,4500,4500
428,2026-07-09,Tienda Centro,Vino tinto,Alcohol,1,5000,5000
429,2026-06-09,Tienda Norte,Agua mineral,Bebidas,1,900,900
429,2026-06-09,Tienda Norte,Queso,Lácteos,1,4500,4500
430,2026-07-31,Tienda Centro,Azúcar,Café/Té,1,1300,1300
430,2026-07-31,Tienda Centro,Detergente,Limpieza,1,5500,5500
430,2026-07-31,Tienda Centro,Esponjas,Limpieza,2,1200,2400
430,2026-07-31,Tienda Centro,Galletas,Snacks,1,1000,1000
431,2026-07-01,Tienda Sur,Cloro,Limpieza,1,1400,1400
431,2026-07-01,Tienda Sur,Detergente,Limpieza,1,5500,5500
431,2026-07-01,Tienda Sur,Esponjas,Limpieza,1,1200,1200
432,2026-07-01,Tienda Sur,Mantequilla,Lácteos,1,2500,2500
432,2026-07-01,Tienda Sur,Pañales,Bebé,2,8000,16000
432,2026-07-01,Tienda Sur,Queso,Lácteos,2,4500,9000
432,2026-07-01,Tienda Sur,Vino tinto,Alcohol,1,5000,5000
433,2026-06-24,Tienda Sur,Cerveza,Alcohol,1,3500,3500
434,2026-06-28,Tienda Mall,Detergente,Limpieza,2,5500,11000
434,2026-06-28,Tienda Mall,Yogurt,Lácteos,1,800,800
435,2026-07-27,Tienda Norte,Croissant,Panadería,2,900,1800
435,2026-07-27,Tienda Norte,Detergente,Limpieza,1,5500,5500
436,2026-08-02,Tienda Mall,Azúcar,Café/Té,1,1300,1300
436,2026-08-02,Tienda Mall,Mantequilla,Lácteos,1,2500,2500
436,2026-08-02,Tienda Mall,Pan hallulla,Panadería,1,1500,1500
436,2026-08-02,Tienda Mall,Queso,Lácteos,1,4500,4500
437,2026-08-03,Tienda Sur,Azúcar,Café/Té,1,1300,1300
437,2026-08-03,Tienda Sur,Té,Café/Té,1,2500,2500
438,2026-08-12,Tienda Norte,Cloro,Limpieza,2,1400,2800
438,2026-08-12,Tienda Norte,Toallitas húmedas,Bebé,1,2200,2200
438,2026-08-12,Tienda Norte,Yogurt,Lácteos,1,800,800
439,2026-07-31,Tienda Norte,Azúcar,Café/Té,1,1300,1300
439,2026-07-31,Tienda Norte,Café,Café/Té,2,4000,8000
439,2026-07-31,Tienda Norte,Mantequilla,Lácteos,1,2500,2500
439,2026-07-31,Tienda Norte,Pan hallulla,Panadería,1,1500,1500
439,2026-07-31,Tienda Norte,Queso,Lácteos,1,4500,4500
439,2026-07-31,Tienda Norte,Vino tinto,Alcohol,1,5000,5000
440,2026-08-11,Tienda Sur,Té,Café/Té,1,2500,2500
441,2026-06-22,Tienda Norte,Papas fritas,Snacks,2,1800,3600
441,2026-06-22,Tienda Norte,Vino tinto,Alcohol,1,5000,5000
442,2026-06-21,Tienda Mall,Azúcar,Café/Té,2,1300,2600
442,2026-06-21,Tienda Mall,Bebida cola,Bebidas,1,1500,1500
442,2026-06-21,Tienda Mall,Papas fritas,Snacks,2,1800,3600
442,2026-06-21,Tienda Mall,Té,Café/Té,1,2500,2500
442,2026-06-21,Tienda Mall,Vino tinto,Alcohol,1,5000,5000
443,2026-07-24,Tienda Sur,Vino tinto,Alcohol,2,5000,10000
443,2026-07-24,Tienda Sur,Yogurt,Lácteos,1,800,800
444,2026-07-12,Tienda Sur,Azúcar,Café/Té,1,1300,1300
444,2026-07-12,Tienda Sur,Café,Café/Té,1,4000,4000
444,2026-07-12,Tienda Sur,Cloro,Limpieza,1,1400,1400
444,2026-07-12,Tienda Sur,Queso,Lácteos,1,4500,4500
445,2026-06-06,Tienda Centro,Mantequilla,Lácteos,3,2500,7500
445,2026-06-06,Tienda Centro,Pan hallulla,Panadería,1,1500,1500
445,2026-06-06,Tienda Centro,Queso,Lácteos,1,4500,4500
445,2026-06-06,Tienda Centro,Yogurt,Lácteos,1,800,800
446,2026-08-12,Tienda Sur,Café,Café/Té,2,4000,8000
446,2026-08-12,Tienda Sur,Galletas,Snacks,1,1000,1000
446,2026-08-12,Tienda Sur,Queso,Lácteos,2,4500,9000
446,2026-08-12,Tienda Sur,Toallitas húmedas,Bebé,2,2200,4400
447,2026-06-12,Tienda Sur,Cloro,Limpieza,1,1400,1400
448,2026-07-17,Tienda Centro,Mantequilla,Lácteos,1,2500,2500
448,2026-07-17,Tienda Centro,Papas fritas,Snacks,1,1800,1800
449,2026-07-23,Tienda Mall,Leche,Lácteos,1,1200,1200
449,2026-07-23,Tienda Mall,Toallitas húmedas,Bebé,1,2200,2200
449,2026-07-23,Tienda Mall,Yogurt,Lácteos,1,800,800
450,2026-07-27,Tienda Centro,Cloro,Limpieza,1,1400,1400
451,2026-08-05,Tienda Centro,Cloro,Limpieza,1,1400,1400
451,2026-08-05,Tienda Centro,Detergente,Limpieza,1,5500,5500
451,2026-08-05,Tienda Centro,Maní,Snacks,1,1200,1200
452,2026-07-20,Tienda Mall,Cerveza,Alcohol,1,3500,3500
452,2026-07-20,Tienda Mall,Esponjas,Limpieza,1,1200,1200
452,2026-07-20,Tienda Mall,Pañales,Bebé,2,8000,16000
452,2026-07-20,Tienda Mall,Toallitas húmedas,Bebé,1,2200,2200
453,2026-07-28,Tienda Mall,Esponjas,Limpieza,1,1200,1200
453,2026-07-28,Tienda Mall,Pan molde,Panadería,1,1800,1800
453,2026-07-28,Tienda Mall,Queso,Lácteos,1,4500,4500
454,2026-06-15,Tienda Sur,Leche,Lácteos,1,1200,1200
454,2026-06-15,Tienda Sur,Mantequilla,Lácteos,1,2500,2500
455,2026-06-22,Tienda Mall,Agua mineral,Bebidas,3,900,2700
455,2026-06-22,Tienda Mall,Toallitas húmedas,Bebé,1,2200,2200
456,2026-06-15,Tienda Mall,Azúcar,Café/Té,1,1300,1300
456,2026-06-15,Tienda Mall,Café,Café/Té,3,4000,12000
457,2026-08-01,Tienda Sur,Cloro,Limpieza,1,1400,1400
457,2026-08-01,Tienda Sur,Mantequilla,Lácteos,1,2500,2500
457,2026-08-01,Tienda Sur,Papas fritas,Snacks,2,1800,3600
458,2026-06-09,Tienda Centro,Cerveza,Alcohol,1,3500,3500
458,2026-06-09,Tienda Centro,Papas fritas,Snacks,1,1800,1800
459,2026-07-08,Tienda Centro,Azúcar,Café/Té,1,1300,1300
459,2026-07-08,Tienda Centro,Café,Café/Té,1,4000,4000
459,2026-07-08,Tienda Centro,Galletas,Snacks,1,1000,1000
459,2026-07-08,Tienda Centro,Mantequilla,Lácteos,1,2500,2500
459,2026-07-08,Tienda Centro,Toallitas húmedas,Bebé,3,2200,6600
460,2026-08-06,Tienda Sur,Pan hallulla,Panadería,1,1500,1500
460,2026-08-06,Tienda Sur,Toallitas húmedas,Bebé,1,2200,2200
460,2026-08-06,Tienda Sur,Yogurt,Lácteos,2,800,1600
461,2026-06-25,Tienda Norte,Toallitas húmedas,Bebé,1,2200,2200
462,2026-08-17,Tienda Norte,Cloro,Limpieza,3,1400,4200
462,2026-08-17,Tienda Norte,Mantequilla,Lácteos,2,2500,5000
462,2026-08-17,Tienda Norte,Pan hallulla,Panadería,1,1500,1500
462,2026-08-17,Tienda Norte,Queso,Lácteos,1,4500,4500
462,2026-08-17,Tienda Norte,Vino tinto,Alcohol,1,5000,5000
463,2026-07-25,Tienda Centro,Azúcar,Café/Té,2,1300,2600
463,2026-07-25,Tienda Centro,Croissant,Panadería,1,900,900
463,2026-07-25,Tienda Centro,Jugo naranja,Bebidas,1,1600,1600
464,2026-07-03,Tienda Sur,Galletas,Snacks,3,1000,3000
464,2026-07-03,Tienda Sur,Queso,Lácteos,1,4500,4500
465,2026-06-22,Tienda Norte,Azúcar,Café/Té,1,1300,1300
465,2026-06-22,Tienda Norte,Leche,Lácteos,1,1200,1200
466,2026-06-03,Tienda Sur,Agua mineral,Bebidas,1,900,900
466,2026-06-03,Tienda Sur,Esponjas,Limpieza,1,1200,1200
466,2026-06-03,Tienda Sur,Pañales,Bebé,1,8000,8000
466,2026-06-03,Tienda Sur,Toallitas húmedas,Bebé,2,2200,4400
467,2026-08-15,Tienda Mall,Azúcar,Café/Té,2,1300,2600
467,2026-08-15,Tienda Mall,Café,Café/Té,2,4000,8000
467,2026-08-15,Tienda Mall,Leche,Lácteos,1,1200,1200
467,2026-08-15,Tienda Mall,Pan molde,Panadería,1,1800,1800
467,2026-08-15,Tienda Mall,Queso,Lácteos,1,4500,4500
468,2026-08-17,Tienda Sur,Croissant,Panadería,1,900,900
468,2026-08-17,Tienda Sur,Papas fritas,Snacks,2,1800,3600
469,2026-05-29,Tienda Norte,Queso,Lácteos,1,4500,4500
469,2026-05-29,Tienda Norte,Vino tinto,Alcohol,3,5000,15000
470,2026-08-15,Tienda Norte,Bebida cola,Bebidas,2,1500,3000
470,2026-08-15,Tienda Norte,Queso,Lácteos,1,4500,4500
471,2026-06-14,Tienda Norte,Leche,Lácteos,1,1200,1200
471,2026-06-14,Tienda Norte,Mantequilla,Lácteos,3,2500,7500
471,2026-06-14,Tienda Norte,Queso,Lácteos,1,4500,4500
471,2026-06-14,Tienda Norte,Vino tinto,Alcohol,1,5000,5000
472,2026-07-28,Tienda Centro,Cerveza,Alcohol,2,3500,7000
472,2026-07-28,Tienda Centro,Queso,Lácteos,1,4500,4500
472,2026-07-28,Tienda Centro,Toallitas húmedas,Bebé,3,2200,6600
472,2026-07-28,Tienda Centro,Vino tinto,Alcohol,2,5000,10000
473,2026-06-24,Tienda Mall,Mantequilla,Lácteos,1,2500,2500
473,2026-06-24,Tienda Mall,Pañales,Bebé,1,8000,8000
473,2026-06-24,Tienda Mall,Toallitas húmedas,Bebé,1,2200,2200
474,2026-07-09,Tienda Norte,Esponjas,Limpieza,1,1200,1200
474,2026-07-09,Tienda Norte,Leche,Lácteos,1,1200,1200
475,2026-05-21,Tienda Centro,Leche,Lácteos,1,1200,1200
475,2026-05-21,Tienda Centro,Papas fritas,Snacks,1,1800,1800
475,2026-05-21,Tienda Centro,Pañales,Bebé,1,8000,8000
475,2026-05-21,Tienda Centro,Toallitas húmedas,Bebé,1,2200,2200
476,2026-08-06,Tienda Sur,Azúcar,Café/Té,1,1300,1300
476,2026-08-06,Tienda Sur,Café,Café/Té,2,4000,8000
476,2026-08-06,Tienda Sur,Maní,Snacks,1,1200,1200
477,2026-06-12,Tienda Norte,Agua mineral,Bebidas,1,900,900
477,2026-06-12,Tienda Norte,Bebida cola,Bebidas,2,1500,3000
477,2026-06-12,Tienda Norte,Cloro,Limpieza,1,1400,1400
477,2026-06-12,Tienda Norte,Leche,Lácteos,2,1200,2400
478,2026-06-08,Tienda Mall,Azúcar,Café/Té,1,1300,1300
478,2026-06-08,Tienda Mall,Café,Café/Té,1,4000,4000
478,2026-06-08,Tienda Mall,Maní,Snacks,1,1200,1200
478,2026-06-08,Tienda Mall,Yogurt,Lácteos,1,800,800
479,2026-06-21,Tienda Centro,Esponjas,Limpieza,1,1200,1200
479,2026-06-21,Tienda Centro,Yogurt,Lácteos,2,800,1600
480,2026-07-19,Tienda Centro,Agua mineral,Bebidas,3,900,2700
480,2026-07-19,Tienda Centro,Cerveza,Alcohol,1,3500,3500
480,2026-07-19,Tienda Centro,Papas fritas,Snacks,1,1800,1800
481,2026-06-04,Tienda Sur,Pañales,Bebé,1,8000,8000
481,2026-06-04,Tienda Sur,Queso,Lácteos,2,4500,9000
481,2026-06-04,Tienda Sur,Toallitas húmedas,Bebé,1,2200,2200
482,2026-08-14,Tienda Mall,Croissant,Panadería,1,900,900
482,2026-08-14,Tienda Mall,Galletas,Snacks,1,1000,1000
482,2026-08-14,Tienda Mall,Papas fritas,Snacks,3,1800,5400
483,2026-06-10,Tienda Sur,Pañales,Bebé,1,8000,8000
483,2026-06-10,Tienda Sur,Toallitas húmedas,Bebé,1,2200,2200
484,2026-06-29,Tienda Sur,Agua mineral,Bebidas,1,900,900
484,2026-06-29,Tienda Sur,Esponjas,Limpieza,1,1200,1200
484,2026-06-29,Tienda Sur,Toallitas húmedas,Bebé,1,2200,2200
485,2026-07-05,Tienda Mall,Mantequilla,Lácteos,1,2500,2500
485,2026-07-05,Tienda Mall,Pan molde,Panadería,2,1800,3600
485,2026-07-05,Tienda Mall,Queso,Lácteos,2,4500,9000
485,2026-07-05,Tienda Mall,Yogurt,Lácteos,1,800,800
486,2026-07-09,Tienda Centro,Azúcar,Café/Té,1,1300,1300
486,2026-07-09,Tienda Centro,Café,Café/Té,2,4000,8000
486,2026-07-09,Tienda Centro,Galletas,Snacks,1,1000,1000
487,2026-06-22,Tienda Norte,Papas fritas,Snacks,1,1800,1800
488,2026-06-20,Tienda Sur,Mantequilla,Lácteos,1,2500,2500
488,2026-06-20,Tienda Sur,Té,Café/Té,1,2500,2500
489,2026-06-30,Tienda Mall,Agua mineral,Bebidas,1,900,900
489,2026-06-30,Tienda Mall,Azúcar,Café/Té,1,1300,1300
490,2026-08-17,Tienda Norte,Detergente,Limpieza,1,5500,5500
490,2026-08-17,Tienda Norte,Galletas,Snacks,1,1000,1000
491,2026-07-27,Tienda Sur,Azúcar,Café/Té,1,1300,1300
491,2026-07-27,Tienda Sur,Bebida cola,Bebidas,1,1500,1500
491,2026-07-27,Tienda Sur,Café,Café/Té,2,4000,8000
491,2026-07-27,Tienda Sur,Croissant,Panadería,2,900,1800
491,2026-07-27,Tienda Sur,Papas fritas,Snacks,1,1800,1800
492,2026-07-19,Tienda Centro,Café,Café/Té,1,4000,4000
492,2026-07-19,Tienda Centro,Jugo naranja,Bebidas,1,1600,1600
492,2026-07-19,Tienda Centro,Pan molde,Panadería,2,1800,3600
493,2026-07-14,Tienda Mall,Cloro,Limpieza,1,1400,1400
493,2026-07-14,Tienda Mall,Detergente,Limpieza,1,5500,5500
493,2026-07-14,Tienda Mall,Esponjas,Limpieza,1,1200,1200
494,2026-08-06,Tienda Sur,Agua mineral,Bebidas,1,900,900
494,2026-08-06,Tienda Sur,Azúcar,Café/Té,2,1300,2600
495,2026-06-12,Tienda Norte,Detergente,Limpieza,1,5500,5500
495,2026-06-12,Tienda Norte,Esponjas,Limpieza,1,1200,1200
495,2026-06-12,Tienda Norte,Galletas,Snacks,1,1000,1000
496,2026-05-26,Tienda Centro,Leche,Lácteos,1,1200,1200
497,2026-06-05,Tienda Mall,Bebida cola,Bebidas,1,1500,1500
497,2026-06-05,Tienda Mall,Croissant,Panadería,1,900,900
497,2026-06-05,Tienda Mall,Mantequilla,Lácteos,2,2500,5000
497,2026-06-05,Tienda Mall,Papas fritas,Snacks,1,1800,1800
498,2026-07-06,Tienda Mall,Cerveza,Alcohol,1,3500,3500
498,2026-07-06,Tienda Mall,Croissant,Panadería,1,900,900
498,2026-07-06,Tienda Mall,Pan hallulla,Panadería,1,1500,1500
498,2026-07-06,Tienda Mall,Papas fritas,Snacks,2,1800,3600
499,2026-07-07,Tienda Centro,Esponjas,Limpieza,1,1200,1200
500,2026-07-15,Tienda Norte,Galletas,Snacks,1,1000,1000
500,2026-07-15,Tienda Norte,Pan hallulla,Panadería,1,1500,1500
500,2026-07-15,Tienda Norte,Queso,Lácteos,1,4500,4500
501,2026-06-28,Tienda Sur,Pan hallulla,Panadería,1,1500,1500
502,2026-07-20,Tienda Sur,Pan hallulla,Panadería,1,1500,1500
502,2026-07-20,Tienda Sur,Queso,Lácteos,1,4500,4500
503,2026-06-30,Tienda Centro,Agua mineral,Bebidas,1,900,900
504,2026-07-09,Tienda Norte,Pan hallulla,Panadería,1,1500,1500
505,2026-06-08,Tienda Sur,Azúcar,Café/Té,3,1300,3900
505,2026-06-08,Tienda Sur,Bebida cola,Bebidas,1,1500,1500
505,2026-06-08,Tienda Sur,Café,Café/Té,1,4000,4000
505,2026-06-08,Tienda Sur,Papas fritas,Snacks,1,1800,1800
505,2026-06-08,Tienda Sur,Yogurt,Lácteos,2,800,1600
506,2026-06-02,Tienda Norte,Azúcar,Café/Té,2,1300,2600
506,2026-06-02,Tienda Norte,Cerveza,Alcohol,1,3500,3500
507,2026-06-13,Tienda Centro,Agua mineral,Bebidas,1,900,900
507,2026-06-13,Tienda Centro,Mantequilla,Lácteos,1,2500,2500
507,2026-06-13,Tienda Centro,Vino tinto,Alcohol,1,5000,5000
508,2026-08-17,Tienda Mall,Yogurt,Lácteos,1,800,800
509,2026-06-30,Tienda Mall,Azúcar,Café/Té,1,1300,1300
509,2026-06-30,Tienda Mall,Toallitas húmedas,Bebé,1,2200,2200
510,2026-07-16,Tienda Sur,Azúcar,Café/Té,1,1300,1300
510,2026-07-16,Tienda Sur,Galletas,Snacks,1,1000,1000
510,2026-07-16,Tienda Sur,Queso,Lácteos,1,4500,4500
510,2026-07-16,Tienda Sur,Vino tinto,Alcohol,1,5000,5000
511,2026-07-05,Tienda Norte,Cloro,Limpieza,3,1400,4200
511,2026-07-05,Tienda Norte,Croissant,Panadería,2,900,1800
512,2026-06-13,Tienda Mall,Jugo naranja,Bebidas,1,1600,1600
512,2026-06-13,Tienda Mall,Mantequilla,Lácteos,1,2500,2500
512,2026-06-13,Tienda Mall,Toallitas húmedas,Bebé,1,2200,2200
513,2026-07-25,Tienda Centro,Mantequilla,Lácteos,1,2500,2500
514,2026-05-24,Tienda Norte,Queso,Lácteos,1,4500,4500
515,2026-08-01,Tienda Mall,Esponjas,Limpieza,1,1200,1200
515,2026-08-01,Tienda Mall,Toallitas húmedas,Bebé,1,2200,2200
515,2026-08-01,Tienda Mall,Té,Café/Té,2,2500,5000
516,2026-05-21,Tienda Norte,Cloro,Limpieza,3,1400,4200
516,2026-05-21,Tienda Norte,Croissant,Panadería,1,900,900
516,2026-05-21,Tienda Norte,Detergente,Limpieza,1,5500,5500
516,2026-05-21,Tienda Norte,Galletas,Snacks,2,1000,2000
517,2026-08-06,Tienda Sur,Croissant,Panadería,1,900,900
517,2026-08-06,Tienda Sur,Jugo naranja,Bebidas,1,1600,1600
518,2026-07-25,Tienda Centro,Bebida cola,Bebidas,1,1500,1500
519,2026-07-26,Tienda Norte,Azúcar,Café/Té,2,1300,2600
519,2026-07-26,Tienda Norte,Yogurt,Lácteos,1,800,800
520,2026-06-02,Tienda Sur,Cloro,Limpieza,2,1400,2800
520,2026-06-02,Tienda Sur,Esponjas,Limpieza,1,1200,1200
520,2026-06-02,Tienda Sur,Maní,Snacks,1,1200,1200
521,2026-07-10,Tienda Sur,Azúcar,Café/Té,3,1300,3900
521,2026-07-10,Tienda Sur,Galletas,Snacks,2,1000,2000
521,2026-07-10,Tienda Sur,Toallitas húmedas,Bebé,1,2200,2200
522,2026-06-30,Tienda Sur,Detergente,Limpieza,1,5500,5500
522,2026-06-30,Tienda Sur,Esponjas,Limpieza,1,1200,1200
522,2026-06-30,Tienda Sur,Maní,Snacks,1,1200,1200
523,2026-07-29,Tienda Sur,Galletas,Snacks,1,1000,1000
523,2026-07-29,Tienda Sur,Papas fritas,Snacks,1,1800,1800
524,2026-06-25,Tienda Centro,Jugo naranja,Bebidas,2,1600,3200
524,2026-06-25,Tienda Centro,Mantequilla,Lácteos,1,2500,2500
524,2026-06-25,Tienda Centro,Pan molde,Panadería,2,1800,3600
524,2026-06-25,Tienda Centro,Queso,Lácteos,1,4500,4500
525,2026-06-24,Tienda Norte,Galletas,Snacks,1,1000,1000
526,2026-06-06,Tienda Sur,Bebida cola,Bebidas,1,1500,1500
526,2026-06-06,Tienda Sur,Papas fritas,Snacks,2,1800,3600
526,2026-06-06,Tienda Sur,Pañales,Bebé,2,8000,16000
526,2026-06-06,Tienda Sur,Toallitas húmedas,Bebé,2,2200,4400
527,2026-07-20,Tienda Norte,Cerveza,Alcohol,1,3500,3500
527,2026-07-20,Tienda Norte,Esponjas,Limpieza,1,1200,1200
527,2026-07-20,Tienda Norte,Pañales,Bebé,2,8000,16000
528,2026-07-07,Tienda Centro,Cerveza,Alcohol,1,3500,3500
528,2026-07-07,Tienda Centro,Maní,Snacks,1,1200,1200
528,2026-07-07,Tienda Centro,Queso,Lácteos,1,4500,4500
528,2026-07-07,Tienda Centro,Vino tinto,Alcohol,1,5000,5000
529,2026-08-08,Tienda Mall,Azúcar,Café/Té,1,1300,1300
529,2026-08-08,Tienda Mall,Té,Café/Té,1,2500,2500
530,2026-07-23,Tienda Norte,Cloro,Limpieza,2,1400,2800
531,2026-07-09,Tienda Mall,Azúcar,Café/Té,1,1300,1300
531,2026-07-09,Tienda Mall,Croissant,Panadería,1,900,900
531,2026-07-09,Tienda Mall,Pañales,Bebé,1,8000,8000
531,2026-07-09,Tienda Mall,Toallitas húmedas,Bebé,1,2200,2200
531,2026-07-09,Tienda Mall,Té,Café/Té,1,2500,2500
532,2026-05-30,Tienda Mall,Esponjas,Limpieza,2,1200,2400
532,2026-05-30,Tienda Mall,Mantequilla,Lácteos,1,2500,2500
533,2026-06-14,Tienda Mall,Pañales,Bebé,1,8000,8000
533,2026-06-14,Tienda Mall,Queso,Lácteos,1,4500,4500
533,2026-06-14,Tienda Mall,Toallitas húmedas,Bebé,1,2200,2200
534,2026-07-14,Tienda Sur,Croissant,Panadería,1,900,900
534,2026-07-14,Tienda Sur,Leche,Lácteos,1,1200,1200
534,2026-07-14,Tienda Sur,Pañales,Bebé,1,8000,8000
534,2026-07-14,Tienda Sur,Toallitas húmedas,Bebé,1,2200,2200
535,2026-06-28,Tienda Norte,Galletas,Snacks,1,1000,1000
535,2026-06-28,Tienda Norte,Mantequilla,Lácteos,1,2500,2500
535,2026-06-28,Tienda Norte,Pan hallulla,Panadería,2,1500,3000
535,2026-06-28,Tienda Norte,Queso,Lácteos,1,4500,4500
535,2026-06-28,Tienda Norte,Toallitas húmedas,Bebé,2,2200,4400
536,2026-06-20,Tienda Norte,Cerveza,Alcohol,1,3500,3500
536,2026-06-20,Tienda Norte,Jugo naranja,Bebidas,1,1600,1600
536,2026-06-20,Tienda Norte,Mantequilla,Lácteos,1,2500,2500
536,2026-06-20,Tienda Norte,Maní,Snacks,1,1200,1200
536,2026-06-20,Tienda Norte,Pan molde,Panadería,1,1800,1800
536,2026-06-20,Tienda Norte,Queso,Lácteos,1,4500,4500
537,2026-06-07,Tienda Centro,Azúcar,Café/Té,1,1300,1300
537,2026-06-07,Tienda Centro,Cloro,Limpieza,1,1400,1400
537,2026-06-07,Tienda Centro,Té,Café/Té,2,2500,5000
538,2026-08-07,Tienda Sur,Detergente,Limpieza,1,5500,5500
538,2026-08-07,Tienda Sur,Esponjas,Limpieza,1,1200,1200
539,2026-08-12,Tienda Sur,Cloro,Limpieza,2,1400,2800
539,2026-08-12,Tienda Sur,Detergente,Limpieza,1,5500,5500
539,2026-08-12,Tienda Sur,Jugo naranja,Bebidas,1,1600,1600
539,2026-08-12,Tienda Sur,Mantequilla,Lácteos,1,2500,2500
539,2026-08-12,Tienda Sur,Pan molde,Panadería,1,1800,1800
540,2026-07-17,Tienda Centro,Azúcar,Café/Té,1,1300,1300
540,2026-07-17,Tienda Centro,Té,Café/Té,2,2500,5000
541,2026-05-22,Tienda Sur,Cloro,Limpieza,2,1400,2800
541,2026-05-22,Tienda Sur,Detergente,Limpieza,1,5500,5500
541,2026-05-22,Tienda Sur,Jugo naranja,Bebidas,2,1600,3200
541,2026-05-22,Tienda Sur,Vino tinto,Alcohol,2,5000,10000
542,2026-05-23,Tienda Sur,Cerveza,Alcohol,1,3500,3500
542,2026-05-23,Tienda Sur,Maní,Snacks,3,1200,3600
542,2026-05-23,Tienda Sur,Papas fritas,Snacks,1,1800,1800
543,2026-08-08,Tienda Norte,Mantequilla,Lácteos,1,2500,2500
543,2026-08-08,Tienda Norte,Pañales,Bebé,1,8000,8000
543,2026-08-08,Tienda Norte,Toallitas húmedas,Bebé,1,2200,2200
544,2026-08-11,Tienda Norte,Cloro,Limpieza,2,1400,2800
544,2026-08-11,Tienda Norte,Queso,Lácteos,1,4500,4500
545,2026-07-26,Tienda Norte,Detergente,Limpieza,1,5500,5500
545,2026-07-26,Tienda Norte,Mantequilla,Lácteos,1,2500,2500
546,2026-06-04,Tienda Norte,Mantequilla,Lácteos,1,2500,2500
546,2026-06-04,Tienda Norte,Pan molde,Panadería,1,1800,1800
547,2026-07-15,Tienda Sur,Queso,Lácteos,1,4500,4500
548,2026-06-12,Tienda Centro,Agua mineral,Bebidas,1,900,900
548,2026-06-12,Tienda Centro,Pañales,Bebé,1,8000,8000
548,2026-06-12,Tienda Centro,Toallitas húmedas,Bebé,1,2200,2200
549,2026-07-20,Tienda Norte,Café,Café/Té,2,4000,8000
549,2026-07-20,Tienda Norte,Toallitas húmedas,Bebé,1,2200,2200
550,2026-06-06,Tienda Norte,Mantequilla,Lácteos,3,2500,7500
550,2026-06-06,Tienda Norte,Pan hallulla,Panadería,3,1500,4500
551,2026-06-17,Tienda Norte,Croissant,Panadería,2,900,1800
551,2026-06-17,Tienda Norte,Galletas,Snacks,1,1000,1000
551,2026-06-17,Tienda Norte,Yogurt,Lácteos,1,800,800
552,2026-07-17,Tienda Norte,Pan hallulla,Panadería,1,1500,1500
552,2026-07-17,Tienda Norte,Toallitas húmedas,Bebé,1,2200,2200
553,2026-08-01,Tienda Centro,Galletas,Snacks,1,1000,1000
553,2026-08-01,Tienda Centro,Pan hallulla,Panadería,3,1500,4500
553,2026-08-01,Tienda Centro,Queso,Lácteos,1,4500,4500
554,2026-07-08,Tienda Centro,Galletas,Snacks,1,1000,1000
555,2026-06-27,Tienda Sur,Jugo naranja,Bebidas,1,1600,1600
555,2026-06-27,Tienda Sur,Maní,Snacks,1,1200,1200
556,2026-07-25,Tienda Norte,Cloro,Limpieza,1,1400,1400
556,2026-07-25,Tienda Norte,Detergente,Limpieza,1,5500,5500
556,2026-07-25,Tienda Norte,Galletas,Snacks,2,1000,2000
557,2026-07-28,Tienda Norte,Cerveza,Alcohol,2,3500,7000
557,2026-07-28,Tienda Norte,Galletas,Snacks,2,1000,2000
557,2026-07-28,Tienda Norte,Papas fritas,Snacks,2,1800,3600
558,2026-05-31,Tienda Sur,Detergente,Limpieza,1,5500,5500
558,2026-05-31,Tienda Sur,Esponjas,Limpieza,1,1200,1200
559,2026-07-16,Tienda Sur,Esponjas,Limpieza,1,1200,1200
560,2026-07-24,Tienda Norte,Pan hallulla,Panadería,1,1500,1500
560,2026-07-24,Tienda Norte,Papas fritas,Snacks,1,1800,1800
561,2026-06-08,Tienda Norte,Esponjas,Limpieza,2,1200,2400
561,2026-06-08,Tienda Norte,Mantequilla,Lácteos,1,2500,2500
561,2026-06-08,Tienda Norte,Pan hallulla,Panadería,1,1500,1500
561,2026-06-08,Tienda Norte,Yogurt,Lácteos,1,800,800
562,2026-06-05,Tienda Norte,Agua mineral,Bebidas,1,900,900
563,2026-07-22,Tienda Mall,Pan molde,Panadería,1,1800,1800
563,2026-07-22,Tienda Mall,Queso,Lácteos,1,4500,4500
563,2026-07-22,Tienda Mall,Toallitas húmedas,Bebé,1,2200,2200
564,2026-05-30,Tienda Centro,Agua mineral,Bebidas,1,900,900
564,2026-05-30,Tienda Centro,Azúcar,Café/Té,1,1300,1300
565,2026-06-15,Tienda Centro,Pan hallulla,Panadería,2,1500,3000
565,2026-06-15,Tienda Centro,Queso,Lácteos,1,4500,4500
566,2026-08-05,Tienda Sur,Croissant,Panadería,1,900,900
566,2026-08-05,Tienda Sur,Mantequilla,Lácteos,1,2500,2500
566,2026-08-05,Tienda Sur,Pan hallulla,Panadería,1,1500,1500
567,2026-08-17,Tienda Norte,Croissant,Panadería,2,900,1800
567,2026-08-17,Tienda Norte,Pan hallulla,Panadería,1,1500,1500
567,2026-08-17,Tienda Norte,Pañales,Bebé,1,8000,8000
567,2026-08-17,Tienda Norte,Vino tinto,Alcohol,1,5000,5000
568,2026-06-24,Tienda Sur,Queso,Lácteos,1,4500,4500
568,2026-06-24,Tienda Sur,Té,Café/Té,1,2500,2500
569,2026-08-08,Tienda Centro,Esponjas,Limpieza,3,1200,3600
569,2026-08-08,Tienda Centro,Toallitas húmedas,Bebé,3,2200,6600
570,2026-06-25,Tienda Mall,Agua mineral,Bebidas,1,900,900
570,2026-06-25,Tienda Mall,Cerveza,Alcohol,1,3500,3500
570,2026-06-25,Tienda Mall,Té,Café/Té,2,2500,5000
571,2026-07-22,Tienda Mall,Bebida cola,Bebidas,1,1500,1500
571,2026-07-22,Tienda Mall,Esponjas,Limpieza,1,1200,1200
571,2026-07-22,Tienda Mall,Papas fritas,Snacks,1,1800,1800
571,2026-07-22,Tienda Mall,Toallitas húmedas,Bebé,2,2200,4400
572,2026-06-15,Tienda Mall,Cerveza,Alcohol,1,3500,3500
572,2026-06-15,Tienda Mall,Maní,Snacks,1,1200,1200
572,2026-06-15,Tienda Mall,Vino tinto,Alcohol,2,5000,10000
573,2026-06-28,Tienda Sur,Cerveza,Alcohol,3,3500,10500
573,2026-06-28,Tienda Sur,Mantequilla,Lácteos,2,2500,5000
573,2026-06-28,Tienda Sur,Maní,Snacks,1,1200,1200
573,2026-06-28,Tienda Sur,Pan molde,Panadería,2,1800,3600
573,2026-06-28,Tienda Sur,Papas fritas,Snacks,3,1800,5400
574,2026-07-20,Tienda Mall,Café,Café/Té,1,4000,4000
574,2026-07-20,Tienda Mall,Cloro,Limpieza,2,1400,2800
574,2026-07-20,Tienda Mall,Detergente,Limpieza,3,5500,16500
574,2026-07-20,Tienda Mall,Mantequilla,Lácteos,1,2500,2500
575,2026-07-25,Tienda Sur,Cerveza,Alcohol,1,3500,3500
575,2026-07-25,Tienda Sur,Cloro,Limpieza,1,1400,1400
575,2026-07-25,Tienda Sur,Maní,Snacks,2,1200,2400
575,2026-07-25,Tienda Sur,Papas fritas,Snacks,2,1800,3600
576,2026-05-28,Tienda Norte,Cerveza,Alcohol,1,3500,3500
576,2026-05-28,Tienda Norte,Pan molde,Panadería,1,1800,1800
577,2026-06-28,Tienda Sur,Agua mineral,Bebidas,1,900,900
577,2026-06-28,Tienda Sur,Croissant,Panadería,1,900,900
577,2026-06-28,Tienda Sur,Maní,Snacks,1,1200,1200
578,2026-06-27,Tienda Norte,Leche,Lácteos,1,1200,1200
578,2026-06-27,Tienda Norte,Yogurt,Lácteos,1,800,800
579,2026-06-14,Tienda Centro,Café,Café/Té,2,4000,8000
579,2026-06-14,Tienda Centro,Galletas,Snacks,1,1000,1000
579,2026-06-14,Tienda Centro,Mantequilla,Lácteos,1,2500,2500
579,2026-06-14,Tienda Centro,Pan molde,Panadería,2,1800,3600
580,2026-06-01,Tienda Norte,Galletas,Snacks,1,1000,1000
580,2026-06-01,Tienda Norte,Mantequilla,Lácteos,1,2500,2500
580,2026-06-01,Tienda Norte,Pan hallulla,Panadería,1,1500,1500
581,2026-08-04,Tienda Centro,Leche,Lácteos,1,1200,1200
581,2026-08-04,Tienda Centro,Pan hallulla,Panadería,1,1500,1500
582,2026-06-28,Tienda Norte,Jugo naranja,Bebidas,1,1600,1600
582,2026-06-28,Tienda Norte,Queso,Lácteos,1,4500,4500
583,2026-07-15,Tienda Centro,Agua mineral,Bebidas,1,900,900
583,2026-07-15,Tienda Centro,Yogurt,Lácteos,3,800,2400
584,2026-07-30,Tienda Centro,Azúcar,Café/Té,1,1300,1300
584,2026-07-30,Tienda Centro,Queso,Lácteos,2,4500,9000
584,2026-07-30,Tienda Centro,Vino tinto,Alcohol,1,5000,5000
585,2026-06-20,Tienda Norte,Toallitas húmedas,Bebé,2,2200,4400
586,2026-07-28,Tienda Mall,Mantequilla,Lácteos,1,2500,2500
586,2026-07-28,Tienda Mall,Pan molde,Panadería,1,1800,1800
587,2026-07-13,Tienda Mall,Toallitas húmedas,Bebé,2,2200,4400
588,2026-08-08,Tienda Mall,Cerveza,Alcohol,1,3500,3500
588,2026-08-08,Tienda Mall,Jugo naranja,Bebidas,3,1600,4800
588,2026-08-08,Tienda Mall,Queso,Lácteos,2,4500,9000
589,2026-07-18,Tienda Norte,Esponjas,Limpieza,1,1200,1200
590,2026-07-17,Tienda Sur,Azúcar,Café/Té,2,1300,2600
590,2026-07-17,Tienda Sur,Café,Café/Té,1,4000,4000
590,2026-07-17,Tienda Sur,Esponjas,Limpieza,2,1200,2400
590,2026-07-17,Tienda Sur,Galletas,Snacks,1,1000,1000
591,2026-08-17,Tienda Sur,Azúcar,Café/Té,1,1300,1300
591,2026-08-17,Tienda Sur,Café,Café/Té,2,4000,8000
591,2026-08-17,Tienda Sur,Cerveza,Alcohol,1,3500,3500
591,2026-08-17,Tienda Sur,Galletas,Snacks,1,1000,1000
591,2026-08-17,Tienda Sur,Papas fritas,Snacks,1,1800,1800
592,2026-06-02,Tienda Sur,Croissant,Panadería,1,900,900
592,2026-06-02,Tienda Sur,Jugo naranja,Bebidas,1,1600,1600
593,2026-07-11,Tienda Norte,Azúcar,Café/Té,2,1300,2600
593,2026-07-11,Tienda Norte,Café,Café/Té,1,4000,4000
593,2026-07-11,Tienda Norte,Yogurt,Lácteos,2,800,1600
594,2026-07-14,Tienda Sur,Bebida cola,Bebidas,1,1500,1500
594,2026-07-14,Tienda Sur,Yogurt,Lácteos,3,800,2400
595,2026-08-01,Tienda Mall,Toallitas húmedas,Bebé,1,2200,2200
596,2026-07-30,Tienda Centro,Jugo naranja,Bebidas,1,1600,1600
596,2026-07-30,Tienda Centro,Papas fritas,Snacks,1,1800,1800
596,2026-07-30,Tienda Centro,Yogurt,Lácteos,2,800,1600
597,2026-07-07,Tienda Sur,Cloro,Limpieza,2,1400,2800
597,2026-07-07,Tienda Sur,Mantequilla,Lácteos,2,2500,5000
597,2026-07-07,Tienda Sur,Pan hallulla,Panadería,1,1500,1500
598,2026-05-20,Tienda Norte,Azúcar,Café/Té,1,1300,1300
598,2026-05-20,Tienda Norte,Galletas,Snacks,1,1000,1000
598,2026-05-20,Tienda Norte,Jugo naranja,Bebidas,1,1600,1600
599,2026-08-15,Tienda Sur,Cloro,Limpieza,2,1400,2800
599,2026-08-15,Tienda Sur,Jugo naranja,Bebidas,3,1600,4800
600,2026-07-03,Tienda Centro,Azúcar,Café/Té,1,1300,1300
600,2026-07-03,Tienda Centro,Toallitas húmedas,Bebé,1,2200,2200
600,2026-07-03,Tienda Centro,Té,Café/Té,1,2500,2500
601,2026-07-29,Tienda Centro,Azúcar,Café/Té,2,1300,2600
602,2026-07-04,Tienda Centro,Bebida cola,Bebidas,1,1500,1500
602,2026-07-04,Tienda Centro,Mantequilla,Lácteos,1,2500,2500
602,2026-07-04,Tienda Centro,Maní,Snacks,1,1200,1200
602,2026-07-04,Tienda Centro,Pan molde,Panadería,1,1800,1800
602,2026-07-04,Tienda Centro,Queso,Lácteos,1,4500,4500
603,2026-06-13,Tienda Mall,Mantequilla,Lácteos,2,2500,5000
603,2026-06-13,Tienda Mall,Maní,Snacks,1,1200,1200
603,2026-06-13,Tienda Mall,Queso,Lácteos,1,4500,4500
603,2026-06-13,Tienda Mall,Vino tinto,Alcohol,1,5000,5000
604,2026-06-07,Tienda Mall,Croissant,Panadería,2,900,1800
604,2026-06-07,Tienda Mall,Detergente,Limpieza,1,5500,5500
604,2026-06-07,Tienda Mall,Mantequilla,Lácteos,3,2500,7500
605,2026-08-07,Tienda Norte,Azúcar,Café/Té,2,1300,2600
605,2026-08-07,Tienda Norte,Maní,Snacks,1,1200,1200
606,2026-06-17,Tienda Norte,Pan molde,Panadería,3,1800,5400
606,2026-06-17,Tienda Norte,Pañales,Bebé,1,8000,8000
606,2026-06-17,Tienda Norte,Queso,Lácteos,1,4500,4500
606,2026-06-17,Tienda Norte,Toallitas húmedas,Bebé,1,2200,2200
607,2026-07-20,Tienda Sur,Café,Café/Té,2,4000,8000
607,2026-07-20,Tienda Sur,Galletas,Snacks,1,1000,1000
608,2026-06-24,Tienda Mall,Azúcar,Café/Té,1,1300,1300
608,2026-06-24,Tienda Mall,Toallitas húmedas,Bebé,2,2200,4400
608,2026-06-24,Tienda Mall,Té,Café/Té,3,2500,7500
609,2026-05-29,Tienda Sur,Azúcar,Café/Té,1,1300,1300
609,2026-05-29,Tienda Sur,Cerveza,Alcohol,3,3500,10500
609,2026-05-29,Tienda Sur,Mantequilla,Lácteos,2,2500,5000
609,2026-05-29,Tienda Sur,Pan molde,Panadería,1,1800,1800
609,2026-05-29,Tienda Sur,Papas fritas,Snacks,1,1800,1800
610,2026-08-04,Tienda Sur,Agua mineral,Bebidas,1,900,900
610,2026-08-04,Tienda Sur,Pan hallulla,Panadería,2,1500,3000
610,2026-08-04,Tienda Sur,Pañales,Bebé,1,8000,8000
610,2026-08-04,Tienda Sur,Toallitas húmedas,Bebé,1,2200,2200
611,2026-06-05,Tienda Centro,Agua mineral,Bebidas,1,900,900
611,2026-06-05,Tienda Centro,Mantequilla,Lácteos,2,2500,5000
611,2026-06-05,Tienda Centro,Toallitas húmedas,Bebé,1,2200,2200
612,2026-06-03,Tienda Norte,Cloro,Limpieza,1,1400,1400
612,2026-06-03,Tienda Norte,Galletas,Snacks,2,1000,2000
612,2026-06-03,Tienda Norte,Mantequilla,Lácteos,1,2500,2500
612,2026-06-03,Tienda Norte,Vino tinto,Alcohol,2,5000,10000
613,2026-05-24,Tienda Sur,Café,Café/Té,1,4000,4000
613,2026-05-24,Tienda Sur,Galletas,Snacks,1,1000,1000
613,2026-05-24,Tienda Sur,Mantequilla,Lácteos,1,2500,2500
613,2026-05-24,Tienda Sur,Maní,Snacks,2,1200,2400
613,2026-05-24,Tienda Sur,Toallitas húmedas,Bebé,1,2200,2200
614,2026-08-10,Tienda Sur,Leche,Lácteos,1,1200,1200
614,2026-08-10,Tienda Sur,Mantequilla,Lácteos,3,2500,7500
614,2026-08-10,Tienda Sur,Pan hallulla,Panadería,3,1500,4500
614,2026-08-10,Tienda Sur,Yogurt,Lácteos,1,800,800
615,2026-08-15,Tienda Mall,Mantequilla,Lácteos,1,2500,2500
615,2026-08-15,Tienda Mall,Té,Café/Té,3,2500,7500
616,2026-07-16,Tienda Mall,Azúcar,Café/Té,2,1300,2600
616,2026-07-16,Tienda Mall,Cloro,Limpieza,1,1400,1400
616,2026-07-16,Tienda Mall,Mantequilla,Lácteos,1,2500,2500
616,2026-07-16,Tienda Mall,Pan hallulla,Panadería,1,1500,1500
616,2026-07-16,Tienda Mall,Té,Café/Té,1,2500,2500
617,2026-06-01,Tienda Sur,Cloro,Limpieza,2,1400,2800
617,2026-06-01,Tienda Sur,Galletas,Snacks,2,1000,2000
617,2026-06-01,Tienda Sur,Papas fritas,Snacks,1,1800,1800
618,2026-06-13,Tienda Sur,Azúcar,Café/Té,1,1300,1300
618,2026-06-13,Tienda Sur,Cerveza,Alcohol,1,3500,3500
618,2026-06-13,Tienda Sur,Maní,Snacks,1,1200,1200
618,2026-06-13,Tienda Sur,Papas fritas,Snacks,1,1800,1800
618,2026-06-13,Tienda Sur,Yogurt,Lácteos,1,800,800
619,2026-06-25,Tienda Sur,Pan molde,Panadería,1,1800,1800
619,2026-06-25,Tienda Sur,Queso,Lácteos,2,4500,9000
620,2026-06-16,Tienda Centro,Croissant,Panadería,1,900,900
620,2026-06-16,Tienda Centro,Leche,Lácteos,1,1200,1200
620,2026-06-16,Tienda Centro,Toallitas húmedas,Bebé,2,2200,4400
621,2026-07-31,Tienda Norte,Agua mineral,Bebidas,1,900,900
621,2026-07-31,Tienda Norte,Esponjas,Limpieza,1,1200,1200
621,2026-07-31,Tienda Norte,Yogurt,Lácteos,1,800,800
622,2026-07-17,Tienda Sur,Cerveza,Alcohol,1,3500,3500
622,2026-07-17,Tienda Sur,Cloro,Limpieza,1,1400,1400
622,2026-07-17,Tienda Sur,Esponjas,Limpieza,1,1200,1200
622,2026-07-17,Tienda Sur,Papas fritas,Snacks,3,1800,5400
623,2026-06-22,Tienda Sur,Croissant,Panadería,1,900,900
624,2026-06-14,Tienda Mall,Azúcar,Café/Té,1,1300,1300
624,2026-06-14,Tienda Mall,Café,Café/Té,1,4000,4000
625,2026-06-02,Tienda Mall,Croissant,Panadería,2,900,1800
625,2026-06-02,Tienda Mall,Leche,Lácteos,1,1200,1200
625,2026-06-02,Tienda Mall,Mantequilla,Lácteos,1,2500,2500
625,2026-06-02,Tienda Mall,Pan hallulla,Panadería,1,1500,1500
626,2026-05-20,Tienda Centro,Agua mineral,Bebidas,1,900,900
626,2026-05-20,Tienda Centro,Esponjas,Limpieza,1,1200,1200
626,2026-05-20,Tienda Centro,Mantequilla,Lácteos,1,2500,2500
627,2026-07-21,Tienda Mall,Azúcar,Café/Té,1,1300,1300
627,2026-07-21,Tienda Mall,Croissant,Panadería,1,900,900
628,2026-08-16,Tienda Mall,Azúcar,Café/Té,3,1300,3900
629,2026-07-04,Tienda Sur,Detergente,Limpieza,1,5500,5500
629,2026-07-04,Tienda Sur,Mantequilla,Lácteos,2,2500,5000
629,2026-07-04,Tienda Sur,Pan hallulla,Panadería,2,1500,3000
629,2026-07-04,Tienda Sur,Papas fritas,Snacks,1,1800,1800
630,2026-06-14,Tienda Norte,Cloro,Limpieza,1,1400,1400
630,2026-06-14,Tienda Norte,Papas fritas,Snacks,1,1800,1800
631,2026-06-02,Tienda Sur,Detergente,Limpieza,1,5500,5500
631,2026-06-02,Tienda Sur,Esponjas,Limpieza,2,1200,2400
631,2026-06-02,Tienda Sur,Galletas,Snacks,1,1000,1000
632,2026-07-21,Tienda Mall,Azúcar,Café/Té,1,1300,1300
633,2026-07-22,Tienda Mall,Cerveza,Alcohol,1,3500,3500
633,2026-07-22,Tienda Mall,Mantequilla,Lácteos,1,2500,2500
633,2026-07-22,Tienda Mall,Pan hallulla,Panadería,3,1500,4500
633,2026-07-22,Tienda Mall,Pan molde,Panadería,1,1800,1800
633,2026-07-22,Tienda Mall,Papas fritas,Snacks,1,1800,1800
634,2026-08-11,Tienda Centro,Mantequilla,Lácteos,1,2500,2500
634,2026-08-11,Tienda Centro,Pan hallulla,Panadería,1,1500,1500
634,2026-08-11,Tienda Centro,Toallitas húmedas,Bebé,2,2200,4400
635,2026-06-01,Tienda Mall,Croissant,Panadería,1,900,900
635,2026-06-01,Tienda Mall,Leche,Lácteos,1,1200,1200
635,2026-06-01,Tienda Mall,Pañales,Bebé,1,8000,8000
635,2026-06-01,Tienda Mall,Toallitas húmedas,Bebé,1,2200,2200
636,2026-08-14,Tienda Mall,Cloro,Limpieza,3,1400,4200
636,2026-08-14,Tienda Mall,Pañales,Bebé,1,8000,8000
636,2026-08-14,Tienda Mall,Toallitas húmedas,Bebé,1,2200,2200
637,2026-06-11,Tienda Sur,Agua mineral,Bebidas,1,900,900
638,2026-07-12,Tienda Norte,Azúcar,Café/Té,1,1300,1300
638,2026-07-12,Tienda Norte,Galletas,Snacks,1,1000,1000
638,2026-07-12,Tienda Norte,Yogurt,Lácteos,1,800,800
639,2026-08-08,Tienda Mall,Azúcar,Café/Té,2,1300,2600
639,2026-08-08,Tienda Mall,Café,Café/Té,1,4000,4000
639,2026-08-08,Tienda Mall,Croissant,Panadería,2,900,1800
639,2026-08-08,Tienda Mall,Galletas,Snacks,2,1000,2000
639,2026-08-08,Tienda Mall,Mantequilla,Lácteos,1,2500,2500
639,2026-08-08,Tienda Mall,Pan molde,Panadería,1,1800,1800
640,2026-08-09,Tienda Sur,Bebida cola,Bebidas,1,1500,1500
640,2026-08-09,Tienda Sur,Maní,Snacks,1,1200,1200
641,2026-06-12,Tienda Mall,Cloro,Limpieza,1,1400,1400
641,2026-06-12,Tienda Mall,Croissant,Panadería,1,900,900
641,2026-06-12,Tienda Mall,Detergente,Limpieza,1,5500,5500
641,2026-06-12,Tienda Mall,Esponjas,Limpieza,1,1200,1200
641,2026-06-12,Tienda Mall,Jugo naranja,Bebidas,1,1600,1600
642,2026-07-28,Tienda Norte,Cloro,Limpieza,1,1400,1400
642,2026-07-28,Tienda Norte,Detergente,Limpieza,1,5500,5500
642,2026-07-28,Tienda Norte,Esponjas,Limpieza,2,1200,2400
643,2026-07-19,Tienda Mall,Cloro,Limpieza,3,1400,4200
644,2026-05-26,Tienda Sur,Agua mineral,Bebidas,1,900,900
644,2026-05-26,Tienda Sur,Maní,Snacks,2,1200,2400
645,2026-07-17,Tienda Centro,Pan hallulla,Panadería,2,1500,3000
645,2026-07-17,Tienda Centro,Queso,Lácteos,1,4500,4500
646,2026-06-03,Tienda Centro,Cerveza,Alcohol,1,3500,3500
646,2026-06-03,Tienda Centro,Galletas,Snacks,1,1000,1000
646,2026-06-03,Tienda Centro,Maní,Snacks,1,1200,1200
646,2026-06-03,Tienda Centro,Pañales,Bebé,1,8000,8000
646,2026-06-03,Tienda Centro,Toallitas húmedas,Bebé,1,2200,2200
647,2026-06-17,Tienda Centro,Café,Café/Té,1,4000,4000
647,2026-06-17,Tienda Centro,Pan hallulla,Panadería,1,1500,1500
647,2026-06-17,Tienda Centro,Queso,Lácteos,2,4500,9000
648,2026-08-08,Tienda Sur,Cerveza,Alcohol,1,3500,3500
648,2026-08-08,Tienda Sur,Mantequilla,Lácteos,1,2500,2500
648,2026-08-08,Tienda Sur,Pan hallulla,Panadería,1,1500,1500
648,2026-08-08,Tienda Sur,Papas fritas,Snacks,2,1800,3600
648,2026-08-08,Tienda Sur,Queso,Lácteos,1,4500,4500
649,2026-08-09,Tienda Norte,Azúcar,Café/Té,2,1300,2600
649,2026-08-09,Tienda Norte,Bebida cola,Bebidas,1,1500,1500
649,2026-08-09,Tienda Norte,Papas fritas,Snacks,3,1800,5400
650,2026-08-03,Tienda Mall,Agua mineral,Bebidas,1,900,900
650,2026-08-03,Tienda Mall,Maní,Snacks,1,1200,1200
650,2026-08-03,Tienda Mall,Pan molde,Panadería,2,1800,3600
650,2026-08-03,Tienda Mall,Queso,Lácteos,1,4500,4500
651,2026-06-08,Tienda Centro,Azúcar,Café/Té,2,1300,2600
651,2026-06-08,Tienda Centro,Café,Café/Té,1,4000,4000
651,2026-06-08,Tienda Centro,Pan hallulla,Panadería,1,1500,1500
652,2026-07-22,Tienda Norte,Pan molde,Panadería,1,1800,1800
653,2026-07-04,Tienda Sur,Croissant,Panadería,2,900,1800
653,2026-07-04,Tienda Sur,Mantequilla,Lácteos,2,2500,5000
653,2026-07-04,Tienda Sur,Pan molde,Panadería,2,1800,3600
653,2026-07-04,Tienda Sur,Queso,Lácteos,1,4500,4500
654,2026-07-17,Tienda Mall,Esponjas,Limpieza,2,1200,2400
654,2026-07-17,Tienda Mall,Papas fritas,Snacks,1,1800,1800
654,2026-07-17,Tienda Mall,Yogurt,Lácteos,1,800,800
655,2026-08-09,Tienda Centro,Croissant,Panadería,1,900,900
655,2026-08-09,Tienda Centro,Esponjas,Limpieza,1,1200,1200
655,2026-08-09,Tienda Centro,Papas fritas,Snacks,1,1800,1800
656,2026-06-23,Tienda Norte,Cerveza,Alcohol,3,3500,10500
656,2026-06-23,Tienda Norte,Croissant,Panadería,1,900,900
656,2026-06-23,Tienda Norte,Maní,Snacks,2,1200,2400
656,2026-06-23,Tienda Norte,Toallitas húmedas,Bebé,1,2200,2200
657,2026-07-05,Tienda Mall,Detergente,Limpieza,1,5500,5500
657,2026-07-05,Tienda Mall,Esponjas,Limpieza,3,1200,3600
657,2026-07-05,Tienda Mall,Vino tinto,Alcohol,1,5000,5000
657,2026-07-05,Tienda Mall,Yogurt,Lácteos,1,800,800
658,2026-07-20,Tienda Norte,Bebida cola,Bebidas,1,1500,1500
658,2026-07-20,Tienda Norte,Cerveza,Alcohol,1,3500,3500
658,2026-07-20,Tienda Norte,Queso,Lácteos,1,4500,4500
658,2026-07-20,Tienda Norte,Vino tinto,Alcohol,2,5000,10000
659,2026-07-19,Tienda Sur,Cloro,Limpieza,2,1400,2800
659,2026-07-19,Tienda Sur,Vino tinto,Alcohol,3,5000,15000
660,2026-05-28,Tienda Norte,Croissant,Panadería,2,900,1800
660,2026-05-28,Tienda Norte,Galletas,Snacks,1,1000,1000
660,2026-05-28,Tienda Norte,Papas fritas,Snacks,3,1800,5400
661,2026-06-02,Tienda Norte,Esponjas,Limpieza,1,1200,1200
661,2026-06-02,Tienda Norte,Mantequilla,Lácteos,2,2500,5000
662,2026-07-25,Tienda Centro,Azúcar,Café/Té,3,1300,3900
662,2026-07-25,Tienda Centro,Cloro,Limpieza,1,1400,1400
663,2026-07-12,Tienda Mall,Jugo naranja,Bebidas,1,1600,1600
663,2026-07-12,Tienda Mall,Mantequilla,Lácteos,3,2500,7500
663,2026-07-12,Tienda Mall,Pan molde,Panadería,1,1800,1800
663,2026-07-12,Tienda Mall,Queso,Lácteos,1,4500,4500
664,2026-07-02,Tienda Sur,Cloro,Limpieza,1,1400,1400
664,2026-07-02,Tienda Sur,Esponjas,Limpieza,1,1200,1200
665,2026-07-17,Tienda Sur,Jugo naranja,Bebidas,2,1600,3200
665,2026-07-17,Tienda Sur,Yogurt,Lácteos,1,800,800
666,2026-07-06,Tienda Sur,Mantequilla,Lácteos,1,2500,2500
666,2026-07-06,Tienda Sur,Pan hallulla,Panadería,1,1500,1500
666,2026-07-06,Tienda Sur,Vino tinto,Alcohol,1,5000,5000
667,2026-06-11,Tienda Norte,Leche,Lácteos,1,1200,1200
668,2026-06-29,Tienda Norte,Queso,Lácteos,2,4500,9000
668,2026-06-29,Tienda Norte,Vino tinto,Alcohol,1,5000,5000
668,2026-06-29,Tienda Norte,Yogurt,Lácteos,3,800,2400
669,2026-06-07,Tienda Sur,Azúcar,Café/Té,1,1300,1300
669,2026-06-07,Tienda Sur,Yogurt,Lácteos,3,800,2400
670,2026-07-10,Tienda Mall,Cerveza,Alcohol,3,3500,10500
670,2026-07-10,Tienda Mall,Galletas,Snacks,1,1000,1000
670,2026-07-10,Tienda Mall,Mantequilla,Lácteos,2,2500,5000
670,2026-07-10,Tienda Mall,Papas fritas,Snacks,1,1800,1800
671,2026-06-26,Tienda Norte,Cerveza,Alcohol,1,3500,3500
671,2026-06-26,Tienda Norte,Esponjas,Limpieza,1,1200,1200
671,2026-06-26,Tienda Norte,Galletas,Snacks,1,1000,1000
671,2026-06-26,Tienda Norte,Papas fritas,Snacks,1,1800,1800
672,2026-08-07,Tienda Norte,Cerveza,Alcohol,1,3500,3500
672,2026-08-07,Tienda Norte,Croissant,Panadería,1,900,900
672,2026-08-07,Tienda Norte,Papas fritas,Snacks,3,1800,5400
673,2026-06-24,Tienda Norte,Azúcar,Café/Té,2,1300,2600
674,2026-08-14,Tienda Centro,Azúcar,Café/Té,1,1300,1300
674,2026-08-14,Tienda Centro,Café,Café/Té,2,4000,8000
674,2026-08-14,Tienda Centro,Cerveza,Alcohol,1,3500,3500
674,2026-08-14,Tienda Centro,Papas fritas,Snacks,1,1800,1800
674,2026-08-14,Tienda Centro,Queso,Lácteos,1,4500,4500
675,2026-07-03,Tienda Sur,Azúcar,Café/Té,1,1300,1300
675,2026-07-03,Tienda Sur,Galletas,Snacks,2,1000,2000
676,2026-07-15,Tienda Mall,Jugo naranja,Bebidas,2,1600,3200
676,2026-07-15,Tienda Mall,Maní,Snacks,1,1200,1200
676,2026-07-15,Tienda Mall,Yogurt,Lácteos,2,800,1600
677,2026-08-04,Tienda Centro,Jugo naranja,Bebidas,1,1600,1600
678,2026-07-26,Tienda Sur,Cerveza,Alcohol,1,3500,3500
678,2026-07-26,Tienda Sur,Pañales,Bebé,2,8000,16000
679,2026-07-12,Tienda Norte,Cerveza,Alcohol,1,3500,3500
679,2026-07-12,Tienda Norte,Esponjas,Limpieza,1,1200,1200
679,2026-07-12,Tienda Norte,Pañales,Bebé,1,8000,8000
680,2026-05-25,Tienda Sur,Azúcar,Café/Té,2,1300,2600
680,2026-05-25,Tienda Sur,Café,Café/Té,1,4000,4000
680,2026-05-25,Tienda Sur,Galletas,Snacks,1,1000,1000
680,2026-05-25,Tienda Sur,Jugo naranja,Bebidas,1,1600,1600
681,2026-08-09,Tienda Mall,Cloro,Limpieza,2,1400,2800
682,2026-07-12,Tienda Norte,Cloro,Limpieza,1,1400,1400
682,2026-07-12,Tienda Norte,Detergente,Limpieza,3,5500,16500
682,2026-07-12,Tienda Norte,Esponjas,Limpieza,1,1200,1200
683,2026-07-05,Tienda Mall,Agua mineral,Bebidas,2,900,1800
683,2026-07-05,Tienda Mall,Detergente,Limpieza,1,5500,5500
684,2026-08-01,Tienda Centro,Mantequilla,Lácteos,1,2500,2500
684,2026-08-01,Tienda Centro,Pan hallulla,Panadería,1,1500,1500
684,2026-08-01,Tienda Centro,Pañales,Bebé,1,8000,8000
684,2026-08-01,Tienda Centro,Toallitas húmedas,Bebé,3,2200,6600
684,2026-08-01,Tienda Centro,Yogurt,Lácteos,1,800,800
685,2026-06-26,Tienda Centro,Detergente,Limpieza,1,5500,5500
685,2026-06-26,Tienda Centro,Yogurt,Lácteos,1,800,800
686,2026-06-29,Tienda Sur,Esponjas,Limpieza,1,1200,1200
686,2026-06-29,Tienda Sur,Queso,Lácteos,2,4500,9000
686,2026-06-29,Tienda Sur,Vino tinto,Alcohol,1,5000,5000
687,2026-07-25,Tienda Sur,Azúcar,Café/Té,1,1300,1300
687,2026-07-25,Tienda Sur,Café,Café/Té,1,4000,4000
687,2026-07-25,Tienda Sur,Maní,Snacks,1,1200,1200
688,2026-06-13,Tienda Centro,Croissant,Panadería,2,900,1800
688,2026-06-13,Tienda Centro,Leche,Lácteos,3,1200,3600
689,2026-07-20,Tienda Sur,Mantequilla,Lácteos,2,2500,5000
689,2026-07-20,Tienda Sur,Vino tinto,Alcohol,1,5000,5000
690,2026-07-02,Tienda Norte,Bebida cola,Bebidas,1,1500,1500
690,2026-07-02,Tienda Norte,Leche,Lácteos,1,1200,1200
690,2026-07-02,Tienda Norte,Pan molde,Panadería,3,1800,5400
690,2026-07-02,Tienda Norte,Papas fritas,Snacks,1,1800,1800
691,2026-06-03,Tienda Centro,Café,Café/Té,1,4000,4000
691,2026-06-03,Tienda Centro,Galletas,Snacks,2,1000,2000
692,2026-07-24,Tienda Centro,Agua mineral,Bebidas,2,900,1800
692,2026-07-24,Tienda Centro,Mantequilla,Lácteos,2,2500,5000
692,2026-07-24,Tienda Centro,Pan hallulla,Panadería,3,1500,4500
693,2026-06-15,Tienda Norte,Queso,Lácteos,1,4500,4500
693,2026-06-15,Tienda Norte,Vino tinto,Alcohol,2,5000,10000
694,2026-06-24,Tienda Sur,Azúcar,Café/Té,1,1300,1300
694,2026-06-24,Tienda Sur,Toallitas húmedas,Bebé,1,2200,2200
694,2026-06-24,Tienda Sur,Té,Café/Té,1,2500,2500
695,2026-05-21,Tienda Norte,Azúcar,Café/Té,1,1300,1300
695,2026-05-21,Tienda Norte,Jugo naranja,Bebidas,2,1600,3200
695,2026-05-21,Tienda Norte,Yogurt,Lácteos,3,800,2400
696,2026-07-23,Tienda Mall,Pañales,Bebé,1,8000,8000
696,2026-07-23,Tienda Mall,Toallitas húmedas,Bebé,1,2200,2200
696,2026-07-23,Tienda Mall,Yogurt,Lácteos,1,800,800
697,2026-06-16,Tienda Norte,Cerveza,Alcohol,1,3500,3500
697,2026-06-16,Tienda Norte,Leche,Lácteos,1,1200,1200
697,2026-06-16,Tienda Norte,Papas fritas,Snacks,1,1800,1800
698,2026-05-25,Tienda Centro,Leche,Lácteos,1,1200,1200
698,2026-05-25,Tienda Centro,Papas fritas,Snacks,1,1800,1800
699,2026-06-28,Tienda Mall,Jugo naranja,Bebidas,3,1600,4800
699,2026-06-28,Tienda Mall,Maní,Snacks,1,1200,1200
700,2026-05-28,Tienda Mall,Cloro,Limpieza,1,1400,1400
700,2026-05-28,Tienda Mall,Mantequilla,Lácteos,1,2500,2500
700,2026-05-28,Tienda Mall,Pan molde,Panadería,1,1800,1800
700,2026-05-28,Tienda Mall,Queso,Lácteos,1,4500,4500
700,2026-05-28,Tienda Mall,Vino tinto,Alcohol,1,5000,5000
700,2026-05-28,Tienda Mall,Yogurt,Lácteos,1,800,800
701,2026-06-10,Tienda Centro,Cerveza,Alcohol,1,3500,3500
701,2026-06-10,Tienda Centro,Papas fritas,Snacks,1,1800,1800
701,2026-06-10,Tienda Centro,Queso,Lácteos,1,4500,4500
702,2026-07-22,Tienda Sur,Agua mineral,Bebidas,3,900,2700
702,2026-07-22,Tienda Sur,Detergente,Limpieza,1,5500,5500
702,2026-07-22,Tienda Sur,Pañales,Bebé,1,8000,8000
703,2026-07-17,Tienda Centro,Azúcar,Café/Té,1,1300,1300
703,2026-07-17,Tienda Centro,Café,Café/Té,1,4000,4000
704,2026-05-26,Tienda Centro,Mantequilla,Lácteos,1,2500,2500
704,2026-05-26,Tienda Centro,Pan molde,Panadería,1,1800,1800
704,2026-05-26,Tienda Centro,Yogurt,Lácteos,1,800,800
705,2026-05-29,Tienda Mall,Cloro,Limpieza,1,1400,1400
705,2026-05-29,Tienda Mall,Jugo naranja,Bebidas,1,1600,1600
705,2026-05-29,Tienda Mall,Queso,Lácteos,1,4500,4500
706,2026-07-28,Tienda Centro,Leche,Lácteos,1,1200,1200
706,2026-07-28,Tienda Centro,Mantequilla,Lácteos,1,2500,2500
706,2026-07-28,Tienda Centro,Maní,Snacks,1,1200,1200
706,2026-07-28,Tienda Centro,Pan hallulla,Panadería,1,1500,1500
706,2026-07-28,Tienda Centro,Papas fritas,Snacks,2,1800,3600
707,2026-06-10,Tienda Mall,Esponjas,Limpieza,1,1200,1200
707,2026-06-10,Tienda Mall,Jugo naranja,Bebidas,2,1600,3200
708,2026-07-31,Tienda Mall,Azúcar,Café/Té,1,1300,1300
708,2026-07-31,Tienda Mall,Cloro,Limpieza,1,1400,1400
708,2026-07-31,Tienda Mall,Pañales,Bebé,1,8000,8000
708,2026-07-31,Tienda Mall,Toallitas húmedas,Bebé,1,2200,2200
709,2026-07-07,Tienda Sur,Cerveza,Alcohol,2,3500,7000
709,2026-07-07,Tienda Sur,Jugo naranja,Bebidas,1,1600,1600
709,2026-07-07,Tienda Sur,Mantequilla,Lácteos,2,2500,5000
709,2026-07-07,Tienda Sur,Maní,Snacks,1,1200,1200
709,2026-07-07,Tienda Sur,Pan hallulla,Panadería,1,1500,1500
709,2026-07-07,Tienda Sur,Queso,Lácteos,1,4500,4500
710,2026-07-04,Tienda Mall,Bebida cola,Bebidas,1,1500,1500
710,2026-07-04,Tienda Mall,Cloro,Limpieza,1,1400,1400
710,2026-07-04,Tienda Mall,Papas fritas,Snacks,2,1800,3600
711,2026-05-28,Tienda Sur,Yogurt,Lácteos,1,800,800
712,2026-06-30,Tienda Centro,Maní,Snacks,1,1200,1200
712,2026-06-30,Tienda Centro,Pañales,Bebé,1,8000,8000
712,2026-06-30,Tienda Centro,Toallitas húmedas,Bebé,1,2200,2200
713,2026-06-29,Tienda Mall,Cerveza,Alcohol,1,3500,3500
713,2026-06-29,Tienda Mall,Maní,Snacks,2,1200,2400
713,2026-06-29,Tienda Mall,Pañales,Bebé,1,8000,8000
713,2026-06-29,Tienda Mall,Toallitas húmedas,Bebé,1,2200,2200
714,2026-06-27,Tienda Sur,Azúcar,Café/Té,3,1300,3900
714,2026-06-27,Tienda Sur,Café,Café/Té,1,4000,4000
714,2026-06-27,Tienda Sur,Croissant,Panadería,1,900,900
714,2026-06-27,Tienda Sur,Detergente,Limpieza,2,5500,11000
714,2026-06-27,Tienda Sur,Galletas,Snacks,1,1000,1000
714,2026-06-27,Tienda Sur,Queso,Lácteos,2,4500,9000
715,2026-06-01,Tienda Sur,Cerveza,Alcohol,1,3500,3500
715,2026-06-01,Tienda Sur,Pañales,Bebé,1,8000,8000
715,2026-06-01,Tienda Sur,Toallitas húmedas,Bebé,2,2200,4400
715,2026-06-01,Tienda Sur,Té,Café/Té,1,2500,2500
716,2026-07-28,Tienda Sur,Agua mineral,Bebidas,1,900,900
716,2026-07-28,Tienda Sur,Papas fritas,Snacks,1,1800,1800
717,2026-07-29,Tienda Norte,Azúcar,Café/Té,3,1300,3900
717,2026-07-29,Tienda Norte,Detergente,Limpieza,2,5500,11000
717,2026-07-29,Tienda Norte,Esponjas,Limpieza,1,1200,1200
717,2026-07-29,Tienda Norte,Té,Café/Té,3,2500,7500
718,2026-07-27,Tienda Mall,Azúcar,Café/Té,1,1300,1300
718,2026-07-27,Tienda Mall,Cloro,Limpieza,1,1400,1400
718,2026-07-27,Tienda Mall,Detergente,Limpieza,2,5500,11000
718,2026-07-27,Tienda Mall,Esponjas,Limpieza,1,1200,1200
718,2026-07-27,Tienda Mall,Mantequilla,Lácteos,1,2500,2500
718,2026-07-27,Tienda Mall,Pan hallulla,Panadería,1,1500,1500
718,2026-07-27,Tienda Mall,Queso,Lácteos,2,4500,9000
718,2026-07-27,Tienda Mall,Té,Café/Té,1,2500,2500
719,2026-06-21,Tienda Norte,Leche,Lácteos,1,1200,1200
719,2026-06-21,Tienda Norte,Mantequilla,Lácteos,1,2500,2500
720,2026-06-28,Tienda Mall,Detergente,Limpieza,1,5500,5500
720,2026-06-28,Tienda Mall,Esponjas,Limpieza,1,1200,1200
720,2026-06-28,Tienda Mall,Maní,Snacks,2,1200,2400
721,2026-06-24,Tienda Norte,Azúcar,Café/Té,2,1300,2600
721,2026-06-24,Tienda Norte,Café,Café/Té,1,4000,4000
721,2026-06-24,Tienda Norte,Mantequilla,Lácteos,2,2500,5000
721,2026-06-24,Tienda Norte,Pan hallulla,Panadería,1,1500,1500
721,2026-06-24,Tienda Norte,Pan molde,Panadería,2,1800,3600
721,2026-06-24,Tienda Norte,Queso,Lácteos,2,4500,9000
722,2026-06-19,Tienda Centro,Azúcar,Café/Té,2,1300,2600
722,2026-06-19,Tienda Centro,Leche,Lácteos,3,1200,3600
722,2026-06-19,Tienda Centro,Té,Café/Té,3,2500,7500
723,2026-06-21,Tienda Mall,Bebida cola,Bebidas,1,1500,1500
723,2026-06-21,Tienda Mall,Leche,Lácteos,2,1200,2400
723,2026-06-21,Tienda Mall,Toallitas húmedas,Bebé,2,2200,4400
724,2026-06-19,Tienda Mall,Leche,Lácteos,1,1200,1200
724,2026-06-19,Tienda Mall,Yogurt,Lácteos,1,800,800
725,2026-07-11,Tienda Sur,Azúcar,Café/Té,1,1300,1300
725,2026-07-11,Tienda Sur,Café,Café/Té,3,4000,12000
725,2026-07-11,Tienda Sur,Mantequilla,Lácteos,2,2500,5000
725,2026-07-11,Tienda Sur,Pan hallulla,Panadería,3,1500,4500
726,2026-07-05,Tienda Mall,Detergente,Limpieza,3,5500,16500
726,2026-07-05,Tienda Mall,Jugo naranja,Bebidas,1,1600,1600
726,2026-07-05,Tienda Mall,Pan molde,Panadería,2,1800,3600
727,2026-06-19,Tienda Sur,Detergente,Limpieza,2,5500,11000
727,2026-06-19,Tienda Sur,Jugo naranja,Bebidas,1,1600,1600
728,2026-06-19,Tienda Mall,Agua mineral,Bebidas,1,900,900
728,2026-06-19,Tienda Mall,Papas fritas,Snacks,3,1800,5400
729,2026-06-19,Tienda Sur,Galletas,Snacks,1,1000,1000
729,2026-06-19,Tienda Sur,Yogurt,Lácteos,2,800,1600
730,2026-08-10,Tienda Mall,Agua mineral,Bebidas,2,900,1800
730,2026-08-10,Tienda Mall,Azúcar,Café/Té,2,1300,2600
730,2026-08-10,Tienda Mall,Café,Café/Té,2,4000,8000
730,2026-08-10,Tienda Mall,Croissant,Panadería,2,900,1800
731,2026-06-09,Tienda Sur,Maní,Snacks,2,1200,2400
731,2026-06-09,Tienda Sur,Vino tinto,Alcohol,2,5000,10000
732,2026-07-17,Tienda Centro,Detergente,Limpieza,1,5500,5500
732,2026-07-17,Tienda Centro,Esponjas,Limpieza,1,1200,1200
732,2026-07-17,Tienda Centro,Galletas,Snacks,1,1000,1000
732,2026-07-17,Tienda Centro,Yogurt,Lácteos,1,800,800
733,2026-06-09,Tienda Norte,Detergente,Limpieza,2,5500,11000
733,2026-06-09,Tienda Norte,Mantequilla,Lácteos,1,2500,2500
734,2026-07-20,Tienda Norte,Cloro,Limpieza,1,1400,1400
734,2026-07-20,Tienda Norte,Pañales,Bebé,1,8000,8000
735,2026-06-12,Tienda Mall,Bebida cola,Bebidas,3,1500,4500
735,2026-06-12,Tienda Mall,Pan molde,Panadería,1,1800,1800
735,2026-06-12,Tienda Mall,Pañales,Bebé,2,8000,16000
736,2026-06-10,Tienda Centro,Maní,Snacks,1,1200,1200
736,2026-06-10,Tienda Centro,Toallitas húmedas,Bebé,1,2200,2200
737,2026-07-06,Tienda Norte,Azúcar,Café/Té,1,1300,1300
737,2026-07-06,Tienda Norte,Esponjas,Limpieza,1,1200,1200
737,2026-07-06,Tienda Norte,Leche,Lácteos,2,1200,2400
737,2026-07-06,Tienda Norte,Pan molde,Panadería,1,1800,1800
737,2026-07-06,Tienda Norte,Té,Café/Té,2,2500,5000
738,2026-06-23,Tienda Sur,Mantequilla,Lácteos,2,2500,5000
738,2026-06-23,Tienda Sur,Maní,Snacks,1,1200,1200
738,2026-06-23,Tienda Sur,Papas fritas,Snacks,3,1800,5400
739,2026-06-25,Tienda Norte,Mantequilla,Lácteos,1,2500,2500
739,2026-06-25,Tienda Norte,Maní,Snacks,3,1200,3600
740,2026-06-19,Tienda Mall,Cerveza,Alcohol,1,3500,3500
740,2026-06-19,Tienda Mall,Cloro,Limpieza,2,1400,2800
740,2026-06-19,Tienda Mall,Detergente,Limpieza,2,5500,11000
740,2026-06-19,Tienda Mall,Esponjas,Limpieza,2,1200,2400
740,2026-06-19,Tienda Mall,Pañales,Bebé,1,8000,8000
740,2026-06-19,Tienda Mall,Toallitas húmedas,Bebé,1,2200,2200
740,2026-06-19,Tienda Mall,Vino tinto,Alcohol,1,5000,5000
741,2026-07-01,Tienda Norte,Toallitas húmedas,Bebé,3,2200,6600
741,2026-07-01,Tienda Norte,Vino tinto,Alcohol,1,5000,5000
742,2026-05-25,Tienda Centro,Papas fritas,Snacks,1,1800,1800
742,2026-05-25,Tienda Centro,Toallitas húmedas,Bebé,1,2200,2200
743,2026-07-06,Tienda Norte,Azúcar,Café/Té,1,1300,1300
743,2026-07-06,Tienda Norte,Mantequilla,Lácteos,1,2500,2500
743,2026-07-06,Tienda Norte,Pan hallulla,Panadería,1,1500,1500
743,2026-07-06,Tienda Norte,Pañales,Bebé,1,8000,8000
743,2026-07-06,Tienda Norte,Yogurt,Lácteos,1,800,800
744,2026-05-25,Tienda Norte,Agua mineral,Bebidas,1,900,900
744,2026-05-25,Tienda Norte,Vino tinto,Alcohol,2,5000,10000
745,2026-08-06,Tienda Sur,Maní,Snacks,1,1200,1200
745,2026-08-06,Tienda Sur,Yogurt,Lácteos,3,800,2400
746,2026-06-08,Tienda Mall,Mantequilla,Lácteos,1,2500,2500
747,2026-06-12,Tienda Centro,Esponjas,Limpieza,1,1200,1200
747,2026-06-12,Tienda Centro,Yogurt,Lácteos,1,800,800
748,2026-07-22,Tienda Centro,Azúcar,Café/Té,1,1300,1300
748,2026-07-22,Tienda Centro,Esponjas,Limpieza,1,1200,1200
749,2026-06-07,Tienda Centro,Jugo naranja,Bebidas,1,1600,1600
749,2026-06-07,Tienda Centro,Queso,Lácteos,1,4500,4500
750,2026-07-24,Tienda Sur,Cloro,Limpieza,1,1400,1400
750,2026-07-24,Tienda Sur,Pañales,Bebé,2,8000,16000
750,2026-07-24,Tienda Sur,Toallitas húmedas,Bebé,1,2200,2200
751,2026-05-29,Tienda Norte,Cerveza,Alcohol,1,3500,3500
751,2026-05-29,Tienda Norte,Cloro,Limpieza,1,1400,1400
751,2026-05-29,Tienda Norte,Leche,Lácteos,1,1200,1200
751,2026-05-29,Tienda Norte,Papas fritas,Snacks,3,1800,5400
752,2026-06-30,Tienda Norte,Galletas,Snacks,2,1000,2000
753,2026-08-12,Tienda Mall,Agua mineral,Bebidas,1,900,900
753,2026-08-12,Tienda Mall,Toallitas húmedas,Bebé,1,2200,2200
754,2026-05-25,Tienda Mall,Cerveza,Alcohol,1,3500,3500
754,2026-05-25,Tienda Mall,Mantequilla,Lácteos,1,2500,2500
754,2026-05-25,Tienda Mall,Pañales,Bebé,1,8000,8000
754,2026-05-25,Tienda Mall,Toallitas húmedas,Bebé,1,2200,2200
755,2026-08-05,Tienda Mall,Agua mineral,Bebidas,1,900,900
756,2026-07-10,Tienda Centro,Queso,Lácteos,1,4500,4500
757,2026-07-10,Tienda Sur,Cloro,Limpieza,2,1400,2800
757,2026-07-10,Tienda Sur,Detergente,Limpieza,3,5500,16500
757,2026-07-10,Tienda Sur,Leche,Lácteos,2,1200,2400
757,2026-07-10,Tienda Sur,Mantequilla,Lácteos,1,2500,2500
758,2026-07-04,Tienda Centro,Azúcar,Café/Té,1,1300,1300
758,2026-07-04,Tienda Centro,Café,Café/Té,1,4000,4000
758,2026-07-04,Tienda Centro,Queso,Lácteos,1,4500,4500
758,2026-07-04,Tienda Centro,Té,Café/Té,1,2500,2500
759,2026-06-12,Tienda Mall,Azúcar,Café/Té,1,1300,1300
759,2026-06-12,Tienda Mall,Croissant,Panadería,1,900,900
759,2026-06-12,Tienda Mall,Mantequilla,Lácteos,1,2500,2500
759,2026-06-12,Tienda Mall,Pan hallulla,Panadería,1,1500,1500
759,2026-06-12,Tienda Mall,Té,Café/Té,1,2500,2500
760,2026-06-26,Tienda Mall,Azúcar,Café/Té,2,1300,2600
760,2026-06-26,Tienda Mall,Café,Café/Té,2,4000,8000
760,2026-06-26,Tienda Mall,Galletas,Snacks,1,1000,1000
760,2026-06-26,Tienda Mall,Jugo naranja,Bebidas,1,1600,1600
761,2026-05-26,Tienda Centro,Galletas,Snacks,1,1000,1000
761,2026-05-26,Tienda Centro,Leche,Lácteos,1,1200,1200
761,2026-05-26,Tienda Centro,Maní,Snacks,1,1200,1200
761,2026-05-26,Tienda Centro,Té,Café/Té,1,2500,2500
762,2026-07-23,Tienda Centro,Cloro,Limpieza,1,1400,1400
763,2026-06-12,Tienda Mall,Maní,Snacks,2,1200,2400
764,2026-06-27,Tienda Sur,Cloro,Limpieza,1,1400,1400
764,2026-06-27,Tienda Sur,Galletas,Snacks,2,1000,2000
765,2026-07-02,Tienda Norte,Croissant,Panadería,1,900,900
765,2026-07-02,Tienda Norte,Toallitas húmedas,Bebé,1,2200,2200
766,2026-07-14,Tienda Centro,Leche,Lácteos,1,1200,1200
767,2026-08-11,Tienda Mall,Cloro,Limpieza,3,1400,4200
767,2026-08-11,Tienda Mall,Papas fritas,Snacks,1,1800,1800
768,2026-07-21,Tienda Sur,Esponjas,Limpieza,1,1200,1200
768,2026-07-21,Tienda Sur,Toallitas húmedas,Bebé,1,2200,2200
768,2026-07-21,Tienda Sur,Vino tinto,Alcohol,1,5000,5000
769,2026-06-05,Tienda Norte,Leche,Lácteos,2,1200,2400
770,2026-08-17,Tienda Norte,Café,Café/Té,1,4000,4000
770,2026-08-17,Tienda Norte,Cloro,Limpieza,1,1400,1400
770,2026-08-17,Tienda Norte,Detergente,Limpieza,2,5500,11000
770,2026-08-17,Tienda Norte,Esponjas,Limpieza,1,1200,1200
770,2026-08-17,Tienda Norte,Queso,Lácteos,1,4500,4500
771,2026-06-03,Tienda Norte,Café,Café/Té,2,4000,8000
771,2026-06-03,Tienda Norte,Esponjas,Limpieza,1,1200,1200
771,2026-06-03,Tienda Norte,Galletas,Snacks,1,1000,1000
771,2026-06-03,Tienda Norte,Mantequilla,Lácteos,1,2500,2500
771,2026-06-03,Tienda Norte,Pan molde,Panadería,2,1800,3600
772,2026-07-12,Tienda Mall,Azúcar,Café/Té,1,1300,1300
772,2026-07-12,Tienda Mall,Jugo naranja,Bebidas,1,1600,1600
772,2026-07-12,Tienda Mall,Toallitas húmedas,Bebé,1,2200,2200
773,2026-08-06,Tienda Mall,Mantequilla,Lácteos,1,2500,2500
773,2026-08-06,Tienda Mall,Pan hallulla,Panadería,1,1500,1500
773,2026-08-06,Tienda Mall,Té,Café/Té,2,2500,5000
774,2026-06-03,Tienda Mall,Detergente,Limpieza,1,5500,5500
774,2026-06-03,Tienda Mall,Esponjas,Limpieza,1,1200,1200
774,2026-06-03,Tienda Mall,Galletas,Snacks,1,1000,1000
774,2026-06-03,Tienda Mall,Queso,Lácteos,1,4500,4500
774,2026-06-03,Tienda Mall,Vino tinto,Alcohol,2,5000,10000
775,2026-07-02,Tienda Mall,Jugo naranja,Bebidas,2,1600,3200
776,2026-07-08,Tienda Mall,Cloro,Limpieza,1,1400,1400
776,2026-07-08,Tienda Mall,Detergente,Limpieza,1,5500,5500
776,2026-07-08,Tienda Mall,Vino tinto,Alcohol,2,5000,10000
777,2026-08-13,Tienda Mall,Queso,Lácteos,1,4500,4500
778,2026-07-21,Tienda Centro,Azúcar,Café/Té,2,1300,2600
778,2026-07-21,Tienda Centro,Bebida cola,Bebidas,1,1500,1500
778,2026-07-21,Tienda Centro,Café,Café/Té,1,4000,4000
778,2026-07-21,Tienda Centro,Galletas,Snacks,2,1000,2000
778,2026-07-21,Tienda Centro,Jugo naranja,Bebidas,2,1600,3200
778,2026-07-21,Tienda Centro,Papas fritas,Snacks,1,1800,1800
779,2026-05-28,Tienda Sur,Bebida cola,Bebidas,1,1500,1500
779,2026-05-28,Tienda Sur,Papas fritas,Snacks,1,1800,1800
779,2026-05-28,Tienda Sur,Toallitas húmedas,Bebé,1,2200,2200
780,2026-07-04,Tienda Centro,Agua mineral,Bebidas,2,900,1800
780,2026-07-04,Tienda Centro,Azúcar,Café/Té,2,1300,2600
780,2026-07-04,Tienda Centro,Mantequilla,Lácteos,1,2500,2500
781,2026-06-02,Tienda Centro,Azúcar,Café/Té,1,1300,1300
781,2026-06-02,Tienda Centro,Galletas,Snacks,1,1000,1000
781,2026-06-02,Tienda Centro,Leche,Lácteos,1,1200,1200
781,2026-06-02,Tienda Centro,Toallitas húmedas,Bebé,2,2200,4400
782,2026-07-05,Tienda Norte,Azúcar,Café/Té,2,1300,2600
782,2026-07-05,Tienda Norte,Esponjas,Limpieza,1,1200,1200
782,2026-07-05,Tienda Norte,Galletas,Snacks,1,1000,1000
782,2026-07-05,Tienda Norte,Té,Café/Té,2,2500,5000
783,2026-06-04,Tienda Norte,Mantequilla,Lácteos,1,2500,2500
783,2026-06-04,Tienda Norte,Maní,Snacks,1,1200,1200
783,2026-06-04,Tienda Norte,Pan molde,Panadería,1,1800,1800
784,2026-07-06,Tienda Mall,Bebida cola,Bebidas,2,1500,3000
784,2026-07-06,Tienda Mall,Cloro,Limpieza,1,1400,1400
784,2026-07-06,Tienda Mall,Papas fritas,Snacks,1,1800,1800
785,2026-07-13,Tienda Mall,Cloro,Limpieza,2,1400,2800
785,2026-07-13,Tienda Mall,Galletas,Snacks,2,1000,2000
785,2026-07-13,Tienda Mall,Queso,Lácteos,1,4500,4500
785,2026-07-13,Tienda Mall,Té,Café/Té,1,2500,2500
785,2026-07-13,Tienda Mall,Vino tinto,Alcohol,1,5000,5000
786,2026-07-10,Tienda Norte,Pan hallulla,Panadería,2,1500,3000
786,2026-07-10,Tienda Norte,Papas fritas,Snacks,1,1800,1800
787,2026-08-08,Tienda Sur,Cloro,Limpieza,1,1400,1400
787,2026-08-08,Tienda Sur,Esponjas,Limpieza,1,1200,1200
788,2026-06-29,Tienda Sur,Agua mineral,Bebidas,2,900,1800
789,2026-08-06,Tienda Norte,Detergente,Limpieza,1,5500,5500
789,2026-08-06,Tienda Norte,Galletas,Snacks,1,1000,1000
789,2026-08-06,Tienda Norte,Queso,Lácteos,1,4500,4500
790,2026-08-11,Tienda Mall,Croissant,Panadería,2,900,1800
790,2026-08-11,Tienda Mall,Jugo naranja,Bebidas,2,1600,3200
790,2026-08-11,Tienda Mall,Pan hallulla,Panadería,1,1500,1500
791,2026-07-28,Tienda Sur,Azúcar,Café/Té,1,1300,1300
791,2026-07-28,Tienda Sur,Té,Café/Té,1,2500,2500
792,2026-05-22,Tienda Centro,Agua mineral,Bebidas,2,900,1800
792,2026-05-22,Tienda Centro,Azúcar,Café/Té,3,1300,3900
792,2026-05-22,Tienda Centro,Pañales,Bebé,1,8000,8000
792,2026-05-22,Tienda Centro,Toallitas húmedas,Bebé,1,2200,2200
793,2026-07-06,Tienda Sur,Leche,Lácteos,1,1200,1200
793,2026-07-06,Tienda Sur,Pan hallulla,Panadería,1,1500,1500
793,2026-07-06,Tienda Sur,Queso,Lácteos,1,4500,4500
793,2026-07-06,Tienda Sur,Vino tinto,Alcohol,1,5000,5000
794,2026-08-02,Tienda Norte,Cloro,Limpieza,2,1400,2800
794,2026-08-02,Tienda Norte,Jugo naranja,Bebidas,2,1600,3200
795,2026-08-14,Tienda Norte,Bebida cola,Bebidas,2,1500,3000
795,2026-08-14,Tienda Norte,Leche,Lácteos,1,1200,1200
795,2026-08-14,Tienda Norte,Papas fritas,Snacks,1,1800,1800
795,2026-08-14,Tienda Norte,Té,Café/Té,2,2500,5000
796,2026-07-11,Tienda Centro,Maní,Snacks,2,1200,2400
797,2026-07-19,Tienda Norte,Cloro,Limpieza,1,1400,1400
797,2026-07-19,Tienda Norte,Vino tinto,Alcohol,1,5000,5000
798,2026-07-09,Tienda Sur,Detergente,Limpieza,3,5500,16500
798,2026-07-09,Tienda Sur,Maní,Snacks,2,1200,2400
799,2026-07-12,Tienda Norte,Mantequilla,Lácteos,1,2500,2500
800,2026-07-17,Tienda Norte,Azúcar,Café/Té,1,1300,1300
800,2026-07-17,Tienda Norte,Esponjas,Limpieza,1,1200,1200
800,2026-07-17,Tienda Norte,Leche,Lácteos,1,1200,1200
800,2026-07-17,Tienda Norte,Queso,Lácteos,3,4500,13500
800,2026-07-17,Tienda Norte,Té,Café/Té,1,2500,2500
801,2026-07-11,Tienda Centro,Pañales,Bebé,1,8000,8000
801,2026-07-11,Tienda Centro,Toallitas húmedas,Bebé,1,2200,2200
802,2026-07-06,Tienda Sur,Mantequilla,Lácteos,1,2500,2500
802,2026-07-06,Tienda Sur,Pan molde,Panadería,2,1800,3600
803,2026-06-25,Tienda Norte,Azúcar,Café/Té,1,1300,1300
803,2026-06-25,Tienda Norte,Café,Café/Té,1,4000,4000
804,2026-07-20,Tienda Sur,Cerveza,Alcohol,1,3500,3500
804,2026-07-20,Tienda Sur,Papas fritas,Snacks,2,1800,3600
805,2026-07-23,Tienda Mall,Cloro,Limpieza,2,1400,2800
805,2026-07-23,Tienda Mall,Galletas,Snacks,1,1000,1000
805,2026-07-23,Tienda Mall,Mantequilla,Lácteos,2,2500,5000
806,2026-08-13,Tienda Mall,Cerveza,Alcohol,2,3500,7000
806,2026-08-13,Tienda Mall,Papas fritas,Snacks,2,1800,3600
807,2026-08-10,Tienda Centro,Esponjas,Limpieza,1,1200,1200
807,2026-08-10,Tienda Centro,Mantequilla,Lácteos,1,2500,2500
807,2026-08-10,Tienda Centro,Pan molde,Panadería,3,1800,5400
807,2026-08-10,Tienda Centro,Pañales,Bebé,1,8000,8000
807,2026-08-10,Tienda Centro,Toallitas húmedas,Bebé,2,2200,4400
808,2026-07-31,Tienda Norte,Leche,Lácteos,1,1200,1200
808,2026-07-31,Tienda Norte,Pan molde,Panadería,1,1800,1800
808,2026-07-31,Tienda Norte,Té,Café/Té,2,2500,5000
809,2026-08-02,Tienda Mall,Azúcar,Café/Té,1,1300,1300
810,2026-07-10,Tienda Centro,Cerveza,Alcohol,1,3500,3500
810,2026-07-10,Tienda Centro,Maní,Snacks,1,1200,1200
810,2026-07-10,Tienda Centro,Pan molde,Panadería,1,1800,1800
810,2026-07-10,Tienda Centro,Papas fritas,Snacks,1,1800,1800
810,2026-07-10,Tienda Centro,Queso,Lácteos,1,4500,4500
811,2026-06-21,Tienda Centro,Maní,Snacks,1,1200,1200
812,2026-05-27,Tienda Sur,Esponjas,Limpieza,1,1200,1200
813,2026-07-08,Tienda Centro,Cerveza,Alcohol,2,3500,7000
813,2026-07-08,Tienda Centro,Maní,Snacks,1,1200,1200
813,2026-07-08,Tienda Centro,Papas fritas,Snacks,1,1800,1800
814,2026-08-04,Tienda Norte,Papas fritas,Snacks,1,1800,1800
814,2026-08-04,Tienda Norte,Té,Café/Té,1,2500,2500
815,2026-07-29,Tienda Mall,Mantequilla,Lácteos,2,2500,5000
815,2026-07-29,Tienda Mall,Pan molde,Panadería,1,1800,1800
815,2026-07-29,Tienda Mall,Queso,Lácteos,3,4500,13500
816,2026-08-14,Tienda Centro,Azúcar,Café/Té,1,1300,1300
816,2026-08-14,Tienda Centro,Detergente,Limpieza,1,5500,5500
816,2026-08-14,Tienda Centro,Esponjas,Limpieza,1,1200,1200
817,2026-06-15,Tienda Norte,Bebida cola,Bebidas,1,1500,1500
817,2026-06-15,Tienda Norte,Yogurt,Lácteos,2,800,1600
818,2026-07-16,Tienda Centro,Galletas,Snacks,3,1000,3000
819,2026-08-07,Tienda Sur,Pan hallulla,Panadería,1,1500,1500
819,2026-08-07,Tienda Sur,Pan molde,Panadería,1,1800,1800
819,2026-08-07,Tienda Sur,Yogurt,Lácteos,1,800,800
820,2026-08-02,Tienda Sur,Azúcar,Café/Té,1,1300,1300
821,2026-06-27,Tienda Centro,Leche,Lácteos,2,1200,2400
821,2026-06-27,Tienda Centro,Mantequilla,Lácteos,3,2500,7500
822,2026-07-14,Tienda Norte,Cerveza,Alcohol,3,3500,10500
822,2026-07-14,Tienda Norte,Cloro,Limpieza,1,1400,1400
822,2026-07-14,Tienda Norte,Detergente,Limpieza,1,5500,5500
822,2026-07-14,Tienda Norte,Maní,Snacks,1,1200,1200
822,2026-07-14,Tienda Norte,Papas fritas,Snacks,1,1800,1800
823,2026-08-16,Tienda Norte,Azúcar,Café/Té,1,1300,1300
823,2026-08-16,Tienda Norte,Café,Café/Té,1,4000,4000
823,2026-08-16,Tienda Norte,Galletas,Snacks,1,1000,1000
823,2026-08-16,Tienda Norte,Mantequilla,Lácteos,1,2500,2500
823,2026-08-16,Tienda Norte,Pan molde,Panadería,2,1800,3600
823,2026-08-16,Tienda Norte,Toallitas húmedas,Bebé,1,2200,2200
824,2026-07-27,Tienda Centro,Cloro,Limpieza,1,1400,1400
824,2026-07-27,Tienda Centro,Galletas,Snacks,2,1000,2000
824,2026-07-27,Tienda Centro,Leche,Lácteos,2,1200,2400
825,2026-07-04,Tienda Mall,Esponjas,Limpieza,3,1200,3600
826,2026-06-04,Tienda Mall,Galletas,Snacks,1,1000,1000
826,2026-06-04,Tienda Mall,Queso,Lácteos,2,4500,9000
827,2026-06-24,Tienda Sur,Toallitas húmedas,Bebé,1,2200,2200
828,2026-06-17,Tienda Norte,Agua mineral,Bebidas,1,900,900
828,2026-06-17,Tienda Norte,Azúcar,Café/Té,2,1300,2600
828,2026-06-17,Tienda Norte,Café,Café/Té,1,4000,4000
828,2026-06-17,Tienda Norte,Galletas,Snacks,1,1000,1000
828,2026-06-17,Tienda Norte,Pan hallulla,Panadería,1,1500,1500
828,2026-06-17,Tienda Norte,Vino tinto,Alcohol,1,5000,5000
829,2026-07-31,Tienda Norte,Mantequilla,Lácteos,2,2500,5000
830,2026-06-05,Tienda Sur,Agua mineral,Bebidas,3,900,2700
830,2026-06-05,Tienda Sur,Azúcar,Café/Té,1,1300,1300
830,2026-06-05,Tienda Sur,Bebida cola,Bebidas,1,1500,1500
830,2026-06-05,Tienda Sur,Queso,Lácteos,1,4500,4500
830,2026-06-05,Tienda Sur,Té,Café/Té,2,2500,5000
831,2026-05-20,Tienda Mall,Cerveza,Alcohol,2,3500,7000
831,2026-05-20,Tienda Mall,Detergente,Limpieza,2,5500,11000
831,2026-05-20,Tienda Mall,Mantequilla,Lácteos,1,2500,2500
831,2026-05-20,Tienda Mall,Maní,Snacks,1,1200,1200
831,2026-05-20,Tienda Mall,Pan hallulla,Panadería,1,1500,1500
831,2026-05-20,Tienda Mall,Papas fritas,Snacks,1,1800,1800
832,2026-05-20,Tienda Mall,Croissant,Panadería,2,900,1800
833,2026-05-23,Tienda Norte,Bebida cola,Bebidas,1,1500,1500
833,2026-05-23,Tienda Norte,Croissant,Panadería,1,900,900
833,2026-05-23,Tienda Norte,Maní,Snacks,1,1200,1200
833,2026-05-23,Tienda Norte,Papas fritas,Snacks,1,1800,1800
833,2026-05-23,Tienda Norte,Queso,Lácteos,2,4500,9000
834,2026-08-03,Tienda Sur,Azúcar,Café/Té,1,1300,1300
834,2026-08-03,Tienda Sur,Bebida cola,Bebidas,2,1500,3000
834,2026-08-03,Tienda Sur,Café,Café/Té,3,4000,12000
834,2026-08-03,Tienda Sur,Leche,Lácteos,2,1200,2400
834,2026-08-03,Tienda Sur,Papas fritas,Snacks,1,1800,1800
835,2026-06-01,Tienda Mall,Croissant,Panadería,2,900,1800
835,2026-06-01,Tienda Mall,Pan hallulla,Panadería,1,1500,1500
836,2026-06-05,Tienda Centro,Galletas,Snacks,1,1000,1000
836,2026-06-05,Tienda Centro,Jugo naranja,Bebidas,1,1600,1600
836,2026-06-05,Tienda Centro,Pan hallulla,Panadería,1,1500,1500
836,2026-06-05,Tienda Centro,Queso,Lácteos,1,4500,4500
836,2026-06-05,Tienda Centro,Toallitas húmedas,Bebé,1,2200,2200
837,2026-07-11,Tienda Norte,Cloro,Limpieza,1,1400,1400
837,2026-07-11,Tienda Norte,Mantequilla,Lácteos,1,2500,2500
837,2026-07-11,Tienda Norte,Pan molde,Panadería,1,1800,1800
837,2026-07-11,Tienda Norte,Toallitas húmedas,Bebé,1,2200,2200
838,2026-08-14,Tienda Centro,Cerveza,Alcohol,2,3500,7000
838,2026-08-14,Tienda Centro,Maní,Snacks,1,1200,1200
838,2026-08-14,Tienda Centro,Papas fritas,Snacks,1,1800,1800
838,2026-08-14,Tienda Centro,Pañales,Bebé,1,8000,8000
838,2026-08-14,Tienda Centro,Toallitas húmedas,Bebé,1,2200,2200
839,2026-07-12,Tienda Mall,Bebida cola,Bebidas,1,1500,1500
839,2026-07-12,Tienda Mall,Galletas,Snacks,1,1000,1000
839,2026-07-12,Tienda Mall,Papas fritas,Snacks,1,1800,1800
839,2026-07-12,Tienda Mall,Yogurt,Lácteos,1,800,800
840,2026-08-11,Tienda Sur,Azúcar,Café/Té,1,1300,1300
840,2026-08-11,Tienda Sur,Mantequilla,Lácteos,1,2500,2500
841,2026-07-02,Tienda Sur,Azúcar,Café/Té,1,1300,1300
841,2026-07-02,Tienda Sur,Pan molde,Panadería,2,1800,3600
841,2026-07-02,Tienda Sur,Té,Café/Té,2,2500,5000
842,2026-07-13,Tienda Sur,Queso,Lácteos,1,4500,4500
843,2026-06-14,Tienda Centro,Café,Café/Té,1,4000,4000
843,2026-06-14,Tienda Centro,Cloro,Limpieza,1,1400,1400
844,2026-08-02,Tienda Sur,Cerveza,Alcohol,2,3500,7000
844,2026-08-02,Tienda Sur,Maní,Snacks,1,1200,1200
844,2026-08-02,Tienda Sur,Papas fritas,Snacks,2,1800,3600
844,2026-08-02,Tienda Sur,Yogurt,Lácteos,1,800,800
845,2026-08-16,Tienda Norte,Bebida cola,Bebidas,2,1500,3000
845,2026-08-16,Tienda Norte,Queso,Lácteos,2,4500,9000
846,2026-07-07,Tienda Norte,Mantequilla,Lácteos,1,2500,2500
846,2026-07-07,Tienda Norte,Pan molde,Panadería,1,1800,1800
846,2026-07-07,Tienda Norte,Queso,Lácteos,1,4500,4500
846,2026-07-07,Tienda Norte,Vino tinto,Alcohol,2,5000,10000
847,2026-07-05,Tienda Centro,Bebida cola,Bebidas,2,1500,3000
847,2026-07-05,Tienda Centro,Jugo naranja,Bebidas,1,1600,1600
847,2026-07-05,Tienda Centro,Queso,Lácteos,1,4500,4500
847,2026-07-05,Tienda Centro,Yogurt,Lácteos,1,800,800
848,2026-05-22,Tienda Norte,Cloro,Limpieza,2,1400,2800
848,2026-05-22,Tienda Norte,Leche,Lácteos,1,1200,1200
848,2026-05-22,Tienda Norte,Mantequilla,Lácteos,1,2500,2500
848,2026-05-22,Tienda Norte,Pan molde,Panadería,1,1800,1800
849,2026-07-06,Tienda Sur,Maní,Snacks,1,1200,1200
849,2026-07-06,Tienda Sur,Toallitas húmedas,Bebé,1,2200,2200
849,2026-07-06,Tienda Sur,Té,Café/Té,3,2500,7500
850,2026-06-13,Tienda Norte,Esponjas,Limpieza,1,1200,1200
850,2026-06-13,Tienda Norte,Queso,Lácteos,1,4500,4500
850,2026-06-13,Tienda Norte,Vino tinto,Alcohol,3,5000,15000
851,2026-08-06,Tienda Norte,Cerveza,Alcohol,1,3500,3500
851,2026-08-06,Tienda Norte,Jugo naranja,Bebidas,1,1600,1600
851,2026-08-06,Tienda Norte,Mantequilla,Lácteos,1,2500,2500
851,2026-08-06,Tienda Norte,Papas fritas,Snacks,1,1800,1800
852,2026-07-21,Tienda Norte,Azúcar,Café/Té,2,1300,2600
852,2026-07-21,Tienda Norte,Café,Café/Té,1,4000,4000
852,2026-07-21,Tienda Norte,Cloro,Limpieza,1,1400,1400
852,2026-07-21,Tienda Norte,Toallitas húmedas,Bebé,1,2200,2200
853,2026-07-18,Tienda Norte,Té,Café/Té,1,2500,2500
853,2026-07-18,Tienda Norte,Vino tinto,Alcohol,1,5000,5000
854,2026-07-10,Tienda Centro,Galletas,Snacks,2,1000,2000
854,2026-07-10,Tienda Centro,Queso,Lácteos,1,4500,4500
855,2026-06-28,Tienda Mall,Cerveza,Alcohol,1,3500,3500
855,2026-06-28,Tienda Mall,Pañales,Bebé,1,8000,8000
855,2026-06-28,Tienda Mall,Toallitas húmedas,Bebé,1,2200,2200
855,2026-06-28,Tienda Mall,Vino tinto,Alcohol,1,5000,5000
855,2026-06-28,Tienda Mall,Yogurt,Lácteos,1,800,800
856,2026-07-02,Tienda Mall,Maní,Snacks,1,1200,1200
856,2026-07-02,Tienda Mall,Vino tinto,Alcohol,1,5000,5000
857,2026-06-11,Tienda Mall,Cloro,Limpieza,2,1400,2800
857,2026-06-11,Tienda Mall,Croissant,Panadería,1,900,900
857,2026-06-11,Tienda Mall,Detergente,Limpieza,1,5500,5500
857,2026-06-11,Tienda Mall,Esponjas,Limpieza,2,1200,2400
858,2026-06-18,Tienda Centro,Queso,Lácteos,1,4500,4500
858,2026-06-18,Tienda Centro,Vino tinto,Alcohol,1,5000,5000
859,2026-07-01,Tienda Sur,Agua mineral,Bebidas,1,900,900
859,2026-07-01,Tienda Sur,Cloro,Limpieza,1,1400,1400
860,2026-06-06,Tienda Sur,Jugo naranja,Bebidas,1,1600,1600
861,2026-07-03,Tienda Mall,Azúcar,Café/Té,1,1300,1300
861,2026-07-03,Tienda Mall,Café,Café/Té,1,4000,4000
861,2026-07-03,Tienda Mall,Detergente,Limpieza,1,5500,5500
861,2026-07-03,Tienda Mall,Mantequilla,Lácteos,2,2500,5000
861,2026-07-03,Tienda Mall,Pan molde,Panadería,1,1800,1800
861,2026-07-03,Tienda Mall,Pañales,Bebé,1,8000,8000
861,2026-07-03,Tienda Mall,Queso,Lácteos,2,4500,9000
861,2026-07-03,Tienda Mall,Toallitas húmedas,Bebé,1,2200,2200
862,2026-08-17,Tienda Mall,Azúcar,Café/Té,1,1300,1300
862,2026-08-17,Tienda Mall,Galletas,Snacks,1,1000,1000
863,2026-06-05,Tienda Sur,Azúcar,Café/Té,1,1300,1300
863,2026-06-05,Tienda Sur,Café,Café/Té,1,4000,4000
863,2026-06-05,Tienda Sur,Cloro,Limpieza,1,1400,1400
863,2026-06-05,Tienda Sur,Pan molde,Panadería,2,1800,3600
863,2026-06-05,Tienda Sur,Vino tinto,Alcohol,3,5000,15000
864,2026-06-08,Tienda Sur,Pañales,Bebé,1,8000,8000
864,2026-06-08,Tienda Sur,Toallitas húmedas,Bebé,1,2200,2200
865,2026-07-27,Tienda Mall,Leche,Lácteos,1,1200,1200
866,2026-07-16,Tienda Sur,Leche,Lácteos,1,1200,1200
867,2026-06-11,Tienda Centro,Azúcar,Café/Té,1,1300,1300
867,2026-06-11,Tienda Centro,Café,Café/Té,1,4000,4000
867,2026-06-11,Tienda Centro,Galletas,Snacks,1,1000,1000
867,2026-06-11,Tienda Centro,Pan molde,Panadería,1,1800,1800
867,2026-06-11,Tienda Centro,Queso,Lácteos,1,4500,4500
867,2026-06-11,Tienda Centro,Toallitas húmedas,Bebé,1,2200,2200
868,2026-07-11,Tienda Mall,Leche,Lácteos,1,1200,1200
869,2026-07-12,Tienda Mall,Mantequilla,Lácteos,2,2500,5000
869,2026-07-12,Tienda Mall,Papas fritas,Snacks,1,1800,1800
869,2026-07-12,Tienda Mall,Queso,Lácteos,2,4500,9000
870,2026-08-13,Tienda Mall,Pañales,Bebé,1,8000,8000
871,2026-08-15,Tienda Mall,Mantequilla,Lácteos,1,2500,2500
871,2026-08-15,Tienda Mall,Pan molde,Panadería,1,1800,1800
872,2026-07-01,Tienda Mall,Pan hallulla,Panadería,2,1500,3000
872,2026-07-01,Tienda Mall,Pañales,Bebé,2,8000,16000
873,2026-06-27,Tienda Mall,Bebida cola,Bebidas,1,1500,1500
873,2026-06-27,Tienda Mall,Maní,Snacks,1,1200,1200
873,2026-06-27,Tienda Mall,Papas fritas,Snacks,1,1800,1800
873,2026-06-27,Tienda Mall,Yogurt,Lácteos,1,800,800
874,2026-08-17,Tienda Centro,Bebida cola,Bebidas,1,1500,1500
874,2026-08-17,Tienda Centro,Pan hallulla,Panadería,1,1500,1500
874,2026-08-17,Tienda Centro,Queso,Lácteos,1,4500,4500
875,2026-06-16,Tienda Mall,Azúcar,Café/Té,3,1300,3900
875,2026-06-16,Tienda Mall,Leche,Lácteos,1,1200,1200
876,2026-06-02,Tienda Sur,Agua mineral,Bebidas,1,900,900
876,2026-06-02,Tienda Sur,Yogurt,Lácteos,1,800,800
877,2026-05-23,Tienda Centro,Cloro,Limpieza,1,1400,1400
877,2026-05-23,Tienda Centro,Galletas,Snacks,1,1000,1000
877,2026-05-23,Tienda Centro,Papas fritas,Snacks,1,1800,1800
878,2026-05-24,Tienda Centro,Esponjas,Limpieza,1,1200,1200
878,2026-05-24,Tienda Centro,Mantequilla,Lácteos,2,2500,5000
879,2026-07-21,Tienda Mall,Azúcar,Café/Té,1,1300,1300
880,2026-07-15,Tienda Norte,Agua mineral,Bebidas,1,900,900
880,2026-07-15,Tienda Norte,Yogurt,Lácteos,1,800,800
881,2026-06-01,Tienda Norte,Azúcar,Café/Té,1,1300,1300
881,2026-06-01,Tienda Norte,Papas fritas,Snacks,1,1800,1800
882,2026-05-21,Tienda Sur,Queso,Lácteos,2,4500,9000
882,2026-05-21,Tienda Sur,Vino tinto,Alcohol,2,5000,10000
883,2026-07-27,Tienda Norte,Detergente,Limpieza,1,5500,5500
883,2026-07-27,Tienda Norte,Pan hallulla,Panadería,1,1500,1500
884,2026-05-26,Tienda Centro,Papas fritas,Snacks,2,1800,3600
885,2026-06-20,Tienda Sur,Croissant,Panadería,2,900,1800
885,2026-06-20,Tienda Sur,Mantequilla,Lácteos,1,2500,2500
885,2026-06-20,Tienda Sur,Maní,Snacks,1,1200,1200
885,2026-06-20,Tienda Sur,Pan molde,Panadería,3,1800,5400
885,2026-06-20,Tienda Sur,Queso,Lácteos,1,4500,4500
886,2026-08-13,Tienda Norte,Mantequilla,Lácteos,1,2500,2500
886,2026-08-13,Tienda Norte,Maní,Snacks,1,1200,1200
886,2026-08-13,Tienda Norte,Pan hallulla,Panadería,1,1500,1500
886,2026-08-13,Tienda Norte,Té,Café/Té,3,2500,7500
887,2026-06-04,Tienda Norte,Cerveza,Alcohol,1,3500,3500
887,2026-06-04,Tienda Norte,Maní,Snacks,1,1200,1200
887,2026-06-04,Tienda Norte,Papas fritas,Snacks,1,1800,1800
887,2026-06-04,Tienda Norte,Queso,Lácteos,2,4500,9000
887,2026-06-04,Tienda Norte,Vino tinto,Alcohol,1,5000,5000
888,2026-07-06,Tienda Centro,Queso,Lácteos,1,4500,4500
889,2026-08-04,Tienda Mall,Azúcar,Café/Té,1,1300,1300
889,2026-08-04,Tienda Mall,Esponjas,Limpieza,3,1200,3600
889,2026-08-04,Tienda Mall,Leche,Lácteos,1,1200,1200
889,2026-08-04,Tienda Mall,Pañales,Bebé,1,8000,8000
889,2026-08-04,Tienda Mall,Toallitas húmedas,Bebé,3,2200,6600
890,2026-08-16,Tienda Norte,Cloro,Limpieza,1,1400,1400
890,2026-08-16,Tienda Norte,Detergente,Limpieza,1,5500,5500
890,2026-08-16,Tienda Norte,Esponjas,Limpieza,1,1200,1200
891,2026-08-02,Tienda Mall,Bebida cola,Bebidas,1,1500,1500
891,2026-08-02,Tienda Mall,Detergente,Limpieza,2,5500,11000
891,2026-08-02,Tienda Mall,Papas fritas,Snacks,1,1800,1800
892,2026-06-19,Tienda Mall,Croissant,Panadería,1,900,900
892,2026-06-19,Tienda Mall,Mantequilla,Lácteos,1,2500,2500
892,2026-06-19,Tienda Mall,Pan hallulla,Panadería,1,1500,1500
892,2026-06-19,Tienda Mall,Toallitas húmedas,Bebé,1,2200,2200
893,2026-08-04,Tienda Mall,Agua mineral,Bebidas,1,900,900
893,2026-08-04,Tienda Mall,Cerveza,Alcohol,2,3500,7000
893,2026-08-04,Tienda Mall,Mantequilla,Lácteos,1,2500,2500
893,2026-08-04,Tienda Mall,Papas fritas,Snacks,2,1800,3600
894,2026-05-23,Tienda Norte,Bebida cola,Bebidas,1,1500,1500
894,2026-05-23,Tienda Norte,Cerveza,Alcohol,1,3500,3500
894,2026-05-23,Tienda Norte,Queso,Lácteos,2,4500,9000
895,2026-08-05,Tienda Mall,Galletas,Snacks,1,1000,1000
895,2026-08-05,Tienda Mall,Yogurt,Lácteos,1,800,800
896,2026-07-21,Tienda Centro,Cloro,Limpieza,1,1400,1400
896,2026-07-21,Tienda Centro,Detergente,Limpieza,1,5500,5500
896,2026-07-21,Tienda Centro,Esponjas,Limpieza,1,1200,1200
896,2026-07-21,Tienda Centro,Mantequilla,Lácteos,1,2500,2500
896,2026-07-21,Tienda Centro,Pan hallulla,Panadería,1,1500,1500
896,2026-07-21,Tienda Centro,Queso,Lácteos,1,4500,4500
897,2026-07-13,Tienda Norte,Cerveza,Alcohol,2,3500,7000
897,2026-07-13,Tienda Norte,Galletas,Snacks,1,1000,1000
897,2026-07-13,Tienda Norte,Jugo naranja,Bebidas,3,1600,4800
897,2026-07-13,Tienda Norte,Pañales,Bebé,1,8000,8000
898,2026-07-07,Tienda Norte,Maní,Snacks,1,1200,1200
898,2026-07-07,Tienda Norte,Té,Café/Té,1,2500,2500
899,2026-07-20,Tienda Centro,Croissant,Panadería,1,900,900
899,2026-07-20,Tienda Centro,Jugo naranja,Bebidas,1,1600,1600
899,2026-07-20,Tienda Centro,Maní,Snacks,2,1200,2400
900,2026-06-21,Tienda Mall,Galletas,Snacks,1,1000,1000
900,2026-06-21,Tienda Mall,Jugo naranja,Bebidas,1,1600,1600
901,2026-05-29,Tienda Sur,Azúcar,Café/Té,1,1300,1300
901,2026-05-29,Tienda Sur,Café,Café/Té,2,4000,8000
902,2026-07-06,Tienda Mall,Maní,Snacks,3,1200,3600
902,2026-07-06,Tienda Mall,Papas fritas,Snacks,1,1800,1800
903,2026-07-21,Tienda Sur,Croissant,Panadería,1,900,900
903,2026-07-21,Tienda Sur,Maní,Snacks,3,1200,3600
903,2026-07-21,Tienda Sur,Pañales,Bebé,1,8000,8000
904,2026-07-14,Tienda Sur,Esponjas,Limpieza,1,1200,1200
904,2026-07-14,Tienda Sur,Queso,Lácteos,1,4500,4500
904,2026-07-14,Tienda Sur,Té,Café/Té,3,2500,7500
904,2026-07-14,Tienda Sur,Vino tinto,Alcohol,2,5000,10000
905,2026-06-20,Tienda Mall,Vino tinto,Alcohol,1,5000,5000
906,2026-08-17,Tienda Norte,Cloro,Limpieza,1,1400,1400
906,2026-08-17,Tienda Norte,Galletas,Snacks,1,1000,1000
907,2026-08-02,Tienda Norte,Croissant,Panadería,1,900,900
908,2026-07-08,Tienda Mall,Croissant,Panadería,1,900,900
908,2026-07-08,Tienda Mall,Queso,Lácteos,1,4500,4500
908,2026-07-08,Tienda Mall,Té,Café/Té,1,2500,2500
909,2026-07-23,Tienda Mall,Croissant,Panadería,1,900,900
909,2026-07-23,Tienda Mall,Maní,Snacks,1,1200,1200
910,2026-07-03,Tienda Norte,Papas fritas,Snacks,1,1800,1800
910,2026-07-03,Tienda Norte,Queso,Lácteos,1,4500,4500
911,2026-06-10,Tienda Mall,Croissant,Panadería,2,900,1800
912,2026-07-12,Tienda Mall,Maní,Snacks,1,1200,1200
912,2026-07-12,Tienda Mall,Queso,Lácteos,1,4500,4500
912,2026-07-12,Tienda Mall,Vino tinto,Alcohol,1,5000,5000
912,2026-07-12,Tienda Mall,Yogurt,Lácteos,1,800,800
913,2026-07-31,Tienda Norte,Pan hallulla,Panadería,1,1500,1500
914,2026-07-11,Tienda Mall,Cloro,Limpieza,1,1400,1400
914,2026-07-11,Tienda Mall,Detergente,Limpieza,1,5500,5500
914,2026-07-11,Tienda Mall,Esponjas,Limpieza,1,1200,1200
914,2026-07-11,Tienda Mall,Leche,Lácteos,1,1200,1200
914,2026-07-11,Tienda Mall,Toallitas húmedas,Bebé,1,2200,2200
915,2026-08-14,Tienda Centro,Agua mineral,Bebidas,2,900,1800
916,2026-05-20,Tienda Centro,Té,Café/Té,1,2500,2500
917,2026-07-25,Tienda Sur,Azúcar,Café/Té,1,1300,1300
917,2026-07-25,Tienda Sur,Café,Café/Té,1,4000,4000
917,2026-07-25,Tienda Sur,Cerveza,Alcohol,1,3500,3500
917,2026-07-25,Tienda Sur,Maní,Snacks,1,1200,1200
917,2026-07-25,Tienda Sur,Papas fritas,Snacks,3,1800,5400
917,2026-07-25,Tienda Sur,Toallitas húmedas,Bebé,2,2200,4400
918,2026-06-01,Tienda Centro,Esponjas,Limpieza,2,1200,2400
918,2026-06-01,Tienda Centro,Papas fritas,Snacks,2,1800,3600
919,2026-06-06,Tienda Centro,Agua mineral,Bebidas,1,900,900
919,2026-06-06,Tienda Centro,Esponjas,Limpieza,1,1200,1200
919,2026-06-06,Tienda Centro,Té,Café/Té,1,2500,2500
920,2026-07-19,Tienda Mall,Cerveza,Alcohol,1,3500,3500
920,2026-07-19,Tienda Mall,Cloro,Limpieza,1,1400,1400
920,2026-07-19,Tienda Mall,Detergente,Limpieza,1,5500,5500
920,2026-07-19,Tienda Mall,Mantequilla,Lácteos,1,2500,2500
920,2026-07-19,Tienda Mall,Pan molde,Panadería,1,1800,1800
920,2026-07-19,Tienda Mall,Papas fritas,Snacks,3,1800,5400
921,2026-07-19,Tienda Centro,Jugo naranja,Bebidas,2,1600,3200
921,2026-07-19,Tienda Centro,Queso,Lácteos,2,4500,9000
921,2026-07-19,Tienda Centro,Toallitas húmedas,Bebé,2,2200,4400
922,2026-07-23,Tienda Centro,Croissant,Panadería,1,900,900
923,2026-08-14,Tienda Mall,Galletas,Snacks,3,1000,3000
924,2026-07-20,Tienda Norte,Cloro,Limpieza,1,1400,1400
924,2026-07-20,Tienda Norte,Yogurt,Lácteos,1,800,800
925,2026-05-23,Tienda Norte,Agua mineral,Bebidas,1,900,900
925,2026-05-23,Tienda Norte,Bebida cola,Bebidas,1,1500,1500
925,2026-05-23,Tienda Norte,Cerveza,Alcohol,3,3500,10500
925,2026-05-23,Tienda Norte,Papas fritas,Snacks,1,1800,1800
926,2026-07-21,Tienda Centro,Bebida cola,Bebidas,2,1500,3000
926,2026-07-21,Tienda Centro,Cerveza,Alcohol,1,3500,3500
926,2026-07-21,Tienda Centro,Papas fritas,Snacks,1,1800,1800
926,2026-07-21,Tienda Centro,Pañales,Bebé,1,8000,8000
927,2026-07-14,Tienda Norte,Jugo naranja,Bebidas,1,1600,1600
927,2026-07-14,Tienda Norte,Leche,Lácteos,1,1200,1200
928,2026-08-03,Tienda Norte,Leche,Lácteos,2,1200,2400
928,2026-08-03,Tienda Norte,Pañales,Bebé,1,8000,8000
928,2026-08-03,Tienda Norte,Queso,Lácteos,1,4500,4500
928,2026-08-03,Tienda Norte,Toallitas húmedas,Bebé,1,2200,2200
928,2026-08-03,Tienda Norte,Vino tinto,Alcohol,1,5000,5000
929,2026-07-13,Tienda Sur,Cloro,Limpieza,1,1400,1400
929,2026-07-13,Tienda Sur,Mantequilla,Lácteos,1,2500,2500
929,2026-07-13,Tienda Sur,Té,Café/Té,1,2500,2500
930,2026-07-17,Tienda Sur,Jugo naranja,Bebidas,2,1600,3200
931,2026-07-22,Tienda Mall,Jugo naranja,Bebidas,1,1600,1600
932,2026-08-13,Tienda Centro,Jugo naranja,Bebidas,1,1600,1600
932,2026-08-13,Tienda Centro,Té,Café/Té,3,2500,7500
933,2026-08-01,Tienda Mall,Café,Café/Té,3,4000,12000
933,2026-08-01,Tienda Mall,Jugo naranja,Bebidas,1,1600,1600
933,2026-08-01,Tienda Mall,Queso,Lácteos,2,4500,9000
934,2026-06-15,Tienda Norte,Café,Café/Té,1,4000,4000
934,2026-06-15,Tienda Norte,Pan hallulla,Panadería,1,1500,1500
934,2026-06-15,Tienda Norte,Queso,Lácteos,1,4500,4500
934,2026-06-15,Tienda Norte,Yogurt,Lácteos,1,800,800
935,2026-07-19,Tienda Sur,Croissant,Panadería,1,900,900
935,2026-07-19,Tienda Sur,Papas fritas,Snacks,3,1800,5400
935,2026-07-19,Tienda Sur,Té,Café/Té,2,2500,5000
936,2026-07-29,Tienda Mall,Cerveza,Alcohol,2,3500,7000
937,2026-06-27,Tienda Mall,Galletas,Snacks,1,1000,1000
937,2026-06-27,Tienda Mall,Mantequilla,Lácteos,1,2500,2500
937,2026-06-27,Tienda Mall,Pañales,Bebé,2,8000,16000
937,2026-06-27,Tienda Mall,Toallitas húmedas,Bebé,2,2200,4400
938,2026-05-21,Tienda Sur,Cloro,Limpieza,1,1400,1400
938,2026-05-21,Tienda Sur,Leche,Lácteos,3,1200,3600
938,2026-05-21,Tienda Sur,Pañales,Bebé,1,8000,8000
939,2026-06-10,Tienda Centro,Azúcar,Café/Té,3,1300,3900
939,2026-06-10,Tienda Centro,Café,Café/Té,1,4000,4000
939,2026-06-10,Tienda Centro,Galletas,Snacks,1,1000,1000
940,2026-06-08,Tienda Mall,Bebida cola,Bebidas,1,1500,1500
940,2026-06-08,Tienda Mall,Leche,Lácteos,1,1200,1200
941,2026-06-11,Tienda Mall,Cloro,Limpieza,2,1400,2800
941,2026-06-11,Tienda Mall,Croissant,Panadería,1,900,900
941,2026-06-11,Tienda Mall,Galletas,Snacks,1,1000,1000
942,2026-08-11,Tienda Mall,Croissant,Panadería,1,900,900
942,2026-08-11,Tienda Mall,Leche,Lácteos,1,1200,1200
943,2026-07-24,Tienda Norte,Pañales,Bebé,1,8000,8000
944,2026-06-01,Tienda Norte,Detergente,Limpieza,1,5500,5500
944,2026-06-01,Tienda Norte,Esponjas,Limpieza,1,1200,1200
945,2026-07-27,Tienda Norte,Esponjas,Limpieza,2,1200,2400
945,2026-07-27,Tienda Norte,Mantequilla,Lácteos,1,2500,2500
945,2026-07-27,Tienda Norte,Pan molde,Panadería,1,1800,1800
946,2026-08-02,Tienda Centro,Cloro,Limpieza,1,1400,1400
946,2026-08-02,Tienda Centro,Leche,Lácteos,1,1200,1200
946,2026-08-02,Tienda Centro,Queso,Lácteos,1,4500,4500
947,2026-07-30,Tienda Mall,Leche,Lácteos,1,1200,1200
947,2026-07-30,Tienda Mall,Mantequilla,Lácteos,1,2500,2500
947,2026-07-30,Tienda Mall,Pan hallulla,Panadería,2,1500,3000
948,2026-05-30,Tienda Centro,Azúcar,Café/Té,3,1300,3900
948,2026-05-30,Tienda Centro,Queso,Lácteos,1,4500,4500
948,2026-05-30,Tienda Centro,Vino tinto,Alcohol,1,5000,5000
949,2026-05-25,Tienda Sur,Galletas,Snacks,2,1000,2000
949,2026-05-25,Tienda Sur,Mantequilla,Lácteos,3,2500,7500
949,2026-05-25,Tienda Sur,Pañales,Bebé,1,8000,8000
949,2026-05-25,Tienda Sur,Toallitas húmedas,Bebé,1,2200,2200
950,2026-08-16,Tienda Centro,Bebida cola,Bebidas,1,1500,1500
950,2026-08-16,Tienda Centro,Mantequilla,Lácteos,1,2500,2500
950,2026-08-16,Tienda Centro,Pan hallulla,Panadería,1,1500,1500
950,2026-08-16,Tienda Centro,Papas fritas,Snacks,1,1800,1800
950,2026-08-16,Tienda Centro,Queso,Lácteos,2,4500,9000
951,2026-07-13,Tienda Centro,Agua mineral,Bebidas,1,900,900
951,2026-07-13,Tienda Centro,Papas fritas,Snacks,1,1800,1800
952,2026-07-17,Tienda Centro,Cloro,Limpieza,1,1400,1400
952,2026-07-17,Tienda Centro,Esponjas,Limpieza,1,1200,1200
952,2026-07-17,Tienda Centro,Mantequilla,Lácteos,2,2500,5000
952,2026-07-17,Tienda Centro,Maní,Snacks,3,1200,3600
953,2026-08-17,Tienda Norte,Cloro,Limpieza,3,1400,4200
953,2026-08-17,Tienda Norte,Detergente,Limpieza,1,5500,5500
953,2026-08-17,Tienda Norte,Esponjas,Limpieza,1,1200,1200
953,2026-08-17,Tienda Norte,Pañales,Bebé,1,8000,8000
954,2026-05-29,Tienda Sur,Leche,Lácteos,1,1200,1200
955,2026-07-11,Tienda Centro,Croissant,Panadería,2,900,1800
955,2026-07-11,Tienda Centro,Vino tinto,Alcohol,1,5000,5000
956,2026-06-17,Tienda Sur,Papas fritas,Snacks,3,1800,5400
957,2026-06-17,Tienda Mall,Jugo naranja,Bebidas,2,1600,3200
957,2026-06-17,Tienda Mall,Leche,Lácteos,1,1200,1200
957,2026-06-17,Tienda Mall,Té,Café/Té,1,2500,2500
957,2026-06-17,Tienda Mall,Yogurt,Lácteos,1,800,800
958,2026-06-25,Tienda Sur,Cerveza,Alcohol,3,3500,10500
958,2026-06-25,Tienda Sur,Pan hallulla,Panadería,1,1500,1500
958,2026-06-25,Tienda Sur,Papas fritas,Snacks,1,1800,1800
958,2026-06-25,Tienda Sur,Yogurt,Lácteos,2,800,1600
959,2026-07-20,Tienda Norte,Cloro,Limpieza,1,1400,1400
959,2026-07-20,Tienda Norte,Té,Café/Té,1,2500,2500
960,2026-07-31,Tienda Sur,Detergente,Limpieza,1,5500,5500
961,2026-08-05,Tienda Mall,Galletas,Snacks,1,1000,1000
961,2026-08-05,Tienda Mall,Vino tinto,Alcohol,1,5000,5000
961,2026-08-05,Tienda Mall,Yogurt,Lácteos,1,800,800
962,2026-06-18,Tienda Sur,Croissant,Panadería,2,900,1800
962,2026-06-18,Tienda Sur,Jugo naranja,Bebidas,2,1600,3200
962,2026-06-18,Tienda Sur,Maní,Snacks,1,1200,1200
963,2026-05-29,Tienda Norte,Croissant,Panadería,3,900,2700
963,2026-05-29,Tienda Norte,Pan hallulla,Panadería,1,1500,1500
963,2026-05-29,Tienda Norte,Pañales,Bebé,1,8000,8000
963,2026-05-29,Tienda Norte,Toallitas húmedas,Bebé,2,2200,4400
963,2026-05-29,Tienda Norte,Yogurt,Lácteos,1,800,800
964,2026-07-24,Tienda Centro,Queso,Lácteos,2,4500,9000
964,2026-07-24,Tienda Centro,Toallitas húmedas,Bebé,2,2200,4400
965,2026-07-13,Tienda Sur,Cloro,Limpieza,1,1400,1400
965,2026-07-13,Tienda Sur,Té,Café/Té,1,2500,2500
966,2026-06-10,Tienda Norte,Vino tinto,Alcohol,1,5000,5000
967,2026-05-26,Tienda Mall,Vino tinto,Alcohol,1,5000,5000
967,2026-05-26,Tienda Mall,Yogurt,Lácteos,1,800,800
968,2026-07-28,Tienda Centro,Azúcar,Café/Té,1,1300,1300
968,2026-07-28,Tienda Centro,Café,Café/Té,1,4000,4000
968,2026-07-28,Tienda Centro,Galletas,Snacks,3,1000,3000
968,2026-07-28,Tienda Centro,Jugo naranja,Bebidas,3,1600,4800
969,2026-08-10,Tienda Centro,Azúcar,Café/Té,2,1300,2600
969,2026-08-10,Tienda Centro,Café,Café/Té,1,4000,4000
969,2026-08-10,Tienda Centro,Galletas,Snacks,1,1000,1000
969,2026-08-10,Tienda Centro,Mantequilla,Lácteos,1,2500,2500
969,2026-08-10,Tienda Centro,Pan hallulla,Panadería,1,1500,1500
969,2026-08-10,Tienda Centro,Queso,Lácteos,1,4500,4500
969,2026-08-10,Tienda Centro,Toallitas húmedas,Bebé,2,2200,4400
969,2026-08-10,Tienda Centro,Vino tinto,Alcohol,1,5000,5000
970,2026-07-21,Tienda Centro,Cloro,Limpieza,1,1400,1400
971,2026-07-19,Tienda Mall,Maní,Snacks,1,1200,1200
971,2026-07-19,Tienda Mall,Vino tinto,Alcohol,1,5000,5000
972,2026-07-15,Tienda Mall,Vino tinto,Alcohol,1,5000,5000
973,2026-06-14,Tienda Centro,Mantequilla,Lácteos,1,2500,2500
973,2026-06-14,Tienda Centro,Pan hallulla,Panadería,1,1500,1500
974,2026-08-13,Tienda Norte,Agua mineral,Bebidas,1,900,900
974,2026-08-13,Tienda Norte,Cloro,Limpieza,1,1400,1400
974,2026-08-13,Tienda Norte,Leche,Lácteos,1,1200,1200
974,2026-08-13,Tienda Norte,Maní,Snacks,1,1200,1200
975,2026-07-10,Tienda Mall,Leche,Lácteos,2,1200,2400
976,2026-06-05,Tienda Norte,Cloro,Limpieza,1,1400,1400
976,2026-06-05,Tienda Norte,Mantequilla,Lácteos,3,2500,7500
976,2026-06-05,Tienda Norte,Pan molde,Panadería,2,1800,3600
977,2026-07-14,Tienda Mall,Café,Café/Té,1,4000,4000
977,2026-07-14,Tienda Mall,Croissant,Panadería,1,900,900
977,2026-07-14,Tienda Mall,Galletas,Snacks,1,1000,1000
978,2026-06-03,Tienda Sur,Bebida cola,Bebidas,2,1500,3000
978,2026-06-03,Tienda Sur,Cloro,Limpieza,1,1400,1400
978,2026-06-03,Tienda Sur,Maní,Snacks,2,1200,2400
978,2026-06-03,Tienda Sur,Queso,Lácteos,1,4500,4500
979,2026-06-13,Tienda Norte,Mantequilla,Lácteos,1,2500,2500
979,2026-06-13,Tienda Norte,Papas fritas,Snacks,3,1800,5400
980,2026-06-07,Tienda Mall,Queso,Lácteos,1,4500,4500
981,2026-05-26,Tienda Mall,Esponjas,Limpieza,1,1200,1200
981,2026-05-26,Tienda Mall,Jugo naranja,Bebidas,1,1600,1600
982,2026-07-02,Tienda Mall,Maní,Snacks,1,1200,1200
982,2026-07-02,Tienda Mall,Té,Café/Té,1,2500,2500
983,2026-06-24,Tienda Sur,Bebida cola,Bebidas,1,1500,1500
983,2026-06-24,Tienda Sur,Cerveza,Alcohol,1,3500,3500
983,2026-06-24,Tienda Sur,Mantequilla,Lácteos,1,2500,2500
983,2026-06-24,Tienda Sur,Maní,Snacks,1,1200,1200
983,2026-06-24,Tienda Sur,Pan hallulla,Panadería,1,1500,1500
983,2026-06-24,Tienda Sur,Papas fritas,Snacks,1,1800,1800
983,2026-06-24,Tienda Sur,Queso,Lácteos,1,4500,4500
984,2026-08-13,Tienda Centro,Cerveza,Alcohol,1,3500,3500
984,2026-08-13,Tienda Centro,Mantequilla,Lácteos,1,2500,2500
984,2026-08-13,Tienda Centro,Papas fritas,Snacks,1,1800,1800
984,2026-08-13,Tienda Centro,Vino tinto,Alcohol,1,5000,5000
985,2026-07-08,Tienda Centro,Cloro,Limpieza,2,1400,2800
985,2026-07-08,Tienda Centro,Detergente,Limpieza,1,5500,5500
985,2026-07-08,Tienda Centro,Mantequilla,Lácteos,1,2500,2500
985,2026-07-08,Tienda Centro,Toallitas húmedas,Bebé,2,2200,4400
986,2026-06-01,Tienda Centro,Café,Café/Té,1,4000,4000
986,2026-06-01,Tienda Centro,Cerveza,Alcohol,1,3500,3500
986,2026-06-01,Tienda Centro,Galletas,Snacks,1,1000,1000
986,2026-06-01,Tienda Centro,Jugo naranja,Bebidas,2,1600,3200
986,2026-06-01,Tienda Centro,Maní,Snacks,2,1200,2400
986,2026-06-01,Tienda Centro,Toallitas húmedas,Bebé,2,2200,4400
987,2026-07-03,Tienda Sur,Esponjas,Limpieza,2,1200,2400
987,2026-07-03,Tienda Sur,Leche,Lácteos,1,1200,1200
988,2026-07-12,Tienda Centro,Agua mineral,Bebidas,1,900,900
989,2026-06-05,Tienda Sur,Pañales,Bebé,1,8000,8000
989,2026-06-05,Tienda Sur,Toallitas húmedas,Bebé,2,2200,4400
990,2026-07-22,Tienda Centro,Azúcar,Café/Té,2,1300,2600
990,2026-07-22,Tienda Centro,Té,Café/Té,1,2500,2500
991,2026-06-23,Tienda Norte,Yogurt,Lácteos,1,800,800
992,2026-08-03,Tienda Centro,Esponjas,Limpieza,1,1200,1200
992,2026-08-03,Tienda Centro,Galletas,Snacks,2,1000,2000
992,2026-08-03,Tienda Centro,Té,Café/Té,1,2500,2500
993,2026-06-23,Tienda Centro,Pan hallulla,Panadería,1,1500,1500
993,2026-06-23,Tienda Centro,Queso,Lácteos,3,4500,13500
994,2026-06-24,Tienda Norte,Detergente,Limpieza,1,5500,5500
994,2026-06-24,Tienda Norte,Mantequilla,Lácteos,1,2500,2500
994,2026-06-24,Tienda Norte,Pan hallulla,Panadería,3,1500,4500
994,2026-06-24,Tienda Norte,Queso,Lácteos,1,4500,4500
995,2026-07-29,Tienda Sur,Jugo naranja,Bebidas,1,1600,1600
995,2026-07-29,Tienda Sur,Maní,Snacks,1,1200,1200
995,2026-07-29,Tienda Sur,Toallitas húmedas,Bebé,2,2200,4400
996,2026-07-04,Tienda Norte,Agua mineral,Bebidas,2,900,1800
996,2026-07-04,Tienda Norte,Mantequilla,Lácteos,2,2500,5000
996,2026-07-04,Tienda Norte,Pan molde,Panadería,1,1800,1800
996,2026-07-04,Tienda Norte,Yogurt,Lácteos,2,800,1600
997,2026-07-07,Tienda Sur,Azúcar,Café/Té,1,1300,1300
997,2026-07-07,Tienda Sur,Cloro,Limpieza,1,1400,1400
997,2026-07-07,Tienda Sur,Detergente,Limpieza,1,5500,5500
997,2026-07-07,Tienda Sur,Toallitas húmedas,Bebé,2,2200,4400
998,2026-07-09,Tienda Norte,Maní,Snacks,1,1200,1200
998,2026-07-09,Tienda Norte,Queso,Lácteos,1,4500,4500
998,2026-07-09,Tienda Norte,Vino tinto,Alcohol,1,5000,5000
999,2026-06-11,Tienda Norte,Cloro,Limpieza,2,1400,2800
999,2026-06-11,Tienda Norte,Detergente,Limpieza,2,5500,11000
999,2026-06-11,Tienda Norte,Esponjas,Limpieza,1,1200,1200
999,2026-06-11,Tienda Norte,Yogurt,Lácteos,1,800,800
1000,2026-06-07,Tienda Centro,Detergente,Limpieza,1,5500,5500
1000,2026-06-07,Tienda Centro,Esponjas,Limpieza,2,1200,2400
1000,2026-06-07,Tienda Centro,Galletas,Snacks,2,1000,2000
1001,2026-08-05,Tienda Centro,Leche,Lácteos,1,1200,1200
1001,2026-08-05,Tienda Centro,Pan molde,Panadería,1,1800,1800
1002,2026-06-20,Tienda Centro,Cloro,Limpieza,3,1400,4200
1002,2026-06-20,Tienda Centro,Detergente,Limpieza,1,5500,5500
1002,2026-06-20,Tienda Centro,Toallitas húmedas,Bebé,2,2200,4400
1003,2026-07-02,Tienda Centro,Azúcar,Café/Té,1,1300,1300
1003,2026-07-02,Tienda Centro,Café,Café/Té,1,4000,4000
1003,2026-07-02,Tienda Centro,Pañales,Bebé,1,8000,8000
1004,2026-07-28,Tienda Centro,Mantequilla,Lácteos,1,2500,2500
1004,2026-07-28,Tienda Centro,Pan hallulla,Panadería,2,1500,3000
1004,2026-07-28,Tienda Centro,Queso,Lácteos,1,4500,4500
1005,2026-06-17,Tienda Centro,Mantequilla,Lácteos,1,2500,2500
1005,2026-06-17,Tienda Centro,Papas fritas,Snacks,1,1800,1800
1006,2026-08-15,Tienda Mall,Azúcar,Café/Té,1,1300,1300
1006,2026-08-15,Tienda Mall,Café,Café/Té,3,4000,12000
1006,2026-08-15,Tienda Mall,Esponjas,Limpieza,1,1200,1200
1006,2026-08-15,Tienda Mall,Galletas,Snacks,1,1000,1000
1006,2026-08-15,Tienda Mall,Leche,Lácteos,1,1200,1200
1007,2026-05-30,Tienda Centro,Azúcar,Café/Té,1,1300,1300
1007,2026-05-30,Tienda Centro,Maní,Snacks,1,1200,1200
1007,2026-05-30,Tienda Centro,Té,Café/Té,2,2500,5000
1007,2026-05-30,Tienda Centro,Yogurt,Lácteos,1,800,800
1008,2026-08-07,Tienda Sur,Agua mineral,Bebidas,2,900,1800
1008,2026-08-07,Tienda Sur,Leche,Lácteos,1,1200,1200
1009,2026-06-22,Tienda Centro,Cerveza,Alcohol,2,3500,7000
1009,2026-06-22,Tienda Centro,Cloro,Limpieza,1,1400,1400
1009,2026-06-22,Tienda Centro,Detergente,Limpieza,1,5500,5500
1009,2026-06-22,Tienda Centro,Mantequilla,Lácteos,2,2500,5000
1010,2026-06-07,Tienda Centro,Mantequilla,Lácteos,2,2500,5000
1010,2026-06-07,Tienda Centro,Yogurt,Lácteos,1,800,800
1011,2026-07-22,Tienda Mall,Maní,Snacks,2,1200,2400
1011,2026-07-22,Tienda Mall,Toallitas húmedas,Bebé,1,2200,2200
1012,2026-08-11,Tienda Norte,Azúcar,Café/Té,1,1300,1300
1012,2026-08-11,Tienda Norte,Café,Café/Té,1,4000,4000
1013,2026-05-30,Tienda Mall,Bebida cola,Bebidas,1,1500,1500
1013,2026-05-30,Tienda Mall,Esponjas,Limpieza,1,1200,1200
1014,2026-05-22,Tienda Sur,Leche,Lácteos,1,1200,1200
1014,2026-05-22,Tienda Sur,Mantequilla,Lácteos,1,2500,2500
1015,2026-06-06,Tienda Sur,Azúcar,Café/Té,1,1300,1300
1015,2026-06-06,Tienda Sur,Maní,Snacks,2,1200,2400
1016,2026-05-27,Tienda Norte,Esponjas,Limpieza,2,1200,2400
1017,2026-07-07,Tienda Centro,Maní,Snacks,2,1200,2400
1017,2026-07-07,Tienda Centro,Pan hallulla,Panadería,2,1500,3000
1017,2026-07-07,Tienda Centro,Queso,Lácteos,1,4500,4500
1017,2026-07-07,Tienda Centro,Vino tinto,Alcohol,1,5000,5000
1018,2026-05-30,Tienda Norte,Pañales,Bebé,2,8000,16000
1019,2026-07-19,Tienda Norte,Azúcar,Café/Té,2,1300,2600
1019,2026-07-19,Tienda Norte,Café,Café/Té,1,4000,4000
1019,2026-07-19,Tienda Norte,Esponjas,Limpieza,1,1200,1200
1019,2026-07-19,Tienda Norte,Jugo naranja,Bebidas,1,1600,1600
1020,2026-08-10,Tienda Centro,Mantequilla,Lácteos,1,2500,2500
1020,2026-08-10,Tienda Centro,Pan molde,Panadería,2,1800,3600
1020,2026-08-10,Tienda Centro,Té,Café/Té,1,2500,2500
1020,2026-08-10,Tienda Centro,Yogurt,Lácteos,1,800,800
1021,2026-06-28,Tienda Norte,Agua mineral,Bebidas,3,900,2700
1021,2026-06-28,Tienda Norte,Yogurt,Lácteos,1,800,800
1022,2026-06-05,Tienda Norte,Bebida cola,Bebidas,1,1500,1500
1022,2026-06-05,Tienda Norte,Mantequilla,Lácteos,1,2500,2500
1022,2026-06-05,Tienda Norte,Pan hallulla,Panadería,1,1500,1500
1023,2026-07-20,Tienda Sur,Pan hallulla,Panadería,1,1500,1500
1023,2026-07-20,Tienda Sur,Papas fritas,Snacks,1,1800,1800
1023,2026-07-20,Tienda Sur,Yogurt,Lácteos,1,800,800
1024,2026-08-05,Tienda Sur,Jugo naranja,Bebidas,1,1600,1600
1025,2026-06-02,Tienda Centro,Jugo naranja,Bebidas,3,1600,4800
1025,2026-06-02,Tienda Centro,Mantequilla,Lácteos,1,2500,2500
1025,2026-06-02,Tienda Centro,Pan molde,Panadería,1,1800,1800
1025,2026-06-02,Tienda Centro,Queso,Lácteos,1,4500,4500
1026,2026-05-25,Tienda Mall,Cerveza,Alcohol,3,3500,10500
1026,2026-05-25,Tienda Mall,Maní,Snacks,2,1200,2400
1026,2026-05-25,Tienda Mall,Papas fritas,Snacks,3,1800,5400
1027,2026-07-23,Tienda Norte,Papas fritas,Snacks,2,1800,3600
1027,2026-07-23,Tienda Norte,Vino tinto,Alcohol,1,5000,5000
1028,2026-07-11,Tienda Centro,Mantequilla,Lácteos,1,2500,2500
1028,2026-07-11,Tienda Centro,Pan molde,Panadería,2,1800,3600
1029,2026-06-26,Tienda Norte,Galletas,Snacks,1,1000,1000
1030,2026-08-08,Tienda Centro,Bebida cola,Bebidas,1,1500,1500
1030,2026-08-08,Tienda Centro,Cloro,Limpieza,3,1400,4200
1030,2026-08-08,Tienda Centro,Detergente,Limpieza,1,5500,5500
1030,2026-08-08,Tienda Centro,Queso,Lácteos,1,4500,4500
1031,2026-07-02,Tienda Mall,Cerveza,Alcohol,2,3500,7000
1031,2026-07-02,Tienda Mall,Jugo naranja,Bebidas,1,1600,1600
1031,2026-07-02,Tienda Mall,Queso,Lácteos,1,4500,4500
1031,2026-07-02,Tienda Mall,Vino tinto,Alcohol,3,5000,15000
1032,2026-08-05,Tienda Centro,Café,Café/Té,1,4000,4000
1032,2026-08-05,Tienda Centro,Cerveza,Alcohol,1,3500,3500
1032,2026-08-05,Tienda Centro,Detergente,Limpieza,1,5500,5500
1032,2026-08-05,Tienda Centro,Leche,Lácteos,3,1200,3600
1032,2026-08-05,Tienda Centro,Pañales,Bebé,1,8000,8000
1033,2026-06-24,Tienda Sur,Croissant,Panadería,2,900,1800
1033,2026-06-24,Tienda Sur,Yogurt,Lácteos,1,800,800
1034,2026-07-19,Tienda Sur,Detergente,Limpieza,1,5500,5500
1034,2026-07-19,Tienda Sur,Galletas,Snacks,1,1000,1000
1034,2026-07-19,Tienda Sur,Mantequilla,Lácteos,1,2500,2500
1035,2026-07-11,Tienda Norte,Toallitas húmedas,Bebé,1,2200,2200
1035,2026-07-11,Tienda Norte,Té,Café/Té,1,2500,2500
1036,2026-07-23,Tienda Mall,Cloro,Limpieza,2,1400,2800
1036,2026-07-23,Tienda Mall,Pan hallulla,Panadería,1,1500,1500
1037,2026-07-30,Tienda Centro,Leche,Lácteos,1,1200,1200
1038,2026-06-09,Tienda Mall,Bebida cola,Bebidas,1,1500,1500
1038,2026-06-09,Tienda Mall,Galletas,Snacks,1,1000,1000
1038,2026-06-09,Tienda Mall,Papas fritas,Snacks,1,1800,1800
1039,2026-07-18,Tienda Centro,Leche,Lácteos,2,1200,2400
1040,2026-07-09,Tienda Mall,Cerveza,Alcohol,1,3500,3500
1040,2026-07-09,Tienda Mall,Maní,Snacks,1,1200,1200
1040,2026-07-09,Tienda Mall,Papas fritas,Snacks,2,1800,3600
1041,2026-06-03,Tienda Sur,Azúcar,Café/Té,3,1300,3900
1041,2026-06-03,Tienda Sur,Mantequilla,Lácteos,1,2500,2500
1042,2026-06-16,Tienda Sur,Papas fritas,Snacks,1,1800,1800
1042,2026-06-16,Tienda Sur,Toallitas húmedas,Bebé,2,2200,4400
1043,2026-07-14,Tienda Mall,Pan molde,Panadería,1,1800,1800
1043,2026-07-14,Tienda Mall,Queso,Lácteos,1,4500,4500
1044,2026-05-30,Tienda Norte,Papas fritas,Snacks,1,1800,1800
1045,2026-07-16,Tienda Mall,Agua mineral,Bebidas,1,900,900
1045,2026-07-16,Tienda Mall,Cloro,Limpieza,1,1400,1400
1046,2026-07-13,Tienda Sur,Jugo naranja,Bebidas,1,1600,1600
1046,2026-07-13,Tienda Sur,Queso,Lácteos,1,4500,4500
1046,2026-07-13,Tienda Sur,Vino tinto,Alcohol,2,5000,10000
1046,2026-07-13,Tienda Sur,Yogurt,Lácteos,3,800,2400
1047,2026-07-14,Tienda Sur,Azúcar,Café/Té,1,1300,1300
1047,2026-07-14,Tienda Sur,Mantequilla,Lácteos,1,2500,2500
1047,2026-07-14,Tienda Sur,Pan molde,Panadería,3,1800,5400
1047,2026-07-14,Tienda Sur,Papas fritas,Snacks,3,1800,5400
1047,2026-07-14,Tienda Sur,Pañales,Bebé,2,8000,16000
1048,2026-06-29,Tienda Centro,Galletas,Snacks,3,1000,3000
1049,2026-07-22,Tienda Sur,Cloro,Limpieza,1,1400,1400
1050,2026-07-25,Tienda Centro,Cloro,Limpieza,1,1400,1400
1050,2026-07-25,Tienda Centro,Detergente,Limpieza,1,5500,5500
1050,2026-07-25,Tienda Centro,Esponjas,Limpieza,1,1200,1200
1050,2026-07-25,Tienda Centro,Galletas,Snacks,1,1000,1000
1050,2026-07-25,Tienda Centro,Mantequilla,Lácteos,3,2500,7500
1050,2026-07-25,Tienda Centro,Pañales,Bebé,3,8000,24000
1051,2026-08-01,Tienda Centro,Mantequilla,Lácteos,1,2500,2500
1051,2026-08-01,Tienda Centro,Pan molde,Panadería,1,1800,1800
1051,2026-08-01,Tienda Centro,Queso,Lácteos,3,4500,13500
1051,2026-08-01,Tienda Centro,Vino tinto,Alcohol,1,5000,5000
1052,2026-07-04,Tienda Sur,Azúcar,Café/Té,1,1300,1300
1052,2026-07-04,Tienda Sur,Cerveza,Alcohol,1,3500,3500
1052,2026-07-04,Tienda Sur,Maní,Snacks,1,1200,1200
1052,2026-07-04,Tienda Sur,Papas fritas,Snacks,1,1800,1800
1052,2026-07-04,Tienda Sur,Té,Café/Té,2,2500,5000
1053,2026-08-16,Tienda Mall,Esponjas,Limpieza,3,1200,3600
1053,2026-08-16,Tienda Mall,Leche,Lácteos,2,1200,2400
1053,2026-08-16,Tienda Mall,Toallitas húmedas,Bebé,1,2200,2200
1054,2026-08-11,Tienda Centro,Café,Café/Té,1,4000,4000
1054,2026-08-11,Tienda Centro,Leche,Lácteos,1,1200,1200
1054,2026-08-11,Tienda Centro,Maní,Snacks,1,1200,1200
1055,2026-05-24,Tienda Sur,Bebida cola,Bebidas,1,1500,1500
1055,2026-05-24,Tienda Sur,Galletas,Snacks,2,1000,2000
1055,2026-05-24,Tienda Sur,Queso,Lácteos,3,4500,13500
1056,2026-07-03,Tienda Mall,Detergente,Limpieza,3,5500,16500
1056,2026-07-03,Tienda Mall,Esponjas,Limpieza,2,1200,2400
1057,2026-07-23,Tienda Sur,Agua mineral,Bebidas,1,900,900
1057,2026-07-23,Tienda Sur,Cloro,Limpieza,2,1400,2800
1058,2026-07-12,Tienda Norte,Maní,Snacks,1,1200,1200
1059,2026-05-23,Tienda Norte,Cerveza,Alcohol,1,3500,3500
1059,2026-05-23,Tienda Norte,Papas fritas,Snacks,3,1800,5400
1059,2026-05-23,Tienda Norte,Toallitas húmedas,Bebé,1,2200,2200
1059,2026-05-23,Tienda Norte,Té,Café/Té,1,2500,2500
1060,2026-05-26,Tienda Mall,Cloro,Limpieza,1,1400,1400
1060,2026-05-26,Tienda Mall,Detergente,Limpieza,1,5500,5500
1061,2026-06-09,Tienda Mall,Esponjas,Limpieza,1,1200,1200
1061,2026-06-09,Tienda Mall,Mantequilla,Lácteos,1,2500,2500
1062,2026-07-09,Tienda Sur,Cerveza,Alcohol,1,3500,3500
1062,2026-07-09,Tienda Sur,Maní,Snacks,2,1200,2400
1062,2026-07-09,Tienda Sur,Papas fritas,Snacks,1,1800,1800
1062,2026-07-09,Tienda Sur,Queso,Lácteos,1,4500,4500
1062,2026-07-09,Tienda Sur,Yogurt,Lácteos,1,800,800
1063,2026-05-30,Tienda Mall,Mantequilla,Lácteos,3,2500,7500
1064,2026-08-09,Tienda Sur,Detergente,Limpieza,1,5500,5500
1064,2026-08-09,Tienda Sur,Esponjas,Limpieza,1,1200,1200
1065,2026-07-07,Tienda Sur,Agua mineral,Bebidas,1,900,900
1065,2026-07-07,Tienda Sur,Croissant,Panadería,1,900,900
1065,2026-07-07,Tienda Sur,Mantequilla,Lácteos,1,2500,2500
1066,2026-06-02,Tienda Centro,Leche,Lácteos,1,1200,1200
1066,2026-06-02,Tienda Centro,Toallitas húmedas,Bebé,1,2200,2200
1067,2026-06-12,Tienda Centro,Vino tinto,Alcohol,1,5000,5000
1068,2026-06-01,Tienda Mall,Café,Café/Té,1,4000,4000
1068,2026-06-01,Tienda Mall,Croissant,Panadería,1,900,900
1068,2026-06-01,Tienda Mall,Galletas,Snacks,1,1000,1000
1068,2026-06-01,Tienda Mall,Maní,Snacks,2,1200,2400
1069,2026-06-09,Tienda Norte,Cloro,Limpieza,1,1400,1400
1069,2026-06-09,Tienda Norte,Yogurt,Lácteos,1,800,800
1070,2026-05-24,Tienda Centro,Azúcar,Café/Té,1,1300,1300
1070,2026-05-24,Tienda Centro,Café,Café/Té,1,4000,4000
1070,2026-05-24,Tienda Centro,Galletas,Snacks,1,1000,1000
1070,2026-05-24,Tienda Centro,Queso,Lácteos,1,4500,4500
1070,2026-05-24,Tienda Centro,Toallitas húmedas,Bebé,2,2200,4400
1070,2026-05-24,Tienda Centro,Vino tinto,Alcohol,1,5000,5000
1071,2026-07-05,Tienda Centro,Cerveza,Alcohol,1,3500,3500
1071,2026-07-05,Tienda Centro,Mantequilla,Lácteos,3,2500,7500
1071,2026-07-05,Tienda Centro,Pan molde,Panadería,1,1800,1800
1071,2026-07-05,Tienda Centro,Papas fritas,Snacks,1,1800,1800
1071,2026-07-05,Tienda Centro,Queso,Lácteos,1,4500,4500
1072,2026-07-22,Tienda Mall,Papas fritas,Snacks,1,1800,1800
1072,2026-07-22,Tienda Mall,Queso,Lácteos,1,4500,4500
1073,2026-06-24,Tienda Mall,Pañales,Bebé,3,8000,24000
1073,2026-06-24,Tienda Mall,Toallitas húmedas,Bebé,1,2200,2200
1074,2026-07-16,Tienda Mall,Agua mineral,Bebidas,1,900,900
1074,2026-07-16,Tienda Mall,Cerveza,Alcohol,1,3500,3500
1075,2026-07-06,Tienda Centro,Mantequilla,Lácteos,2,2500,5000
1075,2026-07-06,Tienda Centro,Pan hallulla,Panadería,3,1500,4500
1075,2026-07-06,Tienda Centro,Té,Café/Té,1,2500,2500
1076,2026-07-09,Tienda Centro,Cerveza,Alcohol,1,3500,3500
1076,2026-07-09,Tienda Centro,Maní,Snacks,1,1200,1200
1076,2026-07-09,Tienda Centro,Papas fritas,Snacks,1,1800,1800
1077,2026-06-07,Tienda Sur,Cerveza,Alcohol,1,3500,3500
1078,2026-07-31,Tienda Sur,Azúcar,Café/Té,1,1300,1300
1078,2026-07-31,Tienda Sur,Croissant,Panadería,1,900,900
1078,2026-07-31,Tienda Sur,Papas fritas,Snacks,1,1800,1800
1079,2026-07-30,Tienda Sur,Cloro,Limpieza,2,1400,2800
1079,2026-07-30,Tienda Sur,Croissant,Panadería,1,900,900
1079,2026-07-30,Tienda Sur,Pañales,Bebé,1,8000,8000
1080,2026-06-14,Tienda Centro,Agua mineral,Bebidas,1,900,900
1080,2026-06-14,Tienda Centro,Azúcar,Café/Té,1,1300,1300
1080,2026-06-14,Tienda Centro,Café,Café/Té,1,4000,4000
1080,2026-06-14,Tienda Centro,Mantequilla,Lácteos,1,2500,2500
1080,2026-06-14,Tienda Centro,Pan hallulla,Panadería,2,1500,3000
1080,2026-06-14,Tienda Centro,Queso,Lácteos,3,4500,13500
1081,2026-07-18,Tienda Sur,Papas fritas,Snacks,1,1800,1800
1082,2026-07-27,Tienda Centro,Croissant,Panadería,1,900,900
1082,2026-07-27,Tienda Centro,Mantequilla,Lácteos,1,2500,2500
1082,2026-07-27,Tienda Centro,Pan molde,Panadería,1,1800,1800
1083,2026-07-03,Tienda Mall,Cerveza,Alcohol,1,3500,3500
1083,2026-07-03,Tienda Mall,Maní,Snacks,3,1200,3600
1083,2026-07-03,Tienda Mall,Papas fritas,Snacks,1,1800,1800
1084,2026-08-10,Tienda Centro,Leche,Lácteos,1,1200,1200
1084,2026-08-10,Tienda Centro,Mantequilla,Lácteos,3,2500,7500
1084,2026-08-10,Tienda Centro,Pan molde,Panadería,2,1800,3600
1084,2026-08-10,Tienda Centro,Toallitas húmedas,Bebé,2,2200,4400
1085,2026-06-17,Tienda Norte,Vino tinto,Alcohol,1,5000,5000
1086,2026-05-20,Tienda Centro,Leche,Lácteos,1,1200,1200
1086,2026-05-20,Tienda Centro,Mantequilla,Lácteos,1,2500,2500
1086,2026-05-20,Tienda Centro,Pan hallulla,Panadería,2,1500,3000
1087,2026-07-07,Tienda Sur,Galletas,Snacks,1,1000,1000
1087,2026-07-07,Tienda Sur,Mantequilla,Lácteos,1,2500,2500
1087,2026-07-07,Tienda Sur,Pañales,Bebé,2,8000,16000
1087,2026-07-07,Tienda Sur,Toallitas húmedas,Bebé,2,2200,4400
1088,2026-08-09,Tienda Mall,Bebida cola,Bebidas,1,1500,1500
1088,2026-08-09,Tienda Mall,Papas fritas,Snacks,1,1800,1800
1088,2026-08-09,Tienda Mall,Pañales,Bebé,2,8000,16000
1088,2026-08-09,Tienda Mall,Toallitas húmedas,Bebé,2,2200,4400
1088,2026-08-09,Tienda Mall,Té,Café/Té,1,2500,2500
1089,2026-06-20,Tienda Norte,Azúcar,Café/Té,1,1300,1300
1089,2026-06-20,Tienda Norte,Café,Café/Té,1,4000,4000
1089,2026-06-20,Tienda Norte,Croissant,Panadería,2,900,1800
1089,2026-06-20,Tienda Norte,Mantequilla,Lácteos,2,2500,5000
1089,2026-06-20,Tienda Norte,Pan hallulla,Panadería,1,1500,1500
1090,2026-06-29,Tienda Sur,Cloro,Limpieza,1,1400,1400
1090,2026-06-29,Tienda Sur,Detergente,Limpieza,1,5500,5500
1090,2026-06-29,Tienda Sur,Esponjas,Limpieza,1,1200,1200
1090,2026-06-29,Tienda Sur,Mantequilla,Lácteos,1,2500,2500
1090,2026-06-29,Tienda Sur,Té,Café/Té,1,2500,2500
1091,2026-05-28,Tienda Sur,Cloro,Limpieza,3,1400,4200
1091,2026-05-28,Tienda Sur,Jugo naranja,Bebidas,1,1600,1600
1092,2026-06-02,Tienda Norte,Bebida cola,Bebidas,1,1500,1500
1092,2026-06-02,Tienda Norte,Leche,Lácteos,1,1200,1200
1092,2026-06-02,Tienda Norte,Papas fritas,Snacks,1,1800,1800
1093,2026-07-26,Tienda Mall,Azúcar,Café/Té,1,1300,1300
1093,2026-07-26,Tienda Mall,Leche,Lácteos,1,1200,1200
1094,2026-06-08,Tienda Mall,Azúcar,Café/Té,1,1300,1300
1094,2026-06-08,Tienda Mall,Cerveza,Alcohol,2,3500,7000
1094,2026-06-08,Tienda Mall,Maní,Snacks,1,1200,1200
1094,2026-06-08,Tienda Mall,Papas fritas,Snacks,1,1800,1800
1094,2026-06-08,Tienda Mall,Té,Café/Té,1,2500,2500
1095,2026-08-04,Tienda Sur,Azúcar,Café/Té,3,1300,3900
1095,2026-08-04,Tienda Sur,Café,Café/Té,1,4000,4000
1095,2026-08-04,Tienda Sur,Té,Café/Té,1,2500,2500
1096,2026-05-24,Tienda Sur,Azúcar,Café/Té,1,1300,1300
1096,2026-05-24,Tienda Sur,Leche,Lácteos,2,1200,2400
1097,2026-08-17,Tienda Mall,Bebida cola,Bebidas,2,1500,3000
1097,2026-08-17,Tienda Mall,Leche,Lácteos,1,1200,1200
1098,2026-06-15,Tienda Norte,Detergente,Limpieza,1,5500,5500
1098,2026-06-15,Tienda Norte,Esponjas,Limpieza,2,1200,2400
1098,2026-06-15,Tienda Norte,Jugo naranja,Bebidas,1,1600,1600
1098,2026-06-15,Tienda Norte,Queso,Lácteos,2,4500,9000
1098,2026-06-15,Tienda Norte,Vino tinto,Alcohol,2,5000,10000
1099,2026-08-16,Tienda Norte,Cloro,Limpieza,1,1400,1400
1100,2026-06-12,Tienda Sur,Cloro,Limpieza,1,1400,1400
1100,2026-06-12,Tienda Sur,Mantequilla,Lácteos,1,2500,2500
1100,2026-06-12,Tienda Sur,Pan molde,Panadería,1,1800,1800
1100,2026-06-12,Tienda Sur,Queso,Lácteos,1,4500,4500
1101,2026-05-21,Tienda Sur,Bebida cola,Bebidas,2,1500,3000
1101,2026-05-21,Tienda Sur,Café,Café/Té,2,4000,8000
1101,2026-05-21,Tienda Sur,Cerveza,Alcohol,1,3500,3500
1101,2026-05-21,Tienda Sur,Galletas,Snacks,2,1000,2000
1101,2026-05-21,Tienda Sur,Mantequilla,Lácteos,1,2500,2500
1101,2026-05-21,Tienda Sur,Pan molde,Panadería,1,1800,1800
1101,2026-05-21,Tienda Sur,Papas fritas,Snacks,1,1800,1800
1101,2026-05-21,Tienda Sur,Pañales,Bebé,1,8000,8000
1101,2026-05-21,Tienda Sur,Toallitas húmedas,Bebé,1,2200,2200
1102,2026-06-21,Tienda Sur,Jugo naranja,Bebidas,2,1600,3200
1102,2026-06-21,Tienda Sur,Vino tinto,Alcohol,2,5000,10000
1103,2026-08-04,Tienda Mall,Cloro,Limpieza,1,1400,1400
1104,2026-08-09,Tienda Centro,Maní,Snacks,2,1200,2400
1105,2026-08-12,Tienda Norte,Bebida cola,Bebidas,1,1500,1500
1105,2026-08-12,Tienda Norte,Pan molde,Panadería,1,1800,1800
1106,2026-07-07,Tienda Centro,Azúcar,Café/Té,1,1300,1300
1106,2026-07-07,Tienda Centro,Cloro,Limpieza,2,1400,2800
1106,2026-07-07,Tienda Centro,Detergente,Limpieza,1,5500,5500
1106,2026-07-07,Tienda Centro,Galletas,Snacks,1,1000,1000
1107,2026-08-03,Tienda Mall,Agua mineral,Bebidas,2,900,1800
1107,2026-08-03,Tienda Mall,Jugo naranja,Bebidas,1,1600,1600
1107,2026-08-03,Tienda Mall,Pan hallulla,Panadería,2,1500,3000
1107,2026-08-03,Tienda Mall,Queso,Lácteos,1,4500,4500
1108,2026-07-03,Tienda Sur,Mantequilla,Lácteos,1,2500,2500
1108,2026-07-03,Tienda Sur,Pan molde,Panadería,1,1800,1800
1109,2026-06-26,Tienda Norte,Croissant,Panadería,2,900,1800
1109,2026-06-26,Tienda Norte,Jugo naranja,Bebidas,1,1600,1600
1110,2026-05-25,Tienda Norte,Leche,Lácteos,1,1200,1200
1110,2026-05-25,Tienda Norte,Pañales,Bebé,1,8000,8000
1110,2026-05-25,Tienda Norte,Toallitas húmedas,Bebé,1,2200,2200
1111,2026-06-21,Tienda Norte,Jugo naranja,Bebidas,2,1600,3200
1111,2026-06-21,Tienda Norte,Té,Café/Té,1,2500,2500
1112,2026-05-31,Tienda Sur,Queso,Lácteos,1,4500,4500
1113,2026-05-30,Tienda Sur,Azúcar,Café/Té,1,1300,1300
1113,2026-05-30,Tienda Sur,Café,Café/Té,2,4000,8000
1113,2026-05-30,Tienda Sur,Queso,Lácteos,2,4500,9000
1113,2026-05-30,Tienda Sur,Vino tinto,Alcohol,3,5000,15000
1114,2026-08-04,Tienda Sur,Maní,Snacks,1,1200,1200
1115,2026-06-30,Tienda Norte,Agua mineral,Bebidas,1,900,900
1115,2026-06-30,Tienda Norte,Mantequilla,Lácteos,1,2500,2500
1115,2026-06-30,Tienda Norte,Queso,Lácteos,1,4500,4500
1116,2026-06-27,Tienda Mall,Maní,Snacks,1,1200,1200
1116,2026-06-27,Tienda Mall,Papas fritas,Snacks,1,1800,1800
1117,2026-08-16,Tienda Sur,Cloro,Limpieza,1,1400,1400
1117,2026-08-16,Tienda Sur,Esponjas,Limpieza,1,1200,1200
1118,2026-07-18,Tienda Mall,Azúcar,Café/Té,2,1300,2600
1118,2026-07-18,Tienda Mall,Galletas,Snacks,2,1000,2000
1118,2026-07-18,Tienda Mall,Mantequilla,Lácteos,1,2500,2500
1118,2026-07-18,Tienda Mall,Maní,Snacks,1,1200,1200
1118,2026-07-18,Tienda Mall,Pan molde,Panadería,1,1800,1800
1118,2026-07-18,Tienda Mall,Queso,Lácteos,2,4500,9000
1119,2026-06-26,Tienda Centro,Cloro,Limpieza,1,1400,1400
1119,2026-06-26,Tienda Centro,Mantequilla,Lácteos,2,2500,5000
1119,2026-06-26,Tienda Centro,Papas fritas,Snacks,2,1800,3600
1120,2026-07-17,Tienda Centro,Agua mineral,Bebidas,2,900,1800
1121,2026-08-11,Tienda Centro,Jugo naranja,Bebidas,1,1600,1600
1121,2026-08-11,Tienda Centro,Leche,Lácteos,1,1200,1200
1122,2026-05-27,Tienda Centro,Azúcar,Café/Té,1,1300,1300
1122,2026-05-27,Tienda Centro,Cloro,Limpieza,1,1400,1400
1122,2026-05-27,Tienda Centro,Esponjas,Limpieza,2,1200,2400
1122,2026-05-27,Tienda Centro,Té,Café/Té,1,2500,2500
1123,2026-06-17,Tienda Norte,Jugo naranja,Bebidas,1,1600,1600
1123,2026-06-17,Tienda Norte,Pan molde,Panadería,1,1800,1800
1124,2026-06-08,Tienda Centro,Bebida cola,Bebidas,1,1500,1500
1124,2026-06-08,Tienda Centro,Papas fritas,Snacks,1,1800,1800
1124,2026-06-08,Tienda Centro,Queso,Lácteos,1,4500,4500
1125,2026-06-04,Tienda Sur,Bebida cola,Bebidas,1,1500,1500
1125,2026-06-04,Tienda Sur,Yogurt,Lácteos,2,800,1600
1126,2026-08-15,Tienda Mall,Leche,Lácteos,1,1200,1200
1126,2026-08-15,Tienda Mall,Maní,Snacks,1,1200,1200
1126,2026-08-15,Tienda Mall,Toallitas húmedas,Bebé,1,2200,2200
1127,2026-08-12,Tienda Norte,Esponjas,Limpieza,1,1200,1200
1128,2026-07-19,Tienda Mall,Cloro,Limpieza,3,1400,4200
1128,2026-07-19,Tienda Mall,Leche,Lácteos,1,1200,1200
1129,2026-08-13,Tienda Sur,Esponjas,Limpieza,1,1200,1200
1129,2026-08-13,Tienda Sur,Leche,Lácteos,2,1200,2400
1130,2026-06-07,Tienda Centro,Leche,Lácteos,1,1200,1200
1130,2026-06-07,Tienda Centro,Pañales,Bebé,1,8000,8000
1130,2026-06-07,Tienda Centro,Toallitas húmedas,Bebé,1,2200,2200
1131,2026-07-15,Tienda Centro,Agua mineral,Bebidas,1,900,900
1131,2026-07-15,Tienda Centro,Galletas,Snacks,1,1000,1000
1131,2026-07-15,Tienda Centro,Mantequilla,Lácteos,2,2500,5000
1131,2026-07-15,Tienda Centro,Queso,Lácteos,1,4500,4500
1131,2026-07-15,Tienda Centro,Vino tinto,Alcohol,2,5000,10000
1132,2026-07-26,Tienda Mall,Cloro,Limpieza,1,1400,1400
1132,2026-07-26,Tienda Mall,Detergente,Limpieza,1,5500,5500
1132,2026-07-26,Tienda Mall,Yogurt,Lácteos,2,800,1600
1133,2026-06-06,Tienda Sur,Cloro,Limpieza,1,1400,1400
1133,2026-06-06,Tienda Sur,Jugo naranja,Bebidas,2,1600,3200
1133,2026-06-06,Tienda Sur,Papas fritas,Snacks,1,1800,1800
1134,2026-07-19,Tienda Norte,Azúcar,Café/Té,1,1300,1300
1134,2026-07-19,Tienda Norte,Cloro,Limpieza,1,1400,1400
1134,2026-07-19,Tienda Norte,Té,Café/Té,3,2500,7500
1135,2026-07-03,Tienda Mall,Pan molde,Panadería,1,1800,1800
1135,2026-07-03,Tienda Mall,Queso,Lácteos,1,4500,4500
1136,2026-08-14,Tienda Mall,Bebida cola,Bebidas,1,1500,1500
1136,2026-08-14,Tienda Mall,Leche,Lácteos,2,1200,2400
1137,2026-07-12,Tienda Centro,Agua mineral,Bebidas,1,900,900
1138,2026-05-29,Tienda Mall,Detergente,Limpieza,3,5500,16500
1138,2026-05-29,Tienda Mall,Esponjas,Limpieza,1,1200,1200
1138,2026-05-29,Tienda Mall,Pan molde,Panadería,1,1800,1800
1138,2026-05-29,Tienda Mall,Toallitas húmedas,Bebé,1,2200,2200
1139,2026-07-15,Tienda Sur,Maní,Snacks,2,1200,2400
1139,2026-07-15,Tienda Sur,Yogurt,Lácteos,2,800,1600
1140,2026-06-13,Tienda Centro,Cloro,Limpieza,1,1400,1400
1140,2026-06-13,Tienda Centro,Detergente,Limpieza,1,5500,5500
1140,2026-06-13,Tienda Centro,Esponjas,Limpieza,2,1200,2400
1141,2026-07-31,Tienda Centro,Cloro,Limpieza,1,1400,1400
1141,2026-07-31,Tienda Centro,Detergente,Limpieza,2,5500,11000
1141,2026-07-31,Tienda Centro,Esponjas,Limpieza,1,1200,1200
1142,2026-07-04,Tienda Norte,Cloro,Limpieza,1,1400,1400
1142,2026-07-04,Tienda Norte,Detergente,Limpieza,2,5500,11000
1142,2026-07-04,Tienda Norte,Esponjas,Limpieza,1,1200,1200
1142,2026-07-04,Tienda Norte,Galletas,Snacks,1,1000,1000
1142,2026-07-04,Tienda Norte,Maní,Snacks,1,1200,1200
1143,2026-08-04,Tienda Sur,Jugo naranja,Bebidas,3,1600,4800
1144,2026-06-21,Tienda Mall,Croissant,Panadería,1,900,900
1144,2026-06-21,Tienda Mall,Jugo naranja,Bebidas,1,1600,1600
1144,2026-06-21,Tienda Mall,Yogurt,Lácteos,2,800,1600
1145,2026-08-06,Tienda Sur,Azúcar,Café/Té,1,1300,1300
1145,2026-08-06,Tienda Sur,Pan hallulla,Panadería,2,1500,3000
1145,2026-08-06,Tienda Sur,Queso,Lácteos,1,4500,4500
1146,2026-05-23,Tienda Centro,Agua mineral,Bebidas,1,900,900
1146,2026-05-23,Tienda Centro,Queso,Lácteos,2,4500,9000
1147,2026-06-06,Tienda Norte,Cerveza,Alcohol,1,3500,3500
1147,2026-06-06,Tienda Norte,Cloro,Limpieza,2,1400,2800
1147,2026-06-06,Tienda Norte,Maní,Snacks,1,1200,1200
1148,2026-08-06,Tienda Centro,Croissant,Panadería,1,900,900
1148,2026-08-06,Tienda Centro,Maní,Snacks,1,1200,1200
1149,2026-05-30,Tienda Mall,Agua mineral,Bebidas,2,900,1800
1149,2026-05-30,Tienda Mall,Azúcar,Café/Té,3,1300,3900
1149,2026-05-30,Tienda Mall,Café,Café/Té,1,4000,4000
1149,2026-05-30,Tienda Mall,Leche,Lácteos,1,1200,1200
1149,2026-05-30,Tienda Mall,Mantequilla,Lácteos,2,2500,5000
1149,2026-05-30,Tienda Mall,Pan hallulla,Panadería,2,1500,3000
1150,2026-07-27,Tienda Mall,Azúcar,Café/Té,1,1300,1300
1150,2026-07-27,Tienda Mall,Café,Café/Té,1,4000,4000
1150,2026-07-27,Tienda Mall,Mantequilla,Lácteos,1,2500,2500
1150,2026-07-27,Tienda Mall,Pan molde,Panadería,2,1800,3600
1151,2026-07-06,Tienda Sur,Maní,Snacks,2,1200,2400
1152,2026-06-19,Tienda Norte,Mantequilla,Lácteos,2,2500,5000
1152,2026-06-19,Tienda Norte,Pan molde,Panadería,2,1800,3600
1153,2026-07-31,Tienda Centro,Bebida cola,Bebidas,2,1500,3000
1153,2026-07-31,Tienda Centro,Croissant,Panadería,3,900,2700
1153,2026-07-31,Tienda Centro,Mantequilla,Lácteos,1,2500,2500
1153,2026-07-31,Tienda Centro,Pan hallulla,Panadería,1,1500,1500
1153,2026-07-31,Tienda Centro,Pan molde,Panadería,1,1800,1800
1153,2026-07-31,Tienda Centro,Papas fritas,Snacks,1,1800,1800
1153,2026-07-31,Tienda Centro,Queso,Lácteos,1,4500,4500
1154,2026-07-28,Tienda Norte,Bebida cola,Bebidas,1,1500,1500
1154,2026-07-28,Tienda Norte,Papas fritas,Snacks,1,1800,1800
1154,2026-07-28,Tienda Norte,Queso,Lácteos,2,4500,9000
1154,2026-07-28,Tienda Norte,Vino tinto,Alcohol,1,5000,5000
1155,2026-06-23,Tienda Sur,Leche,Lácteos,1,1200,1200
1155,2026-06-23,Tienda Sur,Mantequilla,Lácteos,1,2500,2500
1155,2026-06-23,Tienda Sur,Pan hallulla,Panadería,2,1500,3000
1155,2026-06-23,Tienda Sur,Té,Café/Té,2,2500,5000
1156,2026-07-25,Tienda Norte,Azúcar,Café/Té,1,1300,1300
1156,2026-07-25,Tienda Norte,Queso,Lácteos,2,4500,9000
1157,2026-06-07,Tienda Centro,Cloro,Limpieza,1,1400,1400
1157,2026-06-07,Tienda Centro,Detergente,Limpieza,1,5500,5500
1157,2026-06-07,Tienda Centro,Esponjas,Limpieza,1,1200,1200
1157,2026-06-07,Tienda Centro,Galletas,Snacks,3,1000,3000
1157,2026-06-07,Tienda Centro,Leche,Lácteos,1,1200,1200
1158,2026-08-06,Tienda Mall,Galletas,Snacks,1,1000,1000
1158,2026-08-06,Tienda Mall,Papas fritas,Snacks,1,1800,1800
1159,2026-06-12,Tienda Mall,Cloro,Limpieza,1,1400,1400
1159,2026-06-12,Tienda Mall,Jugo naranja,Bebidas,2,1600,3200
1160,2026-05-23,Tienda Sur,Agua mineral,Bebidas,2,900,1800
1160,2026-05-23,Tienda Sur,Mantequilla,Lácteos,2,2500,5000
1160,2026-05-23,Tienda Sur,Pan molde,Panadería,1,1800,1800
1160,2026-05-23,Tienda Sur,Pañales,Bebé,1,8000,8000
1160,2026-05-23,Tienda Sur,Queso,Lácteos,1,4500,4500
1160,2026-05-23,Tienda Sur,Toallitas húmedas,Bebé,2,2200,4400
1161,2026-08-14,Tienda Sur,Azúcar,Café/Té,1,1300,1300
1161,2026-08-14,Tienda Sur,Galletas,Snacks,1,1000,1000
1161,2026-08-14,Tienda Sur,Maní,Snacks,1,1200,1200
1162,2026-06-09,Tienda Mall,Bebida cola,Bebidas,1,1500,1500
1162,2026-06-09,Tienda Mall,Mantequilla,Lácteos,1,2500,2500
1163,2026-06-24,Tienda Centro,Azúcar,Café/Té,2,1300,2600
1163,2026-06-24,Tienda Centro,Cerveza,Alcohol,2,3500,7000
1163,2026-06-24,Tienda Centro,Jugo naranja,Bebidas,1,1600,1600
1163,2026-06-24,Tienda Centro,Papas fritas,Snacks,1,1800,1800
1163,2026-06-24,Tienda Centro,Pañales,Bebé,1,8000,8000
1163,2026-06-24,Tienda Centro,Toallitas húmedas,Bebé,1,2200,2200
1164,2026-06-22,Tienda Norte,Galletas,Snacks,1,1000,1000
1164,2026-06-22,Tienda Norte,Mantequilla,Lácteos,1,2500,2500
1164,2026-06-22,Tienda Norte,Pan molde,Panadería,1,1800,1800
1164,2026-06-22,Tienda Norte,Queso,Lácteos,1,4500,4500
1165,2026-08-02,Tienda Centro,Azúcar,Café/Té,1,1300,1300
1165,2026-08-02,Tienda Centro,Toallitas húmedas,Bebé,1,2200,2200
1166,2026-06-12,Tienda Sur,Agua mineral,Bebidas,2,900,1800
1166,2026-06-12,Tienda Sur,Azúcar,Café/Té,1,1300,1300
1166,2026-06-12,Tienda Sur,Café,Café/Té,1,4000,4000
1166,2026-06-12,Tienda Sur,Galletas,Snacks,1,1000,1000
1166,2026-06-12,Tienda Sur,Mantequilla,Lácteos,1,2500,2500
1167,2026-07-23,Tienda Mall,Azúcar,Café/Té,2,1300,2600
1167,2026-07-23,Tienda Mall,Pan hallulla,Panadería,1,1500,1500
1167,2026-07-23,Tienda Mall,Queso,Lácteos,1,4500,4500
1168,2026-08-14,Tienda Sur,Mantequilla,Lácteos,1,2500,2500
1168,2026-08-14,Tienda Sur,Pan hallulla,Panadería,1,1500,1500
1168,2026-08-14,Tienda Sur,Queso,Lácteos,1,4500,4500
1168,2026-08-14,Tienda Sur,Toallitas húmedas,Bebé,1,2200,2200
1169,2026-08-01,Tienda Sur,Cloro,Limpieza,1,1400,1400
1169,2026-08-01,Tienda Sur,Croissant,Panadería,2,900,1800
1169,2026-08-01,Tienda Sur,Maní,Snacks,1,1200,1200
1170,2026-06-30,Tienda Sur,Cloro,Limpieza,1,1400,1400
1170,2026-06-30,Tienda Sur,Detergente,Limpieza,1,5500,5500
1170,2026-06-30,Tienda Sur,Maní,Snacks,1,1200,1200
1171,2026-06-26,Tienda Norte,Leche,Lácteos,2,1200,2400
1171,2026-06-26,Tienda Norte,Pan molde,Panadería,1,1800,1800
1171,2026-06-26,Tienda Norte,Queso,Lácteos,1,4500,4500
1171,2026-06-26,Tienda Norte,Toallitas húmedas,Bebé,1,2200,2200
1172,2026-06-16,Tienda Mall,Cloro,Limpieza,1,1400,1400
1172,2026-06-16,Tienda Mall,Mantequilla,Lácteos,1,2500,2500
1172,2026-06-16,Tienda Mall,Pan hallulla,Panadería,3,1500,4500
1173,2026-06-17,Tienda Mall,Leche,Lácteos,1,1200,1200
1173,2026-06-17,Tienda Mall,Té,Café/Té,1,2500,2500
1174,2026-07-25,Tienda Mall,Cerveza,Alcohol,1,3500,3500
1174,2026-07-25,Tienda Mall,Pañales,Bebé,2,8000,16000
1174,2026-07-25,Tienda Mall,Queso,Lácteos,1,4500,4500
1174,2026-07-25,Tienda Mall,Toallitas húmedas,Bebé,1,2200,2200
1175,2026-06-03,Tienda Norte,Maní,Snacks,1,1200,1200
1175,2026-06-03,Tienda Norte,Queso,Lácteos,1,4500,4500
1175,2026-06-03,Tienda Norte,Vino tinto,Alcohol,1,5000,5000
1176,2026-07-20,Tienda Norte,Bebida cola,Bebidas,2,1500,3000
1176,2026-07-20,Tienda Norte,Maní,Snacks,1,1200,1200
1177,2026-07-27,Tienda Norte,Cloro,Limpieza,2,1400,2800
1177,2026-07-27,Tienda Norte,Maní,Snacks,1,1200,1200
1177,2026-07-27,Tienda Norte,Pañales,Bebé,1,8000,8000
1177,2026-07-27,Tienda Norte,Toallitas húmedas,Bebé,1,2200,2200
1178,2026-07-23,Tienda Norte,Detergente,Limpieza,1,5500,5500
1178,2026-07-23,Tienda Norte,Queso,Lácteos,1,4500,4500
1179,2026-06-22,Tienda Mall,Mantequilla,Lácteos,1,2500,2500
1179,2026-06-22,Tienda Mall,Maní,Snacks,1,1200,1200
1179,2026-06-22,Tienda Mall,Pan hallulla,Panadería,1,1500,1500
1179,2026-06-22,Tienda Mall,Queso,Lácteos,1,4500,4500
1180,2026-07-13,Tienda Sur,Esponjas,Limpieza,1,1200,1200
1181,2026-06-26,Tienda Centro,Cerveza,Alcohol,3,3500,10500
1181,2026-06-26,Tienda Centro,Maní,Snacks,3,1200,3600
1181,2026-06-26,Tienda Centro,Pañales,Bebé,2,8000,16000
1181,2026-06-26,Tienda Centro,Toallitas húmedas,Bebé,1,2200,2200
1182,2026-07-14,Tienda Sur,Esponjas,Limpieza,2,1200,2400
1182,2026-07-14,Tienda Sur,Mantequilla,Lácteos,1,2500,2500
1182,2026-07-14,Tienda Sur,Yogurt,Lácteos,2,800,1600
1183,2026-07-24,Tienda Centro,Pan molde,Panadería,1,1800,1800
1184,2026-07-07,Tienda Sur,Azúcar,Café/Té,1,1300,1300
1184,2026-07-07,Tienda Sur,Pañales,Bebé,1,8000,8000
1184,2026-07-07,Tienda Sur,Toallitas húmedas,Bebé,1,2200,2200
1184,2026-07-07,Tienda Sur,Té,Café/Té,1,2500,2500
1185,2026-07-24,Tienda Mall,Cerveza,Alcohol,1,3500,3500
1185,2026-07-24,Tienda Mall,Papas fritas,Snacks,3,1800,5400
1186,2026-06-15,Tienda Mall,Pañales,Bebé,1,8000,8000
1186,2026-06-15,Tienda Mall,Toallitas húmedas,Bebé,1,2200,2200
1187,2026-07-21,Tienda Mall,Jugo naranja,Bebidas,3,1600,4800
1187,2026-07-21,Tienda Mall,Yogurt,Lácteos,1,800,800
1188,2026-08-05,Tienda Centro,Agua mineral,Bebidas,1,900,900
1188,2026-08-05,Tienda Centro,Cloro,Limpieza,2,1400,2800
1188,2026-08-05,Tienda Centro,Leche,Lácteos,2,1200,2400
1188,2026-08-05,Tienda Centro,Mantequilla,Lácteos,1,2500,2500
1189,2026-05-25,Tienda Norte,Mantequilla,Lácteos,3,2500,7500
1189,2026-05-25,Tienda Norte,Pan molde,Panadería,1,1800,1800
1189,2026-05-25,Tienda Norte,Queso,Lácteos,1,4500,4500
1190,2026-06-05,Tienda Mall,Esponjas,Limpieza,2,1200,2400
1190,2026-06-05,Tienda Mall,Leche,Lácteos,2,1200,2400
1191,2026-07-15,Tienda Mall,Croissant,Panadería,3,900,2700
1191,2026-07-15,Tienda Mall,Mantequilla,Lácteos,2,2500,5000
1192,2026-06-03,Tienda Sur,Bebida cola,Bebidas,2,1500,3000
1192,2026-06-03,Tienda Sur,Cerveza,Alcohol,1,3500,3500
1192,2026-06-03,Tienda Sur,Croissant,Panadería,1,900,900
1192,2026-06-03,Tienda Sur,Maní,Snacks,1,1200,1200
1192,2026-06-03,Tienda Sur,Papas fritas,Snacks,2,1800,3600
1193,2026-05-24,Tienda Mall,Esponjas,Limpieza,2,1200,2400
1194,2026-06-29,Tienda Norte,Cloro,Limpieza,2,1400,2800
1194,2026-06-29,Tienda Norte,Detergente,Limpieza,1,5500,5500
1194,2026-06-29,Tienda Norte,Mantequilla,Lácteos,1,2500,2500
1194,2026-06-29,Tienda Norte,Pan hallulla,Panadería,1,1500,1500
1195,2026-07-21,Tienda Norte,Jugo naranja,Bebidas,1,1600,1600
1195,2026-07-21,Tienda Norte,Mantequilla,Lácteos,1,2500,2500
1195,2026-07-21,Tienda Norte,Queso,Lácteos,1,4500,4500
1196,2026-06-16,Tienda Centro,Azúcar,Café/Té,1,1300,1300
1196,2026-06-16,Tienda Centro,Café,Café/Té,1,4000,4000
1197,2026-08-06,Tienda Mall,Bebida cola,Bebidas,1,1500,1500
1197,2026-08-06,Tienda Mall,Detergente,Limpieza,1,5500,5500
1197,2026-08-06,Tienda Mall,Papas fritas,Snacks,1,1800,1800
1197,2026-08-06,Tienda Mall,Queso,Lácteos,2,4500,9000
1197,2026-08-06,Tienda Mall,Vino tinto,Alcohol,1,5000,5000
1198,2026-07-04,Tienda Mall,Bebida cola,Bebidas,2,1500,3000
1198,2026-07-04,Tienda Mall,Leche,Lácteos,2,1200,2400
1199,2026-07-12,Tienda Mall,Cloro,Limpieza,1,1400,1400
1199,2026-07-12,Tienda Mall,Maní,Snacks,1,1200,1200
1200,2026-06-29,Tienda Centro,Esponjas,Limpieza,1,1200,1200
1200,2026-06-29,Tienda Centro,Papas fritas,Snacks,2,1800,3600
1201,2026-07-21,Tienda Mall,Agua mineral,Bebidas,2,900,1800
1201,2026-07-21,Tienda Mall,Jugo naranja,Bebidas,1,1600,1600
1201,2026-07-21,Tienda Mall,Mantequilla,Lácteos,2,2500,5000
1201,2026-07-21,Tienda Mall,Pan molde,Panadería,1,1800,1800
1202,2026-06-29,Tienda Mall,Galletas,Snacks,1,1000,1000
1202,2026-06-29,Tienda Mall,Maní,Snacks,2,1200,2400
1203,2026-06-23,Tienda Mall,Cerveza,Alcohol,3,3500,10500
1203,2026-06-23,Tienda Mall,Cloro,Limpieza,1,1400,1400
1203,2026-06-23,Tienda Mall,Detergente,Limpieza,1,5500,5500
1203,2026-06-23,Tienda Mall,Pan hallulla,Panadería,1,1500,1500
1203,2026-06-23,Tienda Mall,Papas fritas,Snacks,1,1800,1800
1203,2026-06-23,Tienda Mall,Queso,Lácteos,2,4500,9000
1204,2026-07-07,Tienda Centro,Azúcar,Café/Té,1,1300,1300
1204,2026-07-07,Tienda Centro,Cerveza,Alcohol,3,3500,10500
1204,2026-07-07,Tienda Centro,Maní,Snacks,2,1200,2400
1204,2026-07-07,Tienda Centro,Papas fritas,Snacks,1,1800,1800
1204,2026-07-07,Tienda Centro,Queso,Lácteos,2,4500,9000
1204,2026-07-07,Tienda Centro,Vino tinto,Alcohol,1,5000,5000
1205,2026-06-09,Tienda Sur,Azúcar,Café/Té,2,1300,2600
1205,2026-06-09,Tienda Sur,Queso,Lácteos,3,4500,13500
1206,2026-05-24,Tienda Centro,Leche,Lácteos,1,1200,1200
1206,2026-05-24,Tienda Centro,Papas fritas,Snacks,1,1800,1800
1206,2026-05-24,Tienda Centro,Té,Café/Té,1,2500,2500
1207,2026-08-08,Tienda Norte,Leche,Lácteos,2,1200,2400
1208,2026-07-07,Tienda Mall,Agua mineral,Bebidas,2,900,1800
1209,2026-05-29,Tienda Centro,Esponjas,Limpieza,1,1200,1200
1209,2026-05-29,Tienda Centro,Maní,Snacks,2,1200,2400
1210,2026-07-28,Tienda Norte,Cerveza,Alcohol,1,3500,3500
1210,2026-07-28,Tienda Norte,Pañales,Bebé,1,8000,8000
1211,2026-06-30,Tienda Mall,Jugo naranja,Bebidas,1,1600,1600
1211,2026-06-30,Tienda Mall,Mantequilla,Lácteos,1,2500,2500
1211,2026-06-30,Tienda Mall,Pan molde,Panadería,1,1800,1800
1211,2026-06-30,Tienda Mall,Queso,Lácteos,1,4500,4500
1212,2026-05-31,Tienda Norte,Agua mineral,Bebidas,1,900,900
1212,2026-05-31,Tienda Norte,Azúcar,Café/Té,1,1300,1300
1212,2026-05-31,Tienda Norte,Café,Café/Té,1,4000,4000
1212,2026-05-31,Tienda Norte,Jugo naranja,Bebidas,1,1600,1600
1213,2026-07-06,Tienda Centro,Cerveza,Alcohol,1,3500,3500
1213,2026-07-06,Tienda Centro,Mantequilla,Lácteos,1,2500,2500
1213,2026-07-06,Tienda Centro,Pan molde,Panadería,2,1800,3600
1213,2026-07-06,Tienda Centro,Pañales,Bebé,3,8000,24000
1213,2026-07-06,Tienda Centro,Toallitas húmedas,Bebé,1,2200,2200
1214,2026-06-10,Tienda Norte,Bebida cola,Bebidas,2,1500,3000
1214,2026-06-10,Tienda Norte,Café,Café/Té,1,4000,4000
1214,2026-06-10,Tienda Norte,Pañales,Bebé,1,8000,8000
1214,2026-06-10,Tienda Norte,Toallitas húmedas,Bebé,1,2200,2200
1215,2026-07-02,Tienda Norte,Esponjas,Limpieza,1,1200,1200
1216,2026-07-11,Tienda Centro,Azúcar,Café/Té,2,1300,2600
1216,2026-07-11,Tienda Centro,Queso,Lácteos,1,4500,4500
1217,2026-06-29,Tienda Norte,Azúcar,Café/Té,3,1300,3900
1217,2026-06-29,Tienda Norte,Café,Café/Té,1,4000,4000
1217,2026-06-29,Tienda Norte,Esponjas,Limpieza,1,1200,1200
1218,2026-08-17,Tienda Centro,Mantequilla,Lácteos,1,2500,2500
1218,2026-08-17,Tienda Centro,Pan molde,Panadería,2,1800,3600
1218,2026-08-17,Tienda Centro,Queso,Lácteos,1,4500,4500
1218,2026-08-17,Tienda Centro,Yogurt,Lácteos,2,800,1600
1219,2026-07-22,Tienda Norte,Azúcar,Café/Té,1,1300,1300
1219,2026-07-22,Tienda Norte,Café,Café/Té,1,4000,4000
1219,2026-07-22,Tienda Norte,Mantequilla,Lácteos,1,2500,2500
1219,2026-07-22,Tienda Norte,Té,Café/Té,3,2500,7500
1220,2026-08-14,Tienda Sur,Toallitas húmedas,Bebé,1,2200,2200
1220,2026-08-14,Tienda Sur,Vino tinto,Alcohol,1,5000,5000
1221,2026-08-15,Tienda Norte,Azúcar,Café/Té,1,1300,1300
1221,2026-08-15,Tienda Norte,Esponjas,Limpieza,1,1200,1200
1221,2026-08-15,Tienda Norte,Té,Café/Té,2,2500,5000
1221,2026-08-15,Tienda Norte,Vino tinto,Alcohol,3,5000,15000
1222,2026-06-06,Tienda Norte,Azúcar,Café/Té,1,1300,1300
1222,2026-06-06,Tienda Norte,Café,Café/Té,2,4000,8000
1222,2026-06-06,Tienda Norte,Galletas,Snacks,1,1000,1000
1222,2026-06-06,Tienda Norte,Mantequilla,Lácteos,1,2500,2500
1222,2026-06-06,Tienda Norte,Pan molde,Panadería,1,1800,1800
1223,2026-06-01,Tienda Centro,Croissant,Panadería,1,900,900
1223,2026-06-01,Tienda Centro,Toallitas húmedas,Bebé,1,2200,2200
1223,2026-06-01,Tienda Centro,Yogurt,Lácteos,1,800,800
1224,2026-08-08,Tienda Centro,Agua mineral,Bebidas,2,900,1800
1224,2026-08-08,Tienda Centro,Jugo naranja,Bebidas,3,1600,4800
1224,2026-08-08,Tienda Centro,Maní,Snacks,1,1200,1200
1224,2026-08-08,Tienda Centro,Pañales,Bebé,1,8000,8000
1225,2026-06-14,Tienda Centro,Leche,Lácteos,1,1200,1200
1225,2026-06-14,Tienda Centro,Queso,Lácteos,1,4500,4500
1226,2026-06-02,Tienda Norte,Detergente,Limpieza,2,5500,11000
1226,2026-06-02,Tienda Norte,Esponjas,Limpieza,2,1200,2400
1226,2026-06-02,Tienda Norte,Papas fritas,Snacks,1,1800,1800
1226,2026-06-02,Tienda Norte,Pañales,Bebé,1,8000,8000
1226,2026-06-02,Tienda Norte,Toallitas húmedas,Bebé,1,2200,2200
1227,2026-06-18,Tienda Norte,Toallitas húmedas,Bebé,1,2200,2200
1228,2026-06-10,Tienda Mall,Cerveza,Alcohol,1,3500,3500
1228,2026-06-10,Tienda Mall,Croissant,Panadería,2,900,1800
1228,2026-06-10,Tienda Mall,Mantequilla,Lácteos,1,2500,2500
1228,2026-06-10,Tienda Mall,Pan hallulla,Panadería,1,1500,1500
1228,2026-06-10,Tienda Mall,Papas fritas,Snacks,2,1800,3600
1229,2026-07-19,Tienda Sur,Cerveza,Alcohol,3,3500,10500
1229,2026-07-19,Tienda Sur,Papas fritas,Snacks,3,1800,5400
1229,2026-07-19,Tienda Sur,Té,Café/Té,2,2500,5000
1230,2026-06-07,Tienda Mall,Café,Café/Té,1,4000,4000
1230,2026-06-07,Tienda Mall,Esponjas,Limpieza,1,1200,1200
1231,2026-07-03,Tienda Norte,Vino tinto,Alcohol,2,5000,10000
1232,2026-07-03,Tienda Mall,Azúcar,Café/Té,1,1300,1300
1232,2026-07-03,Tienda Mall,Queso,Lácteos,1,4500,4500
1233,2026-05-21,Tienda Norte,Azúcar,Café/Té,1,1300,1300
1233,2026-05-21,Tienda Norte,Queso,Lácteos,1,4500,4500
1233,2026-05-21,Tienda Norte,Té,Café/Té,1,2500,2500
1234,2026-06-21,Tienda Centro,Agua mineral,Bebidas,1,900,900
1234,2026-06-21,Tienda Centro,Detergente,Limpieza,1,5500,5500
1234,2026-06-21,Tienda Centro,Pan hallulla,Panadería,1,1500,1500
1235,2026-05-23,Tienda Mall,Café,Café/Té,1,4000,4000
1235,2026-05-23,Tienda Mall,Detergente,Limpieza,1,5500,5500
1235,2026-05-23,Tienda Mall,Galletas,Snacks,2,1000,2000
1235,2026-05-23,Tienda Mall,Yogurt,Lácteos,1,800,800
1236,2026-06-11,Tienda Norte,Leche,Lácteos,1,1200,1200
1237,2026-08-09,Tienda Centro,Agua mineral,Bebidas,3,900,2700
1237,2026-08-09,Tienda Centro,Azúcar,Café/Té,1,1300,1300
1238,2026-08-06,Tienda Centro,Cerveza,Alcohol,3,3500,10500
1238,2026-08-06,Tienda Centro,Cloro,Limpieza,2,1400,2800
1238,2026-08-06,Tienda Centro,Maní,Snacks,1,1200,1200
1239,2026-05-21,Tienda Mall,Cloro,Limpieza,1,1400,1400
1239,2026-05-21,Tienda Mall,Mantequilla,Lácteos,2,2500,5000
1239,2026-05-21,Tienda Mall,Pan hallulla,Panadería,1,1500,1500
1240,2026-07-15,Tienda Centro,Esponjas,Limpieza,1,1200,1200
1240,2026-07-15,Tienda Centro,Queso,Lácteos,1,4500,4500
1241,2026-05-20,Tienda Sur,Leche,Lácteos,1,1200,1200
1241,2026-05-20,Tienda Sur,Queso,Lácteos,1,4500,4500
1241,2026-05-20,Tienda Sur,Vino tinto,Alcohol,1,5000,5000
1242,2026-07-18,Tienda Centro,Croissant,Panadería,1,900,900
1243,2026-05-31,Tienda Norte,Detergente,Limpieza,1,5500,5500
1243,2026-05-31,Tienda Norte,Mantequilla,Lácteos,2,2500,5000
1243,2026-05-31,Tienda Norte,Pan molde,Panadería,1,1800,1800
1244,2026-08-15,Tienda Norte,Jugo naranja,Bebidas,1,1600,1600
1244,2026-08-15,Tienda Norte,Mantequilla,Lácteos,1,2500,2500
1244,2026-08-15,Tienda Norte,Pan hallulla,Panadería,1,1500,1500
1244,2026-08-15,Tienda Norte,Queso,Lácteos,2,4500,9000
1245,2026-06-23,Tienda Norte,Jugo naranja,Bebidas,1,1600,1600
1246,2026-07-15,Tienda Sur,Vino tinto,Alcohol,1,5000,5000
1247,2026-08-10,Tienda Mall,Cloro,Limpieza,1,1400,1400
1247,2026-08-10,Tienda Mall,Pan hallulla,Panadería,1,1500,1500
1247,2026-08-10,Tienda Mall,Yogurt,Lácteos,3,800,2400
1248,2026-07-14,Tienda Sur,Cloro,Limpieza,1,1400,1400
1248,2026-07-14,Tienda Sur,Jugo naranja,Bebidas,3,1600,4800
1248,2026-07-14,Tienda Sur,Queso,Lácteos,1,4500,4500
1249,2026-06-23,Tienda Centro,Agua mineral,Bebidas,1,900,900
1249,2026-06-23,Tienda Centro,Queso,Lácteos,1,4500,4500
1250,2026-06-03,Tienda Norte,Galletas,Snacks,1,1000,1000
1250,2026-06-03,Tienda Norte,Pañales,Bebé,2,8000,16000
1250,2026-06-03,Tienda Norte,Toallitas húmedas,Bebé,1,2200,2200
1251,2026-06-02,Tienda Sur,Mantequilla,Lácteos,2,2500,5000
1251,2026-06-02,Tienda Sur,Maní,Snacks,1,1200,1200
1251,2026-06-02,Tienda Sur,Pan molde,Panadería,1,1800,1800
1251,2026-06-02,Tienda Sur,Queso,Lácteos,1,4500,4500
1251,2026-06-02,Tienda Sur,Yogurt,Lácteos,1,800,800
1252,2026-05-22,Tienda Mall,Esponjas,Limpieza,2,1200,2400
1252,2026-05-22,Tienda Mall,Galletas,Snacks,1,1000,1000
1252,2026-05-22,Tienda Mall,Pañales,Bebé,1,8000,8000
1252,2026-05-22,Tienda Mall,Toallitas húmedas,Bebé,1,2200,2200
1253,2026-08-14,Tienda Mall,Azúcar,Café/Té,1,1300,1300
1253,2026-08-14,Tienda Mall,Bebida cola,Bebidas,1,1500,1500
1253,2026-08-14,Tienda Mall,Papas fritas,Snacks,1,1800,1800
1253,2026-08-14,Tienda Mall,Té,Café/Té,1,2500,2500
1254,2026-06-10,Tienda Sur,Esponjas,Limpieza,1,1200,1200
1254,2026-06-10,Tienda Sur,Queso,Lácteos,1,4500,4500
1254,2026-06-10,Tienda Sur,Té,Café/Té,1,2500,2500
1255,2026-05-26,Tienda Centro,Mantequilla,Lácteos,1,2500,2500
1255,2026-05-26,Tienda Centro,Queso,Lácteos,1,4500,4500
1255,2026-05-26,Tienda Centro,Vino tinto,Alcohol,1,5000,5000
1256,2026-06-11,Tienda Sur,Bebida cola,Bebidas,1,1500,1500
1256,2026-06-11,Tienda Sur,Yogurt,Lácteos,2,800,1600
1257,2026-06-08,Tienda Sur,Yogurt,Lácteos,1,800,800
1258,2026-07-19,Tienda Mall,Café,Café/Té,2,4000,8000
1258,2026-07-19,Tienda Mall,Cloro,Limpieza,1,1400,1400
1258,2026-07-19,Tienda Mall,Papas fritas,Snacks,1,1800,1800
1259,2026-06-06,Tienda Mall,Cloro,Limpieza,1,1400,1400
1259,2026-06-06,Tienda Mall,Jugo naranja,Bebidas,1,1600,1600
1259,2026-06-06,Tienda Mall,Maní,Snacks,1,1200,1200
1260,2026-08-13,Tienda Centro,Toallitas húmedas,Bebé,2,2200,4400
1260,2026-08-13,Tienda Centro,Yogurt,Lácteos,1,800,800
1261,2026-07-02,Tienda Centro,Cloro,Limpieza,1,1400,1400
1261,2026-07-02,Tienda Centro,Croissant,Panadería,1,900,900
1261,2026-07-02,Tienda Centro,Detergente,Limpieza,1,5500,5500
1261,2026-07-02,Tienda Centro,Papas fritas,Snacks,1,1800,1800
1262,2026-06-12,Tienda Mall,Jugo naranja,Bebidas,1,1600,1600
1263,2026-07-20,Tienda Centro,Maní,Snacks,1,1200,1200
1263,2026-07-20,Tienda Centro,Yogurt,Lácteos,1,800,800
1264,2026-06-02,Tienda Mall,Cloro,Limpieza,1,1400,1400
1264,2026-06-02,Tienda Mall,Leche,Lácteos,2,1200,2400
1264,2026-06-02,Tienda Mall,Vino tinto,Alcohol,1,5000,5000
1265,2026-06-05,Tienda Mall,Café,Café/Té,1,4000,4000
1265,2026-06-05,Tienda Mall,Detergente,Limpieza,2,5500,11000
1265,2026-06-05,Tienda Mall,Mantequilla,Lácteos,1,2500,2500
1265,2026-06-05,Tienda Mall,Pan molde,Panadería,1,1800,1800
1266,2026-07-19,Tienda Sur,Leche,Lácteos,1,1200,1200
1266,2026-07-19,Tienda Sur,Vino tinto,Alcohol,1,5000,5000
1266,2026-07-19,Tienda Sur,Yogurt,Lácteos,1,800,800
1267,2026-06-08,Tienda Centro,Esponjas,Limpieza,1,1200,1200
1267,2026-06-08,Tienda Centro,Pañales,Bebé,2,8000,16000
1267,2026-06-08,Tienda Centro,Toallitas húmedas,Bebé,1,2200,2200
1268,2026-07-18,Tienda Sur,Azúcar,Café/Té,1,1300,1300
1268,2026-07-18,Tienda Sur,Café,Café/Té,1,4000,4000
1268,2026-07-18,Tienda Sur,Galletas,Snacks,1,1000,1000
1269,2026-08-14,Tienda Sur,Agua mineral,Bebidas,1,900,900
1269,2026-08-14,Tienda Sur,Azúcar,Café/Té,1,1300,1300
1269,2026-08-14,Tienda Sur,Mantequilla,Lácteos,1,2500,2500
1269,2026-08-14,Tienda Sur,Pan molde,Panadería,1,1800,1800
1270,2026-07-04,Tienda Centro,Bebida cola,Bebidas,1,1500,1500
1270,2026-07-04,Tienda Centro,Papas fritas,Snacks,1,1800,1800
1271,2026-06-07,Tienda Mall,Agua mineral,Bebidas,1,900,900
1271,2026-06-07,Tienda Mall,Vino tinto,Alcohol,1,5000,5000
1272,2026-07-26,Tienda Mall,Cerveza,Alcohol,3,3500,10500
1272,2026-07-26,Tienda Mall,Maní,Snacks,1,1200,1200
1272,2026-07-26,Tienda Mall,Papas fritas,Snacks,2,1800,3600
1273,2026-07-07,Tienda Centro,Detergente,Limpieza,3,5500,16500
1273,2026-07-07,Tienda Centro,Esponjas,Limpieza,1,1200,1200
1273,2026-07-07,Tienda Centro,Jugo naranja,Bebidas,1,1600,1600
1274,2026-05-30,Tienda Mall,Agua mineral,Bebidas,2,900,1800
1274,2026-05-30,Tienda Mall,Jugo naranja,Bebidas,1,1600,1600
1274,2026-05-30,Tienda Mall,Pañales,Bebé,1,8000,8000
1274,2026-05-30,Tienda Mall,Queso,Lácteos,1,4500,4500
1274,2026-05-30,Tienda Mall,Toallitas húmedas,Bebé,1,2200,2200
1275,2026-07-14,Tienda Sur,Agua mineral,Bebidas,1,900,900
1275,2026-07-14,Tienda Sur,Té,Café/Té,2,2500,5000
1275,2026-07-14,Tienda Sur,Yogurt,Lácteos,1,800,800
1276,2026-06-23,Tienda Centro,Maní,Snacks,1,1200,1200
1276,2026-06-23,Tienda Centro,Pan molde,Panadería,2,1800,3600
1276,2026-06-23,Tienda Centro,Queso,Lácteos,1,4500,4500
1277,2026-06-01,Tienda Norte,Cerveza,Alcohol,2,3500,7000
1277,2026-06-01,Tienda Norte,Esponjas,Limpieza,1,1200,1200
1277,2026-06-01,Tienda Norte,Papas fritas,Snacks,1,1800,1800
1278,2026-07-12,Tienda Sur,Azúcar,Café/Té,1,1300,1300
1278,2026-07-12,Tienda Sur,Café,Café/Té,1,4000,4000
1279,2026-07-18,Tienda Mall,Esponjas,Limpieza,1,1200,1200
1279,2026-07-18,Tienda Mall,Yogurt,Lácteos,1,800,800
1280,2026-05-24,Tienda Centro,Azúcar,Café/Té,3,1300,3900
1280,2026-05-24,Tienda Centro,Croissant,Panadería,1,900,900
1280,2026-05-24,Tienda Centro,Queso,Lácteos,1,4500,4500
1280,2026-05-24,Tienda Centro,Vino tinto,Alcohol,1,5000,5000
1281,2026-08-14,Tienda Mall,Toallitas húmedas,Bebé,1,2200,2200
1282,2026-08-07,Tienda Sur,Maní,Snacks,2,1200,2400
1282,2026-08-07,Tienda Sur,Pan molde,Panadería,3,1800,5400
1282,2026-08-07,Tienda Sur,Queso,Lácteos,1,4500,4500
1283,2026-07-27,Tienda Norte,Leche,Lácteos,1,1200,1200
1283,2026-07-27,Tienda Norte,Papas fritas,Snacks,3,1800,5400
1284,2026-08-01,Tienda Sur,Yogurt,Lácteos,2,800,1600
1285,2026-07-10,Tienda Mall,Maní,Snacks,2,1200,2400
1285,2026-07-10,Tienda Mall,Queso,Lácteos,1,4500,4500
1286,2026-07-05,Tienda Centro,Cerveza,Alcohol,2,3500,7000
1286,2026-07-05,Tienda Centro,Cloro,Limpieza,1,1400,1400
1286,2026-07-05,Tienda Centro,Detergente,Limpieza,3,5500,16500
1286,2026-07-05,Tienda Centro,Maní,Snacks,1,1200,1200
1286,2026-07-05,Tienda Centro,Papas fritas,Snacks,2,1800,3600
1287,2026-07-10,Tienda Sur,Cerveza,Alcohol,1,3500,3500
1288,2026-06-01,Tienda Mall,Maní,Snacks,1,1200,1200
1288,2026-06-01,Tienda Mall,Queso,Lácteos,1,4500,4500
1289,2026-06-06,Tienda Centro,Mantequilla,Lácteos,1,2500,2500
1289,2026-06-06,Tienda Centro,Maní,Snacks,1,1200,1200
1289,2026-06-06,Tienda Centro,Pan molde,Panadería,1,1800,1800
1289,2026-06-06,Tienda Centro,Queso,Lácteos,1,4500,4500
1290,2026-08-04,Tienda Mall,Queso,Lácteos,1,4500,4500
1290,2026-08-04,Tienda Mall,Yogurt,Lácteos,2,800,1600
1291,2026-06-19,Tienda Norte,Esponjas,Limpieza,1,1200,1200
1291,2026-06-19,Tienda Norte,Queso,Lácteos,1,4500,4500
1292,2026-05-23,Tienda Norte,Bebida cola,Bebidas,1,1500,1500
1292,2026-05-23,Tienda Norte,Galletas,Snacks,1,1000,1000
1293,2026-06-11,Tienda Mall,Leche,Lácteos,2,1200,2400
1293,2026-06-11,Tienda Mall,Toallitas húmedas,Bebé,2,2200,4400
1294,2026-06-09,Tienda Norte,Croissant,Panadería,1,900,900
1294,2026-06-09,Tienda Norte,Pan molde,Panadería,1,1800,1800
1295,2026-07-19,Tienda Mall,Maní,Snacks,3,1200,3600
1296,2026-07-27,Tienda Centro,Azúcar,Café/Té,2,1300,2600
1296,2026-07-27,Tienda Centro,Detergente,Limpieza,1,5500,5500
1296,2026-07-27,Tienda Centro,Toallitas húmedas,Bebé,2,2200,4400
1297,2026-05-25,Tienda Sur,Azúcar,Café/Té,1,1300,1300
1297,2026-05-25,Tienda Sur,Detergente,Limpieza,1,5500,5500
1297,2026-05-25,Tienda Sur,Té,Café/Té,2,2500,5000
1298,2026-06-03,Tienda Norte,Cerveza,Alcohol,1,3500,3500
1298,2026-06-03,Tienda Norte,Cloro,Limpieza,1,1400,1400
1298,2026-06-03,Tienda Norte,Maní,Snacks,1,1200,1200
1298,2026-06-03,Tienda Norte,Papas fritas,Snacks,1,1800,1800
1299,2026-07-17,Tienda Mall,Agua mineral,Bebidas,1,900,900
1299,2026-07-17,Tienda Mall,Cerveza,Alcohol,1,3500,3500
1299,2026-07-17,Tienda Mall,Jugo naranja,Bebidas,1,1600,1600
1299,2026-07-17,Tienda Mall,Maní,Snacks,1,1200,1200
1300,2026-06-06,Tienda Norte,Bebida cola,Bebidas,1,1500,1500
1300,2026-06-06,Tienda Norte,Pan molde,Panadería,2,1800,3600
1301,2026-07-31,Tienda Sur,Cloro,Limpieza,1,1400,1400
1301,2026-07-31,Tienda Sur,Galletas,Snacks,2,1000,2000
1302,2026-08-16,Tienda Norte,Jugo naranja,Bebidas,2,1600,3200
1303,2026-06-21,Tienda Norte,Queso,Lácteos,1,4500,4500
1304,2026-06-07,Tienda Centro,Azúcar,Café/Té,2,1300,2600
1304,2026-06-07,Tienda Centro,Papas fritas,Snacks,3,1800,5400
1304,2026-06-07,Tienda Centro,Té,Café/Té,1,2500,2500
1305,2026-08-03,Tienda Sur,Azúcar,Café/Té,1,1300,1300
1305,2026-08-03,Tienda Sur,Café,Café/Té,1,4000,4000
1305,2026-08-03,Tienda Sur,Papas fritas,Snacks,1,1800,1800
1306,2026-08-13,Tienda Centro,Jugo naranja,Bebidas,1,1600,1600
1306,2026-08-13,Tienda Centro,Queso,Lácteos,1,4500,4500
1307,2026-06-04,Tienda Norte,Galletas,Snacks,2,1000,2000
1307,2026-06-04,Tienda Norte,Pañales,Bebé,2,8000,16000
1308,2026-07-26,Tienda Norte,Cloro,Limpieza,1,1400,1400
1308,2026-07-26,Tienda Norte,Mantequilla,Lácteos,1,2500,2500
1308,2026-07-26,Tienda Norte,Pan hallulla,Panadería,1,1500,1500
1308,2026-07-26,Tienda Norte,Queso,Lácteos,2,4500,9000
1308,2026-07-26,Tienda Norte,Vino tinto,Alcohol,2,5000,10000
1309,2026-05-27,Tienda Mall,Agua mineral,Bebidas,1,900,900
1309,2026-05-27,Tienda Mall,Bebida cola,Bebidas,3,1500,4500
1310,2026-06-20,Tienda Norte,Galletas,Snacks,1,1000,1000
1310,2026-06-20,Tienda Norte,Pan hallulla,Panadería,2,1500,3000
1310,2026-06-20,Tienda Norte,Queso,Lácteos,2,4500,9000
1310,2026-06-20,Tienda Norte,Yogurt,Lácteos,2,800,1600
1311,2026-06-05,Tienda Sur,Bebida cola,Bebidas,2,1500,3000
1311,2026-06-05,Tienda Sur,Papas fritas,Snacks,1,1800,1800
1312,2026-06-01,Tienda Centro,Cloro,Limpieza,1,1400,1400
1312,2026-06-01,Tienda Centro,Croissant,Panadería,1,900,900
1312,2026-06-01,Tienda Centro,Detergente,Limpieza,1,5500,5500
1312,2026-06-01,Tienda Centro,Esponjas,Limpieza,1,1200,1200
1313,2026-07-21,Tienda Sur,Cerveza,Alcohol,2,3500,7000
1313,2026-07-21,Tienda Sur,Maní,Snacks,2,1200,2400
1313,2026-07-21,Tienda Sur,Pañales,Bebé,1,8000,8000
1314,2026-08-09,Tienda Mall,Agua mineral,Bebidas,1,900,900
1314,2026-08-09,Tienda Mall,Azúcar,Café/Té,1,1300,1300
1314,2026-08-09,Tienda Mall,Café,Café/Té,1,4000,4000
1314,2026-08-09,Tienda Mall,Maní,Snacks,1,1200,1200
1314,2026-08-09,Tienda Mall,Toallitas húmedas,Bebé,1,2200,2200
1315,2026-07-02,Tienda Sur,Detergente,Limpieza,1,5500,5500
1315,2026-07-02,Tienda Sur,Jugo naranja,Bebidas,1,1600,1600
1315,2026-07-02,Tienda Sur,Té,Café/Té,3,2500,7500
1316,2026-07-19,Tienda Mall,Croissant,Panadería,2,900,1800
1317,2026-08-14,Tienda Sur,Galletas,Snacks,1,1000,1000
1318,2026-08-15,Tienda Norte,Leche,Lácteos,2,1200,2400
1319,2026-06-16,Tienda Sur,Cerveza,Alcohol,1,3500,3500
1319,2026-06-16,Tienda Sur,Papas fritas,Snacks,1,1800,1800
1319,2026-06-16,Tienda Sur,Té,Café/Té,1,2500,2500
1320,2026-06-13,Tienda Mall,Cloro,Limpieza,1,1400,1400
1320,2026-06-13,Tienda Mall,Toallitas húmedas,Bebé,3,2200,6600
1320,2026-06-13,Tienda Mall,Yogurt,Lácteos,3,800,2400
1321,2026-08-11,Tienda Mall,Agua mineral,Bebidas,1,900,900
1321,2026-08-11,Tienda Mall,Bebida cola,Bebidas,2,1500,3000
1321,2026-08-11,Tienda Mall,Café,Café/Té,2,4000,8000
1322,2026-06-29,Tienda Mall,Cerveza,Alcohol,3,3500,10500
1322,2026-06-29,Tienda Mall,Papas fritas,Snacks,1,1800,1800
1322,2026-06-29,Tienda Mall,Pañales,Bebé,1,8000,8000
1323,2026-08-10,Tienda Norte,Agua mineral,Bebidas,1,900,900
1323,2026-08-10,Tienda Norte,Esponjas,Limpieza,1,1200,1200
1323,2026-08-10,Tienda Norte,Mantequilla,Lácteos,1,2500,2500
1323,2026-08-10,Tienda Norte,Pan molde,Panadería,2,1800,3600
1323,2026-08-10,Tienda Norte,Queso,Lácteos,1,4500,4500
1324,2026-07-30,Tienda Norte,Galletas,Snacks,1,1000,1000
1324,2026-07-30,Tienda Norte,Toallitas húmedas,Bebé,1,2200,2200
1324,2026-07-30,Tienda Norte,Té,Café/Té,1,2500,2500
1325,2026-07-20,Tienda Mall,Cloro,Limpieza,1,1400,1400
1325,2026-07-20,Tienda Mall,Esponjas,Limpieza,3,1200,3600
1325,2026-07-20,Tienda Mall,Pan hallulla,Panadería,1,1500,1500
1325,2026-07-20,Tienda Mall,Papas fritas,Snacks,1,1800,1800
1326,2026-05-27,Tienda Sur,Galletas,Snacks,1,1000,1000
1326,2026-05-27,Tienda Sur,Vino tinto,Alcohol,1,5000,5000
1327,2026-05-29,Tienda Sur,Jugo naranja,Bebidas,1,1600,1600
1327,2026-05-29,Tienda Sur,Mantequilla,Lácteos,1,2500,2500
1327,2026-05-29,Tienda Sur,Maní,Snacks,1,1200,1200
1327,2026-05-29,Tienda Sur,Pañales,Bebé,1,8000,8000
1327,2026-05-29,Tienda Sur,Toallitas húmedas,Bebé,1,2200,2200
1328,2026-06-26,Tienda Centro,Croissant,Panadería,2,900,1800
1329,2026-08-17,Tienda Sur,Galletas,Snacks,1,1000,1000
1329,2026-08-17,Tienda Sur,Queso,Lácteos,1,4500,4500
1329,2026-08-17,Tienda Sur,Vino tinto,Alcohol,1,5000,5000
1329,2026-08-17,Tienda Sur,Yogurt,Lácteos,3,800,2400
1330,2026-06-22,Tienda Sur,Leche,Lácteos,2,1200,2400
1330,2026-06-22,Tienda Sur,Mantequilla,Lácteos,2,2500,5000
1330,2026-06-22,Tienda Sur,Pan molde,Panadería,2,1800,3600
1331,2026-05-27,Tienda Sur,Maní,Snacks,3,1200,3600
1332,2026-07-23,Tienda Sur,Azúcar,Café/Té,1,1300,1300
1332,2026-07-23,Tienda Sur,Café,Café/Té,1,4000,4000
1332,2026-07-23,Tienda Sur,Cerveza,Alcohol,1,3500,3500
1332,2026-07-23,Tienda Sur,Galletas,Snacks,1,1000,1000
1332,2026-07-23,Tienda Sur,Jugo naranja,Bebidas,2,1600,3200
1332,2026-07-23,Tienda Sur,Pañales,Bebé,1,8000,8000
1332,2026-07-23,Tienda Sur,Toallitas húmedas,Bebé,1,2200,2200
1333,2026-08-11,Tienda Norte,Agua mineral,Bebidas,1,900,900
1333,2026-08-11,Tienda Norte,Cloro,Limpieza,2,1400,2800
1333,2026-08-11,Tienda Norte,Maní,Snacks,3,1200,3600
1334,2026-06-08,Tienda Sur,Detergente,Limpieza,2,5500,11000
1335,2026-07-14,Tienda Centro,Jugo naranja,Bebidas,1,1600,1600
1335,2026-07-14,Tienda Centro,Pan molde,Panadería,1,1800,1800
1336,2026-06-08,Tienda Sur,Cerveza,Alcohol,3,3500,10500
1336,2026-06-08,Tienda Sur,Cloro,Limpieza,2,1400,2800
1336,2026-06-08,Tienda Sur,Papas fritas,Snacks,2,1800,3600
1336,2026-06-08,Tienda Sur,Pañales,Bebé,1,8000,8000
1336,2026-06-08,Tienda Sur,Toallitas húmedas,Bebé,1,2200,2200
1337,2026-06-07,Tienda Norte,Leche,Lácteos,1,1200,1200
1337,2026-06-07,Tienda Norte,Mantequilla,Lácteos,1,2500,2500
1337,2026-06-07,Tienda Norte,Pan molde,Panadería,1,1800,1800
1338,2026-05-28,Tienda Sur,Bebida cola,Bebidas,1,1500,1500
1338,2026-05-28,Tienda Sur,Cloro,Limpieza,3,1400,4200
1338,2026-05-28,Tienda Sur,Papas fritas,Snacks,1,1800,1800
1338,2026-05-28,Tienda Sur,Queso,Lácteos,2,4500,9000
1339,2026-07-04,Tienda Centro,Galletas,Snacks,1,1000,1000
1340,2026-07-07,Tienda Centro,Papas fritas,Snacks,1,1800,1800
1340,2026-07-07,Tienda Centro,Queso,Lácteos,1,4500,4500
1341,2026-06-14,Tienda Norte,Croissant,Panadería,1,900,900
1341,2026-06-14,Tienda Norte,Leche,Lácteos,1,1200,1200
1341,2026-06-14,Tienda Norte,Pañales,Bebé,1,8000,8000
1342,2026-06-15,Tienda Centro,Cerveza,Alcohol,1,3500,3500
1342,2026-06-15,Tienda Centro,Maní,Snacks,1,1200,1200
1342,2026-06-15,Tienda Centro,Queso,Lácteos,1,4500,4500
1342,2026-06-15,Tienda Centro,Toallitas húmedas,Bebé,1,2200,2200
1342,2026-06-15,Tienda Centro,Vino tinto,Alcohol,1,5000,5000
1343,2026-07-12,Tienda Mall,Croissant,Panadería,2,900,1800
1343,2026-07-12,Tienda Mall,Jugo naranja,Bebidas,1,1600,1600
1343,2026-07-12,Tienda Mall,Leche,Lácteos,3,1200,3600
1343,2026-07-12,Tienda Mall,Queso,Lácteos,1,4500,4500
1343,2026-07-12,Tienda Mall,Vino tinto,Alcohol,1,5000,5000
1344,2026-07-08,Tienda Mall,Agua mineral,Bebidas,2,900,1800
1345,2026-06-30,Tienda Centro,Bebida cola,Bebidas,1,1500,1500
1345,2026-06-30,Tienda Centro,Papas fritas,Snacks,1,1800,1800
1346,2026-06-06,Tienda Mall,Pan hallulla,Panadería,1,1500,1500
1346,2026-06-06,Tienda Mall,Queso,Lácteos,1,4500,4500
1346,2026-06-06,Tienda Mall,Toallitas húmedas,Bebé,1,2200,2200
1347,2026-06-11,Tienda Norte,Cloro,Limpieza,1,1400,1400
1347,2026-06-11,Tienda Norte,Mantequilla,Lácteos,1,2500,2500
1347,2026-06-11,Tienda Norte,Vino tinto,Alcohol,1,5000,5000
1347,2026-06-11,Tienda Norte,Yogurt,Lácteos,1,800,800
1348,2026-08-08,Tienda Sur,Agua mineral,Bebidas,2,900,1800
1348,2026-08-08,Tienda Sur,Cerveza,Alcohol,2,3500,7000
1348,2026-08-08,Tienda Sur,Maní,Snacks,1,1200,1200
1348,2026-08-08,Tienda Sur,Pan molde,Panadería,1,1800,1800
1348,2026-08-08,Tienda Sur,Queso,Lácteos,1,4500,4500
1348,2026-08-08,Tienda Sur,Toallitas húmedas,Bebé,1,2200,2200
1349,2026-06-09,Tienda Centro,Bebida cola,Bebidas,3,1500,4500
1349,2026-06-09,Tienda Centro,Papas fritas,Snacks,1,1800,1800
1350,2026-07-19,Tienda Mall,Azúcar,Café/Té,2,1300,2600
1350,2026-07-19,Tienda Mall,Galletas,Snacks,1,1000,1000
1350,2026-07-19,Tienda Mall,Mantequilla,Lácteos,1,2500,2500
1350,2026-07-19,Tienda Mall,Toallitas húmedas,Bebé,2,2200,4400
1351,2026-06-21,Tienda Norte,Azúcar,Café/Té,1,1300,1300
1351,2026-06-21,Tienda Norte,Vino tinto,Alcohol,1,5000,5000
1352,2026-07-22,Tienda Norte,Azúcar,Café/Té,3,1300,3900
1352,2026-07-22,Tienda Norte,Té,Café/Té,1,2500,2500
1353,2026-05-30,Tienda Centro,Jugo naranja,Bebidas,1,1600,1600
1353,2026-05-30,Tienda Centro,Leche,Lácteos,1,1200,1200
1353,2026-05-30,Tienda Centro,Toallitas húmedas,Bebé,2,2200,4400
1354,2026-06-27,Tienda Sur,Cloro,Limpieza,2,1400,2800
1354,2026-06-27,Tienda Sur,Galletas,Snacks,2,1000,2000
1354,2026-06-27,Tienda Sur,Pañales,Bebé,1,8000,8000
1354,2026-06-27,Tienda Sur,Toallitas húmedas,Bebé,1,2200,2200
1355,2026-08-12,Tienda Norte,Pan hallulla,Panadería,3,1500,4500
1355,2026-08-12,Tienda Norte,Papas fritas,Snacks,1,1800,1800
1356,2026-08-09,Tienda Centro,Bebida cola,Bebidas,1,1500,1500
1356,2026-08-09,Tienda Centro,Papas fritas,Snacks,1,1800,1800
1356,2026-08-09,Tienda Centro,Yogurt,Lácteos,1,800,800
1357,2026-08-08,Tienda Mall,Galletas,Snacks,1,1000,1000
1357,2026-08-08,Tienda Mall,Queso,Lácteos,1,4500,4500
1358,2026-06-04,Tienda Sur,Azúcar,Café/Té,1,1300,1300
1358,2026-06-04,Tienda Sur,Cerveza,Alcohol,1,3500,3500
1358,2026-06-04,Tienda Sur,Papas fritas,Snacks,1,1800,1800
1358,2026-06-04,Tienda Sur,Té,Café/Té,1,2500,2500
1358,2026-06-04,Tienda Sur,Yogurt,Lácteos,1,800,800
1359,2026-05-28,Tienda Sur,Azúcar,Café/Té,1,1300,1300
1359,2026-05-28,Tienda Sur,Mantequilla,Lácteos,1,2500,2500
1359,2026-05-28,Tienda Sur,Pan molde,Panadería,1,1800,1800
1359,2026-05-28,Tienda Sur,Queso,Lácteos,1,4500,4500
1360,2026-07-03,Tienda Sur,Azúcar,Café/Té,3,1300,3900
1360,2026-07-03,Tienda Sur,Croissant,Panadería,3,900,2700
1361,2026-06-12,Tienda Mall,Mantequilla,Lácteos,1,2500,2500
1361,2026-06-12,Tienda Mall,Queso,Lácteos,1,4500,4500
1361,2026-06-12,Tienda Mall,Té,Café/Té,2,2500,5000
1362,2026-07-04,Tienda Norte,Azúcar,Café/Té,3,1300,3900
1362,2026-07-04,Tienda Norte,Pan hallulla,Panadería,1,1500,1500
1362,2026-07-04,Tienda Norte,Té,Café/Té,1,2500,2500
1363,2026-06-01,Tienda Norte,Bebida cola,Bebidas,3,1500,4500
1363,2026-06-01,Tienda Norte,Esponjas,Limpieza,1,1200,1200
1363,2026-06-01,Tienda Norte,Papas fritas,Snacks,2,1800,3600
1363,2026-06-01,Tienda Norte,Toallitas húmedas,Bebé,1,2200,2200
1364,2026-07-10,Tienda Sur,Maní,Snacks,1,1200,1200
1364,2026-07-10,Tienda Sur,Té,Café/Té,1,2500,2500
1365,2026-06-27,Tienda Centro,Esponjas,Limpieza,1,1200,1200
1366,2026-06-28,Tienda Norte,Croissant,Panadería,1,900,900
1366,2026-06-28,Tienda Norte,Mantequilla,Lácteos,3,2500,7500
1366,2026-06-28,Tienda Norte,Maní,Snacks,3,1200,3600
1366,2026-06-28,Tienda Norte,Pan hallulla,Panadería,3,1500,4500
1366,2026-06-28,Tienda Norte,Toallitas húmedas,Bebé,1,2200,2200
1367,2026-06-09,Tienda Mall,Bebida cola,Bebidas,1,1500,1500
1367,2026-06-09,Tienda Mall,Queso,Lácteos,3,4500,13500
1368,2026-06-24,Tienda Norte,Cloro,Limpieza,1,1400,1400
1368,2026-06-24,Tienda Norte,Leche,Lácteos,2,1200,2400
1368,2026-06-24,Tienda Norte,Pañales,Bebé,1,8000,8000
1368,2026-06-24,Tienda Norte,Toallitas húmedas,Bebé,1,2200,2200
1369,2026-06-28,Tienda Centro,Bebida cola,Bebidas,2,1500,3000
1369,2026-06-28,Tienda Centro,Café,Café/Té,1,4000,4000
1369,2026-06-28,Tienda Centro,Galletas,Snacks,1,1000,1000
1369,2026-06-28,Tienda Centro,Papas fritas,Snacks,3,1800,5400
1369,2026-06-28,Tienda Centro,Toallitas húmedas,Bebé,2,2200,4400
1370,2026-07-02,Tienda Sur,Agua mineral,Bebidas,1,900,900
1370,2026-07-02,Tienda Sur,Leche,Lácteos,2,1200,2400
1370,2026-07-02,Tienda Sur,Pan hallulla,Panadería,2,1500,3000
1370,2026-07-02,Tienda Sur,Papas fritas,Snacks,1,1800,1800
1371,2026-06-26,Tienda Norte,Croissant,Panadería,3,900,2700
1371,2026-06-26,Tienda Norte,Toallitas húmedas,Bebé,2,2200,4400
1372,2026-06-19,Tienda Mall,Cloro,Limpieza,2,1400,2800
1372,2026-06-19,Tienda Mall,Detergente,Limpieza,1,5500,5500
1372,2026-06-19,Tienda Mall,Maní,Snacks,1,1200,1200
1372,2026-06-19,Tienda Mall,Pan hallulla,Panadería,1,1500,1500
1373,2026-06-21,Tienda Sur,Leche,Lácteos,2,1200,2400
1374,2026-07-21,Tienda Norte,Bebida cola,Bebidas,2,1500,3000
1374,2026-07-21,Tienda Norte,Pañales,Bebé,1,8000,8000
1374,2026-07-21,Tienda Norte,Toallitas húmedas,Bebé,1,2200,2200
1375,2026-07-31,Tienda Mall,Cloro,Limpieza,2,1400,2800
1375,2026-07-31,Tienda Mall,Pan hallulla,Panadería,3,1500,4500
1375,2026-07-31,Tienda Mall,Papas fritas,Snacks,1,1800,1800
1376,2026-06-04,Tienda Norte,Cloro,Limpieza,2,1400,2800
1376,2026-06-04,Tienda Norte,Esponjas,Limpieza,1,1200,1200
1377,2026-07-09,Tienda Centro,Cerveza,Alcohol,1,3500,3500
1377,2026-07-09,Tienda Centro,Galletas,Snacks,2,1000,2000
1377,2026-07-09,Tienda Centro,Pañales,Bebé,2,8000,16000
1378,2026-07-14,Tienda Centro,Pan molde,Panadería,1,1800,1800
1378,2026-07-14,Tienda Centro,Queso,Lácteos,1,4500,4500
1378,2026-07-14,Tienda Centro,Yogurt,Lácteos,1,800,800
1379,2026-07-17,Tienda Sur,Cloro,Limpieza,3,1400,4200
1379,2026-07-17,Tienda Sur,Queso,Lácteos,1,4500,4500
1379,2026-07-17,Tienda Sur,Vino tinto,Alcohol,2,5000,10000
1380,2026-06-30,Tienda Mall,Agua mineral,Bebidas,1,900,900
1380,2026-06-30,Tienda Mall,Cloro,Limpieza,1,1400,1400
1380,2026-06-30,Tienda Mall,Detergente,Limpieza,1,5500,5500
1380,2026-06-30,Tienda Mall,Yogurt,Lácteos,1,800,800
1381,2026-06-11,Tienda Mall,Cerveza,Alcohol,1,3500,3500
1381,2026-06-11,Tienda Mall,Toallitas húmedas,Bebé,1,2200,2200
1381,2026-06-11,Tienda Mall,Vino tinto,Alcohol,2,5000,10000
1382,2026-05-31,Tienda Mall,Azúcar,Café/Té,1,1300,1300
1382,2026-05-31,Tienda Mall,Café,Café/Té,2,4000,8000
1382,2026-05-31,Tienda Mall,Cloro,Limpieza,2,1400,2800
1382,2026-05-31,Tienda Mall,Detergente,Limpieza,2,5500,11000
1383,2026-06-10,Tienda Sur,Queso,Lácteos,1,4500,4500
1384,2026-07-23,Tienda Sur,Azúcar,Café/Té,1,1300,1300
1384,2026-07-23,Tienda Sur,Papas fritas,Snacks,1,1800,1800
1384,2026-07-23,Tienda Sur,Yogurt,Lácteos,1,800,800
1385,2026-08-04,Tienda Mall,Cerveza,Alcohol,3,3500,10500
1385,2026-08-04,Tienda Mall,Esponjas,Limpieza,1,1200,1200
1385,2026-08-04,Tienda Mall,Mantequilla,Lácteos,3,2500,7500
1385,2026-08-04,Tienda Mall,Maní,Snacks,2,1200,2400
1385,2026-08-04,Tienda Mall,Papas fritas,Snacks,2,1800,3600
1386,2026-06-26,Tienda Centro,Bebida cola,Bebidas,1,1500,1500
1386,2026-06-26,Tienda Centro,Galletas,Snacks,1,1000,1000
1387,2026-06-24,Tienda Centro,Bebida cola,Bebidas,1,1500,1500
1387,2026-06-24,Tienda Centro,Esponjas,Limpieza,1,1200,1200
1387,2026-06-24,Tienda Centro,Papas fritas,Snacks,1,1800,1800
1388,2026-05-21,Tienda Sur,Mantequilla,Lácteos,1,2500,2500
1388,2026-05-21,Tienda Sur,Pan molde,Panadería,3,1800,5400
1388,2026-05-21,Tienda Sur,Toallitas húmedas,Bebé,1,2200,2200
1389,2026-06-12,Tienda Mall,Agua mineral,Bebidas,2,900,1800
1389,2026-06-12,Tienda Mall,Esponjas,Limpieza,1,1200,1200
1389,2026-06-12,Tienda Mall,Papas fritas,Snacks,2,1800,3600
1390,2026-07-14,Tienda Sur,Bebida cola,Bebidas,1,1500,1500
1390,2026-07-14,Tienda Sur,Cerveza,Alcohol,2,3500,7000
1390,2026-07-14,Tienda Sur,Maní,Snacks,2,1200,2400
1390,2026-07-14,Tienda Sur,Papas fritas,Snacks,2,1800,3600
1391,2026-08-02,Tienda Norte,Té,Café/Té,1,2500,2500
1392,2026-06-02,Tienda Norte,Azúcar,Café/Té,1,1300,1300
1392,2026-06-02,Tienda Norte,Detergente,Limpieza,2,5500,11000
1392,2026-06-02,Tienda Norte,Esponjas,Limpieza,1,1200,1200
1393,2026-07-15,Tienda Mall,Croissant,Panadería,1,900,900
1393,2026-07-15,Tienda Mall,Yogurt,Lácteos,1,800,800
1394,2026-08-11,Tienda Centro,Azúcar,Café/Té,3,1300,3900
1394,2026-08-11,Tienda Centro,Café,Café/Té,1,4000,4000
1394,2026-08-11,Tienda Centro,Esponjas,Limpieza,1,1200,1200
1394,2026-08-11,Tienda Centro,Mantequilla,Lácteos,2,2500,5000
1395,2026-05-23,Tienda Mall,Mantequilla,Lácteos,1,2500,2500
1395,2026-05-23,Tienda Mall,Papas fritas,Snacks,1,1800,1800
1396,2026-07-27,Tienda Sur,Azúcar,Café/Té,1,1300,1300
1396,2026-07-27,Tienda Sur,Cerveza,Alcohol,1,3500,3500
1396,2026-07-27,Tienda Sur,Pañales,Bebé,1,8000,8000
1396,2026-07-27,Tienda Sur,Té,Café/Té,1,2500,2500
1397,2026-07-04,Tienda Centro,Azúcar,Café/Té,1,1300,1300
1397,2026-07-04,Tienda Centro,Croissant,Panadería,1,900,900
1397,2026-07-04,Tienda Centro,Toallitas húmedas,Bebé,3,2200,6600
1397,2026-07-04,Tienda Centro,Té,Café/Té,2,2500,5000
1398,2026-06-11,Tienda Norte,Café,Café/Té,1,4000,4000
1399,2026-07-10,Tienda Mall,Azúcar,Café/Té,1,1300,1300
1399,2026-07-10,Tienda Mall,Café,Café/Té,1,4000,4000
1399,2026-07-10,Tienda Mall,Esponjas,Limpieza,2,1200,2400
1399,2026-07-10,Tienda Mall,Papas fritas,Snacks,2,1800,3600
1400,2026-07-22,Tienda Centro,Papas fritas,Snacks,1,1800,1800
1401,2026-07-03,Tienda Centro,Azúcar,Café/Té,2,1300,2600
1401,2026-07-03,Tienda Centro,Leche,Lácteos,1,1200,1200
1401,2026-07-03,Tienda Centro,Té,Café/Té,1,2500,2500
1402,2026-08-15,Tienda Sur,Pan molde,Panadería,1,1800,1800
1403,2026-07-08,Tienda Sur,Pañales,Bebé,3,8000,24000
1403,2026-07-08,Tienda Sur,Toallitas húmedas,Bebé,1,2200,2200
1404,2026-08-07,Tienda Mall,Queso,Lácteos,3,4500,13500
1405,2026-06-01,Tienda Norte,Pañales,Bebé,2,8000,16000
1405,2026-06-01,Tienda Norte,Yogurt,Lácteos,1,800,800
1406,2026-06-08,Tienda Mall,Pan hallulla,Panadería,2,1500,3000
1407,2026-06-04,Tienda Sur,Cloro,Limpieza,1,1400,1400
1407,2026-06-04,Tienda Sur,Leche,Lácteos,1,1200,1200
1407,2026-06-04,Tienda Sur,Vino tinto,Alcohol,1,5000,5000
1407,2026-06-04,Tienda Sur,Yogurt,Lácteos,1,800,800
1408,2026-08-06,Tienda Sur,Azúcar,Café/Té,3,1300,3900
1408,2026-08-06,Tienda Sur,Cloro,Limpieza,1,1400,1400
1408,2026-08-06,Tienda Sur,Galletas,Snacks,1,1000,1000
1408,2026-08-06,Tienda Sur,Papas fritas,Snacks,1,1800,1800
1409,2026-06-07,Tienda Norte,Café,Café/Té,2,4000,8000
1409,2026-06-07,Tienda Norte,Mantequilla,Lácteos,2,2500,5000
1409,2026-06-07,Tienda Norte,Pan hallulla,Panadería,2,1500,3000
1409,2026-06-07,Tienda Norte,Papas fritas,Snacks,1,1800,1800
1409,2026-06-07,Tienda Norte,Queso,Lácteos,1,4500,4500
1410,2026-08-12,Tienda Sur,Azúcar,Café/Té,1,1300,1300
1410,2026-08-12,Tienda Sur,Esponjas,Limpieza,1,1200,1200
1410,2026-08-12,Tienda Sur,Pañales,Bebé,1,8000,8000
1410,2026-08-12,Tienda Sur,Toallitas húmedas,Bebé,3,2200,6600
1410,2026-08-12,Tienda Sur,Té,Café/Té,1,2500,2500
1411,2026-07-14,Tienda Mall,Mantequilla,Lácteos,1,2500,2500
1411,2026-07-14,Tienda Mall,Pan molde,Panadería,1,1800,1800
1411,2026-07-14,Tienda Mall,Queso,Lácteos,1,4500,4500
1412,2026-06-25,Tienda Centro,Pan hallulla,Panadería,1,1500,1500
1412,2026-06-25,Tienda Centro,Queso,Lácteos,2,4500,9000
1413,2026-07-28,Tienda Norte,Azúcar,Café/Té,1,1300,1300
1413,2026-07-28,Tienda Norte,Mantequilla,Lácteos,2,2500,5000
1413,2026-07-28,Tienda Norte,Pan hallulla,Panadería,2,1500,3000
1413,2026-07-28,Tienda Norte,Pan molde,Panadería,2,1800,3600
1414,2026-07-26,Tienda Norte,Cloro,Limpieza,1,1400,1400
1414,2026-07-26,Tienda Norte,Esponjas,Limpieza,1,1200,1200
1415,2026-07-17,Tienda Norte,Cerveza,Alcohol,1,3500,3500
1415,2026-07-17,Tienda Norte,Croissant,Panadería,1,900,900
1415,2026-07-17,Tienda Norte,Esponjas,Limpieza,1,1200,1200
1416,2026-07-07,Tienda Norte,Bebida cola,Bebidas,1,1500,1500
1416,2026-07-07,Tienda Norte,Jugo naranja,Bebidas,1,1600,1600
1416,2026-07-07,Tienda Norte,Leche,Lácteos,1,1200,1200
1416,2026-07-07,Tienda Norte,Pan molde,Panadería,2,1800,3600
1416,2026-07-07,Tienda Norte,Queso,Lácteos,1,4500,4500
1417,2026-06-08,Tienda Norte,Cloro,Limpieza,1,1400,1400
1417,2026-06-08,Tienda Norte,Toallitas húmedas,Bebé,3,2200,6600
1418,2026-08-15,Tienda Sur,Agua mineral,Bebidas,2,900,1800
1418,2026-08-15,Tienda Sur,Detergente,Limpieza,1,5500,5500
1418,2026-08-15,Tienda Sur,Esponjas,Limpieza,2,1200,2400
1419,2026-06-13,Tienda Mall,Detergente,Limpieza,1,5500,5500
1419,2026-06-13,Tienda Mall,Esponjas,Limpieza,1,1200,1200
1419,2026-06-13,Tienda Mall,Pan molde,Panadería,1,1800,1800
1419,2026-06-13,Tienda Mall,Queso,Lácteos,1,4500,4500
1420,2026-07-21,Tienda Centro,Cerveza,Alcohol,3,3500,10500
1420,2026-07-21,Tienda Centro,Papas fritas,Snacks,2,1800,3600
1421,2026-08-16,Tienda Mall,Jugo naranja,Bebidas,1,1600,1600
1421,2026-08-16,Tienda Mall,Pañales,Bebé,2,8000,16000
1421,2026-08-16,Tienda Mall,Toallitas húmedas,Bebé,1,2200,2200
1422,2026-05-31,Tienda Mall,Azúcar,Café/Té,2,1300,2600
1422,2026-05-31,Tienda Mall,Mantequilla,Lácteos,1,2500,2500
1422,2026-05-31,Tienda Mall,Pan hallulla,Panadería,2,1500,3000
1422,2026-05-31,Tienda Mall,Queso,Lácteos,2,4500,9000
1422,2026-05-31,Tienda Mall,Té,Café/Té,1,2500,2500
1423,2026-08-06,Tienda Sur,Galletas,Snacks,1,1000,1000
1423,2026-08-06,Tienda Sur,Mantequilla,Lácteos,1,2500,2500
1424,2026-07-23,Tienda Norte,Cerveza,Alcohol,2,3500,7000
1424,2026-07-23,Tienda Norte,Pan hallulla,Panadería,1,1500,1500
1424,2026-07-23,Tienda Norte,Papas fritas,Snacks,1,1800,1800
1424,2026-07-23,Tienda Norte,Pañales,Bebé,3,8000,24000
1424,2026-07-23,Tienda Norte,Queso,Lácteos,1,4500,4500
1424,2026-07-23,Tienda Norte,Toallitas húmedas,Bebé,1,2200,2200
1425,2026-08-08,Tienda Norte,Galletas,Snacks,1,1000,1000
1425,2026-08-08,Tienda Norte,Pan molde,Panadería,1,1800,1800
1425,2026-08-08,Tienda Norte,Queso,Lácteos,1,4500,4500
1426,2026-06-07,Tienda Sur,Cloro,Limpieza,1,1400,1400
1427,2026-07-25,Tienda Centro,Cerveza,Alcohol,1,3500,3500
1427,2026-07-25,Tienda Centro,Papas fritas,Snacks,1,1800,1800
1427,2026-07-25,Tienda Centro,Vino tinto,Alcohol,1,5000,5000
1427,2026-07-25,Tienda Centro,Yogurt,Lácteos,1,800,800
1428,2026-07-31,Tienda Centro,Detergente,Limpieza,1,5500,5500
1428,2026-07-31,Tienda Centro,Esponjas,Limpieza,1,1200,1200
1428,2026-07-31,Tienda Centro,Pan hallulla,Panadería,2,1500,3000
1428,2026-07-31,Tienda Centro,Pañales,Bebé,1,8000,8000
1429,2026-07-21,Tienda Sur,Detergente,Limpieza,1,5500,5500
1429,2026-07-21,Tienda Sur,Galletas,Snacks,2,1000,2000
1430,2026-06-17,Tienda Norte,Papas fritas,Snacks,3,1800,5400
1430,2026-06-17,Tienda Norte,Yogurt,Lácteos,2,800,1600
1431,2026-07-06,Tienda Centro,Jugo naranja,Bebidas,1,1600,1600
1431,2026-07-06,Tienda Centro,Mantequilla,Lácteos,1,2500,2500
1432,2026-07-28,Tienda Norte,Detergente,Limpieza,2,5500,11000
1432,2026-07-28,Tienda Norte,Mantequilla,Lácteos,1,2500,2500
1432,2026-07-28,Tienda Norte,Queso,Lácteos,1,4500,4500
1432,2026-07-28,Tienda Norte,Vino tinto,Alcohol,1,5000,5000
1433,2026-06-30,Tienda Mall,Azúcar,Café/Té,1,1300,1300
1433,2026-06-30,Tienda Mall,Té,Café/Té,1,2500,2500
1434,2026-06-13,Tienda Sur,Azúcar,Café/Té,1,1300,1300
1434,2026-06-13,Tienda Sur,Cloro,Limpieza,1,1400,1400
1434,2026-06-13,Tienda Sur,Detergente,Limpieza,2,5500,11000
1434,2026-06-13,Tienda Sur,Maní,Snacks,3,1200,3600
1434,2026-06-13,Tienda Sur,Queso,Lácteos,2,4500,9000
1434,2026-06-13,Tienda Sur,Vino tinto,Alcohol,1,5000,5000
1435,2026-06-14,Tienda Norte,Cloro,Limpieza,1,1400,1400
1435,2026-06-14,Tienda Norte,Yogurt,Lácteos,1,800,800
1436,2026-06-12,Tienda Mall,Queso,Lácteos,1,4500,4500
1437,2026-08-13,Tienda Norte,Cloro,Limpieza,1,1400,1400
1437,2026-08-13,Tienda Norte,Pañales,Bebé,2,8000,16000
1438,2026-06-08,Tienda Mall,Bebida cola,Bebidas,1,1500,1500
1438,2026-06-08,Tienda Mall,Mantequilla,Lácteos,1,2500,2500
1439,2026-08-06,Tienda Centro,Croissant,Panadería,2,900,1800
1439,2026-08-06,Tienda Centro,Mantequilla,Lácteos,3,2500,7500
1439,2026-08-06,Tienda Centro,Pan hallulla,Panadería,1,1500,1500
1439,2026-08-06,Tienda Centro,Pan molde,Panadería,1,1800,1800
1439,2026-08-06,Tienda Centro,Queso,Lácteos,1,4500,4500
1440,2026-06-29,Tienda Mall,Esponjas,Limpieza,1,1200,1200
1440,2026-06-29,Tienda Mall,Yogurt,Lácteos,1,800,800
1441,2026-07-30,Tienda Norte,Leche,Lácteos,1,1200,1200
1441,2026-07-30,Tienda Norte,Mantequilla,Lácteos,1,2500,2500
1441,2026-07-30,Tienda Norte,Maní,Snacks,1,1200,1200
1441,2026-07-30,Tienda Norte,Yogurt,Lácteos,1,800,800
1442,2026-07-19,Tienda Sur,Bebida cola,Bebidas,2,1500,3000
1442,2026-07-19,Tienda Sur,Cloro,Limpieza,1,1400,1400
1442,2026-07-19,Tienda Sur,Leche,Lácteos,1,1200,1200
1443,2026-07-07,Tienda Mall,Pan molde,Panadería,1,1800,1800
1443,2026-07-07,Tienda Mall,Yogurt,Lácteos,1,800,800
1444,2026-08-01,Tienda Norte,Café,Café/Té,2,4000,8000
1444,2026-08-01,Tienda Norte,Pan molde,Panadería,1,1800,1800
1445,2026-06-06,Tienda Sur,Cloro,Limpieza,1,1400,1400
1445,2026-06-06,Tienda Sur,Leche,Lácteos,1,1200,1200
1445,2026-06-06,Tienda Sur,Mantequilla,Lácteos,1,2500,2500
1446,2026-05-30,Tienda Sur,Café,Café/Té,1,4000,4000
1446,2026-05-30,Tienda Sur,Mantequilla,Lácteos,1,2500,2500
1446,2026-05-30,Tienda Sur,Pan molde,Panadería,1,1800,1800
1446,2026-05-30,Tienda Sur,Toallitas húmedas,Bebé,2,2200,4400
1447,2026-07-21,Tienda Sur,Bebida cola,Bebidas,2,1500,3000
1447,2026-07-21,Tienda Sur,Cloro,Limpieza,1,1400,1400
1447,2026-07-21,Tienda Sur,Detergente,Limpieza,1,5500,5500
1447,2026-07-21,Tienda Sur,Esponjas,Limpieza,1,1200,1200
1447,2026-07-21,Tienda Sur,Mantequilla,Lácteos,1,2500,2500
1447,2026-07-21,Tienda Sur,Pan hallulla,Panadería,3,1500,4500
1447,2026-07-21,Tienda Sur,Queso,Lácteos,1,4500,4500
1448,2026-08-01,Tienda Centro,Azúcar,Café/Té,1,1300,1300
1448,2026-08-01,Tienda Centro,Café,Café/Té,1,4000,4000
1448,2026-08-01,Tienda Centro,Galletas,Snacks,1,1000,1000
1448,2026-08-01,Tienda Centro,Queso,Lácteos,2,4500,9000
1449,2026-07-13,Tienda Mall,Agua mineral,Bebidas,1,900,900
1449,2026-07-13,Tienda Mall,Mantequilla,Lácteos,1,2500,2500
1449,2026-07-13,Tienda Mall,Vino tinto,Alcohol,2,5000,10000
1450,2026-08-13,Tienda Centro,Cerveza,Alcohol,1,3500,3500
1450,2026-08-13,Tienda Centro,Leche,Lácteos,1,1200,1200
1450,2026-08-13,Tienda Centro,Maní,Snacks,1,1200,1200
1450,2026-08-13,Tienda Centro,Papas fritas,Snacks,1,1800,1800
1450,2026-08-13,Tienda Centro,Té,Café/Té,1,2500,2500
1451,2026-05-31,Tienda Centro,Pan molde,Panadería,2,1800,3600
1451,2026-05-31,Tienda Centro,Queso,Lácteos,1,4500,4500
1452,2026-08-02,Tienda Mall,Cerveza,Alcohol,1,3500,3500
1452,2026-08-02,Tienda Mall,Cloro,Limpieza,2,1400,2800
1452,2026-08-02,Tienda Mall,Leche,Lácteos,3,1200,3600
1452,2026-08-02,Tienda Mall,Maní,Snacks,1,1200,1200
1453,2026-05-31,Tienda Centro,Bebida cola,Bebidas,2,1500,3000
1453,2026-05-31,Tienda Centro,Cloro,Limpieza,1,1400,1400
1453,2026-05-31,Tienda Centro,Papas fritas,Snacks,1,1800,1800
1454,2026-06-13,Tienda Mall,Café,Café/Té,2,4000,8000
1454,2026-06-13,Tienda Mall,Esponjas,Limpieza,1,1200,1200
1454,2026-06-13,Tienda Mall,Toallitas húmedas,Bebé,2,2200,4400
1455,2026-07-15,Tienda Norte,Croissant,Panadería,3,900,2700
1455,2026-07-15,Tienda Norte,Yogurt,Lácteos,1,800,800
1456,2026-07-28,Tienda Norte,Croissant,Panadería,1,900,900
1456,2026-07-28,Tienda Norte,Esponjas,Limpieza,1,1200,1200
1456,2026-07-28,Tienda Norte,Queso,Lácteos,3,4500,13500
1457,2026-06-09,Tienda Mall,Jugo naranja,Bebidas,1,1600,1600
1457,2026-06-09,Tienda Mall,Pañales,Bebé,1,8000,8000
1457,2026-06-09,Tienda Mall,Toallitas húmedas,Bebé,1,2200,2200
1458,2026-06-19,Tienda Centro,Agua mineral,Bebidas,2,900,1800
1458,2026-06-19,Tienda Centro,Cloro,Limpieza,1,1400,1400
1458,2026-06-19,Tienda Centro,Jugo naranja,Bebidas,1,1600,1600
1459,2026-07-03,Tienda Centro,Cloro,Limpieza,2,1400,2800
1459,2026-07-03,Tienda Centro,Croissant,Panadería,2,900,1800
1459,2026-07-03,Tienda Centro,Maní,Snacks,1,1200,1200
1460,2026-08-14,Tienda Centro,Esponjas,Limpieza,1,1200,1200
1460,2026-08-14,Tienda Centro,Vino tinto,Alcohol,1,5000,5000
1461,2026-06-22,Tienda Sur,Azúcar,Café/Té,3,1300,3900
1461,2026-06-22,Tienda Sur,Café,Café/Té,1,4000,4000
1461,2026-06-22,Tienda Sur,Queso,Lácteos,1,4500,4500
1461,2026-06-22,Tienda Sur,Vino tinto,Alcohol,1,5000,5000
1462,2026-07-04,Tienda Mall,Cerveza,Alcohol,3,3500,10500
1462,2026-07-04,Tienda Mall,Galletas,Snacks,1,1000,1000
1463,2026-07-18,Tienda Mall,Papas fritas,Snacks,1,1800,1800
1464,2026-05-23,Tienda Norte,Cloro,Limpieza,2,1400,2800
1464,2026-05-23,Tienda Norte,Detergente,Limpieza,1,5500,5500
1464,2026-05-23,Tienda Norte,Esponjas,Limpieza,1,1200,1200
1464,2026-05-23,Tienda Norte,Mantequilla,Lácteos,1,2500,2500
1464,2026-05-23,Tienda Norte,Papas fritas,Snacks,1,1800,1800
1465,2026-06-01,Tienda Centro,Agua mineral,Bebidas,1,900,900
1465,2026-06-01,Tienda Centro,Mantequilla,Lácteos,1,2500,2500
1466,2026-07-09,Tienda Norte,Agua mineral,Bebidas,1,900,900
1466,2026-07-09,Tienda Norte,Azúcar,Café/Té,1,1300,1300
1467,2026-07-22,Tienda Mall,Café,Café/Té,3,4000,12000
1467,2026-07-22,Tienda Mall,Galletas,Snacks,1,1000,1000
1467,2026-07-22,Tienda Mall,Yogurt,Lácteos,1,800,800
1468,2026-07-20,Tienda Sur,Té,Café/Té,2,2500,5000
1469,2026-07-12,Tienda Mall,Jugo naranja,Bebidas,1,1600,1600
1470,2026-07-02,Tienda Sur,Leche,Lácteos,1,1200,1200
1470,2026-07-02,Tienda Sur,Maní,Snacks,1,1200,1200
1470,2026-07-02,Tienda Sur,Toallitas húmedas,Bebé,1,2200,2200
1471,2026-07-06,Tienda Norte,Azúcar,Café/Té,1,1300,1300
1471,2026-07-06,Tienda Norte,Café,Café/Té,3,4000,12000
1471,2026-07-06,Tienda Norte,Croissant,Panadería,1,900,900
1472,2026-06-29,Tienda Mall,Azúcar,Café/Té,2,1300,2600
1472,2026-06-29,Tienda Mall,Cerveza,Alcohol,1,3500,3500
1472,2026-06-29,Tienda Mall,Pañales,Bebé,2,8000,16000
1473,2026-08-03,Tienda Norte,Azúcar,Café/Té,1,1300,1300
1473,2026-08-03,Tienda Norte,Bebida cola,Bebidas,1,1500,1500
1473,2026-08-03,Tienda Norte,Café,Café/Té,1,4000,4000
1473,2026-08-03,Tienda Norte,Cerveza,Alcohol,1,3500,3500
1473,2026-08-03,Tienda Norte,Galletas,Snacks,2,1000,2000
1473,2026-08-03,Tienda Norte,Pañales,Bebé,3,8000,24000
1473,2026-08-03,Tienda Norte,Toallitas húmedas,Bebé,1,2200,2200
1474,2026-07-16,Tienda Mall,Agua mineral,Bebidas,1,900,900
1474,2026-07-16,Tienda Mall,Esponjas,Limpieza,2,1200,2400
1474,2026-07-16,Tienda Mall,Mantequilla,Lácteos,1,2500,2500
1475,2026-06-17,Tienda Centro,Azúcar,Café/Té,3,1300,3900
1475,2026-06-17,Tienda Centro,Café,Café/Té,1,4000,4000
1475,2026-06-17,Tienda Centro,Toallitas húmedas,Bebé,1,2200,2200
1476,2026-07-27,Tienda Norte,Detergente,Limpieza,1,5500,5500
1476,2026-07-27,Tienda Norte,Esponjas,Limpieza,2,1200,2400
1476,2026-07-27,Tienda Norte,Queso,Lácteos,1,4500,4500
1476,2026-07-27,Tienda Norte,Toallitas húmedas,Bebé,1,2200,2200
1477,2026-06-20,Tienda Mall,Jugo naranja,Bebidas,1,1600,1600
1477,2026-06-20,Tienda Mall,Mantequilla,Lácteos,1,2500,2500
1477,2026-06-20,Tienda Mall,Pan molde,Panadería,2,1800,3600
1477,2026-06-20,Tienda Mall,Queso,Lácteos,1,4500,4500
1478,2026-07-18,Tienda Norte,Azúcar,Café/Té,1,1300,1300
1478,2026-07-18,Tienda Norte,Papas fritas,Snacks,1,1800,1800
1479,2026-06-29,Tienda Centro,Agua mineral,Bebidas,1,900,900
1479,2026-06-29,Tienda Centro,Esponjas,Limpieza,1,1200,1200
1479,2026-06-29,Tienda Centro,Galletas,Snacks,1,1000,1000
1479,2026-06-29,Tienda Centro,Queso,Lácteos,1,4500,4500
1480,2026-05-22,Tienda Centro,Cerveza,Alcohol,1,3500,3500
1480,2026-05-22,Tienda Centro,Maní,Snacks,2,1200,2400
1480,2026-05-22,Tienda Centro,Papas fritas,Snacks,1,1800,1800
1481,2026-08-08,Tienda Mall,Cerveza,Alcohol,1,3500,3500
1481,2026-08-08,Tienda Mall,Papas fritas,Snacks,1,1800,1800
1481,2026-08-08,Tienda Mall,Yogurt,Lácteos,2,800,1600
1482,2026-05-25,Tienda Centro,Azúcar,Café/Té,1,1300,1300
1482,2026-05-25,Tienda Centro,Café,Café/Té,1,4000,4000
1482,2026-05-25,Tienda Centro,Esponjas,Limpieza,3,1200,3600
1482,2026-05-25,Tienda Centro,Galletas,Snacks,1,1000,1000
1482,2026-05-25,Tienda Centro,Mantequilla,Lácteos,2,2500,5000
1483,2026-07-04,Tienda Sur,Cerveza,Alcohol,1,3500,3500
1484,2026-07-26,Tienda Mall,Esponjas,Limpieza,1,1200,1200
1484,2026-07-26,Tienda Mall,Mantequilla,Lácteos,1,2500,2500
1484,2026-07-26,Tienda Mall,Papas fritas,Snacks,1,1800,1800
1485,2026-06-09,Tienda Centro,Agua mineral,Bebidas,2,900,1800
1485,2026-06-09,Tienda Centro,Bebida cola,Bebidas,1,1500,1500
1485,2026-06-09,Tienda Centro,Pan hallulla,Panadería,1,1500,1500
1485,2026-06-09,Tienda Centro,Papas fritas,Snacks,1,1800,1800
1486,2026-06-18,Tienda Norte,Azúcar,Café/Té,2,1300,2600
1486,2026-06-18,Tienda Norte,Cerveza,Alcohol,1,3500,3500
1486,2026-06-18,Tienda Norte,Mantequilla,Lácteos,1,2500,2500
1486,2026-06-18,Tienda Norte,Papas fritas,Snacks,1,1800,1800
1486,2026-06-18,Tienda Norte,Té,Café/Té,1,2500,2500
1487,2026-05-25,Tienda Norte,Bebida cola,Bebidas,1,1500,1500
1487,2026-05-25,Tienda Norte,Queso,Lácteos,2,4500,9000
1488,2026-08-02,Tienda Sur,Papas fritas,Snacks,1,1800,1800
1488,2026-08-02,Tienda Sur,Yogurt,Lácteos,1,800,800
1489,2026-08-08,Tienda Sur,Queso,Lácteos,2,4500,9000
1489,2026-08-08,Tienda Sur,Té,Café/Té,1,2500,2500
1489,2026-08-08,Tienda Sur,Vino tinto,Alcohol,1,5000,5000
1490,2026-06-22,Tienda Mall,Jugo naranja,Bebidas,1,1600,1600
1491,2026-07-16,Tienda Mall,Leche,Lácteos,3,1200,3600
1491,2026-07-16,Tienda Mall,Mantequilla,Lácteos,1,2500,2500
1491,2026-07-16,Tienda Mall,Pan hallulla,Panadería,2,1500,3000
1491,2026-07-16,Tienda Mall,Queso,Lácteos,2,4500,9000
1492,2026-06-27,Tienda Norte,Galletas,Snacks,1,1000,1000
1492,2026-06-27,Tienda Norte,Jugo naranja,Bebidas,1,1600,1600
1492,2026-06-27,Tienda Norte,Queso,Lácteos,2,4500,9000
1492,2026-06-27,Tienda Norte,Vino tinto,Alcohol,1,5000,5000
1493,2026-07-24,Tienda Centro,Queso,Lácteos,2,4500,9000
1493,2026-07-24,Tienda Centro,Yogurt,Lácteos,1,800,800
1494,2026-07-08,Tienda Sur,Papas fritas,Snacks,2,1800,3600
1494,2026-07-08,Tienda Sur,Toallitas húmedas,Bebé,3,2200,6600
1495,2026-07-20,Tienda Sur,Bebida cola,Bebidas,2,1500,3000
1495,2026-07-20,Tienda Sur,Cloro,Limpieza,2,1400,2800
1495,2026-07-20,Tienda Sur,Croissant,Panadería,1,900,900
1496,2026-05-21,Tienda Sur,Cerveza,Alcohol,1,3500,3500
1496,2026-05-21,Tienda Sur,Galletas,Snacks,1,1000,1000
1496,2026-05-21,Tienda Sur,Jugo naranja,Bebidas,3,1600,4800
1496,2026-05-21,Tienda Sur,Papas fritas,Snacks,2,1800,3600
1496,2026-05-21,Tienda Sur,Pañales,Bebé,1,8000,8000
1497,2026-06-24,Tienda Mall,Jugo naranja,Bebidas,3,1600,4800
1497,2026-06-24,Tienda Mall,Leche,Lácteos,2,1200,2400
1497,2026-06-24,Tienda Mall,Mantequilla,Lácteos,2,2500,5000
1497,2026-06-24,Tienda Mall,Pan hallulla,Panadería,1,1500,1500
1497,2026-06-24,Tienda Mall,Queso,Lácteos,2,4500,9000
1498,2026-08-15,Tienda Centro,Azúcar,Café/Té,1,1300,1300
1498,2026-08-15,Tienda Centro,Café,Café/Té,1,4000,4000
1498,2026-08-15,Tienda Centro,Mantequilla,Lácteos,1,2500,2500
1498,2026-08-15,Tienda Centro,Pan molde,Panadería,1,1800,1800
1498,2026-08-15,Tienda Centro,Yogurt,Lácteos,1,800,800
1499,2026-08-16,Tienda Norte,Cloro,Limpieza,1,1400,1400
1499,2026-08-16,Tienda Norte,Papas fritas,Snacks,1,1800,1800
1500,2026-07-14,Tienda Mall,Pan molde,Panadería,2,1800,3600
1500,2026-07-14,Tienda Mall,Pañales,Bebé,2,8000,16000
1501,2026-06-14,Tienda Sur,Agua mineral,Bebidas,3,900,2700
1502,2026-06-13,Tienda Norte,Detergente,Limpieza,2,5500,11000
1502,2026-06-13,Tienda Norte,Mantequilla,Lácteos,1,2500,2500
1502,2026-06-13,Tienda Norte,Pan hallulla,Panadería,1,1500,1500
1502,2026-06-13,Tienda Norte,Pan molde,Panadería,1,1800,1800
1502,2026-06-13,Tienda Norte,Queso,Lácteos,1,4500,4500
1503,2026-07-19,Tienda Norte,Azúcar,Café/Té,1,1300,1300
1503,2026-07-19,Tienda Norte,Vino tinto,Alcohol,1,5000,5000
1504,2026-07-11,Tienda Norte,Galletas,Snacks,2,1000,2000
1504,2026-07-11,Tienda Norte,Vino tinto,Alcohol,1,5000,5000
1505,2026-08-14,Tienda Mall,Croissant,Panadería,2,900,1800
1505,2026-08-14,Tienda Mall,Maní,Snacks,1,1200,1200
1505,2026-08-14,Tienda Mall,Vino tinto,Alcohol,1,5000,5000
1506,2026-07-18,Tienda Mall,Cloro,Limpieza,3,1400,4200
1506,2026-07-18,Tienda Mall,Mantequilla,Lácteos,1,2500,2500
1506,2026-07-18,Tienda Mall,Pan hallulla,Panadería,1,1500,1500
1506,2026-07-18,Tienda Mall,Yogurt,Lácteos,1,800,800
1507,2026-06-09,Tienda Norte,Croissant,Panadería,2,900,1800
1507,2026-06-09,Tienda Norte,Esponjas,Limpieza,2,1200,2400
1507,2026-06-09,Tienda Norte,Papas fritas,Snacks,3,1800,5400
1507,2026-06-09,Tienda Norte,Queso,Lácteos,1,4500,4500
1508,2026-07-25,Tienda Centro,Agua mineral,Bebidas,1,900,900
1508,2026-07-25,Tienda Centro,Azúcar,Café/Té,1,1300,1300
1509,2026-06-18,Tienda Sur,Cerveza,Alcohol,1,3500,3500
1509,2026-06-18,Tienda Sur,Papas fritas,Snacks,1,1800,1800
1509,2026-06-18,Tienda Sur,Vino tinto,Alcohol,2,5000,10000
1510,2026-08-16,Tienda Centro,Cloro,Limpieza,2,1400,2800
1510,2026-08-16,Tienda Centro,Detergente,Limpieza,2,5500,11000
1510,2026-08-16,Tienda Centro,Galletas,Snacks,2,1000,2000
1511,2026-07-23,Tienda Centro,Croissant,Panadería,3,900,2700
1511,2026-07-23,Tienda Centro,Esponjas,Limpieza,1,1200,1200
1512,2026-07-10,Tienda Sur,Azúcar,Café/Té,1,1300,1300
1512,2026-07-10,Tienda Sur,Detergente,Limpieza,1,5500,5500
1512,2026-07-10,Tienda Sur,Esponjas,Limpieza,1,1200,1200
1512,2026-07-10,Tienda Sur,Leche,Lácteos,2,1200,2400
1513,2026-08-15,Tienda Centro,Galletas,Snacks,3,1000,3000
1514,2026-07-13,Tienda Sur,Esponjas,Limpieza,1,1200,1200
1514,2026-07-13,Tienda Sur,Mantequilla,Lácteos,1,2500,2500
1514,2026-07-13,Tienda Sur,Pan molde,Panadería,1,1800,1800
1514,2026-07-13,Tienda Sur,Toallitas húmedas,Bebé,1,2200,2200
1515,2026-08-06,Tienda Centro,Café,Café/Té,1,4000,4000
1515,2026-08-06,Tienda Centro,Cerveza,Alcohol,1,3500,3500
1515,2026-08-06,Tienda Centro,Mantequilla,Lácteos,2,2500,5000
1515,2026-08-06,Tienda Centro,Pan hallulla,Panadería,3,1500,4500
1515,2026-08-06,Tienda Centro,Papas fritas,Snacks,1,1800,1800
1515,2026-08-06,Tienda Centro,Queso,Lácteos,3,4500,13500
1516,2026-07-07,Tienda Centro,Agua mineral,Bebidas,2,900,1800
1516,2026-07-07,Tienda Centro,Azúcar,Café/Té,1,1300,1300
1516,2026-07-07,Tienda Centro,Café,Café/Té,1,4000,4000
1516,2026-07-07,Tienda Centro,Croissant,Panadería,1,900,900
1516,2026-07-07,Tienda Centro,Galletas,Snacks,1,1000,1000
1517,2026-08-05,Tienda Mall,Jugo naranja,Bebidas,1,1600,1600
1518,2026-07-16,Tienda Norte,Cloro,Limpieza,2,1400,2800
1518,2026-07-16,Tienda Norte,Leche,Lácteos,3,1200,3600
1518,2026-07-16,Tienda Norte,Mantequilla,Lácteos,1,2500,2500
1518,2026-07-16,Tienda Norte,Pan molde,Panadería,1,1800,1800
1519,2026-07-18,Tienda Sur,Azúcar,Café/Té,1,1300,1300
1519,2026-07-18,Tienda Sur,Detergente,Limpieza,1,5500,5500
1519,2026-07-18,Tienda Sur,Esponjas,Limpieza,1,1200,1200
1519,2026-07-18,Tienda Sur,Papas fritas,Snacks,1,1800,1800
1520,2026-06-09,Tienda Centro,Cerveza,Alcohol,2,3500,7000
1520,2026-06-09,Tienda Centro,Maní,Snacks,1,1200,1200
1520,2026-06-09,Tienda Centro,Papas fritas,Snacks,1,1800,1800
1521,2026-05-20,Tienda Mall,Cloro,Limpieza,1,1400,1400
1521,2026-05-20,Tienda Mall,Detergente,Limpieza,1,5500,5500
1521,2026-05-20,Tienda Mall,Esponjas,Limpieza,2,1200,2400
1521,2026-05-20,Tienda Mall,Papas fritas,Snacks,1,1800,1800
1521,2026-05-20,Tienda Mall,Yogurt,Lácteos,1,800,800
1522,2026-08-17,Tienda Centro,Mantequilla,Lácteos,1,2500,2500
1523,2026-08-05,Tienda Centro,Esponjas,Limpieza,2,1200,2400
1523,2026-08-05,Tienda Centro,Queso,Lácteos,2,4500,9000
1523,2026-08-05,Tienda Centro,Vino tinto,Alcohol,1,5000,5000
1524,2026-07-28,Tienda Centro,Agua mineral,Bebidas,1,900,900
1524,2026-07-28,Tienda Centro,Mantequilla,Lácteos,1,2500,2500
1524,2026-07-28,Tienda Centro,Pan hallulla,Panadería,2,1500,3000
1525,2026-08-13,Tienda Sur,Bebida cola,Bebidas,1,1500,1500
1525,2026-08-13,Tienda Sur,Té,Café/Té,1,2500,2500
1526,2026-08-01,Tienda Norte,Azúcar,Café/Té,1,1300,1300
1526,2026-08-01,Tienda Norte,Cloro,Limpieza,1,1400,1400
1526,2026-08-01,Tienda Norte,Galletas,Snacks,1,1000,1000
1527,2026-08-12,Tienda Norte,Azúcar,Café/Té,1,1300,1300
1527,2026-08-12,Tienda Norte,Leche,Lácteos,1,1200,1200
1528,2026-06-27,Tienda Norte,Pan molde,Panadería,1,1800,1800
1528,2026-06-27,Tienda Norte,Papas fritas,Snacks,1,1800,1800
1528,2026-06-27,Tienda Norte,Queso,Lácteos,1,4500,4500
1528,2026-06-27,Tienda Norte,Vino tinto,Alcohol,2,5000,10000
1529,2026-06-06,Tienda Sur,Azúcar,Café/Té,1,1300,1300
1529,2026-06-06,Tienda Sur,Café,Café/Té,2,4000,8000
1529,2026-06-06,Tienda Sur,Cloro,Limpieza,1,1400,1400
1529,2026-06-06,Tienda Sur,Leche,Lácteos,1,1200,1200
1529,2026-06-06,Tienda Sur,Queso,Lácteos,2,4500,9000
1530,2026-06-07,Tienda Centro,Croissant,Panadería,1,900,900
1530,2026-06-07,Tienda Centro,Pañales,Bebé,1,8000,8000
1530,2026-06-07,Tienda Centro,Toallitas húmedas,Bebé,3,2200,6600
1531,2026-06-22,Tienda Mall,Maní,Snacks,1,1200,1200
1532,2026-06-30,Tienda Mall,Cloro,Limpieza,2,1400,2800
1533,2026-07-06,Tienda Mall,Bebida cola,Bebidas,3,1500,4500
1533,2026-07-06,Tienda Mall,Mantequilla,Lácteos,1,2500,2500
1534,2026-07-11,Tienda Norte,Azúcar,Café/Té,1,1300,1300
1534,2026-07-11,Tienda Norte,Jugo naranja,Bebidas,1,1600,1600
1534,2026-07-11,Tienda Norte,Té,Café/Té,1,2500,2500
1535,2026-07-30,Tienda Centro,Cloro,Limpieza,2,1400,2800
1535,2026-07-30,Tienda Centro,Detergente,Limpieza,1,5500,5500
1535,2026-07-30,Tienda Centro,Mantequilla,Lácteos,1,2500,2500
1535,2026-07-30,Tienda Centro,Pan hallulla,Panadería,1,1500,1500
1536,2026-06-28,Tienda Mall,Esponjas,Limpieza,1,1200,1200
1536,2026-06-28,Tienda Mall,Papas fritas,Snacks,1,1800,1800
1537,2026-08-15,Tienda Norte,Croissant,Panadería,1,900,900
1537,2026-08-15,Tienda Norte,Esponjas,Limpieza,1,1200,1200
1538,2026-07-25,Tienda Centro,Agua mineral,Bebidas,1,900,900
1538,2026-07-25,Tienda Centro,Jugo naranja,Bebidas,1,1600,1600
1539,2026-06-30,Tienda Norte,Jugo naranja,Bebidas,1,1600,1600
1539,2026-06-30,Tienda Norte,Queso,Lácteos,1,4500,4500
1539,2026-06-30,Tienda Norte,Vino tinto,Alcohol,1,5000,5000
1540,2026-08-04,Tienda Mall,Mantequilla,Lácteos,2,2500,5000
1540,2026-08-04,Tienda Mall,Queso,Lácteos,1,4500,4500
1540,2026-08-04,Tienda Mall,Toallitas húmedas,Bebé,1,2200,2200
1541,2026-08-15,Tienda Sur,Azúcar,Café/Té,1,1300,1300
1541,2026-08-15,Tienda Sur,Cerveza,Alcohol,2,3500,7000
1541,2026-08-15,Tienda Sur,Queso,Lácteos,2,4500,9000
1542,2026-08-09,Tienda Norte,Cerveza,Alcohol,1,3500,3500
1542,2026-08-09,Tienda Norte,Cloro,Limpieza,1,1400,1400
1542,2026-08-09,Tienda Norte,Detergente,Limpieza,1,5500,5500
1542,2026-08-09,Tienda Norte,Maní,Snacks,1,1200,1200
1542,2026-08-09,Tienda Norte,Papas fritas,Snacks,1,1800,1800
1543,2026-08-05,Tienda Centro,Azúcar,Café/Té,3,1300,3900
1543,2026-08-05,Tienda Centro,Papas fritas,Snacks,1,1800,1800
1544,2026-06-13,Tienda Sur,Agua mineral,Bebidas,1,900,900
1544,2026-06-13,Tienda Sur,Azúcar,Café/Té,3,1300,3900
1544,2026-06-13,Tienda Sur,Galletas,Snacks,1,1000,1000
1544,2026-06-13,Tienda Sur,Pañales,Bebé,1,8000,8000
1544,2026-06-13,Tienda Sur,Toallitas húmedas,Bebé,1,2200,2200
1545,2026-07-14,Tienda Mall,Mantequilla,Lácteos,1,2500,2500
1545,2026-07-14,Tienda Mall,Yogurt,Lácteos,2,800,1600
1546,2026-05-26,Tienda Centro,Agua mineral,Bebidas,1,900,900
1546,2026-05-26,Tienda Centro,Azúcar,Café/Té,1,1300,1300
1546,2026-05-26,Tienda Centro,Leche,Lácteos,1,1200,1200
1547,2026-08-15,Tienda Mall,Cerveza,Alcohol,3,3500,10500
1547,2026-08-15,Tienda Mall,Cloro,Limpieza,2,1400,2800
1547,2026-08-15,Tienda Mall,Pañales,Bebé,1,8000,8000
1547,2026-08-15,Tienda Mall,Toallitas húmedas,Bebé,1,2200,2200
1548,2026-06-17,Tienda Sur,Bebida cola,Bebidas,2,1500,3000
1548,2026-06-17,Tienda Sur,Mantequilla,Lácteos,1,2500,2500
1548,2026-06-17,Tienda Sur,Pan molde,Panadería,1,1800,1800
1548,2026-06-17,Tienda Sur,Papas fritas,Snacks,3,1800,5400
1548,2026-06-17,Tienda Sur,Vino tinto,Alcohol,1,5000,5000
1549,2026-08-06,Tienda Sur,Bebida cola,Bebidas,1,1500,1500
1549,2026-08-06,Tienda Sur,Leche,Lácteos,1,1200,1200
1549,2026-08-06,Tienda Sur,Maní,Snacks,1,1200,1200
1549,2026-08-06,Tienda Sur,Papas fritas,Snacks,1,1800,1800
1550,2026-06-02,Tienda Centro,Jugo naranja,Bebidas,1,1600,1600
1550,2026-06-02,Tienda Centro,Maní,Snacks,1,1200,1200
1551,2026-07-08,Tienda Mall,Croissant,Panadería,1,900,900
1551,2026-07-08,Tienda Mall,Leche,Lácteos,1,1200,1200
1552,2026-06-08,Tienda Mall,Azúcar,Café/Té,1,1300,1300
1552,2026-06-08,Tienda Mall,Pan molde,Panadería,1,1800,1800
1552,2026-06-08,Tienda Mall,Papas fritas,Snacks,2,1800,3600
1552,2026-06-08,Tienda Mall,Queso,Lácteos,1,4500,4500
1553,2026-05-22,Tienda Mall,Galletas,Snacks,1,1000,1000
1553,2026-05-22,Tienda Mall,Papas fritas,Snacks,1,1800,1800
1554,2026-05-29,Tienda Mall,Papas fritas,Snacks,1,1800,1800
1555,2026-06-29,Tienda Sur,Bebida cola,Bebidas,1,1500,1500
1555,2026-06-29,Tienda Sur,Esponjas,Limpieza,1,1200,1200
1555,2026-06-29,Tienda Sur,Papas fritas,Snacks,1,1800,1800
1556,2026-05-23,Tienda Norte,Croissant,Panadería,2,900,1800
1556,2026-05-23,Tienda Norte,Esponjas,Limpieza,1,1200,1200
1556,2026-05-23,Tienda Norte,Galletas,Snacks,1,1000,1000
1557,2026-07-07,Tienda Centro,Galletas,Snacks,1,1000,1000
1557,2026-07-07,Tienda Centro,Maní,Snacks,1,1200,1200
1558,2026-06-18,Tienda Sur,Agua mineral,Bebidas,1,900,900
1558,2026-06-18,Tienda Sur,Azúcar,Café/Té,1,1300,1300
1558,2026-06-18,Tienda Sur,Café,Café/Té,1,4000,4000
1558,2026-06-18,Tienda Sur,Galletas,Snacks,1,1000,1000
1559,2026-05-24,Tienda Mall,Bebida cola,Bebidas,1,1500,1500
1559,2026-05-24,Tienda Mall,Croissant,Panadería,1,900,900
1560,2026-07-29,Tienda Centro,Agua mineral,Bebidas,1,900,900
1560,2026-07-29,Tienda Centro,Azúcar,Café/Té,2,1300,2600
1560,2026-07-29,Tienda Centro,Té,Café/Té,1,2500,2500
1561,2026-06-12,Tienda Norte,Azúcar,Café/Té,2,1300,2600
1561,2026-06-12,Tienda Norte,Té,Café/Té,1,2500,2500
1561,2026-06-12,Tienda Norte,Yogurt,Lácteos,1,800,800
1562,2026-06-11,Tienda Sur,Maní,Snacks,1,1200,1200
1562,2026-06-11,Tienda Sur,Yogurt,Lácteos,2,800,1600
1563,2026-06-14,Tienda Centro,Leche,Lácteos,1,1200,1200
1564,2026-06-11,Tienda Centro,Azúcar,Café/Té,3,1300,3900
1564,2026-06-11,Tienda Centro,Queso,Lácteos,1,4500,4500
1564,2026-06-11,Tienda Centro,Vino tinto,Alcohol,1,5000,5000
1564,2026-06-11,Tienda Centro,Yogurt,Lácteos,2,800,1600
1565,2026-06-23,Tienda Centro,Mantequilla,Lácteos,1,2500,2500
1565,2026-06-23,Tienda Centro,Pan hallulla,Panadería,1,1500,1500
1565,2026-06-23,Tienda Centro,Papas fritas,Snacks,2,1800,3600
1565,2026-06-23,Tienda Centro,Queso,Lácteos,2,4500,9000
1566,2026-08-01,Tienda Sur,Galletas,Snacks,2,1000,2000
1566,2026-08-01,Tienda Sur,Yogurt,Lácteos,2,800,1600
1567,2026-06-09,Tienda Centro,Papas fritas,Snacks,1,1800,1800
1568,2026-06-25,Tienda Mall,Café,Café/Té,2,4000,8000
1568,2026-06-25,Tienda Mall,Cloro,Limpieza,2,1400,2800
1569,2026-07-18,Tienda Sur,Esponjas,Limpieza,1,1200,1200
1569,2026-07-18,Tienda Sur,Papas fritas,Snacks,1,1800,1800
1569,2026-07-18,Tienda Sur,Pañales,Bebé,1,8000,8000
1570,2026-05-24,Tienda Norte,Vino tinto,Alcohol,1,5000,5000
1571,2026-07-11,Tienda Mall,Mantequilla,Lácteos,1,2500,2500
1571,2026-07-11,Tienda Mall,Pan molde,Panadería,1,1800,1800
1571,2026-07-11,Tienda Mall,Queso,Lácteos,1,4500,4500
1571,2026-07-11,Tienda Mall,Vino tinto,Alcohol,2,5000,10000
1572,2026-06-06,Tienda Sur,Mantequilla,Lácteos,1,2500,2500
1572,2026-06-06,Tienda Sur,Pan molde,Panadería,1,1800,1800
1573,2026-07-18,Tienda Sur,Galletas,Snacks,3,1000,3000
1573,2026-07-18,Tienda Sur,Mantequilla,Lácteos,1,2500,2500
1573,2026-07-18,Tienda Sur,Maní,Snacks,1,1200,1200
1574,2026-08-09,Tienda Centro,Mantequilla,Lácteos,1,2500,2500
1574,2026-08-09,Tienda Centro,Pan hallulla,Panadería,1,1500,1500
1574,2026-08-09,Tienda Centro,Vino tinto,Alcohol,1,5000,5000
1575,2026-07-24,Tienda Mall,Azúcar,Café/Té,1,1300,1300
1575,2026-07-24,Tienda Mall,Café,Café/Té,1,4000,4000
1576,2026-05-21,Tienda Centro,Esponjas,Limpieza,1,1200,1200
1577,2026-05-27,Tienda Centro,Azúcar,Café/Té,1,1300,1300
1577,2026-05-27,Tienda Centro,Cloro,Limpieza,1,1400,1400
1577,2026-05-27,Tienda Centro,Detergente,Limpieza,1,5500,5500
1577,2026-05-27,Tienda Centro,Té,Café/Té,1,2500,2500
1578,2026-07-25,Tienda Centro,Azúcar,Café/Té,1,1300,1300
1578,2026-07-25,Tienda Centro,Café,Café/Té,1,4000,4000
1578,2026-07-25,Tienda Centro,Maní,Snacks,3,1200,3600
1578,2026-07-25,Tienda Centro,Té,Café/Té,3,2500,7500
1579,2026-07-07,Tienda Sur,Agua mineral,Bebidas,1,900,900
1579,2026-07-07,Tienda Sur,Cloro,Limpieza,1,1400,1400
1579,2026-07-07,Tienda Sur,Detergente,Limpieza,1,5500,5500
1579,2026-07-07,Tienda Sur,Galletas,Snacks,1,1000,1000
1580,2026-05-25,Tienda Sur,Mantequilla,Lácteos,1,2500,2500
1581,2026-07-31,Tienda Norte,Mantequilla,Lácteos,1,2500,2500
1581,2026-07-31,Tienda Norte,Maní,Snacks,1,1200,1200
1582,2026-06-15,Tienda Centro,Agua mineral,Bebidas,1,900,900
1582,2026-06-15,Tienda Centro,Café,Café/Té,1,4000,4000
1582,2026-06-15,Tienda Centro,Galletas,Snacks,1,1000,1000
1582,2026-06-15,Tienda Centro,Pan hallulla,Panadería,2,1500,3000
1582,2026-06-15,Tienda Centro,Queso,Lácteos,1,4500,4500
1582,2026-06-15,Tienda Centro,Yogurt,Lácteos,2,800,1600
1583,2026-07-06,Tienda Mall,Agua mineral,Bebidas,2,900,1800
1583,2026-07-06,Tienda Mall,Azúcar,Café/Té,1,1300,1300
1583,2026-07-06,Tienda Mall,Cerveza,Alcohol,1,3500,3500
1583,2026-07-06,Tienda Mall,Papas fritas,Snacks,1,1800,1800
1583,2026-07-06,Tienda Mall,Pañales,Bebé,2,8000,16000
1583,2026-07-06,Tienda Mall,Toallitas húmedas,Bebé,1,2200,2200
1584,2026-05-22,Tienda Mall,Cerveza,Alcohol,1,3500,3500
1584,2026-05-22,Tienda Mall,Papas fritas,Snacks,1,1800,1800
1584,2026-05-22,Tienda Mall,Té,Café/Té,2,2500,5000
1585,2026-06-21,Tienda Centro,Azúcar,Café/Té,3,1300,3900
1585,2026-06-21,Tienda Centro,Bebida cola,Bebidas,1,1500,1500
1585,2026-06-21,Tienda Centro,Galletas,Snacks,1,1000,1000
1586,2026-07-11,Tienda Mall,Cerveza,Alcohol,1,3500,3500
1586,2026-07-11,Tienda Mall,Jugo naranja,Bebidas,3,1600,4800
1586,2026-07-11,Tienda Mall,Maní,Snacks,1,1200,1200
1586,2026-07-11,Tienda Mall,Papas fritas,Snacks,1,1800,1800
1587,2026-05-27,Tienda Mall,Mantequilla,Lácteos,1,2500,2500
1587,2026-05-27,Tienda Mall,Maní,Snacks,3,1200,3600
1588,2026-07-01,Tienda Sur,Bebida cola,Bebidas,3,1500,4500
1589,2026-07-09,Tienda Norte,Bebida cola,Bebidas,2,1500,3000
1589,2026-07-09,Tienda Norte,Jugo naranja,Bebidas,1,1600,1600
1589,2026-07-09,Tienda Norte,Papas fritas,Snacks,1,1800,1800
1590,2026-08-03,Tienda Mall,Croissant,Panadería,2,900,1800
1590,2026-08-03,Tienda Mall,Leche,Lácteos,3,1200,3600
1590,2026-08-03,Tienda Mall,Mantequilla,Lácteos,2,2500,5000
1590,2026-08-03,Tienda Mall,Pan molde,Panadería,1,1800,1800
1591,2026-06-08,Tienda Centro,Yogurt,Lácteos,1,800,800
1592,2026-06-26,Tienda Sur,Cloro,Limpieza,1,1400,1400
1592,2026-06-26,Tienda Sur,Esponjas,Limpieza,2,1200,2400
1592,2026-06-26,Tienda Sur,Vino tinto,Alcohol,1,5000,5000
1593,2026-05-24,Tienda Centro,Pan molde,Panadería,1,1800,1800
1593,2026-05-24,Tienda Centro,Queso,Lácteos,1,4500,4500
1593,2026-05-24,Tienda Centro,Toallitas húmedas,Bebé,1,2200,2200
1593,2026-05-24,Tienda Centro,Yogurt,Lácteos,2,800,1600
1594,2026-05-29,Tienda Sur,Galletas,Snacks,1,1000,1000
1595,2026-06-22,Tienda Norte,Azúcar,Café/Té,1,1300,1300
1595,2026-06-22,Tienda Norte,Esponjas,Limpieza,1,1200,1200
1595,2026-06-22,Tienda Norte,Leche,Lácteos,1,1200,1200
1595,2026-06-22,Tienda Norte,Té,Café/Té,1,2500,2500
1596,2026-06-09,Tienda Mall,Jugo naranja,Bebidas,1,1600,1600
1596,2026-06-09,Tienda Mall,Queso,Lácteos,2,4500,9000
1596,2026-06-09,Tienda Mall,Té,Café/Té,1,2500,2500
1596,2026-06-09,Tienda Mall,Vino tinto,Alcohol,3,5000,15000
1597,2026-06-28,Tienda Sur,Galletas,Snacks,2,1000,2000
1597,2026-06-28,Tienda Sur,Mantequilla,Lácteos,1,2500,2500
1598,2026-05-27,Tienda Centro,Galletas,Snacks,1,1000,1000
1599,2026-05-29,Tienda Sur,Cerveza,Alcohol,1,3500,3500
1599,2026-05-29,Tienda Sur,Esponjas,Limpieza,1,1200,1200
1599,2026-05-29,Tienda Sur,Papas fritas,Snacks,2,1800,3600
1599,2026-05-29,Tienda Sur,Pañales,Bebé,1,8000,8000
1599,2026-05-29,Tienda Sur,Toallitas húmedas,Bebé,2,2200,4400
1600,2026-07-19,Tienda Centro,Papas fritas,Snacks,1,1800,1800
1600,2026-07-19,Tienda Centro,Queso,Lácteos,1,4500,4500
1601,2026-06-21,Tienda Mall,Azúcar,Café/Té,2,1300,2600
1601,2026-06-21,Tienda Mall,Café,Café/Té,2,4000,8000
1602,2026-07-16,Tienda Norte,Cloro,Limpieza,1,1400,1400
1602,2026-07-16,Tienda Norte,Esponjas,Limpieza,2,1200,2400
1602,2026-07-16,Tienda Norte,Maní,Snacks,1,1200,1200
1603,2026-08-17,Tienda Norte,Yogurt,Lácteos,3,800,2400
1604,2026-07-12,Tienda Centro,Cerveza,Alcohol,1,3500,3500
1604,2026-07-12,Tienda Centro,Mantequilla,Lácteos,1,2500,2500
1604,2026-07-12,Tienda Centro,Maní,Snacks,1,1200,1200
1604,2026-07-12,Tienda Centro,Papas fritas,Snacks,1,1800,1800
1605,2026-06-12,Tienda Mall,Pan molde,Panadería,2,1800,3600
1606,2026-07-06,Tienda Sur,Café,Café/Té,1,4000,4000
1607,2026-06-07,Tienda Sur,Agua mineral,Bebidas,3,900,2700
1607,2026-06-07,Tienda Sur,Papas fritas,Snacks,1,1800,1800
1607,2026-06-07,Tienda Sur,Té,Café/Té,1,2500,2500
1608,2026-07-14,Tienda Centro,Azúcar,Café/Té,1,1300,1300
1608,2026-07-14,Tienda Centro,Pañales,Bebé,1,8000,8000
1608,2026-07-14,Tienda Centro,Toallitas húmedas,Bebé,1,2200,2200
1609,2026-08-03,Tienda Centro,Galletas,Snacks,2,1000,2000
1609,2026-08-03,Tienda Centro,Maní,Snacks,1,1200,1200
1610,2026-06-18,Tienda Sur,Agua mineral,Bebidas,1,900,900
1610,2026-06-18,Tienda Sur,Bebida cola,Bebidas,1,1500,1500
1610,2026-06-18,Tienda Sur,Galletas,Snacks,1,1000,1000
1610,2026-06-18,Tienda Sur,Papas fritas,Snacks,2,1800,3600
1611,2026-06-21,Tienda Mall,Bebida cola,Bebidas,1,1500,1500
1611,2026-06-21,Tienda Mall,Papas fritas,Snacks,1,1800,1800
1611,2026-06-21,Tienda Mall,Té,Café/Té,1,2500,2500
1612,2026-05-29,Tienda Sur,Azúcar,Café/Té,1,1300,1300
1612,2026-05-29,Tienda Sur,Maní,Snacks,2,1200,2400
1613,2026-08-09,Tienda Sur,Café,Café/Té,1,4000,4000
1613,2026-08-09,Tienda Sur,Cloro,Limpieza,1,1400,1400
1613,2026-08-09,Tienda Sur,Galletas,Snacks,3,1000,3000
1613,2026-08-09,Tienda Sur,Pan hallulla,Panadería,1,1500,1500
1613,2026-08-09,Tienda Sur,Queso,Lácteos,1,4500,4500
1614,2026-07-28,Tienda Norte,Maní,Snacks,1,1200,1200
1615,2026-08-10,Tienda Norte,Agua mineral,Bebidas,1,900,900
1615,2026-08-10,Tienda Norte,Leche,Lácteos,1,1200,1200
1615,2026-08-10,Tienda Norte,Mantequilla,Lácteos,1,2500,2500
1615,2026-08-10,Tienda Norte,Pan molde,Panadería,2,1800,3600
1615,2026-08-10,Tienda Norte,Queso,Lácteos,1,4500,4500
1616,2026-06-25,Tienda Sur,Azúcar,Café/Té,1,1300,1300
1616,2026-06-25,Tienda Sur,Cloro,Limpieza,3,1400,4200
1616,2026-06-25,Tienda Sur,Croissant,Panadería,3,900,2700
1616,2026-06-25,Tienda Sur,Detergente,Limpieza,1,5500,5500
1616,2026-06-25,Tienda Sur,Esponjas,Limpieza,2,1200,2400
1617,2026-06-23,Tienda Norte,Galletas,Snacks,1,1000,1000
1618,2026-07-23,Tienda Mall,Azúcar,Café/Té,1,1300,1300
1618,2026-07-23,Tienda Mall,Café,Café/Té,1,4000,4000
1618,2026-07-23,Tienda Mall,Cloro,Limpieza,1,1400,1400
1619,2026-06-13,Tienda Sur,Croissant,Panadería,1,900,900
1619,2026-06-13,Tienda Sur,Toallitas húmedas,Bebé,1,2200,2200
1619,2026-06-13,Tienda Sur,Yogurt,Lácteos,2,800,1600
1620,2026-07-27,Tienda Norte,Cloro,Limpieza,1,1400,1400
1620,2026-07-27,Tienda Norte,Detergente,Limpieza,2,5500,11000
1620,2026-07-27,Tienda Norte,Vino tinto,Alcohol,2,5000,10000
1621,2026-07-10,Tienda Norte,Toallitas húmedas,Bebé,1,2200,2200
1622,2026-08-03,Tienda Centro,Azúcar,Café/Té,1,1300,1300
1622,2026-08-03,Tienda Centro,Bebida cola,Bebidas,1,1500,1500
1622,2026-08-03,Tienda Centro,Café,Café/Té,1,4000,4000
1622,2026-08-03,Tienda Centro,Cloro,Limpieza,1,1400,1400
1623,2026-07-04,Tienda Centro,Cerveza,Alcohol,1,3500,3500
1623,2026-07-04,Tienda Centro,Detergente,Limpieza,1,5500,5500
1623,2026-07-04,Tienda Centro,Esponjas,Limpieza,2,1200,2400
1623,2026-07-04,Tienda Centro,Maní,Snacks,1,1200,1200
1623,2026-07-04,Tienda Centro,Papas fritas,Snacks,1,1800,1800
1623,2026-07-04,Tienda Centro,Queso,Lácteos,1,4500,4500
1623,2026-07-04,Tienda Centro,Vino tinto,Alcohol,1,5000,5000
1624,2026-07-02,Tienda Centro,Cerveza,Alcohol,1,3500,3500
1624,2026-07-02,Tienda Centro,Cloro,Limpieza,3,1400,4200
1624,2026-07-02,Tienda Centro,Detergente,Limpieza,1,5500,5500
1624,2026-07-02,Tienda Centro,Mantequilla,Lácteos,2,2500,5000
1624,2026-07-02,Tienda Centro,Pan hallulla,Panadería,3,1500,4500
1624,2026-07-02,Tienda Centro,Papas fritas,Snacks,1,1800,1800
1624,2026-07-02,Tienda Centro,Queso,Lácteos,2,4500,9000
1625,2026-05-29,Tienda Sur,Jugo naranja,Bebidas,2,1600,3200
1626,2026-07-11,Tienda Centro,Jugo naranja,Bebidas,1,1600,1600
1627,2026-05-31,Tienda Norte,Agua mineral,Bebidas,1,900,900
1627,2026-05-31,Tienda Norte,Leche,Lácteos,1,1200,1200
1627,2026-05-31,Tienda Norte,Toallitas húmedas,Bebé,1,2200,2200
1627,2026-05-31,Tienda Norte,Vino tinto,Alcohol,1,5000,5000
1628,2026-05-30,Tienda Norte,Jugo naranja,Bebidas,2,1600,3200
1629,2026-07-29,Tienda Centro,Azúcar,Café/Té,1,1300,1300
1629,2026-07-29,Tienda Centro,Esponjas,Limpieza,1,1200,1200
1629,2026-07-29,Tienda Centro,Pañales,Bebé,1,8000,8000
1629,2026-07-29,Tienda Centro,Toallitas húmedas,Bebé,3,2200,6600
1630,2026-06-28,Tienda Mall,Cerveza,Alcohol,1,3500,3500
1630,2026-06-28,Tienda Mall,Maní,Snacks,3,1200,3600
1630,2026-06-28,Tienda Mall,Papas fritas,Snacks,1,1800,1800
1631,2026-06-02,Tienda Mall,Queso,Lácteos,1,4500,4500
1631,2026-06-02,Tienda Mall,Vino tinto,Alcohol,1,5000,5000
1632,2026-07-30,Tienda Norte,Yogurt,Lácteos,1,800,800
1633,2026-07-31,Tienda Centro,Café,Café/Té,1,4000,4000
1633,2026-07-31,Tienda Centro,Galletas,Snacks,1,1000,1000
1633,2026-07-31,Tienda Centro,Pan molde,Panadería,1,1800,1800
1633,2026-07-31,Tienda Centro,Queso,Lácteos,1,4500,4500
1634,2026-06-23,Tienda Norte,Bebida cola,Bebidas,2,1500,3000
1634,2026-06-23,Tienda Norte,Mantequilla,Lácteos,1,2500,2500
1634,2026-06-23,Tienda Norte,Pan hallulla,Panadería,1,1500,1500
1635,2026-08-03,Tienda Mall,Agua mineral,Bebidas,1,900,900
1635,2026-08-03,Tienda Mall,Bebida cola,Bebidas,1,1500,1500
1635,2026-08-03,Tienda Mall,Jugo naranja,Bebidas,1,1600,1600
1635,2026-08-03,Tienda Mall,Toallitas húmedas,Bebé,1,2200,2200
1636,2026-06-03,Tienda Mall,Agua mineral,Bebidas,1,900,900
1636,2026-06-03,Tienda Mall,Esponjas,Limpieza,1,1200,1200
1637,2026-08-10,Tienda Centro,Bebida cola,Bebidas,1,1500,1500
1637,2026-08-10,Tienda Centro,Esponjas,Limpieza,1,1200,1200
1637,2026-08-10,Tienda Centro,Mantequilla,Lácteos,3,2500,7500
1637,2026-08-10,Tienda Centro,Pan hallulla,Panadería,1,1500,1500
1637,2026-08-10,Tienda Centro,Papas fritas,Snacks,1,1800,1800
1637,2026-08-10,Tienda Centro,Queso,Lácteos,1,4500,4500
1638,2026-06-15,Tienda Centro,Leche,Lácteos,1,1200,1200
1638,2026-06-15,Tienda Centro,Mantequilla,Lácteos,1,2500,2500
1638,2026-06-15,Tienda Centro,Maní,Snacks,1,1200,1200
1638,2026-06-15,Tienda Centro,Pan molde,Panadería,1,1800,1800
1639,2026-07-11,Tienda Mall,Agua mineral,Bebidas,1,900,900
1639,2026-07-11,Tienda Mall,Cloro,Limpieza,2,1400,2800
1639,2026-07-11,Tienda Mall,Galletas,Snacks,1,1000,1000
1640,2026-07-08,Tienda Sur,Cloro,Limpieza,2,1400,2800
1641,2026-08-12,Tienda Norte,Agua mineral,Bebidas,1,900,900
1641,2026-08-12,Tienda Norte,Maní,Snacks,1,1200,1200
1642,2026-07-18,Tienda Norte,Pan hallulla,Panadería,1,1500,1500
1643,2026-06-03,Tienda Sur,Agua mineral,Bebidas,1,900,900
1644,2026-05-21,Tienda Mall,Azúcar,Café/Té,1,1300,1300
1644,2026-05-21,Tienda Mall,Croissant,Panadería,2,900,1800
1644,2026-05-21,Tienda Mall,Pañales,Bebé,2,8000,16000
1644,2026-05-21,Tienda Mall,Toallitas húmedas,Bebé,3,2200,6600
1644,2026-05-21,Tienda Mall,Té,Café/Té,1,2500,2500
1645,2026-07-20,Tienda Norte,Mantequilla,Lácteos,1,2500,2500
1645,2026-07-20,Tienda Norte,Pan molde,Panadería,3,1800,5400
1646,2026-07-29,Tienda Norte,Vino tinto,Alcohol,1,5000,5000
1647,2026-06-23,Tienda Sur,Cerveza,Alcohol,1,3500,3500
1647,2026-06-23,Tienda Sur,Croissant,Panadería,3,900,2700
1647,2026-06-23,Tienda Sur,Pan molde,Panadería,3,1800,5400
1647,2026-06-23,Tienda Sur,Pañales,Bebé,2,8000,16000
1647,2026-06-23,Tienda Sur,Queso,Lácteos,1,4500,4500
1648,2026-07-26,Tienda Norte,Mantequilla,Lácteos,1,2500,2500
1648,2026-07-26,Tienda Norte,Pan molde,Panadería,1,1800,1800
1648,2026-07-26,Tienda Norte,Queso,Lácteos,1,4500,4500
1648,2026-07-26,Tienda Norte,Té,Café/Té,1,2500,2500
1649,2026-06-02,Tienda Sur,Agua mineral,Bebidas,2,900,1800
1649,2026-06-02,Tienda Sur,Esponjas,Limpieza,1,1200,1200
1649,2026-06-02,Tienda Sur,Maní,Snacks,1,1200,1200
1650,2026-08-13,Tienda Sur,Azúcar,Café/Té,1,1300,1300
1650,2026-08-13,Tienda Sur,Café,Café/Té,2,4000,8000
1651,2026-07-04,Tienda Mall,Azúcar,Café/Té,1,1300,1300
1651,2026-07-04,Tienda Mall,Café,Café/Té,1,4000,4000
1651,2026-07-04,Tienda Mall,Cerveza,Alcohol,1,3500,3500
1651,2026-07-04,Tienda Mall,Galletas,Snacks,1,1000,1000
1651,2026-07-04,Tienda Mall,Papas fritas,Snacks,1,1800,1800
1652,2026-07-27,Tienda Centro,Azúcar,Café/Té,1,1300,1300
1653,2026-06-06,Tienda Norte,Leche,Lácteos,1,1200,1200
1653,2026-06-06,Tienda Norte,Queso,Lácteos,1,4500,4500
1653,2026-06-06,Tienda Norte,Vino tinto,Alcohol,1,5000,5000
1654,2026-06-24,Tienda Mall,Bebida cola,Bebidas,1,1500,1500
1654,2026-06-24,Tienda Mall,Cerveza,Alcohol,2,3500,7000
1654,2026-06-24,Tienda Mall,Croissant,Panadería,3,900,2700
1654,2026-06-24,Tienda Mall,Maní,Snacks,1,1200,1200
1654,2026-06-24,Tienda Mall,Papas fritas,Snacks,1,1800,1800
1655,2026-06-24,Tienda Norte,Café,Café/Té,1,4000,4000
1655,2026-06-24,Tienda Norte,Esponjas,Limpieza,1,1200,1200
1655,2026-06-24,Tienda Norte,Galletas,Snacks,3,1000,3000
1655,2026-06-24,Tienda Norte,Mantequilla,Lácteos,1,2500,2500
1655,2026-06-24,Tienda Norte,Pan molde,Panadería,1,1800,1800
1655,2026-06-24,Tienda Norte,Queso,Lácteos,1,4500,4500
1656,2026-07-04,Tienda Mall,Pan molde,Panadería,1,1800,1800
1656,2026-07-04,Tienda Mall,Yogurt,Lácteos,1,800,800
1657,2026-06-13,Tienda Norte,Bebida cola,Bebidas,1,1500,1500
1657,2026-06-13,Tienda Norte,Mantequilla,Lácteos,1,2500,2500
1657,2026-06-13,Tienda Norte,Pan hallulla,Panadería,1,1500,1500
1657,2026-06-13,Tienda Norte,Papas fritas,Snacks,1,1800,1800
1657,2026-06-13,Tienda Norte,Queso,Lácteos,1,4500,4500
1657,2026-06-13,Tienda Norte,Yogurt,Lácteos,2,800,1600
1658,2026-06-15,Tienda Sur,Cloro,Limpieza,1,1400,1400
1658,2026-06-15,Tienda Sur,Jugo naranja,Bebidas,1,1600,1600
1658,2026-06-15,Tienda Sur,Maní,Snacks,2,1200,2400
1659,2026-07-19,Tienda Mall,Queso,Lácteos,1,4500,4500
1659,2026-07-19,Tienda Mall,Vino tinto,Alcohol,2,5000,10000
1660,2026-07-12,Tienda Centro,Yogurt,Lácteos,1,800,800
1661,2026-06-08,Tienda Mall,Bebida cola,Bebidas,1,1500,1500
1662,2026-07-25,Tienda Sur,Azúcar,Café/Té,1,1300,1300
1662,2026-07-25,Tienda Sur,Toallitas húmedas,Bebé,1,2200,2200
1662,2026-07-25,Tienda Sur,Yogurt,Lácteos,1,800,800
1663,2026-06-11,Tienda Mall,Agua mineral,Bebidas,1,900,900
1663,2026-06-11,Tienda Mall,Toallitas húmedas,Bebé,2,2200,4400
1664,2026-05-22,Tienda Norte,Azúcar,Café/Té,1,1300,1300
1664,2026-05-22,Tienda Norte,Papas fritas,Snacks,1,1800,1800
1665,2026-08-02,Tienda Centro,Bebida cola,Bebidas,1,1500,1500
1665,2026-08-02,Tienda Centro,Mantequilla,Lácteos,1,2500,2500
1665,2026-08-02,Tienda Centro,Pan hallulla,Panadería,1,1500,1500
1666,2026-06-06,Tienda Centro,Azúcar,Café/Té,1,1300,1300
1666,2026-06-06,Tienda Centro,Bebida cola,Bebidas,1,1500,1500
1667,2026-08-05,Tienda Centro,Azúcar,Café/Té,1,1300,1300
1667,2026-08-05,Tienda Centro,Croissant,Panadería,1,900,900
1668,2026-06-22,Tienda Sur,Mantequilla,Lácteos,1,2500,2500
1668,2026-06-22,Tienda Sur,Yogurt,Lácteos,1,800,800
1669,2026-06-15,Tienda Norte,Bebida cola,Bebidas,1,1500,1500
1669,2026-06-15,Tienda Norte,Cloro,Limpieza,1,1400,1400
1669,2026-06-15,Tienda Norte,Detergente,Limpieza,1,5500,5500
1669,2026-06-15,Tienda Norte,Esponjas,Limpieza,2,1200,2400
1670,2026-07-17,Tienda Norte,Cerveza,Alcohol,1,3500,3500
1670,2026-07-17,Tienda Norte,Pan hallulla,Panadería,1,1500,1500
1670,2026-07-17,Tienda Norte,Pan molde,Panadería,2,1800,3600
1671,2026-08-09,Tienda Centro,Queso,Lácteos,1,4500,4500
1672,2026-06-01,Tienda Mall,Azúcar,Café/Té,1,1300,1300
1672,2026-06-01,Tienda Mall,Cloro,Limpieza,1,1400,1400
1672,2026-06-01,Tienda Mall,Detergente,Limpieza,1,5500,5500
1672,2026-06-01,Tienda Mall,Vino tinto,Alcohol,1,5000,5000
1673,2026-06-03,Tienda Sur,Agua mineral,Bebidas,1,900,900
1673,2026-06-03,Tienda Sur,Croissant,Panadería,1,900,900
1673,2026-06-03,Tienda Sur,Yogurt,Lácteos,1,800,800
1674,2026-07-28,Tienda Mall,Azúcar,Café/Té,2,1300,2600
1674,2026-07-28,Tienda Mall,Croissant,Panadería,1,900,900
1674,2026-07-28,Tienda Mall,Té,Café/Té,1,2500,2500
1675,2026-05-25,Tienda Sur,Mantequilla,Lácteos,1,2500,2500
1675,2026-05-25,Tienda Sur,Pan hallulla,Panadería,1,1500,1500
1675,2026-05-25,Tienda Sur,Queso,Lácteos,1,4500,4500
1675,2026-05-25,Tienda Sur,Té,Café/Té,1,2500,2500
1676,2026-07-02,Tienda Centro,Agua mineral,Bebidas,1,900,900
1676,2026-07-02,Tienda Centro,Azúcar,Café/Té,1,1300,1300
1676,2026-07-02,Tienda Centro,Té,Café/Té,1,2500,2500
1677,2026-06-08,Tienda Sur,Cerveza,Alcohol,2,3500,7000
1677,2026-06-08,Tienda Sur,Papas fritas,Snacks,1,1800,1800
1677,2026-06-08,Tienda Sur,Vino tinto,Alcohol,1,5000,5000
1678,2026-05-25,Tienda Mall,Queso,Lácteos,1,4500,4500
1679,2026-08-05,Tienda Mall,Detergente,Limpieza,1,5500,5500
1679,2026-08-05,Tienda Mall,Mantequilla,Lácteos,2,2500,5000
1679,2026-08-05,Tienda Mall,Pan molde,Panadería,3,1800,5400
1679,2026-08-05,Tienda Mall,Queso,Lácteos,2,4500,9000
1679,2026-08-05,Tienda Mall,Toallitas húmedas,Bebé,1,2200,2200
1680,2026-07-26,Tienda Centro,Agua mineral,Bebidas,1,900,900
1680,2026-07-26,Tienda Centro,Pan molde,Panadería,3,1800,5400
1680,2026-07-26,Tienda Centro,Queso,Lácteos,1,4500,4500
1680,2026-07-26,Tienda Centro,Té,Café/Té,3,2500,7500
1681,2026-07-25,Tienda Norte,Queso,Lácteos,1,4500,4500
1681,2026-07-25,Tienda Norte,Té,Café/Té,1,2500,2500
1682,2026-08-14,Tienda Centro,Papas fritas,Snacks,1,1800,1800
1683,2026-06-26,Tienda Norte,Cloro,Limpieza,1,1400,1400
1683,2026-06-26,Tienda Norte,Detergente,Limpieza,1,5500,5500
1683,2026-06-26,Tienda Norte,Esponjas,Limpieza,2,1200,2400
1684,2026-06-05,Tienda Sur,Azúcar,Café/Té,3,1300,3900
1684,2026-06-05,Tienda Sur,Maní,Snacks,1,1200,1200
1684,2026-06-05,Tienda Sur,Queso,Lácteos,1,4500,4500
1684,2026-06-05,Tienda Sur,Té,Café/Té,1,2500,2500
1685,2026-07-08,Tienda Sur,Detergente,Limpieza,2,5500,11000
1685,2026-07-08,Tienda Sur,Papas fritas,Snacks,1,1800,1800
1685,2026-07-08,Tienda Sur,Queso,Lácteos,2,4500,9000
1685,2026-07-08,Tienda Sur,Vino tinto,Alcohol,2,5000,10000
1685,2026-07-08,Tienda Sur,Yogurt,Lácteos,1,800,800
1686,2026-07-28,Tienda Norte,Cloro,Limpieza,1,1400,1400
1686,2026-07-28,Tienda Norte,Mantequilla,Lácteos,1,2500,2500
1686,2026-07-28,Tienda Norte,Pan molde,Panadería,1,1800,1800
1687,2026-08-01,Tienda Centro,Bebida cola,Bebidas,1,1500,1500
1687,2026-08-01,Tienda Centro,Leche,Lácteos,3,1200,3600
1687,2026-08-01,Tienda Centro,Vino tinto,Alcohol,1,5000,5000
1688,2026-06-06,Tienda Mall,Cloro,Limpieza,1,1400,1400
1688,2026-06-06,Tienda Mall,Esponjas,Limpieza,1,1200,1200
1688,2026-06-06,Tienda Mall,Pan hallulla,Panadería,2,1500,3000
1688,2026-06-06,Tienda Mall,Queso,Lácteos,1,4500,4500
1689,2026-06-16,Tienda Norte,Agua mineral,Bebidas,1,900,900
1689,2026-06-16,Tienda Norte,Queso,Lácteos,2,4500,9000
1689,2026-06-16,Tienda Norte,Té,Café/Té,2,2500,5000
1689,2026-06-16,Tienda Norte,Vino tinto,Alcohol,2,5000,10000
1690,2026-05-31,Tienda Centro,Azúcar,Café/Té,1,1300,1300
1690,2026-05-31,Tienda Centro,Galletas,Snacks,1,1000,1000
1690,2026-05-31,Tienda Centro,Leche,Lácteos,1,1200,1200
1690,2026-05-31,Tienda Centro,Té,Café/Té,1,2500,2500
1691,2026-06-14,Tienda Mall,Cloro,Limpieza,2,1400,2800
1691,2026-06-14,Tienda Mall,Detergente,Limpieza,2,5500,11000
1691,2026-06-14,Tienda Mall,Esponjas,Limpieza,2,1200,2400
1691,2026-06-14,Tienda Mall,Papas fritas,Snacks,3,1800,5400
1692,2026-08-06,Tienda Mall,Cerveza,Alcohol,1,3500,3500
1692,2026-08-06,Tienda Mall,Leche,Lácteos,1,1200,1200
1692,2026-08-06,Tienda Mall,Papas fritas,Snacks,2,1800,3600
1693,2026-05-21,Tienda Centro,Leche,Lácteos,1,1200,1200
1693,2026-05-21,Tienda Centro,Mantequilla,Lácteos,1,2500,2500
1693,2026-05-21,Tienda Centro,Pan molde,Panadería,1,1800,1800
1693,2026-05-21,Tienda Centro,Pañales,Bebé,1,8000,8000
1693,2026-05-21,Tienda Centro,Queso,Lácteos,1,4500,4500
1693,2026-05-21,Tienda Centro,Toallitas húmedas,Bebé,1,2200,2200
1694,2026-06-25,Tienda Centro,Cloro,Limpieza,2,1400,2800
1694,2026-06-25,Tienda Centro,Mantequilla,Lácteos,1,2500,2500
1694,2026-06-25,Tienda Centro,Maní,Snacks,1,1200,1200
1694,2026-06-25,Tienda Centro,Pan molde,Panadería,1,1800,1800
1694,2026-06-25,Tienda Centro,Toallitas húmedas,Bebé,1,2200,2200
1695,2026-06-04,Tienda Sur,Jugo naranja,Bebidas,1,1600,1600
1696,2026-07-09,Tienda Mall,Mantequilla,Lácteos,1,2500,2500
1696,2026-07-09,Tienda Mall,Pan molde,Panadería,1,1800,1800
1696,2026-07-09,Tienda Mall,Pañales,Bebé,1,8000,8000
1696,2026-07-09,Tienda Mall,Toallitas húmedas,Bebé,1,2200,2200
1697,2026-06-19,Tienda Mall,Cerveza,Alcohol,1,3500,3500
1697,2026-06-19,Tienda Mall,Maní,Snacks,2,1200,2400
1697,2026-06-19,Tienda Mall,Papas fritas,Snacks,2,1800,3600
1698,2026-06-05,Tienda Mall,Detergente,Limpieza,1,5500,5500
1698,2026-06-05,Tienda Mall,Esponjas,Limpieza,1,1200,1200
1698,2026-06-05,Tienda Mall,Mantequilla,Lácteos,1,2500,2500
1698,2026-06-05,Tienda Mall,Pan hallulla,Panadería,2,1500,3000
1698,2026-06-05,Tienda Mall,Pan molde,Panadería,1,1800,1800
1698,2026-06-05,Tienda Mall,Queso,Lácteos,1,4500,4500
1698,2026-06-05,Tienda Mall,Vino tinto,Alcohol,1,5000,5000
1699,2026-05-27,Tienda Norte,Papas fritas,Snacks,1,1800,1800
1699,2026-05-27,Tienda Norte,Toallitas húmedas,Bebé,2,2200,4400
1700,2026-05-23,Tienda Mall,Galletas,Snacks,1,1000,1000
1701,2026-06-16,Tienda Centro,Agua mineral,Bebidas,1,900,900
1701,2026-06-16,Tienda Centro,Cerveza,Alcohol,1,3500,3500
1701,2026-06-16,Tienda Centro,Papas fritas,Snacks,1,1800,1800
1701,2026-06-16,Tienda Centro,Queso,Lácteos,1,4500,4500
1701,2026-06-16,Tienda Centro,Vino tinto,Alcohol,2,5000,10000
1702,2026-08-10,Tienda Norte,Agua mineral,Bebidas,1,900,900
1702,2026-08-10,Tienda Norte,Jugo naranja,Bebidas,1,1600,1600
1702,2026-08-10,Tienda Norte,Té,Café/Té,2,2500,5000
1703,2026-05-20,Tienda Mall,Bebida cola,Bebidas,2,1500,3000
1703,2026-05-20,Tienda Mall,Cerveza,Alcohol,1,3500,3500
1703,2026-05-20,Tienda Mall,Jugo naranja,Bebidas,1,1600,1600
1704,2026-06-18,Tienda Sur,Cloro,Limpieza,1,1400,1400
1704,2026-06-18,Tienda Sur,Leche,Lácteos,2,1200,2400
1704,2026-06-18,Tienda Sur,Mantequilla,Lácteos,1,2500,2500
1704,2026-06-18,Tienda Sur,Pan hallulla,Panadería,3,1500,4500
1705,2026-08-02,Tienda Centro,Jugo naranja,Bebidas,1,1600,1600
1705,2026-08-02,Tienda Centro,Pañales,Bebé,1,8000,8000
1705,2026-08-02,Tienda Centro,Yogurt,Lácteos,2,800,1600
1706,2026-07-10,Tienda Mall,Cloro,Limpieza,1,1400,1400
1706,2026-07-10,Tienda Mall,Papas fritas,Snacks,1,1800,1800
1706,2026-07-10,Tienda Mall,Pañales,Bebé,2,8000,16000
1706,2026-07-10,Tienda Mall,Toallitas húmedas,Bebé,1,2200,2200
1707,2026-07-17,Tienda Centro,Azúcar,Café/Té,2,1300,2600
1707,2026-07-17,Tienda Centro,Jugo naranja,Bebidas,1,1600,1600
1707,2026-07-17,Tienda Centro,Mantequilla,Lácteos,1,2500,2500
1708,2026-07-31,Tienda Norte,Cerveza,Alcohol,1,3500,3500
1708,2026-07-31,Tienda Norte,Pañales,Bebé,1,8000,8000
1708,2026-07-31,Tienda Norte,Toallitas húmedas,Bebé,1,2200,2200
1709,2026-06-13,Tienda Norte,Bebida cola,Bebidas,1,1500,1500
1709,2026-06-13,Tienda Norte,Leche,Lácteos,3,1200,3600
1709,2026-06-13,Tienda Norte,Papas fritas,Snacks,1,1800,1800
1709,2026-06-13,Tienda Norte,Yogurt,Lácteos,1,800,800
1710,2026-05-27,Tienda Mall,Azúcar,Café/Té,2,1300,2600
1710,2026-05-27,Tienda Mall,Café,Café/Té,1,4000,4000
1710,2026-05-27,Tienda Mall,Mantequilla,Lácteos,1,2500,2500
1710,2026-05-27,Tienda Mall,Pan molde,Panadería,1,1800,1800
1711,2026-07-30,Tienda Norte,Bebida cola,Bebidas,1,1500,1500
1711,2026-07-30,Tienda Norte,Cerveza,Alcohol,3,3500,10500
1712,2026-06-06,Tienda Centro,Jugo naranja,Bebidas,1,1600,1600
1712,2026-06-06,Tienda Centro,Pan molde,Panadería,1,1800,1800
1712,2026-06-06,Tienda Centro,Queso,Lácteos,1,4500,4500
1712,2026-06-06,Tienda Centro,Vino tinto,Alcohol,1,5000,5000
1713,2026-07-29,Tienda Norte,Azúcar,Café/Té,1,1300,1300
1713,2026-07-29,Tienda Norte,Vino tinto,Alcohol,1,5000,5000
1714,2026-07-29,Tienda Mall,Maní,Snacks,3,1200,3600
1714,2026-07-29,Tienda Mall,Vino tinto,Alcohol,1,5000,5000
1715,2026-07-30,Tienda Mall,Cloro,Limpieza,2,1400,2800
1715,2026-07-30,Tienda Mall,Leche,Lácteos,2,1200,2400
1715,2026-07-30,Tienda Mall,Mantequilla,Lácteos,1,2500,2500
1716,2026-07-02,Tienda Centro,Agua mineral,Bebidas,1,900,900
1716,2026-07-02,Tienda Centro,Queso,Lácteos,1,4500,4500
1717,2026-08-03,Tienda Sur,Agua mineral,Bebidas,1,900,900
1717,2026-08-03,Tienda Sur,Detergente,Limpieza,1,5500,5500
1717,2026-08-03,Tienda Sur,Mantequilla,Lácteos,1,2500,2500
1717,2026-08-03,Tienda Sur,Pan hallulla,Panadería,1,1500,1500
1718,2026-07-08,Tienda Centro,Azúcar,Café/Té,1,1300,1300
1718,2026-07-08,Tienda Centro,Leche,Lácteos,2,1200,2400
1718,2026-07-08,Tienda Centro,Papas fritas,Snacks,1,1800,1800
1718,2026-07-08,Tienda Centro,Queso,Lácteos,3,4500,13500
1718,2026-07-08,Tienda Centro,Té,Café/Té,2,2500,5000
1719,2026-05-26,Tienda Centro,Pan hallulla,Panadería,1,1500,1500
1719,2026-05-26,Tienda Centro,Queso,Lácteos,1,4500,4500
1719,2026-05-26,Tienda Centro,Toallitas húmedas,Bebé,2,2200,4400
1720,2026-05-26,Tienda Mall,Detergente,Limpieza,3,5500,16500
1720,2026-05-26,Tienda Mall,Yogurt,Lácteos,1,800,800
1721,2026-08-08,Tienda Norte,Queso,Lácteos,1,4500,4500
1721,2026-08-08,Tienda Norte,Vino tinto,Alcohol,1,5000,5000
1722,2026-07-22,Tienda Mall,Jugo naranja,Bebidas,1,1600,1600
1722,2026-07-22,Tienda Mall,Papas fritas,Snacks,2,1800,3600
1723,2026-07-16,Tienda Norte,Cloro,Limpieza,1,1400,1400
1723,2026-07-16,Tienda Norte,Mantequilla,Lácteos,1,2500,2500
1723,2026-07-16,Tienda Norte,Maní,Snacks,1,1200,1200
1724,2026-05-31,Tienda Mall,Café,Café/Té,2,4000,8000
1724,2026-05-31,Tienda Mall,Galletas,Snacks,1,1000,1000
1724,2026-05-31,Tienda Mall,Pan hallulla,Panadería,3,1500,4500
1724,2026-05-31,Tienda Mall,Papas fritas,Snacks,1,1800,1800
1725,2026-06-22,Tienda Centro,Bebida cola,Bebidas,3,1500,4500
1725,2026-06-22,Tienda Centro,Croissant,Panadería,1,900,900
1725,2026-06-22,Tienda Centro,Galletas,Snacks,2,1000,2000
1725,2026-06-22,Tienda Centro,Queso,Lácteos,1,4500,4500
1726,2026-07-03,Tienda Mall,Azúcar,Café/Té,3,1300,3900
1727,2026-07-18,Tienda Centro,Cloro,Limpieza,1,1400,1400
1727,2026-07-18,Tienda Centro,Yogurt,Lácteos,1,800,800
1728,2026-05-20,Tienda Mall,Maní,Snacks,1,1200,1200
1729,2026-07-24,Tienda Sur,Azúcar,Café/Té,1,1300,1300
1729,2026-07-24,Tienda Sur,Café,Café/Té,1,4000,4000
1730,2026-07-16,Tienda Centro,Agua mineral,Bebidas,1,900,900
1730,2026-07-16,Tienda Centro,Azúcar,Café/Té,2,1300,2600
1730,2026-07-16,Tienda Centro,Jugo naranja,Bebidas,1,1600,1600
1731,2026-08-02,Tienda Sur,Papas fritas,Snacks,1,1800,1800
1732,2026-05-25,Tienda Centro,Jugo naranja,Bebidas,1,1600,1600
1732,2026-05-25,Tienda Centro,Mantequilla,Lácteos,1,2500,2500
1732,2026-05-25,Tienda Centro,Pan hallulla,Panadería,1,1500,1500
1732,2026-05-25,Tienda Centro,Queso,Lácteos,1,4500,4500
1733,2026-06-07,Tienda Mall,Azúcar,Café/Té,1,1300,1300
1733,2026-06-07,Tienda Mall,Café,Café/Té,1,4000,4000
1733,2026-06-07,Tienda Mall,Cloro,Limpieza,1,1400,1400
1733,2026-06-07,Tienda Mall,Galletas,Snacks,2,1000,2000
1733,2026-06-07,Tienda Mall,Té,Café/Té,1,2500,2500
1734,2026-06-12,Tienda Centro,Agua mineral,Bebidas,1,900,900
1734,2026-06-12,Tienda Centro,Azúcar,Café/Té,2,1300,2600
1734,2026-06-12,Tienda Centro,Maní,Snacks,1,1200,1200
1734,2026-06-12,Tienda Centro,Té,Café/Té,2,2500,5000
1735,2026-08-05,Tienda Mall,Bebida cola,Bebidas,1,1500,1500
1735,2026-08-05,Tienda Mall,Maní,Snacks,2,1200,2400
1736,2026-07-24,Tienda Norte,Cerveza,Alcohol,2,3500,7000
1736,2026-07-24,Tienda Norte,Maní,Snacks,3,1200,3600
1736,2026-07-24,Tienda Norte,Papas fritas,Snacks,1,1800,1800
1737,2026-08-17,Tienda Mall,Galletas,Snacks,1,1000,1000
1737,2026-08-17,Tienda Mall,Leche,Lácteos,1,1200,1200
1738,2026-07-22,Tienda Norte,Mantequilla,Lácteos,1,2500,2500
1738,2026-07-22,Tienda Norte,Pan molde,Panadería,1,1800,1800
1738,2026-07-22,Tienda Norte,Queso,Lácteos,1,4500,4500
1738,2026-07-22,Tienda Norte,Té,Café/Té,1,2500,2500
1738,2026-07-22,Tienda Norte,Vino tinto,Alcohol,1,5000,5000
1739,2026-07-09,Tienda Sur,Cerveza,Alcohol,1,3500,3500
1739,2026-07-09,Tienda Sur,Maní,Snacks,1,1200,1200
1739,2026-07-09,Tienda Sur,Papas fritas,Snacks,1,1800,1800
1740,2026-05-29,Tienda Norte,Pañales,Bebé,3,8000,24000
1740,2026-05-29,Tienda Norte,Toallitas húmedas,Bebé,2,2200,4400
1741,2026-05-25,Tienda Sur,Azúcar,Café/Té,1,1300,1300
1741,2026-05-25,Tienda Sur,Toallitas húmedas,Bebé,1,2200,2200
1742,2026-05-22,Tienda Norte,Pan hallulla,Panadería,3,1500,4500
1743,2026-08-16,Tienda Norte,Azúcar,Café/Té,2,1300,2600
1743,2026-08-16,Tienda Norte,Maní,Snacks,1,1200,1200
1743,2026-08-16,Tienda Norte,Toallitas húmedas,Bebé,3,2200,6600
1744,2026-08-10,Tienda Norte,Cerveza,Alcohol,1,3500,3500
1744,2026-08-10,Tienda Norte,Toallitas húmedas,Bebé,1,2200,2200
1745,2026-05-30,Tienda Sur,Azúcar,Café/Té,2,1300,2600
1745,2026-05-30,Tienda Sur,Detergente,Limpieza,1,5500,5500
1746,2026-08-11,Tienda Mall,Yogurt,Lácteos,1,800,800
1747,2026-07-28,Tienda Mall,Azúcar,Café/Té,1,1300,1300
1747,2026-07-28,Tienda Mall,Café,Café/Té,3,4000,12000
1747,2026-07-28,Tienda Mall,Queso,Lácteos,1,4500,4500
1748,2026-07-07,Tienda Centro,Cloro,Limpieza,1,1400,1400
1748,2026-07-07,Tienda Centro,Croissant,Panadería,1,900,900
1748,2026-07-07,Tienda Centro,Detergente,Limpieza,1,5500,5500
1748,2026-07-07,Tienda Centro,Galletas,Snacks,2,1000,2000
1749,2026-07-23,Tienda Mall,Cerveza,Alcohol,2,3500,7000
1749,2026-07-23,Tienda Mall,Mantequilla,Lácteos,1,2500,2500
1749,2026-07-23,Tienda Mall,Papas fritas,Snacks,1,1800,1800
1749,2026-07-23,Tienda Mall,Té,Café/Té,1,2500,2500
1750,2026-08-10,Tienda Norte,Bebida cola,Bebidas,2,1500,3000
1750,2026-08-10,Tienda Norte,Pan hallulla,Panadería,1,1500,1500
1750,2026-08-10,Tienda Norte,Vino tinto,Alcohol,2,5000,10000
1751,2026-07-01,Tienda Mall,Cloro,Limpieza,1,1400,1400
1751,2026-07-01,Tienda Mall,Mantequilla,Lácteos,2,2500,5000
1751,2026-07-01,Tienda Mall,Pan molde,Panadería,1,1800,1800
1751,2026-07-01,Tienda Mall,Queso,Lácteos,1,4500,4500
1752,2026-06-21,Tienda Norte,Galletas,Snacks,1,1000,1000
1752,2026-06-21,Tienda Norte,Papas fritas,Snacks,1,1800,1800
1752,2026-06-21,Tienda Norte,Pañales,Bebé,1,8000,8000
1752,2026-06-21,Tienda Norte,Queso,Lácteos,3,4500,13500
1752,2026-06-21,Tienda Norte,Toallitas húmedas,Bebé,1,2200,2200
1753,2026-08-01,Tienda Sur,Azúcar,Café/Té,3,1300,3900
1753,2026-08-01,Tienda Sur,Bebida cola,Bebidas,3,1500,4500
1753,2026-08-01,Tienda Sur,Queso,Lácteos,1,4500,4500
1754,2026-06-10,Tienda Sur,Cloro,Limpieza,2,1400,2800
1755,2026-06-12,Tienda Sur,Azúcar,Café/Té,1,1300,1300
1755,2026-06-12,Tienda Sur,Café,Café/Té,1,4000,4000
1755,2026-06-12,Tienda Sur,Cerveza,Alcohol,1,3500,3500
1755,2026-06-12,Tienda Sur,Papas fritas,Snacks,1,1800,1800
1755,2026-06-12,Tienda Sur,Yogurt,Lácteos,1,800,800
1756,2026-06-02,Tienda Norte,Azúcar,Café/Té,1,1300,1300
1756,2026-06-02,Tienda Norte,Leche,Lácteos,1,1200,1200
1756,2026-06-02,Tienda Norte,Té,Café/Té,1,2500,2500
1757,2026-07-25,Tienda Sur,Azúcar,Café/Té,1,1300,1300
1757,2026-07-25,Tienda Sur,Cerveza,Alcohol,1,3500,3500
1757,2026-07-25,Tienda Sur,Pan molde,Panadería,1,1800,1800
1757,2026-07-25,Tienda Sur,Papas fritas,Snacks,1,1800,1800
1757,2026-07-25,Tienda Sur,Toallitas húmedas,Bebé,1,2200,2200
1758,2026-07-24,Tienda Centro,Azúcar,Café/Té,2,1300,2600
1758,2026-07-24,Tienda Centro,Café,Café/Té,1,4000,4000
1758,2026-07-24,Tienda Centro,Leche,Lácteos,1,1200,1200
1758,2026-07-24,Tienda Centro,Toallitas húmedas,Bebé,1,2200,2200
1758,2026-07-24,Tienda Centro,Yogurt,Lácteos,2,800,1600
1759,2026-06-15,Tienda Mall,Cerveza,Alcohol,1,3500,3500
1759,2026-06-15,Tienda Mall,Jugo naranja,Bebidas,1,1600,1600
1759,2026-06-15,Tienda Mall,Maní,Snacks,2,1200,2400
1759,2026-06-15,Tienda Mall,Papas fritas,Snacks,1,1800,1800
1760,2026-06-16,Tienda Mall,Azúcar,Café/Té,1,1300,1300
1760,2026-06-16,Tienda Mall,Leche,Lácteos,2,1200,2400
1760,2026-06-16,Tienda Mall,Té,Café/Té,1,2500,2500
1761,2026-08-07,Tienda Sur,Cloro,Limpieza,1,1400,1400
1761,2026-08-07,Tienda Sur,Detergente,Limpieza,2,5500,11000
1761,2026-08-07,Tienda Sur,Esponjas,Limpieza,1,1200,1200
1761,2026-08-07,Tienda Sur,Leche,Lácteos,1,1200,1200
1761,2026-08-07,Tienda Sur,Mantequilla,Lácteos,1,2500,2500
1762,2026-06-04,Tienda Mall,Mantequilla,Lácteos,2,2500,5000
1762,2026-06-04,Tienda Mall,Toallitas húmedas,Bebé,1,2200,2200
1763,2026-07-05,Tienda Norte,Azúcar,Café/Té,1,1300,1300
1763,2026-07-05,Tienda Norte,Té,Café/Té,1,2500,2500
1764,2026-06-06,Tienda Sur,Maní,Snacks,1,1200,1200
1764,2026-06-06,Tienda Sur,Pan hallulla,Panadería,1,1500,1500
1765,2026-07-16,Tienda Mall,Mantequilla,Lácteos,1,2500,2500
1765,2026-07-16,Tienda Mall,Yogurt,Lácteos,1,800,800
1766,2026-07-02,Tienda Sur,Cerveza,Alcohol,2,3500,7000
1766,2026-07-02,Tienda Sur,Pañales,Bebé,1,8000,8000
1766,2026-07-02,Tienda Sur,Toallitas húmedas,Bebé,1,2200,2200
1767,2026-06-27,Tienda Centro,Cerveza,Alcohol,2,3500,7000
1767,2026-06-27,Tienda Centro,Esponjas,Limpieza,1,1200,1200
1767,2026-06-27,Tienda Centro,Maní,Snacks,1,1200,1200
1767,2026-06-27,Tienda Centro,Pan molde,Panadería,1,1800,1800
1767,2026-06-27,Tienda Centro,Papas fritas,Snacks,1,1800,1800
1767,2026-06-27,Tienda Centro,Queso,Lácteos,3,4500,13500
1768,2026-06-05,Tienda Centro,Cerveza,Alcohol,1,3500,3500
1768,2026-06-05,Tienda Centro,Croissant,Panadería,1,900,900
1768,2026-06-05,Tienda Centro,Maní,Snacks,1,1200,1200
1768,2026-06-05,Tienda Centro,Papas fritas,Snacks,1,1800,1800
1768,2026-06-05,Tienda Centro,Queso,Lácteos,1,4500,4500
1769,2026-06-01,Tienda Sur,Azúcar,Café/Té,1,1300,1300
1769,2026-06-01,Tienda Sur,Toallitas húmedas,Bebé,3,2200,6600
1769,2026-06-01,Tienda Sur,Té,Café/Té,1,2500,2500
1770,2026-07-22,Tienda Norte,Detergente,Limpieza,1,5500,5500
1770,2026-07-22,Tienda Norte,Esponjas,Limpieza,2,1200,2400
1770,2026-07-22,Tienda Norte,Galletas,Snacks,1,1000,1000
1771,2026-07-24,Tienda Norte,Azúcar,Café/Té,2,1300,2600
1771,2026-07-24,Tienda Norte,Croissant,Panadería,2,900,1800
1771,2026-07-24,Tienda Norte,Jugo naranja,Bebidas,2,1600,3200
1771,2026-07-24,Tienda Norte,Queso,Lácteos,1,4500,4500
1771,2026-07-24,Tienda Norte,Té,Café/Té,1,2500,2500
1772,2026-05-28,Tienda Norte,Cloro,Limpieza,1,1400,1400
1772,2026-05-28,Tienda Norte,Detergente,Limpieza,1,5500,5500
1772,2026-05-28,Tienda Norte,Esponjas,Limpieza,1,1200,1200
1772,2026-05-28,Tienda Norte,Mantequilla,Lácteos,1,2500,2500
1773,2026-06-20,Tienda Mall,Queso,Lácteos,2,4500,9000
1773,2026-06-20,Tienda Mall,Yogurt,Lácteos,1,800,800
1774,2026-05-23,Tienda Norte,Azúcar,Café/Té,1,1300,1300
1774,2026-05-23,Tienda Norte,Esponjas,Limpieza,2,1200,2400
1774,2026-05-23,Tienda Norte,Papas fritas,Snacks,2,1800,3600
1774,2026-05-23,Tienda Norte,Té,Café/Té,1,2500,2500
1775,2026-06-30,Tienda Sur,Azúcar,Café/Té,1,1300,1300
1775,2026-06-30,Tienda Sur,Cloro,Limpieza,1,1400,1400
1775,2026-06-30,Tienda Sur,Detergente,Limpieza,1,5500,5500
1775,2026-06-30,Tienda Sur,Esponjas,Limpieza,1,1200,1200
1775,2026-06-30,Tienda Sur,Queso,Lácteos,2,4500,9000
1775,2026-06-30,Tienda Sur,Vino tinto,Alcohol,2,5000,10000
1776,2026-07-17,Tienda Mall,Azúcar,Café/Té,1,1300,1300
1776,2026-07-17,Tienda Mall,Bebida cola,Bebidas,1,1500,1500
1776,2026-07-17,Tienda Mall,Leche,Lácteos,1,1200,1200
1777,2026-06-04,Tienda Mall,Galletas,Snacks,1,1000,1000
1778,2026-06-14,Tienda Mall,Cerveza,Alcohol,1,3500,3500
1778,2026-06-14,Tienda Mall,Detergente,Limpieza,1,5500,5500
1778,2026-06-14,Tienda Mall,Esponjas,Limpieza,3,1200,3600
1778,2026-06-14,Tienda Mall,Pañales,Bebé,2,8000,16000
1778,2026-06-14,Tienda Mall,Queso,Lácteos,1,4500,4500
1778,2026-06-14,Tienda Mall,Toallitas húmedas,Bebé,1,2200,2200
1779,2026-06-10,Tienda Centro,Cerveza,Alcohol,2,3500,7000
1779,2026-06-10,Tienda Centro,Cloro,Limpieza,1,1400,1400
1779,2026-06-10,Tienda Centro,Maní,Snacks,1,1200,1200
1779,2026-06-10,Tienda Centro,Papas fritas,Snacks,3,1800,5400
1779,2026-06-10,Tienda Centro,Pañales,Bebé,2,8000,16000
1779,2026-06-10,Tienda Centro,Toallitas húmedas,Bebé,2,2200,4400
1780,2026-07-28,Tienda Norte,Agua mineral,Bebidas,1,900,900
1780,2026-07-28,Tienda Norte,Jugo naranja,Bebidas,1,1600,1600
1781,2026-08-10,Tienda Mall,Bebida cola,Bebidas,1,1500,1500
1781,2026-08-10,Tienda Mall,Café,Café/Té,1,4000,4000
1781,2026-08-10,Tienda Mall,Galletas,Snacks,1,1000,1000
1781,2026-08-10,Tienda Mall,Yogurt,Lácteos,2,800,1600
1782,2026-07-22,Tienda Centro,Galletas,Snacks,1,1000,1000
1783,2026-08-02,Tienda Mall,Cerveza,Alcohol,1,3500,3500
1783,2026-08-02,Tienda Mall,Pañales,Bebé,1,8000,8000
1783,2026-08-02,Tienda Mall,Toallitas húmedas,Bebé,2,2200,4400
1784,2026-07-18,Tienda Mall,Café,Café/Té,1,4000,4000
1784,2026-07-18,Tienda Mall,Esponjas,Limpieza,1,1200,1200
1784,2026-07-18,Tienda Mall,Queso,Lácteos,2,4500,9000
1785,2026-06-20,Tienda Norte,Cloro,Limpieza,2,1400,2800
1786,2026-06-01,Tienda Norte,Azúcar,Café/Té,1,1300,1300
1786,2026-06-01,Tienda Norte,Mantequilla,Lácteos,2,2500,5000
1786,2026-06-01,Tienda Norte,Pan hallulla,Panadería,1,1500,1500
1786,2026-06-01,Tienda Norte,Papas fritas,Snacks,2,1800,3600
1786,2026-06-01,Tienda Norte,Queso,Lácteos,1,4500,4500
1787,2026-07-18,Tienda Mall,Esponjas,Limpieza,2,1200,2400
1787,2026-07-18,Tienda Mall,Queso,Lácteos,2,4500,9000
1788,2026-07-06,Tienda Sur,Detergente,Limpieza,2,5500,11000
1789,2026-05-25,Tienda Norte,Jugo naranja,Bebidas,1,1600,1600
1790,2026-07-08,Tienda Centro,Cerveza,Alcohol,2,3500,7000
1790,2026-07-08,Tienda Centro,Leche,Lácteos,1,1200,1200
1790,2026-07-08,Tienda Centro,Pañales,Bebé,3,8000,24000
1790,2026-07-08,Tienda Centro,Toallitas húmedas,Bebé,1,2200,2200
1791,2026-06-08,Tienda Norte,Cloro,Limpieza,1,1400,1400
1791,2026-06-08,Tienda Norte,Pañales,Bebé,2,8000,16000
1791,2026-06-08,Tienda Norte,Queso,Lácteos,1,4500,4500
1791,2026-06-08,Tienda Norte,Toallitas húmedas,Bebé,1,2200,2200
1791,2026-06-08,Tienda Norte,Vino tinto,Alcohol,1,5000,5000
1792,2026-05-20,Tienda Mall,Cloro,Limpieza,1,1400,1400
1792,2026-05-20,Tienda Mall,Croissant,Panadería,1,900,900
1792,2026-05-20,Tienda Mall,Pañales,Bebé,1,8000,8000
1792,2026-05-20,Tienda Mall,Queso,Lácteos,2,4500,9000
1792,2026-05-20,Tienda Mall,Toallitas húmedas,Bebé,1,2200,2200
1793,2026-06-09,Tienda Centro,Esponjas,Limpieza,1,1200,1200
1793,2026-06-09,Tienda Centro,Galletas,Snacks,1,1000,1000
1793,2026-06-09,Tienda Centro,Maní,Snacks,1,1200,1200
1794,2026-08-05,Tienda Centro,Papas fritas,Snacks,1,1800,1800
1795,2026-06-05,Tienda Norte,Toallitas húmedas,Bebé,2,2200,4400
1796,2026-07-16,Tienda Norte,Cloro,Limpieza,1,1400,1400
1796,2026-07-16,Tienda Norte,Galletas,Snacks,1,1000,1000
1796,2026-07-16,Tienda Norte,Té,Café/Té,2,2500,5000
1797,2026-05-24,Tienda Sur,Maní,Snacks,1,1200,1200
1797,2026-05-24,Tienda Sur,Papas fritas,Snacks,1,1800,1800
1798,2026-08-12,Tienda Norte,Cloro,Limpieza,2,1400,2800
1798,2026-08-12,Tienda Norte,Jugo naranja,Bebidas,1,1600,1600
1799,2026-06-25,Tienda Norte,Jugo naranja,Bebidas,1,1600,1600
1800,2026-07-30,Tienda Mall,Cerveza,Alcohol,1,3500,3500
1800,2026-07-30,Tienda Mall,Mantequilla,Lácteos,1,2500,2500
1800,2026-07-30,Tienda Mall,Maní,Snacks,2,1200,2400
1800,2026-07-30,Tienda Mall,Pan molde,Panadería,1,1800,1800
1800,2026-07-30,Tienda Mall,Papas fritas,Snacks,2,1800,3600
1801,2026-07-03,Tienda Mall,Croissant,Panadería,1,900,900
1801,2026-07-03,Tienda Mall,Detergente,Limpieza,1,5500,5500
1801,2026-07-03,Tienda Mall,Esponjas,Limpieza,1,1200,1200
1801,2026-07-03,Tienda Mall,Pan molde,Panadería,1,1800,1800
1802,2026-06-01,Tienda Norte,Agua mineral,Bebidas,1,900,900
1802,2026-06-01,Tienda Norte,Leche,Lácteos,1,1200,1200
1802,2026-06-01,Tienda Norte,Mantequilla,Lácteos,1,2500,2500
1802,2026-06-01,Tienda Norte,Queso,Lácteos,1,4500,4500
1803,2026-06-28,Tienda Norte,Agua mineral,Bebidas,2,900,1800
1803,2026-06-28,Tienda Norte,Pan molde,Panadería,1,1800,1800
1804,2026-07-20,Tienda Centro,Queso,Lácteos,1,4500,4500
1804,2026-07-20,Tienda Centro,Toallitas húmedas,Bebé,1,2200,2200
1804,2026-07-20,Tienda Centro,Vino tinto,Alcohol,1,5000,5000
1805,2026-08-04,Tienda Centro,Croissant,Panadería,1,900,900
1805,2026-08-04,Tienda Centro,Maní,Snacks,1,1200,1200
1806,2026-07-11,Tienda Norte,Jugo naranja,Bebidas,1,1600,1600
1807,2026-06-02,Tienda Sur,Cloro,Limpieza,1,1400,1400
1807,2026-06-02,Tienda Sur,Yogurt,Lácteos,1,800,800
1808,2026-08-17,Tienda Sur,Mantequilla,Lácteos,2,2500,5000
1808,2026-08-17,Tienda Sur,Pan hallulla,Panadería,1,1500,1500
1809,2026-07-22,Tienda Mall,Jugo naranja,Bebidas,1,1600,1600
1809,2026-07-22,Tienda Mall,Toallitas húmedas,Bebé,1,2200,2200
1810,2026-08-14,Tienda Sur,Maní,Snacks,3,1200,3600
1810,2026-08-14,Tienda Sur,Yogurt,Lácteos,1,800,800
1811,2026-06-02,Tienda Norte,Agua mineral,Bebidas,1,900,900
1811,2026-06-02,Tienda Norte,Galletas,Snacks,1,1000,1000
1811,2026-06-02,Tienda Norte,Maní,Snacks,1,1200,1200
1812,2026-06-04,Tienda Centro,Pan molde,Panadería,1,1800,1800
1813,2026-06-18,Tienda Centro,Agua mineral,Bebidas,1,900,900
1813,2026-06-18,Tienda Centro,Croissant,Panadería,1,900,900
1814,2026-05-25,Tienda Centro,Cloro,Limpieza,1,1400,1400
1814,2026-05-25,Tienda Centro,Queso,Lácteos,1,4500,4500
1814,2026-05-25,Tienda Centro,Vino tinto,Alcohol,2,5000,10000
1815,2026-07-02,Tienda Centro,Azúcar,Café/Té,1,1300,1300
1815,2026-07-02,Tienda Centro,Queso,Lácteos,1,4500,4500
1815,2026-07-02,Tienda Centro,Té,Café/Té,1,2500,2500
1816,2026-06-18,Tienda Sur,Pan hallulla,Panadería,3,1500,4500
1816,2026-06-18,Tienda Sur,Queso,Lácteos,3,4500,13500
1817,2026-07-21,Tienda Sur,Papas fritas,Snacks,1,1800,1800
1818,2026-06-14,Tienda Centro,Maní,Snacks,1,1200,1200
1819,2026-07-27,Tienda Sur,Esponjas,Limpieza,1,1200,1200
1819,2026-07-27,Tienda Sur,Maní,Snacks,1,1200,1200
1820,2026-06-15,Tienda Centro,Cerveza,Alcohol,2,3500,7000
1820,2026-06-15,Tienda Centro,Queso,Lácteos,1,4500,4500
1821,2026-06-09,Tienda Mall,Croissant,Panadería,1,900,900
1821,2026-06-09,Tienda Mall,Mantequilla,Lácteos,1,2500,2500
1821,2026-06-09,Tienda Mall,Maní,Snacks,1,1200,1200
1821,2026-06-09,Tienda Mall,Papas fritas,Snacks,1,1800,1800
1822,2026-07-19,Tienda Centro,Agua mineral,Bebidas,1,900,900
1823,2026-07-13,Tienda Centro,Cerveza,Alcohol,1,3500,3500
1823,2026-07-13,Tienda Centro,Detergente,Limpieza,1,5500,5500
1823,2026-07-13,Tienda Centro,Maní,Snacks,1,1200,1200
1824,2026-06-21,Tienda Centro,Cloro,Limpieza,2,1400,2800
1824,2026-06-21,Tienda Centro,Detergente,Limpieza,1,5500,5500
1824,2026-06-21,Tienda Centro,Esponjas,Limpieza,2,1200,2400
1825,2026-07-31,Tienda Sur,Bebida cola,Bebidas,1,1500,1500
1825,2026-07-31,Tienda Sur,Cerveza,Alcohol,1,3500,3500
1825,2026-07-31,Tienda Sur,Maní,Snacks,1,1200,1200
1826,2026-05-24,Tienda Sur,Café,Café/Té,1,4000,4000
1826,2026-05-24,Tienda Sur,Papas fritas,Snacks,1,1800,1800
1826,2026-05-24,Tienda Sur,Toallitas húmedas,Bebé,1,2200,2200
1827,2026-07-18,Tienda Mall,Maní,Snacks,1,1200,1200
1827,2026-07-18,Tienda Mall,Papas fritas,Snacks,1,1800,1800
1827,2026-07-18,Tienda Mall,Toallitas húmedas,Bebé,1,2200,2200
1828,2026-07-07,Tienda Centro,Azúcar,Café/Té,1,1300,1300
1828,2026-07-07,Tienda Centro,Café,Café/Té,1,4000,4000
1828,2026-07-07,Tienda Centro,Galletas,Snacks,1,1000,1000
1829,2026-06-11,Tienda Sur,Esponjas,Limpieza,3,1200,3600
1829,2026-06-11,Tienda Sur,Queso,Lácteos,1,4500,4500
1830,2026-08-04,Tienda Sur,Leche,Lácteos,1,1200,1200
1830,2026-08-04,Tienda Sur,Toallitas húmedas,Bebé,1,2200,2200
1831,2026-06-22,Tienda Norte,Cloro,Limpieza,1,1400,1400
1831,2026-06-22,Tienda Norte,Mantequilla,Lácteos,2,2500,5000
1831,2026-06-22,Tienda Norte,Pan molde,Panadería,2,1800,3600
1831,2026-06-22,Tienda Norte,Queso,Lácteos,1,4500,4500
1832,2026-07-11,Tienda Centro,Cloro,Limpieza,3,1400,4200
1832,2026-07-11,Tienda Centro,Detergente,Limpieza,3,5500,16500
1832,2026-07-11,Tienda Centro,Mantequilla,Lácteos,2,2500,5000
1832,2026-07-11,Tienda Centro,Pan molde,Panadería,1,1800,1800
1833,2026-08-15,Tienda Mall,Croissant,Panadería,1,900,900
1833,2026-08-15,Tienda Mall,Galletas,Snacks,3,1000,3000
1833,2026-08-15,Tienda Mall,Leche,Lácteos,3,1200,3600
1833,2026-08-15,Tienda Mall,Pan molde,Panadería,1,1800,1800
1834,2026-05-29,Tienda Mall,Azúcar,Café/Té,1,1300,1300
1834,2026-05-29,Tienda Mall,Jugo naranja,Bebidas,1,1600,1600
1834,2026-05-29,Tienda Mall,Mantequilla,Lácteos,3,2500,7500
1835,2026-07-04,Tienda Norte,Azúcar,Café/Té,3,1300,3900
1835,2026-07-04,Tienda Norte,Galletas,Snacks,1,1000,1000
1835,2026-07-04,Tienda Norte,Té,Café/Té,1,2500,2500
1836,2026-05-23,Tienda Sur,Azúcar,Café/Té,2,1300,2600
1836,2026-05-23,Tienda Sur,Café,Café/Té,1,4000,4000
1836,2026-05-23,Tienda Sur,Maní,Snacks,1,1200,1200
1837,2026-07-31,Tienda Centro,Croissant,Panadería,2,900,1800
1837,2026-07-31,Tienda Centro,Papas fritas,Snacks,1,1800,1800
1838,2026-06-09,Tienda Mall,Agua mineral,Bebidas,2,900,1800
1838,2026-06-09,Tienda Mall,Pañales,Bebé,1,8000,8000
1838,2026-06-09,Tienda Mall,Toallitas húmedas,Bebé,2,2200,4400
1838,2026-06-09,Tienda Mall,Yogurt,Lácteos,1,800,800
1839,2026-08-13,Tienda Mall,Agua mineral,Bebidas,2,900,1800
1839,2026-08-13,Tienda Mall,Mantequilla,Lácteos,1,2500,2500
1839,2026-08-13,Tienda Mall,Pan hallulla,Panadería,1,1500,1500
1839,2026-08-13,Tienda Mall,Pañales,Bebé,1,8000,8000
1839,2026-08-13,Tienda Mall,Toallitas húmedas,Bebé,2,2200,4400
1840,2026-08-10,Tienda Norte,Jugo naranja,Bebidas,1,1600,1600
1841,2026-08-16,Tienda Norte,Papas fritas,Snacks,3,1800,5400
1841,2026-08-16,Tienda Norte,Queso,Lácteos,1,4500,4500
1841,2026-08-16,Tienda Norte,Vino tinto,Alcohol,2,5000,10000
1842,2026-08-12,Tienda Mall,Cloro,Limpieza,1,1400,1400
1842,2026-08-12,Tienda Mall,Detergente,Limpieza,1,5500,5500
1843,2026-08-06,Tienda Mall,Agua mineral,Bebidas,1,900,900
1843,2026-08-06,Tienda Mall,Bebida cola,Bebidas,1,1500,1500
1844,2026-07-24,Tienda Sur,Galletas,Snacks,1,1000,1000
1845,2026-07-30,Tienda Sur,Mantequilla,Lácteos,1,2500,2500
1846,2026-07-04,Tienda Norte,Agua mineral,Bebidas,1,900,900
1846,2026-07-04,Tienda Norte,Azúcar,Café/Té,1,1300,1300
1846,2026-07-04,Tienda Norte,Maní,Snacks,3,1200,3600
1847,2026-06-17,Tienda Sur,Azúcar,Café/Té,1,1300,1300
1847,2026-06-17,Tienda Sur,Esponjas,Limpieza,1,1200,1200
1848,2026-07-14,Tienda Norte,Azúcar,Café/Té,1,1300,1300
1848,2026-07-14,Tienda Norte,Café,Café/Té,1,4000,4000
1848,2026-07-14,Tienda Norte,Mantequilla,Lácteos,1,2500,2500
1848,2026-07-14,Tienda Norte,Papas fritas,Snacks,1,1800,1800
1848,2026-07-14,Tienda Norte,Té,Café/Té,2,2500,5000
1849,2026-08-03,Tienda Norte,Detergente,Limpieza,2,5500,11000
1849,2026-08-03,Tienda Norte,Toallitas húmedas,Bebé,2,2200,4400
1850,2026-06-02,Tienda Norte,Mantequilla,Lácteos,1,2500,2500
1850,2026-06-02,Tienda Norte,Maní,Snacks,1,1200,1200
1850,2026-06-02,Tienda Norte,Pan molde,Panadería,1,1800,1800
1851,2026-06-01,Tienda Mall,Esponjas,Limpieza,3,1200,3600
1851,2026-06-01,Tienda Mall,Pan molde,Panadería,2,1800,3600
1852,2026-07-22,Tienda Norte,Leche,Lácteos,1,1200,1200
1852,2026-07-22,Tienda Norte,Toallitas húmedas,Bebé,1,2200,2200
1853,2026-06-13,Tienda Sur,Cerveza,Alcohol,2,3500,7000
1853,2026-06-13,Tienda Sur,Maní,Snacks,1,1200,1200
1853,2026-06-13,Tienda Sur,Pañales,Bebé,2,8000,16000
1853,2026-06-13,Tienda Sur,Toallitas húmedas,Bebé,2,2200,4400
1854,2026-07-25,Tienda Norte,Azúcar,Café/Té,1,1300,1300
1854,2026-07-25,Tienda Norte,Pañales,Bebé,3,8000,24000
1854,2026-07-25,Tienda Norte,Toallitas húmedas,Bebé,2,2200,4400
1855,2026-07-10,Tienda Mall,Agua mineral,Bebidas,1,900,900
1855,2026-07-10,Tienda Mall,Leche,Lácteos,1,1200,1200
1855,2026-07-10,Tienda Mall,Mantequilla,Lácteos,1,2500,2500
1856,2026-06-02,Tienda Norte,Papas fritas,Snacks,1,1800,1800
1856,2026-06-02,Tienda Norte,Toallitas húmedas,Bebé,3,2200,6600
1856,2026-06-02,Tienda Norte,Yogurt,Lácteos,1,800,800
1857,2026-08-06,Tienda Norte,Esponjas,Limpieza,3,1200,3600
1857,2026-08-06,Tienda Norte,Papas fritas,Snacks,1,1800,1800
1857,2026-08-06,Tienda Norte,Pañales,Bebé,1,8000,8000
1857,2026-08-06,Tienda Norte,Toallitas húmedas,Bebé,2,2200,4400
1858,2026-05-31,Tienda Sur,Agua mineral,Bebidas,1,900,900
1858,2026-05-31,Tienda Sur,Cerveza,Alcohol,1,3500,3500
1858,2026-05-31,Tienda Sur,Maní,Snacks,1,1200,1200
1859,2026-06-12,Tienda Centro,Bebida cola,Bebidas,1,1500,1500
1859,2026-06-12,Tienda Centro,Café,Café/Té,1,4000,4000
1859,2026-06-12,Tienda Centro,Queso,Lácteos,1,4500,4500
1859,2026-06-12,Tienda Centro,Vino tinto,Alcohol,1,5000,5000
1860,2026-08-04,Tienda Mall,Bebida cola,Bebidas,1,1500,1500
1860,2026-08-04,Tienda Mall,Cerveza,Alcohol,1,3500,3500
1860,2026-08-04,Tienda Mall,Maní,Snacks,1,1200,1200
1861,2026-05-27,Tienda Mall,Mantequilla,Lácteos,1,2500,2500
1861,2026-05-27,Tienda Mall,Pan hallulla,Panadería,1,1500,1500
1861,2026-05-27,Tienda Mall,Pan molde,Panadería,1,1800,1800
1861,2026-05-27,Tienda Mall,Queso,Lácteos,1,4500,4500
1862,2026-07-07,Tienda Mall,Agua mineral,Bebidas,1,900,900
1862,2026-07-07,Tienda Mall,Azúcar,Café/Té,1,1300,1300
1862,2026-07-07,Tienda Mall,Toallitas húmedas,Bebé,1,2200,2200
1863,2026-07-14,Tienda Sur,Jugo naranja,Bebidas,1,1600,1600
1864,2026-07-05,Tienda Mall,Azúcar,Café/Té,1,1300,1300
1864,2026-07-05,Tienda Mall,Cerveza,Alcohol,2,3500,7000
1864,2026-07-05,Tienda Mall,Mantequilla,Lácteos,2,2500,5000
1864,2026-07-05,Tienda Mall,Pan molde,Panadería,1,1800,1800
1864,2026-07-05,Tienda Mall,Papas fritas,Snacks,1,1800,1800
1864,2026-07-05,Tienda Mall,Queso,Lácteos,2,4500,9000
1865,2026-07-06,Tienda Sur,Cloro,Limpieza,2,1400,2800
1865,2026-07-06,Tienda Sur,Detergente,Limpieza,1,5500,5500
1865,2026-07-06,Tienda Sur,Mantequilla,Lácteos,1,2500,2500
1865,2026-07-06,Tienda Sur,Papas fritas,Snacks,1,1800,1800
1866,2026-08-05,Tienda Sur,Mantequilla,Lácteos,1,2500,2500
1866,2026-08-05,Tienda Sur,Pan hallulla,Panadería,1,1500,1500
1866,2026-08-05,Tienda Sur,Pan molde,Panadería,3,1800,5400
1866,2026-08-05,Tienda Sur,Queso,Lácteos,2,4500,9000
1867,2026-07-13,Tienda Mall,Azúcar,Café/Té,1,1300,1300
1867,2026-07-13,Tienda Mall,Café,Café/Té,1,4000,4000
1867,2026-07-13,Tienda Mall,Jugo naranja,Bebidas,1,1600,1600
1867,2026-07-13,Tienda Mall,Papas fritas,Snacks,1,1800,1800
1868,2026-06-01,Tienda Centro,Agua mineral,Bebidas,1,900,900
1868,2026-06-01,Tienda Centro,Azúcar,Café/Té,1,1300,1300
1868,2026-06-01,Tienda Centro,Té,Café/Té,1,2500,2500
1869,2026-07-27,Tienda Centro,Pañales,Bebé,2,8000,16000
1869,2026-07-27,Tienda Centro,Toallitas húmedas,Bebé,3,2200,6600
1870,2026-06-05,Tienda Norte,Pañales,Bebé,3,8000,24000
1870,2026-06-05,Tienda Norte,Toallitas húmedas,Bebé,2,2200,4400
1870,2026-06-05,Tienda Norte,Yogurt,Lácteos,3,800,2400
1871,2026-06-23,Tienda Mall,Esponjas,Limpieza,1,1200,1200
1872,2026-06-22,Tienda Norte,Croissant,Panadería,2,900,1800
1872,2026-06-22,Tienda Norte,Mantequilla,Lácteos,2,2500,5000
1872,2026-06-22,Tienda Norte,Maní,Snacks,1,1200,1200
1873,2026-07-26,Tienda Sur,Azúcar,Café/Té,2,1300,2600
1873,2026-07-26,Tienda Sur,Café,Café/Té,1,4000,4000
1873,2026-07-26,Tienda Sur,Cerveza,Alcohol,1,3500,3500
1873,2026-07-26,Tienda Sur,Maní,Snacks,3,1200,3600
1873,2026-07-26,Tienda Sur,Papas fritas,Snacks,1,1800,1800
1874,2026-07-06,Tienda Sur,Jugo naranja,Bebidas,1,1600,1600
1874,2026-07-06,Tienda Sur,Leche,Lácteos,1,1200,1200
1874,2026-07-06,Tienda Sur,Mantequilla,Lácteos,1,2500,2500
1874,2026-07-06,Tienda Sur,Yogurt,Lácteos,1,800,800
1875,2026-06-21,Tienda Sur,Agua mineral,Bebidas,1,900,900
1875,2026-06-21,Tienda Sur,Cloro,Limpieza,1,1400,1400
1875,2026-06-21,Tienda Sur,Pan hallulla,Panadería,1,1500,1500
1875,2026-06-21,Tienda Sur,Queso,Lácteos,2,4500,9000
1876,2026-06-14,Tienda Centro,Queso,Lácteos,1,4500,4500
1877,2026-07-16,Tienda Sur,Café,Café/Té,3,4000,12000
1877,2026-07-16,Tienda Sur,Cloro,Limpieza,1,1400,1400
1877,2026-07-16,Tienda Sur,Toallitas húmedas,Bebé,2,2200,4400
1878,2026-07-09,Tienda Norte,Detergente,Limpieza,1,5500,5500
1878,2026-07-09,Tienda Norte,Jugo naranja,Bebidas,1,1600,1600
1879,2026-07-30,Tienda Mall,Café,Café/Té,2,4000,8000
1879,2026-07-30,Tienda Mall,Croissant,Panadería,1,900,900
1879,2026-07-30,Tienda Mall,Queso,Lácteos,1,4500,4500
1879,2026-07-30,Tienda Mall,Vino tinto,Alcohol,1,5000,5000
1880,2026-05-25,Tienda Sur,Cloro,Limpieza,2,1400,2800
1880,2026-05-25,Tienda Sur,Detergente,Limpieza,1,5500,5500
1880,2026-05-25,Tienda Sur,Queso,Lácteos,2,4500,9000
1881,2026-07-23,Tienda Norte,Bebida cola,Bebidas,2,1500,3000
1881,2026-07-23,Tienda Norte,Cerveza,Alcohol,2,3500,7000
1881,2026-07-23,Tienda Norte,Papas fritas,Snacks,2,1800,3600
1882,2026-06-02,Tienda Centro,Azúcar,Café/Té,1,1300,1300
1882,2026-06-02,Tienda Centro,Café,Café/Té,1,4000,4000
1882,2026-06-02,Tienda Centro,Galletas,Snacks,3,1000,3000
1882,2026-06-02,Tienda Centro,Papas fritas,Snacks,1,1800,1800
1883,2026-06-21,Tienda Sur,Maní,Snacks,1,1200,1200
1883,2026-06-21,Tienda Sur,Pan hallulla,Panadería,1,1500,1500
1883,2026-06-21,Tienda Sur,Queso,Lácteos,1,4500,4500
1884,2026-08-05,Tienda Norte,Azúcar,Café/Té,1,1300,1300
1884,2026-08-05,Tienda Norte,Leche,Lácteos,1,1200,1200
1885,2026-08-13,Tienda Sur,Leche,Lácteos,1,1200,1200
1885,2026-08-13,Tienda Sur,Toallitas húmedas,Bebé,1,2200,2200
1886,2026-07-23,Tienda Sur,Papas fritas,Snacks,1,1800,1800
1886,2026-07-23,Tienda Sur,Pañales,Bebé,2,8000,16000
1886,2026-07-23,Tienda Sur,Toallitas húmedas,Bebé,2,2200,4400
1887,2026-08-16,Tienda Centro,Azúcar,Café/Té,1,1300,1300
1887,2026-08-16,Tienda Centro,Café,Café/Té,1,4000,4000
1887,2026-08-16,Tienda Centro,Cerveza,Alcohol,1,3500,3500
1887,2026-08-16,Tienda Centro,Galletas,Snacks,1,1000,1000
1887,2026-08-16,Tienda Centro,Maní,Snacks,1,1200,1200
1887,2026-08-16,Tienda Centro,Papas fritas,Snacks,2,1800,3600
1888,2026-08-04,Tienda Mall,Agua mineral,Bebidas,2,900,1800
1888,2026-08-04,Tienda Mall,Mantequilla,Lácteos,2,2500,5000
1888,2026-08-04,Tienda Mall,Yogurt,Lácteos,1,800,800
1889,2026-08-03,Tienda Mall,Bebida cola,Bebidas,2,1500,3000
1889,2026-08-03,Tienda Mall,Papas fritas,Snacks,1,1800,1800
1890,2026-06-03,Tienda Mall,Yogurt,Lácteos,3,800,2400
1891,2026-07-31,Tienda Norte,Azúcar,Café/Té,1,1300,1300
1891,2026-07-31,Tienda Norte,Cerveza,Alcohol,1,3500,3500
1891,2026-07-31,Tienda Norte,Esponjas,Limpieza,1,1200,1200
1891,2026-07-31,Tienda Norte,Mantequilla,Lácteos,1,2500,2500
1891,2026-07-31,Tienda Norte,Pan hallulla,Panadería,1,1500,1500
1891,2026-07-31,Tienda Norte,Pañales,Bebé,1,8000,8000
1891,2026-07-31,Tienda Norte,Queso,Lácteos,1,4500,4500
1891,2026-07-31,Tienda Norte,Toallitas húmedas,Bebé,1,2200,2200
1891,2026-07-31,Tienda Norte,Té,Café/Té,1,2500,2500
1892,2026-08-08,Tienda Mall,Azúcar,Café/Té,1,1300,1300
1892,2026-08-08,Tienda Mall,Leche,Lácteos,2,1200,2400
1892,2026-08-08,Tienda Mall,Mantequilla,Lácteos,1,2500,2500
1892,2026-08-08,Tienda Mall,Pan molde,Panadería,2,1800,3600
1892,2026-08-08,Tienda Mall,Queso,Lácteos,1,4500,4500
1893,2026-07-29,Tienda Sur,Bebida cola,Bebidas,2,1500,3000
1893,2026-07-29,Tienda Sur,Croissant,Panadería,1,900,900
1893,2026-07-29,Tienda Sur,Detergente,Limpieza,1,5500,5500
1893,2026-07-29,Tienda Sur,Esponjas,Limpieza,1,1200,1200
1893,2026-07-29,Tienda Sur,Pañales,Bebé,2,8000,16000
1893,2026-07-29,Tienda Sur,Toallitas húmedas,Bebé,1,2200,2200
1894,2026-08-14,Tienda Centro,Queso,Lácteos,2,4500,9000
1895,2026-05-22,Tienda Mall,Mantequilla,Lácteos,3,2500,7500
1895,2026-05-22,Tienda Mall,Pan molde,Panadería,3,1800,5400
1895,2026-05-22,Tienda Mall,Papas fritas,Snacks,1,1800,1800
1895,2026-05-22,Tienda Mall,Yogurt,Lácteos,1,800,800
1896,2026-05-29,Tienda Sur,Esponjas,Limpieza,1,1200,1200
1897,2026-07-14,Tienda Mall,Croissant,Panadería,1,900,900
1897,2026-07-14,Tienda Mall,Pan molde,Panadería,2,1800,3600
1898,2026-05-31,Tienda Norte,Azúcar,Café/Té,2,1300,2600
1898,2026-05-31,Tienda Norte,Cerveza,Alcohol,1,3500,3500
1898,2026-05-31,Tienda Norte,Galletas,Snacks,1,1000,1000
1898,2026-05-31,Tienda Norte,Mantequilla,Lácteos,1,2500,2500
1898,2026-05-31,Tienda Norte,Pan molde,Panadería,2,1800,3600
1899,2026-06-13,Tienda Mall,Jugo naranja,Bebidas,1,1600,1600
1899,2026-06-13,Tienda Mall,Queso,Lácteos,1,4500,4500
1900,2026-07-31,Tienda Mall,Toallitas húmedas,Bebé,1,2200,2200
1901,2026-05-21,Tienda Norte,Azúcar,Café/Té,1,1300,1300
1901,2026-05-21,Tienda Norte,Té,Café/Té,1,2500,2500
1902,2026-08-15,Tienda Mall,Croissant,Panadería,1,900,900
1902,2026-08-15,Tienda Mall,Pan molde,Panadería,1,1800,1800
1902,2026-08-15,Tienda Mall,Queso,Lácteos,1,4500,4500
1902,2026-08-15,Tienda Mall,Vino tinto,Alcohol,1,5000,5000
1903,2026-08-16,Tienda Norte,Croissant,Panadería,1,900,900
1904,2026-08-17,Tienda Sur,Azúcar,Café/Té,1,1300,1300
1904,2026-08-17,Tienda Sur,Detergente,Limpieza,3,5500,16500
1904,2026-08-17,Tienda Sur,Té,Café/Té,1,2500,2500
1905,2026-05-20,Tienda Sur,Cerveza,Alcohol,1,3500,3500
1905,2026-05-20,Tienda Sur,Croissant,Panadería,1,900,900
1905,2026-05-20,Tienda Sur,Galletas,Snacks,1,1000,1000
1905,2026-05-20,Tienda Sur,Maní,Snacks,2,1200,2400
1905,2026-05-20,Tienda Sur,Vino tinto,Alcohol,1,5000,5000
1906,2026-07-08,Tienda Norte,Azúcar,Café/Té,2,1300,2600
1906,2026-07-08,Tienda Norte,Cloro,Limpieza,1,1400,1400
1906,2026-07-08,Tienda Norte,Leche,Lácteos,1,1200,1200
1907,2026-05-31,Tienda Mall,Agua mineral,Bebidas,1,900,900
1907,2026-05-31,Tienda Mall,Mantequilla,Lácteos,1,2500,2500
1907,2026-05-31,Tienda Mall,Maní,Snacks,1,1200,1200
1907,2026-05-31,Tienda Mall,Yogurt,Lácteos,1,800,800
1908,2026-05-26,Tienda Sur,Agua mineral,Bebidas,1,900,900
1908,2026-05-26,Tienda Sur,Mantequilla,Lácteos,1,2500,2500
1908,2026-05-26,Tienda Sur,Queso,Lácteos,1,4500,4500
1908,2026-05-26,Tienda Sur,Vino tinto,Alcohol,2,5000,10000
1909,2026-05-25,Tienda Sur,Azúcar,Café/Té,1,1300,1300
1909,2026-05-25,Tienda Sur,Mantequilla,Lácteos,1,2500,2500
1909,2026-05-25,Tienda Sur,Té,Café/Té,2,2500,5000
1910,2026-07-22,Tienda Centro,Croissant,Panadería,1,900,900
1910,2026-07-22,Tienda Centro,Pan hallulla,Panadería,1,1500,1500
1910,2026-07-22,Tienda Centro,Pan molde,Panadería,1,1800,1800
1910,2026-07-22,Tienda Centro,Queso,Lácteos,2,4500,9000
1911,2026-06-24,Tienda Mall,Azúcar,Café/Té,2,1300,2600
1911,2026-06-24,Tienda Mall,Toallitas húmedas,Bebé,2,2200,4400
1911,2026-06-24,Tienda Mall,Té,Café/Té,1,2500,2500
1911,2026-06-24,Tienda Mall,Yogurt,Lácteos,1,800,800
1912,2026-07-25,Tienda Norte,Agua mineral,Bebidas,2,900,1800
1913,2026-06-19,Tienda Centro,Maní,Snacks,1,1200,1200
1914,2026-07-28,Tienda Sur,Croissant,Panadería,1,900,900
1915,2026-07-03,Tienda Centro,Cerveza,Alcohol,1,3500,3500
1915,2026-07-03,Tienda Centro,Pañales,Bebé,1,8000,8000
1915,2026-07-03,Tienda Centro,Toallitas húmedas,Bebé,2,2200,4400
1916,2026-08-12,Tienda Centro,Croissant,Panadería,2,900,1800
1916,2026-08-12,Tienda Centro,Maní,Snacks,1,1200,1200
1917,2026-07-05,Tienda Norte,Cerveza,Alcohol,1,3500,3500
1917,2026-07-05,Tienda Norte,Galletas,Snacks,1,1000,1000
1917,2026-07-05,Tienda Norte,Mantequilla,Lácteos,3,2500,7500
1917,2026-07-05,Tienda Norte,Pan hallulla,Panadería,1,1500,1500
1917,2026-07-05,Tienda Norte,Pañales,Bebé,2,8000,16000
1917,2026-07-05,Tienda Norte,Toallitas húmedas,Bebé,3,2200,6600
1918,2026-05-31,Tienda Sur,Cerveza,Alcohol,1,3500,3500
1918,2026-05-31,Tienda Sur,Esponjas,Limpieza,1,1200,1200
1918,2026-05-31,Tienda Sur,Papas fritas,Snacks,1,1800,1800
1919,2026-08-03,Tienda Norte,Mantequilla,Lácteos,1,2500,2500
1919,2026-08-03,Tienda Norte,Maní,Snacks,1,1200,1200
1919,2026-08-03,Tienda Norte,Vino tinto,Alcohol,1,5000,5000
1920,2026-05-31,Tienda Norte,Azúcar,Café/Té,1,1300,1300
1920,2026-05-31,Tienda Norte,Croissant,Panadería,2,900,1800
1920,2026-05-31,Tienda Norte,Jugo naranja,Bebidas,2,1600,3200
1920,2026-05-31,Tienda Norte,Queso,Lácteos,1,4500,4500
1921,2026-07-01,Tienda Centro,Azúcar,Café/Té,1,1300,1300
1922,2026-07-10,Tienda Norte,Croissant,Panadería,1,900,900
1922,2026-07-10,Tienda Norte,Galletas,Snacks,2,1000,2000
1922,2026-07-10,Tienda Norte,Jugo naranja,Bebidas,2,1600,3200
1923,2026-07-05,Tienda Mall,Bebida cola,Bebidas,1,1500,1500
1923,2026-07-05,Tienda Mall,Cerveza,Alcohol,1,3500,3500
1923,2026-07-05,Tienda Mall,Maní,Snacks,1,1200,1200
1924,2026-05-24,Tienda Mall,Azúcar,Café/Té,1,1300,1300
1924,2026-05-24,Tienda Mall,Pañales,Bebé,1,8000,8000
1924,2026-05-24,Tienda Mall,Toallitas húmedas,Bebé,1,2200,2200
1925,2026-06-13,Tienda Sur,Bebida cola,Bebidas,1,1500,1500
1925,2026-06-13,Tienda Sur,Cerveza,Alcohol,2,3500,7000
1925,2026-06-13,Tienda Sur,Detergente,Limpieza,3,5500,16500
1925,2026-06-13,Tienda Sur,Esponjas,Limpieza,2,1200,2400
1925,2026-06-13,Tienda Sur,Maní,Snacks,1,1200,1200
1925,2026-06-13,Tienda Sur,Papas fritas,Snacks,1,1800,1800
1926,2026-07-01,Tienda Sur,Papas fritas,Snacks,1,1800,1800
1927,2026-07-31,Tienda Norte,Pan hallulla,Panadería,1,1500,1500
1927,2026-07-31,Tienda Norte,Pan molde,Panadería,1,1800,1800
1927,2026-07-31,Tienda Norte,Queso,Lácteos,2,4500,9000
1927,2026-07-31,Tienda Norte,Toallitas húmedas,Bebé,1,2200,2200
1928,2026-08-04,Tienda Centro,Croissant,Panadería,2,900,1800
1928,2026-08-04,Tienda Centro,Galletas,Snacks,3,1000,3000
1928,2026-08-04,Tienda Centro,Leche,Lácteos,1,1200,1200
1929,2026-08-15,Tienda Centro,Jugo naranja,Bebidas,2,1600,3200
1930,2026-07-15,Tienda Mall,Esponjas,Limpieza,1,1200,1200
1931,2026-08-09,Tienda Centro,Toallitas húmedas,Bebé,1,2200,2200
1931,2026-08-09,Tienda Centro,Vino tinto,Alcohol,2,5000,10000
1932,2026-06-23,Tienda Centro,Cloro,Limpieza,1,1400,1400
1932,2026-06-23,Tienda Centro,Croissant,Panadería,2,900,1800
1932,2026-06-23,Tienda Centro,Mantequilla,Lácteos,1,2500,2500
1932,2026-06-23,Tienda Centro,Pan molde,Panadería,2,1800,3600
1933,2026-05-27,Tienda Centro,Maní,Snacks,2,1200,2400
1934,2026-08-17,Tienda Centro,Leche,Lácteos,1,1200,1200
1935,2026-06-12,Tienda Sur,Agua mineral,Bebidas,1,900,900
1935,2026-06-12,Tienda Sur,Cloro,Limpieza,2,1400,2800
1935,2026-06-12,Tienda Sur,Detergente,Limpieza,1,5500,5500
1935,2026-06-12,Tienda Sur,Pañales,Bebé,1,8000,8000
1935,2026-06-12,Tienda Sur,Toallitas húmedas,Bebé,1,2200,2200
1936,2026-06-05,Tienda Mall,Pan hallulla,Panadería,1,1500,1500
1936,2026-06-05,Tienda Mall,Queso,Lácteos,1,4500,4500
1936,2026-06-05,Tienda Mall,Vino tinto,Alcohol,2,5000,10000
1937,2026-05-28,Tienda Centro,Papas fritas,Snacks,1,1800,1800
1938,2026-08-14,Tienda Norte,Esponjas,Limpieza,1,1200,1200
1938,2026-08-14,Tienda Norte,Mantequilla,Lácteos,1,2500,2500
1938,2026-08-14,Tienda Norte,Pan molde,Panadería,1,1800,1800
1938,2026-08-14,Tienda Norte,Pañales,Bebé,3,8000,24000
1938,2026-08-14,Tienda Norte,Queso,Lácteos,1,4500,4500
1938,2026-08-14,Tienda Norte,Toallitas húmedas,Bebé,1,2200,2200
1939,2026-06-27,Tienda Centro,Cerveza,Alcohol,1,3500,3500
1939,2026-06-27,Tienda Centro,Detergente,Limpieza,1,5500,5500
1939,2026-06-27,Tienda Centro,Maní,Snacks,1,1200,1200
1939,2026-06-27,Tienda Centro,Toallitas húmedas,Bebé,1,2200,2200
1939,2026-06-27,Tienda Centro,Yogurt,Lácteos,1,800,800
1940,2026-05-27,Tienda Mall,Detergente,Limpieza,1,5500,5500
1940,2026-05-27,Tienda Mall,Mantequilla,Lácteos,1,2500,2500
1940,2026-05-27,Tienda Mall,Pan molde,Panadería,2,1800,3600
1940,2026-05-27,Tienda Mall,Papas fritas,Snacks,2,1800,3600
1940,2026-05-27,Tienda Mall,Pañales,Bebé,3,8000,24000
1940,2026-05-27,Tienda Mall,Toallitas húmedas,Bebé,1,2200,2200
1941,2026-08-16,Tienda Norte,Cloro,Limpieza,1,1400,1400
1941,2026-08-16,Tienda Norte,Pañales,Bebé,3,8000,24000
1941,2026-08-16,Tienda Norte,Queso,Lácteos,2,4500,9000
1942,2026-05-22,Tienda Centro,Galletas,Snacks,2,1000,2000
1942,2026-05-22,Tienda Centro,Papas fritas,Snacks,2,1800,3600
1943,2026-07-01,Tienda Sur,Yogurt,Lácteos,1,800,800
1944,2026-05-21,Tienda Centro,Cerveza,Alcohol,1,3500,3500
1944,2026-05-21,Tienda Centro,Papas fritas,Snacks,1,1800,1800
1945,2026-07-27,Tienda Sur,Pan hallulla,Panadería,1,1500,1500
1946,2026-06-08,Tienda Norte,Cerveza,Alcohol,1,3500,3500
1946,2026-06-08,Tienda Norte,Jugo naranja,Bebidas,1,1600,1600
1946,2026-06-08,Tienda Norte,Leche,Lácteos,2,1200,2400
1946,2026-06-08,Tienda Norte,Papas fritas,Snacks,1,1800,1800
1947,2026-08-14,Tienda Centro,Detergente,Limpieza,1,5500,5500
1947,2026-08-14,Tienda Centro,Pan molde,Panadería,1,1800,1800
1948,2026-06-03,Tienda Centro,Bebida cola,Bebidas,1,1500,1500
1948,2026-06-03,Tienda Centro,Galletas,Snacks,1,1000,1000
1949,2026-08-14,Tienda Sur,Azúcar,Café/Té,1,1300,1300
1949,2026-08-14,Tienda Sur,Cerveza,Alcohol,1,3500,3500
1949,2026-08-14,Tienda Sur,Galletas,Snacks,2,1000,2000
1949,2026-08-14,Tienda Sur,Papas fritas,Snacks,2,1800,3600
1949,2026-08-14,Tienda Sur,Pañales,Bebé,1,8000,8000
1950,2026-07-09,Tienda Centro,Bebida cola,Bebidas,2,1500,3000
1950,2026-07-09,Tienda Centro,Maní,Snacks,2,1200,2400
1951,2026-08-16,Tienda Norte,Azúcar,Café/Té,3,1300,3900
1951,2026-08-16,Tienda Norte,Queso,Lácteos,2,4500,9000
1951,2026-08-16,Tienda Norte,Té,Café/Té,1,2500,2500
1951,2026-08-16,Tienda Norte,Vino tinto,Alcohol,1,5000,5000
1952,2026-07-15,Tienda Centro,Vino tinto,Alcohol,1,5000,5000
1953,2026-07-29,Tienda Centro,Maní,Snacks,2,1200,2400
1954,2026-06-10,Tienda Centro,Cloro,Limpieza,1,1400,1400
1954,2026-06-10,Tienda Centro,Toallitas húmedas,Bebé,2,2200,4400
1954,2026-06-10,Tienda Centro,Yogurt,Lácteos,1,800,800
1955,2026-06-04,Tienda Mall,Cerveza,Alcohol,1,3500,3500
1955,2026-06-04,Tienda Mall,Cloro,Limpieza,1,1400,1400
1955,2026-06-04,Tienda Mall,Pañales,Bebé,1,8000,8000
1955,2026-06-04,Tienda Mall,Queso,Lácteos,1,4500,4500
1955,2026-06-04,Tienda Mall,Toallitas húmedas,Bebé,2,2200,4400
1955,2026-06-04,Tienda Mall,Vino tinto,Alcohol,2,5000,10000
1956,2026-07-31,Tienda Mall,Café,Café/Té,1,4000,4000
1956,2026-07-31,Tienda Mall,Esponjas,Limpieza,2,1200,2400
1956,2026-07-31,Tienda Mall,Yogurt,Lácteos,2,800,1600
1957,2026-07-02,Tienda Norte,Esponjas,Limpieza,2,1200,2400
1957,2026-07-02,Tienda Norte,Toallitas húmedas,Bebé,1,2200,2200
1958,2026-07-07,Tienda Norte,Azúcar,Café/Té,1,1300,1300
1958,2026-07-07,Tienda Norte,Café,Café/Té,1,4000,4000
1958,2026-07-07,Tienda Norte,Pañales,Bebé,1,8000,8000
1959,2026-07-24,Tienda Norte,Azúcar,Café/Té,1,1300,1300
1959,2026-07-24,Tienda Norte,Café,Café/Té,1,4000,4000
1959,2026-07-24,Tienda Norte,Galletas,Snacks,1,1000,1000
1960,2026-08-08,Tienda Norte,Mantequilla,Lácteos,1,2500,2500
1961,2026-05-31,Tienda Sur,Agua mineral,Bebidas,2,900,1800
1961,2026-05-31,Tienda Sur,Cloro,Limpieza,1,1400,1400
1961,2026-05-31,Tienda Sur,Detergente,Limpieza,1,5500,5500
1961,2026-05-31,Tienda Sur,Esponjas,Limpieza,1,1200,1200
1962,2026-07-05,Tienda Norte,Cloro,Limpieza,1,1400,1400
1962,2026-07-05,Tienda Norte,Detergente,Limpieza,3,5500,16500
1962,2026-07-05,Tienda Norte,Esponjas,Limpieza,1,1200,1200
1962,2026-07-05,Tienda Norte,Mantequilla,Lácteos,2,2500,5000
1963,2026-06-08,Tienda Norte,Esponjas,Limpieza,1,1200,1200
1963,2026-06-08,Tienda Norte,Galletas,Snacks,2,1000,2000
1963,2026-06-08,Tienda Norte,Mantequilla,Lácteos,1,2500,2500
1964,2026-06-02,Tienda Norte,Pan hallulla,Panadería,1,1500,1500
1964,2026-06-02,Tienda Norte,Queso,Lácteos,1,4500,4500
1965,2026-05-26,Tienda Mall,Pan molde,Panadería,1,1800,1800
1965,2026-05-26,Tienda Mall,Queso,Lácteos,2,4500,9000
1966,2026-06-18,Tienda Mall,Papas fritas,Snacks,1,1800,1800
1966,2026-06-18,Tienda Mall,Vino tinto,Alcohol,1,5000,5000
1967,2026-06-05,Tienda Centro,Cloro,Limpieza,2,1400,2800
1967,2026-06-05,Tienda Centro,Detergente,Limpieza,3,5500,16500
1967,2026-06-05,Tienda Centro,Toallitas húmedas,Bebé,1,2200,2200
1967,2026-06-05,Tienda Centro,Yogurt,Lácteos,1,800,800
1968,2026-08-05,Tienda Centro,Azúcar,Café/Té,1,1300,1300
1968,2026-08-05,Tienda Centro,Pañales,Bebé,3,8000,24000
1968,2026-08-05,Tienda Centro,Toallitas húmedas,Bebé,1,2200,2200
1968,2026-08-05,Tienda Centro,Té,Café/Té,1,2500,2500
1968,2026-08-05,Tienda Centro,Yogurt,Lácteos,1,800,800
1969,2026-07-09,Tienda Norte,Croissant,Panadería,2,900,1800
1970,2026-06-14,Tienda Centro,Mantequilla,Lácteos,3,2500,7500
1970,2026-06-14,Tienda Centro,Pan molde,Panadería,1,1800,1800
1970,2026-06-14,Tienda Centro,Té,Café/Té,3,2500,7500
1971,2026-07-09,Tienda Mall,Bebida cola,Bebidas,2,1500,3000
1971,2026-07-09,Tienda Mall,Esponjas,Limpieza,1,1200,1200
1971,2026-07-09,Tienda Mall,Mantequilla,Lácteos,1,2500,2500
1971,2026-07-09,Tienda Mall,Pan hallulla,Panadería,1,1500,1500
1971,2026-07-09,Tienda Mall,Papas fritas,Snacks,2,1800,3600
1971,2026-07-09,Tienda Mall,Queso,Lácteos,2,4500,9000
1972,2026-06-27,Tienda Centro,Maní,Snacks,3,1200,3600
1972,2026-06-27,Tienda Centro,Papas fritas,Snacks,1,1800,1800
1973,2026-08-05,Tienda Norte,Maní,Snacks,1,1200,1200
1973,2026-08-05,Tienda Norte,Pañales,Bebé,1,8000,8000
1973,2026-08-05,Tienda Norte,Queso,Lácteos,1,4500,4500
1973,2026-08-05,Tienda Norte,Toallitas húmedas,Bebé,1,2200,2200
1973,2026-08-05,Tienda Norte,Vino tinto,Alcohol,2,5000,10000
1974,2026-06-04,Tienda Centro,Agua mineral,Bebidas,1,900,900
1974,2026-06-04,Tienda Centro,Mantequilla,Lácteos,1,2500,2500
1975,2026-06-06,Tienda Sur,Agua mineral,Bebidas,1,900,900
1975,2026-06-06,Tienda Sur,Azúcar,Café/Té,1,1300,1300
1975,2026-06-06,Tienda Sur,Cerveza,Alcohol,2,3500,7000
1975,2026-06-06,Tienda Sur,Esponjas,Limpieza,1,1200,1200
1975,2026-06-06,Tienda Sur,Maní,Snacks,2,1200,2400
1976,2026-08-04,Tienda Centro,Cloro,Limpieza,2,1400,2800
1976,2026-08-04,Tienda Centro,Detergente,Limpieza,1,5500,5500
1976,2026-08-04,Tienda Centro,Esponjas,Limpieza,1,1200,1200
1976,2026-08-04,Tienda Centro,Mantequilla,Lácteos,1,2500,2500
1976,2026-08-04,Tienda Centro,Maní,Snacks,1,1200,1200
1977,2026-06-14,Tienda Sur,Galletas,Snacks,3,1000,3000
1977,2026-06-14,Tienda Sur,Jugo naranja,Bebidas,1,1600,1600
1977,2026-06-14,Tienda Sur,Mantequilla,Lácteos,1,2500,2500
1978,2026-05-27,Tienda Sur,Agua mineral,Bebidas,3,900,2700
1978,2026-05-27,Tienda Sur,Bebida cola,Bebidas,1,1500,1500
1979,2026-08-16,Tienda Norte,Esponjas,Limpieza,2,1200,2400
1980,2026-08-13,Tienda Mall,Agua mineral,Bebidas,1,900,900
1980,2026-08-13,Tienda Mall,Queso,Lácteos,2,4500,9000
1980,2026-08-13,Tienda Mall,Vino tinto,Alcohol,2,5000,10000
1981,2026-07-31,Tienda Sur,Galletas,Snacks,1,1000,1000
1981,2026-07-31,Tienda Sur,Papas fritas,Snacks,2,1800,3600
1982,2026-06-23,Tienda Sur,Bebida cola,Bebidas,1,1500,1500
1982,2026-06-23,Tienda Sur,Maní,Snacks,1,1200,1200
1982,2026-06-23,Tienda Sur,Pañales,Bebé,3,8000,24000
1982,2026-06-23,Tienda Sur,Queso,Lácteos,1,4500,4500
1982,2026-06-23,Tienda Sur,Toallitas húmedas,Bebé,1,2200,2200
1982,2026-06-23,Tienda Sur,Vino tinto,Alcohol,1,5000,5000
1983,2026-05-30,Tienda Norte,Pan molde,Panadería,3,1800,5400
1983,2026-05-30,Tienda Norte,Vino tinto,Alcohol,3,5000,15000
1984,2026-06-28,Tienda Centro,Papas fritas,Snacks,1,1800,1800
1984,2026-06-28,Tienda Centro,Toallitas húmedas,Bebé,2,2200,4400
1984,2026-06-28,Tienda Centro,Yogurt,Lácteos,1,800,800
1985,2026-07-07,Tienda Mall,Galletas,Snacks,1,1000,1000
1985,2026-07-07,Tienda Mall,Yogurt,Lácteos,3,800,2400
1986,2026-05-21,Tienda Mall,Agua mineral,Bebidas,2,900,1800
1986,2026-05-21,Tienda Mall,Bebida cola,Bebidas,3,1500,4500
1986,2026-05-21,Tienda Mall,Mantequilla,Lácteos,1,2500,2500
1987,2026-07-08,Tienda Centro,Agua mineral,Bebidas,1,900,900
1987,2026-07-08,Tienda Centro,Cloro,Limpieza,2,1400,2800
1987,2026-07-08,Tienda Centro,Jugo naranja,Bebidas,3,1600,4800
1987,2026-07-08,Tienda Centro,Pan hallulla,Panadería,2,1500,3000
1988,2026-06-27,Tienda Sur,Esponjas,Limpieza,1,1200,1200
1988,2026-06-27,Tienda Sur,Mantequilla,Lácteos,1,2500,2500
1988,2026-06-27,Tienda Sur,Pan hallulla,Panadería,1,1500,1500
1988,2026-06-27,Tienda Sur,Queso,Lácteos,2,4500,9000
1989,2026-05-22,Tienda Centro,Cloro,Limpieza,1,1400,1400
1989,2026-05-22,Tienda Centro,Leche,Lácteos,1,1200,1200
1990,2026-07-04,Tienda Norte,Leche,Lácteos,1,1200,1200
1991,2026-07-29,Tienda Mall,Azúcar,Café/Té,1,1300,1300
1992,2026-06-09,Tienda Norte,Agua mineral,Bebidas,2,900,1800
1992,2026-06-09,Tienda Norte,Cloro,Limpieza,1,1400,1400
1993,2026-07-23,Tienda Mall,Cloro,Limpieza,1,1400,1400
1993,2026-07-23,Tienda Mall,Detergente,Limpieza,1,5500,5500
1994,2026-06-09,Tienda Centro,Cerveza,Alcohol,1,3500,3500
1994,2026-06-09,Tienda Centro,Mantequilla,Lácteos,1,2500,2500
1994,2026-06-09,Tienda Centro,Maní,Snacks,1,1200,1200
1994,2026-06-09,Tienda Centro,Papas fritas,Snacks,1,1800,1800
1995,2026-06-13,Tienda Norte,Agua mineral,Bebidas,2,900,1800
1995,2026-06-13,Tienda Norte,Leche,Lácteos,1,1200,1200
1996,2026-05-25,Tienda Sur,Azúcar,Café/Té,1,1300,1300
1996,2026-05-25,Tienda Sur,Croissant,Panadería,3,900,2700
1996,2026-05-25,Tienda Sur,Galletas,Snacks,1,1000,1000
1997,2026-07-25,Tienda Centro,Mantequilla,Lácteos,1,2500,2500
1998,2026-08-15,Tienda Norte,Croissant,Panadería,1,900,900
1998,2026-08-15,Tienda Norte,Jugo naranja,Bebidas,1,1600,1600
1998,2026-08-15,Tienda Norte,Yogurt,Lácteos,3,800,2400
1999,2026-06-04,Tienda Mall,Jugo naranja,Bebidas,1,1600,1600
2000,2026-08-01,Tienda Centro,Papas fritas,Snacks,1,1800,1800
2000,2026-08-01,Tienda Centro,Queso,Lácteos,1,4500,4500
2000,2026-08-01,Tienda Centro,Té,Café/Té,1,2500,2500
2001,2026-05-24,Tienda Norte,Papas fritas,Snacks,1,1800,1800
2002,2026-07-03,Tienda Norte,Papas fritas,Snacks,2,1800,3600
2002,2026-07-03,Tienda Norte,Yogurt,Lácteos,1,800,800
2003,2026-08-10,Tienda Norte,Café,Café/Té,1,4000,4000
2003,2026-08-10,Tienda Norte,Detergente,Limpieza,2,5500,11000
2003,2026-08-10,Tienda Norte,Esponjas,Limpieza,1,1200,1200
2004,2026-06-16,Tienda Norte,Mantequilla,Lácteos,1,2500,2500
2005,2026-07-15,Tienda Norte,Queso,Lácteos,1,4500,4500
2005,2026-07-15,Tienda Norte,Toallitas húmedas,Bebé,1,2200,2200
2005,2026-07-15,Tienda Norte,Té,Café/Té,1,2500,2500
2006,2026-08-16,Tienda Norte,Bebida cola,Bebidas,1,1500,1500
2006,2026-08-16,Tienda Norte,Mantequilla,Lácteos,3,2500,7500
2006,2026-08-16,Tienda Norte,Maní,Snacks,1,1200,1200
2007,2026-05-31,Tienda Centro,Galletas,Snacks,1,1000,1000
2007,2026-05-31,Tienda Centro,Pan hallulla,Panadería,3,1500,4500
2008,2026-07-23,Tienda Norte,Mantequilla,Lácteos,1,2500,2500
2008,2026-07-23,Tienda Norte,Pan hallulla,Panadería,1,1500,1500
2008,2026-07-23,Tienda Norte,Papas fritas,Snacks,1,1800,1800
2008,2026-07-23,Tienda Norte,Queso,Lácteos,3,4500,13500
2009,2026-07-29,Tienda Norte,Azúcar,Café/Té,3,1300,3900
2009,2026-07-29,Tienda Norte,Cloro,Limpieza,1,1400,1400
2009,2026-07-29,Tienda Norte,Detergente,Limpieza,2,5500,11000
2010,2026-08-08,Tienda Mall,Agua mineral,Bebidas,1,900,900
2010,2026-08-08,Tienda Mall,Azúcar,Café/Té,1,1300,1300
2010,2026-08-08,Tienda Mall,Café,Café/Té,3,4000,12000
2010,2026-08-08,Tienda Mall,Papas fritas,Snacks,3,1800,5400
2011,2026-08-16,Tienda Norte,Yogurt,Lácteos,2,800,1600
2012,2026-07-24,Tienda Centro,Agua mineral,Bebidas,3,900,2700
2012,2026-07-24,Tienda Centro,Jugo naranja,Bebidas,1,1600,1600
2012,2026-07-24,Tienda Centro,Toallitas húmedas,Bebé,3,2200,6600
2013,2026-07-31,Tienda Norte,Cloro,Limpieza,1,1400,1400
2013,2026-07-31,Tienda Norte,Detergente,Limpieza,1,5500,5500
2013,2026-07-31,Tienda Norte,Yogurt,Lácteos,2,800,1600
2014,2026-08-07,Tienda Sur,Detergente,Limpieza,1,5500,5500
2014,2026-08-07,Tienda Sur,Esponjas,Limpieza,2,1200,2400
2014,2026-08-07,Tienda Sur,Pan hallulla,Panadería,1,1500,1500
2015,2026-08-10,Tienda Centro,Agua mineral,Bebidas,1,900,900
2015,2026-08-10,Tienda Centro,Papas fritas,Snacks,1,1800,1800
2016,2026-06-02,Tienda Norte,Cloro,Limpieza,1,1400,1400
2017,2026-07-30,Tienda Sur,Azúcar,Café/Té,1,1300,1300
2017,2026-07-30,Tienda Sur,Cerveza,Alcohol,1,3500,3500
2017,2026-07-30,Tienda Sur,Cloro,Limpieza,1,1400,1400
2017,2026-07-30,Tienda Sur,Detergente,Limpieza,1,5500,5500
2017,2026-07-30,Tienda Sur,Papas fritas,Snacks,1,1800,1800
2018,2026-08-01,Tienda Mall,Cerveza,Alcohol,1,3500,3500
2018,2026-08-01,Tienda Mall,Croissant,Panadería,1,900,900
2018,2026-08-01,Tienda Mall,Papas fritas,Snacks,1,1800,1800
2019,2026-06-11,Tienda Centro,Agua mineral,Bebidas,1,900,900
2019,2026-06-11,Tienda Centro,Maní,Snacks,1,1200,1200
2020,2026-08-14,Tienda Sur,Agua mineral,Bebidas,1,900,900
2020,2026-08-14,Tienda Sur,Pan molde,Panadería,1,1800,1800
2021,2026-06-16,Tienda Sur,Café,Café/Té,2,4000,8000
2021,2026-06-16,Tienda Sur,Galletas,Snacks,1,1000,1000
2021,2026-06-16,Tienda Sur,Vino tinto,Alcohol,1,5000,5000
2022,2026-06-09,Tienda Centro,Detergente,Limpieza,1,5500,5500
2022,2026-06-09,Tienda Centro,Esponjas,Limpieza,1,1200,1200
2023,2026-05-29,Tienda Norte,Esponjas,Limpieza,2,1200,2400
2023,2026-05-29,Tienda Norte,Maní,Snacks,1,1200,1200
2024,2026-07-18,Tienda Mall,Azúcar,Café/Té,2,1300,2600
2024,2026-07-18,Tienda Mall,Cerveza,Alcohol,1,3500,3500
2024,2026-07-18,Tienda Mall,Pañales,Bebé,2,8000,16000
2024,2026-07-18,Tienda Mall,Toallitas húmedas,Bebé,3,2200,6600
2024,2026-07-18,Tienda Mall,Té,Café/Té,1,2500,2500
2025,2026-07-15,Tienda Mall,Cerveza,Alcohol,1,3500,3500
2025,2026-07-15,Tienda Mall,Galletas,Snacks,1,1000,1000
2025,2026-07-15,Tienda Mall,Mantequilla,Lácteos,2,2500,5000
2025,2026-07-15,Tienda Mall,Pan molde,Panadería,3,1800,5400
2026,2026-08-08,Tienda Sur,Croissant,Panadería,1,900,900
2026,2026-08-08,Tienda Sur,Toallitas húmedas,Bebé,1,2200,2200
2027,2026-06-28,Tienda Norte,Té,Café/Té,2,2500,5000
2028,2026-08-09,Tienda Sur,Leche,Lácteos,1,1200,1200
2029,2026-06-09,Tienda Centro,Mantequilla,Lácteos,3,2500,7500
2029,2026-06-09,Tienda Centro,Pan molde,Panadería,1,1800,1800
2029,2026-06-09,Tienda Centro,Vino tinto,Alcohol,1,5000,5000
2030,2026-06-25,Tienda Mall,Mantequilla,Lácteos,1,2500,2500
2030,2026-06-25,Tienda Mall,Pan hallulla,Panadería,1,1500,1500
2031,2026-06-28,Tienda Mall,Jugo naranja,Bebidas,1,1600,1600
2031,2026-06-28,Tienda Mall,Pañales,Bebé,3,8000,24000
2031,2026-06-28,Tienda Mall,Toallitas húmedas,Bebé,1,2200,2200
2032,2026-06-14,Tienda Mall,Esponjas,Limpieza,1,1200,1200
2032,2026-06-14,Tienda Mall,Mantequilla,Lácteos,1,2500,2500
2032,2026-06-14,Tienda Mall,Maní,Snacks,1,1200,1200
2032,2026-06-14,Tienda Mall,Pan hallulla,Panadería,1,1500,1500
2033,2026-06-14,Tienda Centro,Agua mineral,Bebidas,1,900,900
2033,2026-06-14,Tienda Centro,Papas fritas,Snacks,1,1800,1800
2034,2026-07-18,Tienda Mall,Detergente,Limpieza,1,5500,5500
2035,2026-07-07,Tienda Norte,Esponjas,Limpieza,1,1200,1200
2035,2026-07-07,Tienda Norte,Mantequilla,Lácteos,1,2500,2500
2035,2026-07-07,Tienda Norte,Pan hallulla,Panadería,1,1500,1500
2036,2026-07-26,Tienda Norte,Cloro,Limpieza,1,1400,1400
2036,2026-07-26,Tienda Norte,Queso,Lácteos,1,4500,4500
2037,2026-05-30,Tienda Sur,Azúcar,Café/Té,2,1300,2600
2037,2026-05-30,Tienda Sur,Toallitas húmedas,Bebé,1,2200,2200
2037,2026-05-30,Tienda Sur,Té,Café/Té,1,2500,2500
2038,2026-06-25,Tienda Mall,Bebida cola,Bebidas,1,1500,1500
2038,2026-06-25,Tienda Mall,Cerveza,Alcohol,1,3500,3500
2038,2026-06-25,Tienda Mall,Jugo naranja,Bebidas,2,1600,3200
2039,2026-05-29,Tienda Sur,Papas fritas,Snacks,1,1800,1800
2039,2026-05-29,Tienda Sur,Pañales,Bebé,2,8000,16000
2039,2026-05-29,Tienda Sur,Toallitas húmedas,Bebé,2,2200,4400
2040,2026-06-24,Tienda Mall,Agua mineral,Bebidas,1,900,900
2040,2026-06-24,Tienda Mall,Pañales,Bebé,1,8000,8000
2041,2026-08-12,Tienda Norte,Pan hallulla,Panadería,1,1500,1500
2042,2026-07-20,Tienda Norte,Azúcar,Café/Té,1,1300,1300
2042,2026-07-20,Tienda Norte,Cloro,Limpieza,3,1400,4200
2042,2026-07-20,Tienda Norte,Detergente,Limpieza,3,5500,16500
2042,2026-07-20,Tienda Norte,Té,Café/Té,2,2500,5000
2043,2026-07-16,Tienda Norte,Yogurt,Lácteos,1,800,800
2044,2026-07-20,Tienda Centro,Azúcar,Café/Té,1,1300,1300
2044,2026-07-20,Tienda Centro,Jugo naranja,Bebidas,2,1600,3200
2044,2026-07-20,Tienda Centro,Té,Café/Té,1,2500,2500
2045,2026-07-02,Tienda Mall,Bebida cola,Bebidas,2,1500,3000
2045,2026-07-02,Tienda Mall,Mantequilla,Lácteos,1,2500,2500
2045,2026-07-02,Tienda Mall,Pan hallulla,Panadería,1,1500,1500
2046,2026-08-06,Tienda Norte,Mantequilla,Lácteos,1,2500,2500
2046,2026-08-06,Tienda Norte,Pan molde,Panadería,2,1800,3600
2047,2026-06-15,Tienda Mall,Papas fritas,Snacks,1,1800,1800
2047,2026-06-15,Tienda Mall,Vino tinto,Alcohol,1,5000,5000
2048,2026-08-02,Tienda Sur,Azúcar,Café/Té,1,1300,1300
2048,2026-08-02,Tienda Sur,Café,Café/Té,1,4000,4000
2048,2026-08-02,Tienda Sur,Mantequilla,Lácteos,2,2500,5000
2048,2026-08-02,Tienda Sur,Pan molde,Panadería,1,1800,1800
2049,2026-06-13,Tienda Sur,Bebida cola,Bebidas,3,1500,4500
2049,2026-06-13,Tienda Sur,Croissant,Panadería,1,900,900
2049,2026-06-13,Tienda Sur,Papas fritas,Snacks,1,1800,1800
2050,2026-06-15,Tienda Sur,Maní,Snacks,3,1200,3600
2050,2026-06-15,Tienda Sur,Queso,Lácteos,2,4500,9000
2050,2026-06-15,Tienda Sur,Yogurt,Lácteos,1,800,800
2051,2026-06-20,Tienda Norte,Jugo naranja,Bebidas,1,1600,1600
2051,2026-06-20,Tienda Norte,Yogurt,Lácteos,1,800,800
2052,2026-06-02,Tienda Centro,Cloro,Limpieza,2,1400,2800
2052,2026-06-02,Tienda Centro,Galletas,Snacks,1,1000,1000
2053,2026-08-16,Tienda Mall,Azúcar,Café/Té,2,1300,2600
2053,2026-08-16,Tienda Mall,Pan hallulla,Panadería,1,1500,1500
2053,2026-08-16,Tienda Mall,Pan molde,Panadería,2,1800,3600
2053,2026-08-16,Tienda Mall,Queso,Lácteos,1,4500,4500
2054,2026-08-02,Tienda Centro,Cloro,Limpieza,1,1400,1400
2054,2026-08-02,Tienda Centro,Detergente,Limpieza,2,5500,11000
2055,2026-05-28,Tienda Mall,Jugo naranja,Bebidas,1,1600,1600
2055,2026-05-28,Tienda Mall,Mantequilla,Lácteos,1,2500,2500
2055,2026-05-28,Tienda Mall,Pan hallulla,Panadería,2,1500,3000
2056,2026-07-05,Tienda Centro,Azúcar,Café/Té,1,1300,1300
2057,2026-06-24,Tienda Mall,Galletas,Snacks,2,1000,2000
2057,2026-06-24,Tienda Mall,Yogurt,Lácteos,2,800,1600
2058,2026-06-09,Tienda Norte,Mantequilla,Lácteos,1,2500,2500
2058,2026-06-09,Tienda Norte,Té,Café/Té,1,2500,2500
2059,2026-06-06,Tienda Sur,Leche,Lácteos,1,1200,1200
2059,2026-06-06,Tienda Sur,Queso,Lácteos,1,4500,4500
2060,2026-05-22,Tienda Norte,Maní,Snacks,1,1200,1200
2061,2026-05-28,Tienda Centro,Galletas,Snacks,1,1000,1000
2061,2026-05-28,Tienda Centro,Maní,Snacks,2,1200,2400
2061,2026-05-28,Tienda Centro,Vino tinto,Alcohol,1,5000,5000
2062,2026-07-20,Tienda Sur,Bebida cola,Bebidas,2,1500,3000
2062,2026-07-20,Tienda Sur,Cerveza,Alcohol,2,3500,7000
2062,2026-07-20,Tienda Sur,Pan hallulla,Panadería,1,1500,1500
2062,2026-07-20,Tienda Sur,Papas fritas,Snacks,1,1800,1800
2062,2026-07-20,Tienda Sur,Queso,Lácteos,1,4500,4500
2063,2026-06-19,Tienda Centro,Esponjas,Limpieza,1,1200,1200
2063,2026-06-19,Tienda Centro,Mantequilla,Lácteos,1,2500,2500
2064,2026-07-17,Tienda Centro,Croissant,Panadería,1,900,900
2064,2026-07-17,Tienda Centro,Galletas,Snacks,1,1000,1000
2064,2026-07-17,Tienda Centro,Pan molde,Panadería,1,1800,1800
2064,2026-07-17,Tienda Centro,Pañales,Bebé,2,8000,16000
2064,2026-07-17,Tienda Centro,Queso,Lácteos,1,4500,4500
2065,2026-06-22,Tienda Mall,Café,Café/Té,1,4000,4000
2065,2026-06-22,Tienda Mall,Detergente,Limpieza,2,5500,11000
2065,2026-06-22,Tienda Mall,Leche,Lácteos,3,1200,3600
2066,2026-06-12,Tienda Sur,Vino tinto,Alcohol,1,5000,5000
2067,2026-07-15,Tienda Norte,Azúcar,Café/Té,1,1300,1300
2067,2026-07-15,Tienda Norte,Café,Café/Té,2,4000,8000
2067,2026-07-15,Tienda Norte,Cloro,Limpieza,1,1400,1400
2067,2026-07-15,Tienda Norte,Detergente,Limpieza,1,5500,5500
2067,2026-07-15,Tienda Norte,Galletas,Snacks,1,1000,1000
2067,2026-07-15,Tienda Norte,Mantequilla,Lácteos,2,2500,5000
2068,2026-06-25,Tienda Sur,Bebida cola,Bebidas,1,1500,1500
2068,2026-06-25,Tienda Sur,Café,Café/Té,3,4000,12000
2068,2026-06-25,Tienda Sur,Cloro,Limpieza,1,1400,1400
2068,2026-06-25,Tienda Sur,Detergente,Limpieza,1,5500,5500
2068,2026-06-25,Tienda Sur,Mantequilla,Lácteos,1,2500,2500
2068,2026-06-25,Tienda Sur,Papas fritas,Snacks,1,1800,1800
2069,2026-07-03,Tienda Mall,Cloro,Limpieza,1,1400,1400
2069,2026-07-03,Tienda Mall,Pan hallulla,Panadería,2,1500,3000
2069,2026-07-03,Tienda Mall,Toallitas húmedas,Bebé,2,2200,4400
2070,2026-07-21,Tienda Sur,Bebida cola,Bebidas,1,1500,1500
2070,2026-07-21,Tienda Sur,Cloro,Limpieza,1,1400,1400
2070,2026-07-21,Tienda Sur,Detergente,Limpieza,1,5500,5500
2070,2026-07-21,Tienda Sur,Esponjas,Limpieza,1,1200,1200
2070,2026-07-21,Tienda Sur,Toallitas húmedas,Bebé,2,2200,4400
2071,2026-06-03,Tienda Mall,Yogurt,Lácteos,1,800,800
2072,2026-07-22,Tienda Mall,Azúcar,Café/Té,1,1300,1300
2072,2026-07-22,Tienda Mall,Bebida cola,Bebidas,2,1500,3000
2072,2026-07-22,Tienda Mall,Galletas,Snacks,1,1000,1000
2072,2026-07-22,Tienda Mall,Papas fritas,Snacks,1,1800,1800
2073,2026-06-11,Tienda Mall,Agua mineral,Bebidas,3,900,2700
2073,2026-06-11,Tienda Mall,Cloro,Limpieza,2,1400,2800
2073,2026-06-11,Tienda Mall,Pañales,Bebé,2,8000,16000
2074,2026-05-20,Tienda Norte,Galletas,Snacks,2,1000,2000
2074,2026-05-20,Tienda Norte,Jugo naranja,Bebidas,2,1600,3200
2075,2026-06-28,Tienda Mall,Cerveza,Alcohol,1,3500,3500
2075,2026-06-28,Tienda Mall,Maní,Snacks,1,1200,1200
2075,2026-06-28,Tienda Mall,Pañales,Bebé,2,8000,16000
2075,2026-06-28,Tienda Mall,Toallitas húmedas,Bebé,1,2200,2200
2076,2026-05-29,Tienda Sur,Cloro,Limpieza,1,1400,1400
2077,2026-06-21,Tienda Norte,Cloro,Limpieza,1,1400,1400
2077,2026-06-21,Tienda Norte,Detergente,Limpieza,1,5500,5500
2078,2026-06-18,Tienda Sur,Azúcar,Café/Té,1,1300,1300
2078,2026-06-18,Tienda Sur,Café,Café/Té,1,4000,4000
2079,2026-06-08,Tienda Centro,Papas fritas,Snacks,1,1800,1800
2079,2026-06-08,Tienda Centro,Vino tinto,Alcohol,1,5000,5000
2080,2026-05-23,Tienda Sur,Mantequilla,Lácteos,1,2500,2500
2080,2026-05-23,Tienda Sur,Yogurt,Lácteos,1,800,800
2081,2026-06-30,Tienda Mall,Mantequilla,Lácteos,2,2500,5000
2081,2026-06-30,Tienda Mall,Pañales,Bebé,1,8000,8000
2081,2026-06-30,Tienda Mall,Toallitas húmedas,Bebé,1,2200,2200
2082,2026-07-18,Tienda Norte,Jugo naranja,Bebidas,1,1600,1600
2082,2026-07-18,Tienda Norte,Toallitas húmedas,Bebé,3,2200,6600
2082,2026-07-18,Tienda Norte,Yogurt,Lácteos,1,800,800
2083,2026-07-07,Tienda Centro,Agua mineral,Bebidas,1,900,900
2083,2026-07-07,Tienda Centro,Toallitas húmedas,Bebé,1,2200,2200
2084,2026-07-29,Tienda Sur,Queso,Lácteos,2,4500,9000
2085,2026-06-17,Tienda Centro,Pañales,Bebé,2,8000,16000
2085,2026-06-17,Tienda Centro,Toallitas húmedas,Bebé,1,2200,2200
2086,2026-08-10,Tienda Centro,Mantequilla,Lácteos,1,2500,2500
2087,2026-06-11,Tienda Centro,Jugo naranja,Bebidas,2,1600,3200
2087,2026-06-11,Tienda Centro,Té,Café/Té,2,2500,5000
2088,2026-07-27,Tienda Norte,Azúcar,Café/Té,1,1300,1300
2088,2026-07-27,Tienda Norte,Café,Café/Té,2,4000,8000
2088,2026-07-27,Tienda Norte,Galletas,Snacks,1,1000,1000
2088,2026-07-27,Tienda Norte,Maní,Snacks,1,1200,1200
2089,2026-07-30,Tienda Centro,Jugo naranja,Bebidas,2,1600,3200
2089,2026-07-30,Tienda Centro,Mantequilla,Lácteos,1,2500,2500
2090,2026-05-25,Tienda Mall,Té,Café/Té,1,2500,2500
2091,2026-08-09,Tienda Mall,Azúcar,Café/Té,1,1300,1300
2091,2026-08-09,Tienda Mall,Cerveza,Alcohol,3,3500,10500
2091,2026-08-09,Tienda Mall,Papas fritas,Snacks,1,1800,1800
2091,2026-08-09,Tienda Mall,Té,Café/Té,1,2500,2500
2092,2026-06-04,Tienda Mall,Cloro,Limpieza,1,1400,1400
2092,2026-06-04,Tienda Mall,Jugo naranja,Bebidas,1,1600,1600
2092,2026-06-04,Tienda Mall,Queso,Lácteos,2,4500,9000
2093,2026-07-14,Tienda Norte,Queso,Lácteos,1,4500,4500
2094,2026-06-28,Tienda Centro,Yogurt,Lácteos,1,800,800
2095,2026-07-27,Tienda Norte,Café,Café/Té,1,4000,4000
2095,2026-07-27,Tienda Norte,Jugo naranja,Bebidas,2,1600,3200
2095,2026-07-27,Tienda Norte,Leche,Lácteos,2,1200,2400
2096,2026-05-31,Tienda Mall,Galletas,Snacks,1,1000,1000
2096,2026-05-31,Tienda Mall,Mantequilla,Lácteos,1,2500,2500
2096,2026-05-31,Tienda Mall,Maní,Snacks,1,1200,1200
2097,2026-08-01,Tienda Centro,Azúcar,Café/Té,1,1300,1300
2097,2026-08-01,Tienda Centro,Esponjas,Limpieza,1,1200,1200
2097,2026-08-01,Tienda Centro,Queso,Lácteos,2,4500,9000
2097,2026-08-01,Tienda Centro,Té,Café/Té,1,2500,2500
2098,2026-05-22,Tienda Norte,Mantequilla,Lácteos,2,2500,5000
2098,2026-05-22,Tienda Norte,Pan hallulla,Panadería,1,1500,1500
2098,2026-05-22,Tienda Norte,Pan molde,Panadería,1,1800,1800
2098,2026-05-22,Tienda Norte,Queso,Lácteos,1,4500,4500
2098,2026-05-22,Tienda Norte,Vino tinto,Alcohol,1,5000,5000
2099,2026-06-20,Tienda Norte,Mantequilla,Lácteos,2,2500,5000
2099,2026-06-20,Tienda Norte,Pan molde,Panadería,1,1800,1800
2099,2026-06-20,Tienda Norte,Vino tinto,Alcohol,2,5000,10000
2100,2026-08-06,Tienda Centro,Papas fritas,Snacks,1,1800,1800
2101,2026-07-14,Tienda Norte,Bebida cola,Bebidas,3,1500,4500
2101,2026-07-14,Tienda Norte,Maní,Snacks,1,1200,1200
2101,2026-07-14,Tienda Norte,Yogurt,Lácteos,2,800,1600
2102,2026-08-06,Tienda Mall,Café,Café/Té,1,4000,4000
2102,2026-08-06,Tienda Mall,Galletas,Snacks,1,1000,1000
2102,2026-08-06,Tienda Mall,Maní,Snacks,1,1200,1200
2102,2026-08-06,Tienda Mall,Queso,Lácteos,1,4500,4500
2103,2026-07-10,Tienda Norte,Bebida cola,Bebidas,1,1500,1500
2103,2026-07-10,Tienda Norte,Leche,Lácteos,2,1200,2400
2104,2026-05-20,Tienda Centro,Cloro,Limpieza,1,1400,1400
2105,2026-06-09,Tienda Norte,Esponjas,Limpieza,1,1200,1200
2105,2026-06-09,Tienda Norte,Leche,Lácteos,2,1200,2400
2105,2026-06-09,Tienda Norte,Mantequilla,Lácteos,2,2500,5000
2105,2026-06-09,Tienda Norte,Toallitas húmedas,Bebé,1,2200,2200
2106,2026-06-12,Tienda Mall,Azúcar,Café/Té,2,1300,2600
2106,2026-06-12,Tienda Mall,Café,Café/Té,1,4000,4000
2106,2026-06-12,Tienda Mall,Croissant,Panadería,2,900,1800
2106,2026-06-12,Tienda Mall,Té,Café/Té,1,2500,2500
2107,2026-06-01,Tienda Centro,Detergente,Limpieza,3,5500,16500
2107,2026-06-01,Tienda Centro,Esponjas,Limpieza,1,1200,1200
2107,2026-06-01,Tienda Centro,Vino tinto,Alcohol,2,5000,10000
2108,2026-06-23,Tienda Norte,Galletas,Snacks,1,1000,1000
2108,2026-06-23,Tienda Norte,Mantequilla,Lácteos,3,2500,7500
2108,2026-06-23,Tienda Norte,Toallitas húmedas,Bebé,1,2200,2200
2109,2026-07-23,Tienda Centro,Maní,Snacks,1,1200,1200
2109,2026-07-23,Tienda Centro,Pañales,Bebé,1,8000,8000
2109,2026-07-23,Tienda Centro,Toallitas húmedas,Bebé,1,2200,2200
2110,2026-07-22,Tienda Norte,Esponjas,Limpieza,1,1200,1200
2110,2026-07-22,Tienda Norte,Mantequilla,Lácteos,2,2500,5000
2110,2026-07-22,Tienda Norte,Pan molde,Panadería,1,1800,1800
2111,2026-06-10,Tienda Sur,Leche,Lácteos,1,1200,1200
2111,2026-06-10,Tienda Sur,Mantequilla,Lácteos,1,2500,2500
2112,2026-08-06,Tienda Norte,Bebida cola,Bebidas,1,1500,1500
2112,2026-08-06,Tienda Norte,Papas fritas,Snacks,1,1800,1800
2112,2026-08-06,Tienda Norte,Toallitas húmedas,Bebé,2,2200,4400
2113,2026-06-27,Tienda Norte,Mantequilla,Lácteos,1,2500,2500
2113,2026-06-27,Tienda Norte,Pan molde,Panadería,1,1800,1800
2113,2026-06-27,Tienda Norte,Toallitas húmedas,Bebé,1,2200,2200
2114,2026-06-27,Tienda Centro,Papas fritas,Snacks,1,1800,1800
2114,2026-06-27,Tienda Centro,Pañales,Bebé,1,8000,8000
2114,2026-06-27,Tienda Centro,Toallitas húmedas,Bebé,1,2200,2200
2115,2026-08-15,Tienda Mall,Cloro,Limpieza,1,1400,1400
2115,2026-08-15,Tienda Mall,Vino tinto,Alcohol,1,5000,5000
2116,2026-05-29,Tienda Norte,Azúcar,Café/Té,1,1300,1300
2116,2026-05-29,Tienda Norte,Jugo naranja,Bebidas,2,1600,3200
2116,2026-05-29,Tienda Norte,Leche,Lácteos,1,1200,1200
2116,2026-05-29,Tienda Norte,Té,Café/Té,1,2500,2500
2117,2026-06-15,Tienda Mall,Azúcar,Café/Té,1,1300,1300
2117,2026-06-15,Tienda Mall,Leche,Lácteos,1,1200,1200
2117,2026-06-15,Tienda Mall,Papas fritas,Snacks,1,1800,1800
2118,2026-06-26,Tienda Sur,Toallitas húmedas,Bebé,1,2200,2200
2119,2026-08-09,Tienda Mall,Cerveza,Alcohol,1,3500,3500
2119,2026-08-09,Tienda Mall,Leche,Lácteos,1,1200,1200
2119,2026-08-09,Tienda Mall,Yogurt,Lácteos,1,800,800
2120,2026-07-09,Tienda Mall,Mantequilla,Lácteos,1,2500,2500
2120,2026-07-09,Tienda Mall,Pan hallulla,Panadería,2,1500,3000
2120,2026-07-09,Tienda Mall,Toallitas húmedas,Bebé,1,2200,2200
2121,2026-06-02,Tienda Norte,Azúcar,Café/Té,1,1300,1300
2122,2026-06-13,Tienda Centro,Cloro,Limpieza,2,1400,2800
2122,2026-06-13,Tienda Centro,Jugo naranja,Bebidas,1,1600,1600
2123,2026-08-07,Tienda Mall,Azúcar,Café/Té,1,1300,1300
2123,2026-08-07,Tienda Mall,Leche,Lácteos,3,1200,3600
2124,2026-06-19,Tienda Centro,Galletas,Snacks,2,1000,2000
2125,2026-05-21,Tienda Centro,Pan hallulla,Panadería,2,1500,3000
2126,2026-07-10,Tienda Centro,Toallitas húmedas,Bebé,1,2200,2200
2126,2026-07-10,Tienda Centro,Vino tinto,Alcohol,3,5000,15000
2127,2026-07-04,Tienda Mall,Agua mineral,Bebidas,2,900,1800
2127,2026-07-04,Tienda Mall,Azúcar,Café/Té,1,1300,1300
2128,2026-07-15,Tienda Sur,Pan hallulla,Panadería,1,1500,1500
2128,2026-07-15,Tienda Sur,Pañales,Bebé,1,8000,8000
2128,2026-07-15,Tienda Sur,Queso,Lácteos,1,4500,4500
2128,2026-07-15,Tienda Sur,Toallitas húmedas,Bebé,1,2200,2200
2129,2026-05-24,Tienda Centro,Queso,Lácteos,1,4500,4500
2130,2026-08-16,Tienda Centro,Agua mineral,Bebidas,2,900,1800
2131,2026-06-27,Tienda Sur,Toallitas húmedas,Bebé,3,2200,6600
2132,2026-07-09,Tienda Mall,Cerveza,Alcohol,2,3500,7000
2132,2026-07-09,Tienda Mall,Maní,Snacks,1,1200,1200
2132,2026-07-09,Tienda Mall,Papas fritas,Snacks,1,1800,1800
2133,2026-05-24,Tienda Mall,Mantequilla,Lácteos,1,2500,2500
2134,2026-07-03,Tienda Mall,Cerveza,Alcohol,2,3500,7000
2134,2026-07-03,Tienda Mall,Mantequilla,Lácteos,1,2500,2500
2134,2026-07-03,Tienda Mall,Maní,Snacks,1,1200,1200
2135,2026-06-19,Tienda Norte,Cloro,Limpieza,1,1400,1400
2135,2026-06-19,Tienda Norte,Detergente,Limpieza,2,5500,11000
2135,2026-06-19,Tienda Norte,Esponjas,Limpieza,1,1200,1200
2135,2026-06-19,Tienda Norte,Galletas,Snacks,1,1000,1000
2135,2026-06-19,Tienda Norte,Jugo naranja,Bebidas,2,1600,3200
2136,2026-07-06,Tienda Norte,Cerveza,Alcohol,1,3500,3500
2136,2026-07-06,Tienda Norte,Leche,Lácteos,1,1200,1200
2136,2026-07-06,Tienda Norte,Yogurt,Lácteos,1,800,800
2137,2026-05-30,Tienda Norte,Queso,Lácteos,2,4500,9000
2137,2026-05-30,Tienda Norte,Vino tinto,Alcohol,2,5000,10000
2138,2026-08-04,Tienda Centro,Bebida cola,Bebidas,1,1500,1500
2139,2026-05-31,Tienda Centro,Azúcar,Café/Té,1,1300,1300
2139,2026-05-31,Tienda Centro,Bebida cola,Bebidas,1,1500,1500
2139,2026-05-31,Tienda Centro,Café,Café/Té,1,4000,4000
2139,2026-05-31,Tienda Centro,Detergente,Limpieza,1,5500,5500
2139,2026-05-31,Tienda Centro,Mantequilla,Lácteos,1,2500,2500
2140,2026-07-29,Tienda Sur,Cerveza,Alcohol,2,3500,7000
2140,2026-07-29,Tienda Sur,Pañales,Bebé,1,8000,8000
2140,2026-07-29,Tienda Sur,Toallitas húmedas,Bebé,2,2200,4400
2141,2026-06-01,Tienda Mall,Azúcar,Café/Té,1,1300,1300
2141,2026-06-01,Tienda Mall,Té,Café/Té,1,2500,2500
2142,2026-05-28,Tienda Centro,Azúcar,Café/Té,1,1300,1300
2142,2026-05-28,Tienda Centro,Pan hallulla,Panadería,1,1500,1500
2142,2026-05-28,Tienda Centro,Queso,Lácteos,1,4500,4500
2142,2026-05-28,Tienda Centro,Té,Café/Té,1,2500,2500
2143,2026-07-05,Tienda Norte,Jugo naranja,Bebidas,1,1600,1600
2143,2026-07-05,Tienda Norte,Mantequilla,Lácteos,1,2500,2500
2144,2026-06-26,Tienda Centro,Galletas,Snacks,2,1000,2000
2144,2026-06-26,Tienda Centro,Leche,Lácteos,3,1200,3600
2144,2026-06-26,Tienda Centro,Vino tinto,Alcohol,1,5000,5000
2145,2026-06-22,Tienda Sur,Mantequilla,Lácteos,1,2500,2500
2145,2026-06-22,Tienda Sur,Pan hallulla,Panadería,1,1500,1500
2145,2026-06-22,Tienda Sur,Queso,Lácteos,1,4500,4500
2145,2026-06-22,Tienda Sur,Toallitas húmedas,Bebé,1,2200,2200
2146,2026-05-30,Tienda Centro,Azúcar,Café/Té,1,1300,1300
2146,2026-05-30,Tienda Centro,Bebida cola,Bebidas,1,1500,1500
2146,2026-05-30,Tienda Centro,Detergente,Limpieza,1,5500,5500
2146,2026-05-30,Tienda Centro,Té,Café/Té,2,2500,5000
2147,2026-05-28,Tienda Sur,Azúcar,Café/Té,1,1300,1300
2147,2026-05-28,Tienda Sur,Café,Café/Té,1,4000,4000
2147,2026-05-28,Tienda Sur,Queso,Lácteos,1,4500,4500
2148,2026-06-12,Tienda Centro,Jugo naranja,Bebidas,1,1600,1600
2148,2026-06-12,Tienda Centro,Maní,Snacks,1,1200,1200
2149,2026-06-30,Tienda Norte,Azúcar,Café/Té,1,1300,1300
2149,2026-06-30,Tienda Norte,Mantequilla,Lácteos,1,2500,2500
2149,2026-06-30,Tienda Norte,Pan hallulla,Panadería,1,1500,1500
2149,2026-06-30,Tienda Norte,Té,Café/Té,2,2500,5000
2150,2026-07-22,Tienda Centro,Galletas,Snacks,1,1000,1000
2150,2026-07-22,Tienda Centro,Papas fritas,Snacks,1,1800,1800
2150,2026-07-22,Tienda Centro,Yogurt,Lácteos,3,800,2400
2151,2026-06-28,Tienda Norte,Mantequilla,Lácteos,1,2500,2500
2151,2026-06-28,Tienda Norte,Papas fritas,Snacks,1,1800,1800
2152,2026-07-07,Tienda Mall,Cerveza,Alcohol,1,3500,3500
2152,2026-07-07,Tienda Mall,Pan hallulla,Panadería,1,1500,1500
2153,2026-07-29,Tienda Sur,Cerveza,Alcohol,1,3500,3500
2153,2026-07-29,Tienda Sur,Pan molde,Panadería,2,1800,3600
2153,2026-07-29,Tienda Sur,Pañales,Bebé,1,8000,8000
2153,2026-07-29,Tienda Sur,Toallitas húmedas,Bebé,1,2200,2200
2154,2026-07-25,Tienda Sur,Cloro,Limpieza,2,1400,2800
2154,2026-07-25,Tienda Sur,Detergente,Limpieza,1,5500,5500
2154,2026-07-25,Tienda Sur,Jugo naranja,Bebidas,2,1600,3200
2154,2026-07-25,Tienda Sur,Papas fritas,Snacks,2,1800,3600
2154,2026-07-25,Tienda Sur,Yogurt,Lácteos,1,800,800
2155,2026-07-17,Tienda Sur,Azúcar,Café/Té,2,1300,2600
2155,2026-07-17,Tienda Sur,Vino tinto,Alcohol,1,5000,5000
2156,2026-08-01,Tienda Sur,Leche,Lácteos,1,1200,1200
2156,2026-08-01,Tienda Sur,Mantequilla,Lácteos,1,2500,2500
2156,2026-08-01,Tienda Sur,Té,Café/Té,1,2500,2500
2157,2026-08-02,Tienda Mall,Cloro,Limpieza,1,1400,1400
2157,2026-08-02,Tienda Mall,Detergente,Limpieza,1,5500,5500
2157,2026-08-02,Tienda Mall,Toallitas húmedas,Bebé,1,2200,2200
2158,2026-07-16,Tienda Centro,Cerveza,Alcohol,1,3500,3500
2158,2026-07-16,Tienda Centro,Maní,Snacks,1,1200,1200
2158,2026-07-16,Tienda Centro,Papas fritas,Snacks,3,1800,5400
2158,2026-07-16,Tienda Centro,Pañales,Bebé,1,8000,8000
2158,2026-07-16,Tienda Centro,Toallitas húmedas,Bebé,2,2200,4400
2159,2026-06-09,Tienda Mall,Croissant,Panadería,1,900,900
2159,2026-06-09,Tienda Mall,Leche,Lácteos,1,1200,1200
2159,2026-06-09,Tienda Mall,Queso,Lácteos,1,4500,4500
2159,2026-06-09,Tienda Mall,Yogurt,Lácteos,2,800,1600
2160,2026-07-27,Tienda Centro,Bebida cola,Bebidas,1,1500,1500
2160,2026-07-27,Tienda Centro,Pañales,Bebé,2,8000,16000
2160,2026-07-27,Tienda Centro,Toallitas húmedas,Bebé,1,2200,2200
2161,2026-05-22,Tienda Norte,Cerveza,Alcohol,1,3500,3500
2161,2026-05-22,Tienda Norte,Galletas,Snacks,1,1000,1000
2161,2026-05-22,Tienda Norte,Pan hallulla,Panadería,2,1500,3000
2161,2026-05-22,Tienda Norte,Pañales,Bebé,1,8000,8000
2161,2026-05-22,Tienda Norte,Toallitas húmedas,Bebé,2,2200,4400
2162,2026-06-29,Tienda Centro,Cloro,Limpieza,1,1400,1400
2162,2026-06-29,Tienda Centro,Galletas,Snacks,2,1000,2000
2162,2026-06-29,Tienda Centro,Mantequilla,Lácteos,1,2500,2500
2162,2026-06-29,Tienda Centro,Pan molde,Panadería,1,1800,1800
2162,2026-06-29,Tienda Centro,Queso,Lácteos,2,4500,9000
2163,2026-05-30,Tienda Centro,Azúcar,Café/Té,2,1300,2600
2163,2026-05-30,Tienda Centro,Mantequilla,Lácteos,3,2500,7500
2164,2026-06-28,Tienda Norte,Cerveza,Alcohol,1,3500,3500
2164,2026-06-28,Tienda Norte,Leche,Lácteos,1,1200,1200
2164,2026-06-28,Tienda Norte,Papas fritas,Snacks,1,1800,1800
2164,2026-06-28,Tienda Norte,Queso,Lácteos,1,4500,4500
2164,2026-06-28,Tienda Norte,Vino tinto,Alcohol,1,5000,5000
2165,2026-06-04,Tienda Centro,Mantequilla,Lácteos,1,2500,2500
2165,2026-06-04,Tienda Centro,Pan hallulla,Panadería,1,1500,1500
2166,2026-07-02,Tienda Mall,Mantequilla,Lácteos,2,2500,5000
2166,2026-07-02,Tienda Mall,Papas fritas,Snacks,1,1800,1800
2167,2026-08-16,Tienda Sur,Papas fritas,Snacks,1,1800,1800
2167,2026-08-16,Tienda Sur,Toallitas húmedas,Bebé,1,2200,2200
2168,2026-06-19,Tienda Centro,Azúcar,Café/Té,1,1300,1300
2168,2026-06-19,Tienda Centro,Cerveza,Alcohol,1,3500,3500
2168,2026-06-19,Tienda Centro,Cloro,Limpieza,1,1400,1400
2168,2026-06-19,Tienda Centro,Detergente,Limpieza,1,5500,5500
2169,2026-05-31,Tienda Sur,Bebida cola,Bebidas,2,1500,3000
2169,2026-05-31,Tienda Sur,Cerveza,Alcohol,1,3500,3500
2169,2026-05-31,Tienda Sur,Papas fritas,Snacks,1,1800,1800
2169,2026-05-31,Tienda Sur,Pañales,Bebé,1,8000,8000
2169,2026-05-31,Tienda Sur,Toallitas húmedas,Bebé,1,2200,2200
2170,2026-05-25,Tienda Norte,Azúcar,Café/Té,1,1300,1300
2170,2026-05-25,Tienda Norte,Bebida cola,Bebidas,2,1500,3000
2170,2026-05-25,Tienda Norte,Café,Café/Té,1,4000,4000
2170,2026-05-25,Tienda Norte,Yogurt,Lácteos,1,800,800
2171,2026-06-20,Tienda Sur,Croissant,Panadería,1,900,900
2172,2026-06-21,Tienda Sur,Esponjas,Limpieza,1,1200,1200
2173,2026-05-29,Tienda Centro,Esponjas,Limpieza,3,1200,3600
2173,2026-05-29,Tienda Centro,Galletas,Snacks,1,1000,1000
2173,2026-05-29,Tienda Centro,Toallitas húmedas,Bebé,2,2200,4400
2174,2026-07-01,Tienda Sur,Agua mineral,Bebidas,1,900,900
2174,2026-07-01,Tienda Sur,Pan hallulla,Panadería,1,1500,1500
2175,2026-07-28,Tienda Centro,Queso,Lácteos,1,4500,4500
2176,2026-06-07,Tienda Mall,Mantequilla,Lácteos,3,2500,7500
2176,2026-06-07,Tienda Mall,Maní,Snacks,1,1200,1200
2177,2026-06-02,Tienda Sur,Agua mineral,Bebidas,1,900,900
2177,2026-06-02,Tienda Sur,Cloro,Limpieza,2,1400,2800
2177,2026-06-02,Tienda Sur,Galletas,Snacks,1,1000,1000
2178,2026-06-29,Tienda Norte,Azúcar,Café/Té,2,1300,2600
2178,2026-06-29,Tienda Norte,Café,Café/Té,1,4000,4000
2178,2026-06-29,Tienda Norte,Maní,Snacks,1,1200,1200
2178,2026-06-29,Tienda Norte,Pan hallulla,Panadería,1,1500,1500
2178,2026-06-29,Tienda Norte,Pañales,Bebé,2,8000,16000
2178,2026-06-29,Tienda Norte,Toallitas húmedas,Bebé,3,2200,6600
2179,2026-07-24,Tienda Mall,Cerveza,Alcohol,1,3500,3500
2179,2026-07-24,Tienda Mall,Leche,Lácteos,2,1200,2400
2179,2026-07-24,Tienda Mall,Papas fritas,Snacks,1,1800,1800
2179,2026-07-24,Tienda Mall,Vino tinto,Alcohol,2,5000,10000
2180,2026-06-04,Tienda Mall,Pan molde,Panadería,1,1800,1800
2180,2026-06-04,Tienda Mall,Queso,Lácteos,1,4500,4500
2181,2026-06-04,Tienda Centro,Agua mineral,Bebidas,1,900,900
2181,2026-06-04,Tienda Centro,Mantequilla,Lácteos,1,2500,2500
2181,2026-06-04,Tienda Centro,Pan hallulla,Panadería,1,1500,1500
2181,2026-06-04,Tienda Centro,Queso,Lácteos,1,4500,4500
2182,2026-07-29,Tienda Mall,Azúcar,Café/Té,1,1300,1300
2182,2026-07-29,Tienda Mall,Queso,Lácteos,2,4500,9000
2182,2026-07-29,Tienda Mall,Té,Café/Té,1,2500,2500
2182,2026-07-29,Tienda Mall,Vino tinto,Alcohol,2,5000,10000
2183,2026-06-01,Tienda Norte,Leche,Lácteos,1,1200,1200
2183,2026-06-01,Tienda Norte,Pan molde,Panadería,1,1800,1800
2183,2026-06-01,Tienda Norte,Queso,Lácteos,1,4500,4500
2183,2026-06-01,Tienda Norte,Toallitas húmedas,Bebé,1,2200,2200
2184,2026-07-28,Tienda Norte,Agua mineral,Bebidas,3,900,2700
2184,2026-07-28,Tienda Norte,Vino tinto,Alcohol,3,5000,15000
2185,2026-05-28,Tienda Norte,Bebida cola,Bebidas,1,1500,1500
2185,2026-05-28,Tienda Norte,Croissant,Panadería,1,900,900
2185,2026-05-28,Tienda Norte,Papas fritas,Snacks,1,1800,1800
2185,2026-05-28,Tienda Norte,Toallitas húmedas,Bebé,1,2200,2200
2186,2026-06-24,Tienda Centro,Esponjas,Limpieza,1,1200,1200
2187,2026-08-16,Tienda Sur,Queso,Lácteos,1,4500,4500
2188,2026-07-06,Tienda Norte,Croissant,Panadería,3,900,2700
2188,2026-07-06,Tienda Norte,Detergente,Limpieza,1,5500,5500
2188,2026-07-06,Tienda Norte,Mantequilla,Lácteos,1,2500,2500
2188,2026-07-06,Tienda Norte,Pan hallulla,Panadería,3,1500,4500
2189,2026-05-23,Tienda Mall,Papas fritas,Snacks,3,1800,5400
2190,2026-08-01,Tienda Mall,Queso,Lácteos,1,4500,4500
2190,2026-08-01,Tienda Mall,Vino tinto,Alcohol,1,5000,5000
2190,2026-08-01,Tienda Mall,Yogurt,Lácteos,1,800,800
2191,2026-06-26,Tienda Centro,Detergente,Limpieza,1,5500,5500
2191,2026-06-26,Tienda Centro,Esponjas,Limpieza,1,1200,1200
2192,2026-08-07,Tienda Centro,Jugo naranja,Bebidas,1,1600,1600
2193,2026-07-14,Tienda Centro,Azúcar,Café/Té,1,1300,1300
2193,2026-07-14,Tienda Centro,Café,Café/Té,3,4000,12000
2193,2026-07-14,Tienda Centro,Mantequilla,Lácteos,2,2500,5000
2193,2026-07-14,Tienda Centro,Pan hallulla,Panadería,1,1500,1500
2193,2026-07-14,Tienda Centro,Queso,Lácteos,1,4500,4500
2194,2026-06-19,Tienda Mall,Croissant,Panadería,1,900,900
2194,2026-06-19,Tienda Mall,Mantequilla,Lácteos,1,2500,2500
2194,2026-06-19,Tienda Mall,Maní,Snacks,3,1200,3600
2195,2026-08-02,Tienda Centro,Galletas,Snacks,1,1000,1000
2196,2026-06-29,Tienda Centro,Azúcar,Café/Té,2,1300,2600
2196,2026-06-29,Tienda Centro,Café,Café/Té,3,4000,12000
2197,2026-05-23,Tienda Mall,Croissant,Panadería,1,900,900
2197,2026-05-23,Tienda Mall,Galletas,Snacks,2,1000,2000
2198,2026-08-11,Tienda Mall,Croissant,Panadería,1,900,900
2199,2026-07-28,Tienda Mall,Azúcar,Café/Té,1,1300,1300
2199,2026-07-28,Tienda Mall,Café,Café/Té,1,4000,4000
2199,2026-07-28,Tienda Mall,Té,Café/Té,2,2500,5000
2200,2026-06-29,Tienda Sur,Café,Café/Té,1,4000,4000
2200,2026-06-29,Tienda Sur,Leche,Lácteos,1,1200,1200
2200,2026-06-29,Tienda Sur,Pañales,Bebé,1,8000,8000
2200,2026-06-29,Tienda Sur,Toallitas húmedas,Bebé,1,2200,2200
2201,2026-06-07,Tienda Norte,Jugo naranja,Bebidas,1,1600,1600
2201,2026-06-07,Tienda Norte,Mantequilla,Lácteos,1,2500,2500
2201,2026-06-07,Tienda Norte,Yogurt,Lácteos,1,800,800
2202,2026-06-07,Tienda Sur,Cerveza,Alcohol,3,3500,10500
2202,2026-06-07,Tienda Sur,Pañales,Bebé,2,8000,16000
2202,2026-06-07,Tienda Sur,Toallitas húmedas,Bebé,1,2200,2200
2203,2026-05-22,Tienda Sur,Café,Café/Té,1,4000,4000
2203,2026-05-22,Tienda Sur,Galletas,Snacks,1,1000,1000
2204,2026-07-12,Tienda Sur,Bebida cola,Bebidas,1,1500,1500
2204,2026-07-12,Tienda Sur,Mantequilla,Lácteos,1,2500,2500
2205,2026-06-27,Tienda Centro,Agua mineral,Bebidas,1,900,900
2205,2026-06-27,Tienda Centro,Cloro,Limpieza,1,1400,1400
2205,2026-06-27,Tienda Centro,Mantequilla,Lácteos,1,2500,2500
2205,2026-06-27,Tienda Centro,Vino tinto,Alcohol,1,5000,5000
2206,2026-06-02,Tienda Centro,Cerveza,Alcohol,3,3500,10500
2206,2026-06-02,Tienda Centro,Leche,Lácteos,1,1200,1200
2207,2026-07-14,Tienda Mall,Azúcar,Café/Té,2,1300,2600
2207,2026-07-14,Tienda Mall,Esponjas,Limpieza,1,1200,1200
2207,2026-07-14,Tienda Mall,Jugo naranja,Bebidas,1,1600,1600
2207,2026-07-14,Tienda Mall,Toallitas húmedas,Bebé,2,2200,4400
2208,2026-07-24,Tienda Mall,Galletas,Snacks,1,1000,1000
2209,2026-05-27,Tienda Centro,Agua mineral,Bebidas,1,900,900
2209,2026-05-27,Tienda Centro,Jugo naranja,Bebidas,1,1600,1600
2210,2026-06-18,Tienda Mall,Azúcar,Café/Té,1,1300,1300
2210,2026-06-18,Tienda Mall,Cerveza,Alcohol,2,3500,7000
2210,2026-06-18,Tienda Mall,Croissant,Panadería,1,900,900
2210,2026-06-18,Tienda Mall,Pañales,Bebé,1,8000,8000
2210,2026-06-18,Tienda Mall,Toallitas húmedas,Bebé,1,2200,2200
2211,2026-07-10,Tienda Norte,Detergente,Limpieza,3,5500,16500
2211,2026-07-10,Tienda Norte,Mantequilla,Lácteos,1,2500,2500
2212,2026-06-23,Tienda Mall,Mantequilla,Lácteos,1,2500,2500
2212,2026-06-23,Tienda Mall,Pan hallulla,Panadería,1,1500,1500
2212,2026-06-23,Tienda Mall,Queso,Lácteos,1,4500,4500
2212,2026-06-23,Tienda Mall,Té,Café/Té,2,2500,5000
2213,2026-05-21,Tienda Norte,Yogurt,Lácteos,1,800,800
2214,2026-07-21,Tienda Norte,Cerveza,Alcohol,1,3500,3500
2214,2026-07-21,Tienda Norte,Mantequilla,Lácteos,2,2500,5000
2214,2026-07-21,Tienda Norte,Maní,Snacks,2,1200,2400
2214,2026-07-21,Tienda Norte,Pan molde,Panadería,3,1800,5400
2214,2026-07-21,Tienda Norte,Vino tinto,Alcohol,1,5000,5000
2215,2026-08-03,Tienda Centro,Azúcar,Café/Té,1,1300,1300
2215,2026-08-03,Tienda Centro,Mantequilla,Lácteos,1,2500,2500
2215,2026-08-03,Tienda Centro,Pan molde,Panadería,2,1800,3600
2215,2026-08-03,Tienda Centro,Pañales,Bebé,1,8000,8000
2215,2026-08-03,Tienda Centro,Queso,Lácteos,1,4500,4500
2215,2026-08-03,Tienda Centro,Té,Café/Té,2,2500,5000
2216,2026-06-08,Tienda Norte,Azúcar,Café/Té,2,1300,2600
2216,2026-06-08,Tienda Norte,Café,Café/Té,1,4000,4000
2217,2026-08-01,Tienda Mall,Mantequilla,Lácteos,1,2500,2500
2217,2026-08-01,Tienda Mall,Pan hallulla,Panadería,1,1500,1500
2217,2026-08-01,Tienda Mall,Papas fritas,Snacks,2,1800,3600
2217,2026-08-01,Tienda Mall,Toallitas húmedas,Bebé,1,2200,2200
2218,2026-07-29,Tienda Mall,Agua mineral,Bebidas,1,900,900
2218,2026-07-29,Tienda Mall,Papas fritas,Snacks,1,1800,1800
2219,2026-08-04,Tienda Sur,Bebida cola,Bebidas,2,1500,3000
2219,2026-08-04,Tienda Sur,Leche,Lácteos,1,1200,1200
2219,2026-08-04,Tienda Sur,Maní,Snacks,1,1200,1200
2220,2026-06-01,Tienda Centro,Cloro,Limpieza,1,1400,1400
2220,2026-06-01,Tienda Centro,Toallitas húmedas,Bebé,1,2200,2200
2221,2026-06-22,Tienda Sur,Cerveza,Alcohol,1,3500,3500
2221,2026-06-22,Tienda Sur,Jugo naranja,Bebidas,2,1600,3200
2221,2026-06-22,Tienda Sur,Pañales,Bebé,1,8000,8000
2221,2026-06-22,Tienda Sur,Toallitas húmedas,Bebé,1,2200,2200
2222,2026-06-15,Tienda Sur,Agua mineral,Bebidas,1,900,900
2222,2026-06-15,Tienda Sur,Mantequilla,Lácteos,1,2500,2500
2222,2026-06-15,Tienda Sur,Maní,Snacks,1,1200,1200
2222,2026-06-15,Tienda Sur,Pan molde,Panadería,2,1800,3600
2223,2026-06-23,Tienda Mall,Esponjas,Limpieza,1,1200,1200
2223,2026-06-23,Tienda Mall,Mantequilla,Lácteos,1,2500,2500
2224,2026-06-06,Tienda Sur,Esponjas,Limpieza,1,1200,1200
2224,2026-06-06,Tienda Sur,Mantequilla,Lácteos,1,2500,2500
2224,2026-06-06,Tienda Sur,Pan molde,Panadería,1,1800,1800
2225,2026-06-17,Tienda Mall,Jugo naranja,Bebidas,1,1600,1600
2225,2026-06-17,Tienda Mall,Mantequilla,Lácteos,1,2500,2500
2225,2026-06-17,Tienda Mall,Pan molde,Panadería,1,1800,1800
2226,2026-05-28,Tienda Mall,Cerveza,Alcohol,1,3500,3500
2226,2026-05-28,Tienda Mall,Mantequilla,Lácteos,3,2500,7500
2226,2026-05-28,Tienda Mall,Papas fritas,Snacks,1,1800,1800
2227,2026-06-09,Tienda Norte,Galletas,Snacks,1,1000,1000
2227,2026-06-09,Tienda Norte,Mantequilla,Lácteos,3,2500,7500
2227,2026-06-09,Tienda Norte,Pan molde,Panadería,1,1800,1800
2227,2026-06-09,Tienda Norte,Queso,Lácteos,1,4500,4500
2228,2026-08-17,Tienda Sur,Leche,Lácteos,1,1200,1200
2229,2026-05-28,Tienda Norte,Cerveza,Alcohol,1,3500,3500
2229,2026-05-28,Tienda Norte,Maní,Snacks,1,1200,1200
2229,2026-05-28,Tienda Norte,Papas fritas,Snacks,1,1800,1800
2229,2026-05-28,Tienda Norte,Pañales,Bebé,1,8000,8000
2229,2026-05-28,Tienda Norte,Toallitas húmedas,Bebé,1,2200,2200
2229,2026-05-28,Tienda Norte,Vino tinto,Alcohol,1,5000,5000
2230,2026-07-30,Tienda Norte,Croissant,Panadería,1,900,900
2230,2026-07-30,Tienda Norte,Galletas,Snacks,2,1000,2000
2231,2026-06-11,Tienda Norte,Cerveza,Alcohol,3,3500,10500
2231,2026-06-11,Tienda Norte,Cloro,Limpieza,2,1400,2800
2231,2026-06-11,Tienda Norte,Detergente,Limpieza,1,5500,5500
2231,2026-06-11,Tienda Norte,Mantequilla,Lácteos,2,2500,5000
2231,2026-06-11,Tienda Norte,Maní,Snacks,1,1200,1200
2231,2026-06-11,Tienda Norte,Pañales,Bebé,1,8000,8000
2231,2026-06-11,Tienda Norte,Toallitas húmedas,Bebé,3,2200,6600
2232,2026-06-22,Tienda Sur,Jugo naranja,Bebidas,3,1600,4800
2232,2026-06-22,Tienda Sur,Pan hallulla,Panadería,1,1500,1500
2233,2026-06-17,Tienda Sur,Leche,Lácteos,1,1200,1200
2233,2026-06-17,Tienda Sur,Pan molde,Panadería,1,1800,1800
2233,2026-06-17,Tienda Sur,Queso,Lácteos,2,4500,9000
2234,2026-08-08,Tienda Norte,Agua mineral,Bebidas,1,900,900
2234,2026-08-08,Tienda Norte,Azúcar,Café/Té,1,1300,1300
2234,2026-08-08,Tienda Norte,Café,Café/Té,1,4000,4000
2234,2026-08-08,Tienda Norte,Jugo naranja,Bebidas,1,1600,1600
2234,2026-08-08,Tienda Norte,Mantequilla,Lácteos,3,2500,7500
2235,2026-06-01,Tienda Norte,Cloro,Limpieza,1,1400,1400
2235,2026-06-01,Tienda Norte,Papas fritas,Snacks,1,1800,1800
2235,2026-06-01,Tienda Norte,Yogurt,Lácteos,1,800,800
2236,2026-07-12,Tienda Mall,Agua mineral,Bebidas,3,900,2700
2236,2026-07-12,Tienda Mall,Esponjas,Limpieza,3,1200,3600
2236,2026-07-12,Tienda Mall,Mantequilla,Lácteos,1,2500,2500
2236,2026-07-12,Tienda Mall,Papas fritas,Snacks,1,1800,1800
2237,2026-07-11,Tienda Mall,Agua mineral,Bebidas,1,900,900
2237,2026-07-11,Tienda Mall,Toallitas húmedas,Bebé,1,2200,2200
2238,2026-05-30,Tienda Norte,Cloro,Limpieza,3,1400,4200
2238,2026-05-30,Tienda Norte,Detergente,Limpieza,1,5500,5500
2238,2026-05-30,Tienda Norte,Esponjas,Limpieza,1,1200,1200
2238,2026-05-30,Tienda Norte,Queso,Lácteos,1,4500,4500
2239,2026-07-20,Tienda Sur,Agua mineral,Bebidas,1,900,900
2239,2026-07-20,Tienda Sur,Bebida cola,Bebidas,2,1500,3000
2239,2026-07-20,Tienda Sur,Cerveza,Alcohol,1,3500,3500
2239,2026-07-20,Tienda Sur,Mantequilla,Lácteos,1,2500,2500
2239,2026-07-20,Tienda Sur,Maní,Snacks,1,1200,1200
2239,2026-07-20,Tienda Sur,Papas fritas,Snacks,1,1800,1800
2240,2026-08-09,Tienda Mall,Queso,Lácteos,1,4500,4500
2240,2026-08-09,Tienda Mall,Toallitas húmedas,Bebé,1,2200,2200
2240,2026-08-09,Tienda Mall,Vino tinto,Alcohol,3,5000,15000
2240,2026-08-09,Tienda Mall,Yogurt,Lácteos,1,800,800
2241,2026-06-24,Tienda Sur,Cloro,Limpieza,2,1400,2800
2241,2026-06-24,Tienda Sur,Croissant,Panadería,1,900,900
2241,2026-06-24,Tienda Sur,Leche,Lácteos,1,1200,1200
2242,2026-07-29,Tienda Centro,Bebida cola,Bebidas,1,1500,1500
2242,2026-07-29,Tienda Centro,Galletas,Snacks,1,1000,1000
2242,2026-07-29,Tienda Centro,Papas fritas,Snacks,1,1800,1800
2243,2026-08-14,Tienda Sur,Té,Café/Té,1,2500,2500
2243,2026-08-14,Tienda Sur,Yogurt,Lácteos,1,800,800
2244,2026-07-12,Tienda Centro,Agua mineral,Bebidas,1,900,900
2244,2026-07-12,Tienda Centro,Pan molde,Panadería,1,1800,1800
2244,2026-07-12,Tienda Centro,Papas fritas,Snacks,2,1800,3600
2244,2026-07-12,Tienda Centro,Vino tinto,Alcohol,1,5000,5000
2245,2026-08-12,Tienda Sur,Yogurt,Lácteos,1,800,800
2246,2026-05-23,Tienda Centro,Jugo naranja,Bebidas,1,1600,1600
2246,2026-05-23,Tienda Centro,Pan hallulla,Panadería,3,1500,4500
2246,2026-05-23,Tienda Centro,Toallitas húmedas,Bebé,1,2200,2200
2247,2026-06-01,Tienda Mall,Mantequilla,Lácteos,1,2500,2500
2247,2026-06-01,Tienda Mall,Pan hallulla,Panadería,1,1500,1500
2247,2026-06-01,Tienda Mall,Queso,Lácteos,1,4500,4500
2248,2026-08-03,Tienda Centro,Agua mineral,Bebidas,1,900,900
2249,2026-05-21,Tienda Norte,Azúcar,Café/Té,1,1300,1300
2249,2026-05-21,Tienda Norte,Café,Café/Té,1,4000,4000
2249,2026-05-21,Tienda Norte,Leche,Lácteos,2,1200,2400
2250,2026-08-11,Tienda Mall,Leche,Lácteos,2,1200,2400
2251,2026-07-08,Tienda Norte,Cloro,Limpieza,2,1400,2800
2251,2026-07-08,Tienda Norte,Esponjas,Limpieza,1,1200,1200
2251,2026-07-08,Tienda Norte,Vino tinto,Alcohol,1,5000,5000
2252,2026-06-01,Tienda Sur,Azúcar,Café/Té,1,1300,1300
2252,2026-06-01,Tienda Sur,Cloro,Limpieza,1,1400,1400
2252,2026-06-01,Tienda Sur,Detergente,Limpieza,1,5500,5500
2252,2026-06-01,Tienda Sur,Galletas,Snacks,1,1000,1000
2252,2026-06-01,Tienda Sur,Té,Café/Té,1,2500,2500
2253,2026-06-04,Tienda Centro,Azúcar,Café/Té,1,1300,1300
2253,2026-06-04,Tienda Centro,Yogurt,Lácteos,2,800,1600
2254,2026-07-15,Tienda Centro,Galletas,Snacks,2,1000,2000
2254,2026-07-15,Tienda Centro,Toallitas húmedas,Bebé,2,2200,4400
2255,2026-07-18,Tienda Centro,Azúcar,Café/Té,1,1300,1300
2255,2026-07-18,Tienda Centro,Leche,Lácteos,3,1200,3600
2255,2026-07-18,Tienda Centro,Maní,Snacks,1,1200,1200
2255,2026-07-18,Tienda Centro,Pan molde,Panadería,2,1800,3600
2255,2026-07-18,Tienda Centro,Queso,Lácteos,1,4500,4500
2256,2026-08-03,Tienda Mall,Azúcar,Café/Té,2,1300,2600
2256,2026-08-03,Tienda Mall,Café,Café/Té,1,4000,4000
2256,2026-08-03,Tienda Mall,Leche,Lácteos,2,1200,2400
2257,2026-07-30,Tienda Centro,Jugo naranja,Bebidas,2,1600,3200
2257,2026-07-30,Tienda Centro,Mantequilla,Lácteos,1,2500,2500
2257,2026-07-30,Tienda Centro,Pan molde,Panadería,1,1800,1800
2257,2026-07-30,Tienda Centro,Yogurt,Lácteos,2,800,1600
2258,2026-07-23,Tienda Centro,Cloro,Limpieza,1,1400,1400
2258,2026-07-23,Tienda Centro,Detergente,Limpieza,2,5500,11000
2259,2026-06-16,Tienda Mall,Leche,Lácteos,1,1200,1200
2259,2026-06-16,Tienda Mall,Papas fritas,Snacks,2,1800,3600
2259,2026-06-16,Tienda Mall,Pañales,Bebé,1,8000,8000
2259,2026-06-16,Tienda Mall,Toallitas húmedas,Bebé,2,2200,4400
2259,2026-06-16,Tienda Mall,Yogurt,Lácteos,1,800,800
2260,2026-08-13,Tienda Mall,Galletas,Snacks,1,1000,1000
2261,2026-07-04,Tienda Centro,Esponjas,Limpieza,1,1200,1200
2261,2026-07-04,Tienda Centro,Leche,Lácteos,2,1200,2400
2262,2026-07-05,Tienda Norte,Pan hallulla,Panadería,2,1500,3000
2263,2026-06-07,Tienda Mall,Café,Café/Té,1,4000,4000
2263,2026-06-07,Tienda Mall,Galletas,Snacks,3,1000,3000
2264,2026-08-11,Tienda Sur,Jugo naranja,Bebidas,2,1600,3200
2264,2026-08-11,Tienda Sur,Queso,Lácteos,1,4500,4500
2264,2026-08-11,Tienda Sur,Yogurt,Lácteos,1,800,800
2265,2026-06-17,Tienda Norte,Azúcar,Café/Té,1,1300,1300
2265,2026-06-17,Tienda Norte,Jugo naranja,Bebidas,1,1600,1600
2265,2026-06-17,Tienda Norte,Té,Café/Té,1,2500,2500
2266,2026-07-13,Tienda Centro,Bebida cola,Bebidas,2,1500,3000
2266,2026-07-13,Tienda Centro,Cerveza,Alcohol,1,3500,3500
2266,2026-07-13,Tienda Centro,Mantequilla,Lácteos,1,2500,2500
2266,2026-07-13,Tienda Centro,Maní,Snacks,1,1200,1200
2266,2026-07-13,Tienda Centro,Pan hallulla,Panadería,2,1500,3000
2266,2026-07-13,Tienda Centro,Papas fritas,Snacks,1,1800,1800
2266,2026-07-13,Tienda Centro,Queso,Lácteos,1,4500,4500
2267,2026-08-06,Tienda Sur,Azúcar,Café/Té,1,1300,1300
2267,2026-08-06,Tienda Sur,Croissant,Panadería,1,900,900
2268,2026-06-04,Tienda Sur,Agua mineral,Bebidas,2,900,1800
2268,2026-06-04,Tienda Sur,Azúcar,Café/Té,2,1300,2600
2268,2026-06-04,Tienda Sur,Café,Café/Té,1,4000,4000
2268,2026-06-04,Tienda Sur,Mantequilla,Lácteos,1,2500,2500
2268,2026-06-04,Tienda Sur,Maní,Snacks,1,1200,1200
2269,2026-06-30,Tienda Centro,Croissant,Panadería,2,900,1800
2270,2026-07-22,Tienda Sur,Bebida cola,Bebidas,1,1500,1500
2270,2026-07-22,Tienda Sur,Mantequilla,Lácteos,1,2500,2500
2270,2026-07-22,Tienda Sur,Pañales,Bebé,1,8000,8000
2270,2026-07-22,Tienda Sur,Toallitas húmedas,Bebé,3,2200,6600
2271,2026-05-25,Tienda Mall,Papas fritas,Snacks,1,1800,1800
2272,2026-06-26,Tienda Sur,Agua mineral,Bebidas,1,900,900
2272,2026-06-26,Tienda Sur,Queso,Lácteos,1,4500,4500
2272,2026-06-26,Tienda Sur,Vino tinto,Alcohol,1,5000,5000
2273,2026-07-15,Tienda Centro,Queso,Lácteos,1,4500,4500
2274,2026-07-23,Tienda Mall,Papas fritas,Snacks,2,1800,3600
2275,2026-08-11,Tienda Mall,Bebida cola,Bebidas,1,1500,1500
2275,2026-08-11,Tienda Mall,Detergente,Limpieza,1,5500,5500
2275,2026-08-11,Tienda Mall,Papas fritas,Snacks,1,1800,1800
2276,2026-05-22,Tienda Norte,Croissant,Panadería,2,900,1800
2276,2026-05-22,Tienda Norte,Jugo naranja,Bebidas,1,1600,1600
2276,2026-05-22,Tienda Norte,Té,Café/Té,1,2500,2500
2277,2026-06-09,Tienda Norte,Cloro,Limpieza,1,1400,1400
2277,2026-06-09,Tienda Norte,Papas fritas,Snacks,3,1800,5400
2278,2026-07-16,Tienda Norte,Jugo naranja,Bebidas,1,1600,1600
2278,2026-07-16,Tienda Norte,Mantequilla,Lácteos,1,2500,2500
2278,2026-07-16,Tienda Norte,Pan hallulla,Panadería,2,1500,3000
2279,2026-08-15,Tienda Norte,Croissant,Panadería,2,900,1800
2280,2026-06-15,Tienda Sur,Azúcar,Café/Té,1,1300,1300
2280,2026-06-15,Tienda Sur,Papas fritas,Snacks,1,1800,1800
2281,2026-07-04,Tienda Norte,Maní,Snacks,2,1200,2400
2281,2026-07-04,Tienda Norte,Té,Café/Té,1,2500,2500
2282,2026-07-11,Tienda Centro,Cerveza,Alcohol,2,3500,7000
2282,2026-07-11,Tienda Centro,Papas fritas,Snacks,2,1800,3600
2282,2026-07-11,Tienda Centro,Pañales,Bebé,1,8000,8000
2282,2026-07-11,Tienda Centro,Toallitas húmedas,Bebé,1,2200,2200
2282,2026-07-11,Tienda Centro,Té,Café/Té,1,2500,2500
2283,2026-07-26,Tienda Norte,Maní,Snacks,1,1200,1200
2283,2026-07-26,Tienda Norte,Pañales,Bebé,2,8000,16000
2284,2026-07-13,Tienda Sur,Cerveza,Alcohol,1,3500,3500
2284,2026-07-13,Tienda Sur,Cloro,Limpieza,2,1400,2800
2284,2026-07-13,Tienda Sur,Maní,Snacks,1,1200,1200
2284,2026-07-13,Tienda Sur,Queso,Lácteos,2,4500,9000
2285,2026-07-22,Tienda Sur,Maní,Snacks,2,1200,2400
2285,2026-07-22,Tienda Sur,Yogurt,Lácteos,1,800,800
2286,2026-05-23,Tienda Norte,Agua mineral,Bebidas,1,900,900
2286,2026-05-23,Tienda Norte,Mantequilla,Lácteos,2,2500,5000
2286,2026-05-23,Tienda Norte,Té,Café/Té,2,2500,5000
2287,2026-06-05,Tienda Mall,Esponjas,Limpieza,1,1200,1200
2287,2026-06-05,Tienda Mall,Mantequilla,Lácteos,1,2500,2500
2287,2026-06-05,Tienda Mall,Pan hallulla,Panadería,2,1500,3000
2287,2026-06-05,Tienda Mall,Yogurt,Lácteos,2,800,1600
2288,2026-07-06,Tienda Mall,Azúcar,Café/Té,2,1300,2600
2288,2026-07-06,Tienda Mall,Café,Café/Té,1,4000,4000
2288,2026-07-06,Tienda Mall,Galletas,Snacks,2,1000,2000
2288,2026-07-06,Tienda Mall,Leche,Lácteos,1,1200,1200
2289,2026-06-25,Tienda Sur,Azúcar,Café/Té,3,1300,3900
2289,2026-06-25,Tienda Sur,Papas fritas,Snacks,2,1800,3600
2289,2026-06-25,Tienda Sur,Pañales,Bebé,3,8000,24000
2289,2026-06-25,Tienda Sur,Toallitas húmedas,Bebé,1,2200,2200
2290,2026-08-02,Tienda Norte,Yogurt,Lácteos,2,800,1600
2291,2026-07-31,Tienda Centro,Agua mineral,Bebidas,1,900,900
2292,2026-07-09,Tienda Sur,Croissant,Panadería,1,900,900
2292,2026-07-09,Tienda Sur,Mantequilla,Lácteos,1,2500,2500
2292,2026-07-09,Tienda Sur,Pan hallulla,Panadería,2,1500,3000
2292,2026-07-09,Tienda Sur,Queso,Lácteos,1,4500,4500
2293,2026-06-16,Tienda Centro,Galletas,Snacks,2,1000,2000
2293,2026-06-16,Tienda Centro,Queso,Lácteos,1,4500,4500
2294,2026-07-02,Tienda Centro,Jugo naranja,Bebidas,1,1600,1600
2294,2026-07-02,Tienda Centro,Pañales,Bebé,1,8000,8000
2294,2026-07-02,Tienda Centro,Queso,Lácteos,1,4500,4500
2294,2026-07-02,Tienda Centro,Toallitas húmedas,Bebé,2,2200,4400
2294,2026-07-02,Tienda Centro,Yogurt,Lácteos,2,800,1600
2295,2026-07-15,Tienda Norte,Galletas,Snacks,3,1000,3000
2295,2026-07-15,Tienda Norte,Maní,Snacks,2,1200,2400
2296,2026-05-20,Tienda Norte,Agua mineral,Bebidas,3,900,2700
2296,2026-05-20,Tienda Norte,Cerveza,Alcohol,1,3500,3500
2296,2026-05-20,Tienda Norte,Mantequilla,Lácteos,1,2500,2500
2296,2026-05-20,Tienda Norte,Pan hallulla,Panadería,1,1500,1500
2296,2026-05-20,Tienda Norte,Papas fritas,Snacks,1,1800,1800
2297,2026-06-05,Tienda Mall,Azúcar,Café/Té,1,1300,1300
2297,2026-06-05,Tienda Mall,Café,Café/Té,2,4000,8000
2297,2026-06-05,Tienda Mall,Galletas,Snacks,1,1000,1000
2297,2026-06-05,Tienda Mall,Yogurt,Lácteos,1,800,800
2298,2026-06-27,Tienda Mall,Maní,Snacks,2,1200,2400
2299,2026-07-16,Tienda Mall,Azúcar,Café/Té,1,1300,1300
2299,2026-07-16,Tienda Mall,Galletas,Snacks,1,1000,1000
2299,2026-07-16,Tienda Mall,Yogurt,Lácteos,1,800,800
2300,2026-07-21,Tienda Sur,Cloro,Limpieza,1,1400,1400
2300,2026-07-21,Tienda Sur,Detergente,Limpieza,2,5500,11000
2300,2026-07-21,Tienda Sur,Pañales,Bebé,3,8000,24000
2300,2026-07-21,Tienda Sur,Queso,Lácteos,2,4500,9000
2300,2026-07-21,Tienda Sur,Toallitas húmedas,Bebé,2,2200,4400
2300,2026-07-21,Tienda Sur,Vino tinto,Alcohol,1,5000,5000
2301,2026-05-25,Tienda Centro,Cerveza,Alcohol,2,3500,7000
2301,2026-05-25,Tienda Centro,Leche,Lácteos,2,1200,2400
2301,2026-05-25,Tienda Centro,Pañales,Bebé,2,8000,16000
2301,2026-05-25,Tienda Centro,Toallitas húmedas,Bebé,3,2200,6600
2301,2026-05-25,Tienda Centro,Yogurt,Lácteos,2,800,1600
2302,2026-06-19,Tienda Centro,Azúcar,Café/Té,1,1300,1300
2302,2026-06-19,Tienda Centro,Pañales,Bebé,1,8000,8000
2303,2026-06-13,Tienda Norte,Mantequilla,Lácteos,1,2500,2500
2303,2026-06-13,Tienda Norte,Pan molde,Panadería,1,1800,1800
2303,2026-06-13,Tienda Norte,Queso,Lácteos,1,4500,4500
2303,2026-06-13,Tienda Norte,Yogurt,Lácteos,1,800,800
2304,2026-05-27,Tienda Centro,Bebida cola,Bebidas,1,1500,1500
2304,2026-05-27,Tienda Centro,Cerveza,Alcohol,1,3500,3500
2304,2026-05-27,Tienda Centro,Jugo naranja,Bebidas,1,1600,1600
2304,2026-05-27,Tienda Centro,Papas fritas,Snacks,1,1800,1800
2305,2026-07-30,Tienda Sur,Bebida cola,Bebidas,1,1500,1500
2305,2026-07-30,Tienda Sur,Papas fritas,Snacks,2,1800,3600
2305,2026-07-30,Tienda Sur,Queso,Lácteos,1,4500,4500
2305,2026-07-30,Tienda Sur,Toallitas húmedas,Bebé,1,2200,2200
2306,2026-07-13,Tienda Norte,Azúcar,Café/Té,1,1300,1300
2307,2026-07-31,Tienda Norte,Agua mineral,Bebidas,2,900,1800
2308,2026-05-31,Tienda Norte,Cerveza,Alcohol,1,3500,3500
2308,2026-05-31,Tienda Norte,Galletas,Snacks,3,1000,3000
2308,2026-05-31,Tienda Norte,Pan hallulla,Panadería,1,1500,1500
2309,2026-06-20,Tienda Mall,Azúcar,Café/Té,1,1300,1300
2309,2026-06-20,Tienda Mall,Café,Café/Té,1,4000,4000
2309,2026-06-20,Tienda Mall,Croissant,Panadería,1,900,900
2310,2026-06-12,Tienda Sur,Galletas,Snacks,1,1000,1000
2310,2026-06-12,Tienda Sur,Pañales,Bebé,1,8000,8000
2310,2026-06-12,Tienda Sur,Queso,Lácteos,1,4500,4500
2310,2026-06-12,Tienda Sur,Toallitas húmedas,Bebé,1,2200,2200
2311,2026-06-18,Tienda Centro,Bebida cola,Bebidas,1,1500,1500
2311,2026-06-18,Tienda Centro,Papas fritas,Snacks,3,1800,5400
2312,2026-07-19,Tienda Sur,Té,Café/Té,1,2500,2500
2313,2026-07-08,Tienda Centro,Esponjas,Limpieza,1,1200,1200
2313,2026-07-08,Tienda Centro,Mantequilla,Lácteos,2,2500,5000
2313,2026-07-08,Tienda Centro,Pan molde,Panadería,1,1800,1800
2314,2026-08-01,Tienda Norte,Agua mineral,Bebidas,1,900,900
2314,2026-08-01,Tienda Norte,Azúcar,Café/Té,2,1300,2600
2314,2026-08-01,Tienda Norte,Cerveza,Alcohol,1,3500,3500
2314,2026-08-01,Tienda Norte,Maní,Snacks,1,1200,1200
2315,2026-07-01,Tienda Sur,Leche,Lácteos,1,1200,1200
2316,2026-06-06,Tienda Centro,Jugo naranja,Bebidas,1,1600,1600
2316,2026-06-06,Tienda Centro,Leche,Lácteos,2,1200,2400
2317,2026-07-25,Tienda Mall,Galletas,Snacks,1,1000,1000
2317,2026-07-25,Tienda Mall,Pañales,Bebé,1,8000,8000
2317,2026-07-25,Tienda Mall,Toallitas húmedas,Bebé,1,2200,2200
2318,2026-06-21,Tienda Norte,Croissant,Panadería,1,900,900
2319,2026-06-19,Tienda Sur,Cerveza,Alcohol,1,3500,3500
2319,2026-06-19,Tienda Sur,Cloro,Limpieza,2,1400,2800
2319,2026-06-19,Tienda Sur,Esponjas,Limpieza,3,1200,3600
2320,2026-06-27,Tienda Mall,Azúcar,Café/Té,1,1300,1300
2320,2026-06-27,Tienda Mall,Café,Café/Té,1,4000,4000
2320,2026-06-27,Tienda Mall,Maní,Snacks,1,1200,1200
2321,2026-06-10,Tienda Mall,Toallitas húmedas,Bebé,1,2200,2200
2321,2026-06-10,Tienda Mall,Vino tinto,Alcohol,1,5000,5000
2322,2026-07-28,Tienda Sur,Agua mineral,Bebidas,2,900,1800
2322,2026-07-28,Tienda Sur,Cerveza,Alcohol,1,3500,3500
2322,2026-07-28,Tienda Sur,Maní,Snacks,2,1200,2400
2322,2026-07-28,Tienda Sur,Pan hallulla,Panadería,1,1500,1500
2322,2026-07-28,Tienda Sur,Papas fritas,Snacks,2,1800,3600
2322,2026-07-28,Tienda Sur,Té,Café/Té,1,2500,2500
2323,2026-07-10,Tienda Norte,Azúcar,Café/Té,1,1300,1300
2323,2026-07-10,Tienda Norte,Té,Café/Té,1,2500,2500
2324,2026-06-10,Tienda Sur,Detergente,Limpieza,1,5500,5500
2324,2026-06-10,Tienda Sur,Queso,Lácteos,1,4500,4500
2325,2026-06-10,Tienda Norte,Queso,Lácteos,1,4500,4500
2325,2026-06-10,Tienda Norte,Vino tinto,Alcohol,1,5000,5000
2326,2026-08-12,Tienda Mall,Jugo naranja,Bebidas,1,1600,1600
2327,2026-07-29,Tienda Mall,Agua mineral,Bebidas,2,900,1800
2328,2026-08-10,Tienda Centro,Yogurt,Lácteos,2,800,1600
2329,2026-06-20,Tienda Sur,Pañales,Bebé,2,8000,16000
2329,2026-06-20,Tienda Sur,Toallitas húmedas,Bebé,1,2200,2200
2330,2026-08-11,Tienda Mall,Esponjas,Limpieza,1,1200,1200
2330,2026-08-11,Tienda Mall,Galletas,Snacks,1,1000,1000
2331,2026-05-20,Tienda Sur,Cerveza,Alcohol,1,3500,3500
2331,2026-05-20,Tienda Sur,Mantequilla,Lácteos,2,2500,5000
2331,2026-05-20,Tienda Sur,Pan hallulla,Panadería,1,1500,1500
2331,2026-05-20,Tienda Sur,Papas fritas,Snacks,1,1800,1800
2331,2026-05-20,Tienda Sur,Pañales,Bebé,2,8000,16000
2331,2026-05-20,Tienda Sur,Queso,Lácteos,1,4500,4500
2331,2026-05-20,Tienda Sur,Toallitas húmedas,Bebé,1,2200,2200
2331,2026-05-20,Tienda Sur,Vino tinto,Alcohol,1,5000,5000
2332,2026-07-18,Tienda Centro,Pañales,Bebé,1,8000,8000
2332,2026-07-18,Tienda Centro,Toallitas húmedas,Bebé,1,2200,2200
2333,2026-05-22,Tienda Norte,Cloro,Limpieza,1,1400,1400
2333,2026-05-22,Tienda Norte,Mantequilla,Lácteos,1,2500,2500
2333,2026-05-22,Tienda Norte,Pan hallulla,Panadería,1,1500,1500
2333,2026-05-22,Tienda Norte,Queso,Lácteos,2,4500,9000
2334,2026-07-19,Tienda Mall,Jugo naranja,Bebidas,2,1600,3200
2334,2026-07-19,Tienda Mall,Papas fritas,Snacks,2,1800,3600
2334,2026-07-19,Tienda Mall,Queso,Lácteos,1,4500,4500
2335,2026-05-21,Tienda Sur,Queso,Lácteos,1,4500,4500
2335,2026-05-21,Tienda Sur,Yogurt,Lácteos,1,800,800
2336,2026-07-13,Tienda Norte,Cloro,Limpieza,3,1400,4200
2336,2026-07-13,Tienda Norte,Leche,Lácteos,2,1200,2400
2336,2026-07-13,Tienda Norte,Queso,Lácteos,2,4500,9000
2337,2026-06-03,Tienda Centro,Agua mineral,Bebidas,2,900,1800
2337,2026-06-03,Tienda Centro,Jugo naranja,Bebidas,3,1600,4800
2337,2026-06-03,Tienda Centro,Toallitas húmedas,Bebé,1,2200,2200
2338,2026-06-14,Tienda Centro,Agua mineral,Bebidas,1,900,900
2338,2026-06-14,Tienda Centro,Jugo naranja,Bebidas,2,1600,3200
2339,2026-07-17,Tienda Norte,Cloro,Limpieza,1,1400,1400
2339,2026-07-17,Tienda Norte,Papas fritas,Snacks,1,1800,1800
2340,2026-07-12,Tienda Centro,Esponjas,Limpieza,2,1200,2400
2340,2026-07-12,Tienda Centro,Queso,Lácteos,1,4500,4500
2341,2026-06-12,Tienda Centro,Azúcar,Café/Té,1,1300,1300
2341,2026-06-12,Tienda Centro,Café,Café/Té,1,4000,4000
2341,2026-06-12,Tienda Centro,Croissant,Panadería,3,900,2700
2341,2026-06-12,Tienda Centro,Maní,Snacks,2,1200,2400
2342,2026-07-22,Tienda Norte,Esponjas,Limpieza,1,1200,1200
2343,2026-06-10,Tienda Sur,Galletas,Snacks,1,1000,1000
2343,2026-06-10,Tienda Sur,Jugo naranja,Bebidas,1,1600,1600
2344,2026-07-22,Tienda Norte,Maní,Snacks,2,1200,2400
2344,2026-07-22,Tienda Norte,Vino tinto,Alcohol,1,5000,5000
2345,2026-07-08,Tienda Sur,Mantequilla,Lácteos,1,2500,2500
2345,2026-07-08,Tienda Sur,Pan molde,Panadería,2,1800,3600
2345,2026-07-08,Tienda Sur,Queso,Lácteos,1,4500,4500
2345,2026-07-08,Tienda Sur,Yogurt,Lácteos,2,800,1600
2346,2026-07-12,Tienda Centro,Galletas,Snacks,1,1000,1000
2346,2026-07-12,Tienda Centro,Yogurt,Lácteos,1,800,800
2347,2026-06-23,Tienda Centro,Cerveza,Alcohol,2,3500,7000
2347,2026-06-23,Tienda Centro,Pan molde,Panadería,1,1800,1800
2347,2026-06-23,Tienda Centro,Papas fritas,Snacks,1,1800,1800
2347,2026-06-23,Tienda Centro,Queso,Lácteos,2,4500,9000
2347,2026-06-23,Tienda Centro,Toallitas húmedas,Bebé,1,2200,2200
2348,2026-08-03,Tienda Centro,Bebida cola,Bebidas,1,1500,1500
2348,2026-08-03,Tienda Centro,Cerveza,Alcohol,1,3500,3500
2348,2026-08-03,Tienda Centro,Pan hallulla,Panadería,1,1500,1500
2348,2026-08-03,Tienda Centro,Pañales,Bebé,1,8000,8000
2348,2026-08-03,Tienda Centro,Queso,Lácteos,1,4500,4500
2348,2026-08-03,Tienda Centro,Toallitas húmedas,Bebé,2,2200,4400
2349,2026-06-22,Tienda Sur,Pan hallulla,Panadería,2,1500,3000
2349,2026-06-22,Tienda Sur,Papas fritas,Snacks,2,1800,3600
2349,2026-06-22,Tienda Sur,Queso,Lácteos,3,4500,13500
2350,2026-07-03,Tienda Mall,Galletas,Snacks,1,1000,1000
2350,2026-07-03,Tienda Mall,Maní,Snacks,2,1200,2400
2351,2026-06-18,Tienda Mall,Croissant,Panadería,2,900,1800
2351,2026-06-18,Tienda Mall,Vino tinto,Alcohol,1,5000,5000
2352,2026-07-06,Tienda Centro,Azúcar,Café/Té,1,1300,1300
2352,2026-07-06,Tienda Centro,Café,Café/Té,1,4000,4000
2352,2026-07-06,Tienda Centro,Esponjas,Limpieza,1,1200,1200
2352,2026-07-06,Tienda Centro,Galletas,Snacks,1,1000,1000
2352,2026-07-06,Tienda Centro,Mantequilla,Lácteos,1,2500,2500
2353,2026-07-30,Tienda Mall,Bebida cola,Bebidas,2,1500,3000
2354,2026-07-13,Tienda Centro,Bebida cola,Bebidas,1,1500,1500
2354,2026-07-13,Tienda Centro,Pan hallulla,Panadería,1,1500,1500
2355,2026-05-23,Tienda Mall,Cloro,Limpieza,1,1400,1400
2355,2026-05-23,Tienda Mall,Galletas,Snacks,2,1000,2000
2356,2026-07-19,Tienda Centro,Mantequilla,Lácteos,2,2500,5000
2356,2026-07-19,Tienda Centro,Yogurt,Lácteos,1,800,800
2357,2026-07-19,Tienda Sur,Azúcar,Café/Té,1,1300,1300
2357,2026-07-19,Tienda Sur,Mantequilla,Lácteos,2,2500,5000
2357,2026-07-19,Tienda Sur,Pan molde,Panadería,1,1800,1800
2357,2026-07-19,Tienda Sur,Toallitas húmedas,Bebé,2,2200,4400
2357,2026-07-19,Tienda Sur,Té,Café/Té,1,2500,2500
2358,2026-07-19,Tienda Norte,Jugo naranja,Bebidas,1,1600,1600
2358,2026-07-19,Tienda Norte,Queso,Lácteos,1,4500,4500
2359,2026-07-24,Tienda Mall,Cerveza,Alcohol,2,3500,7000
2359,2026-07-24,Tienda Mall,Cloro,Limpieza,1,1400,1400
2359,2026-07-24,Tienda Mall,Detergente,Limpieza,2,5500,11000
2359,2026-07-24,Tienda Mall,Mantequilla,Lácteos,1,2500,2500
2359,2026-07-24,Tienda Mall,Maní,Snacks,2,1200,2400
2359,2026-07-24,Tienda Mall,Pan molde,Panadería,1,1800,1800
2359,2026-07-24,Tienda Mall,Papas fritas,Snacks,1,1800,1800
2359,2026-07-24,Tienda Mall,Queso,Lácteos,1,4500,4500
2360,2026-06-15,Tienda Norte,Croissant,Panadería,1,900,900
2360,2026-06-15,Tienda Norte,Papas fritas,Snacks,3,1800,5400
2360,2026-06-15,Tienda Norte,Yogurt,Lácteos,2,800,1600
2361,2026-05-21,Tienda Mall,Pañales,Bebé,1,8000,8000
2361,2026-05-21,Tienda Mall,Toallitas húmedas,Bebé,1,2200,2200
2362,2026-08-14,Tienda Norte,Azúcar,Café/Té,1,1300,1300
2362,2026-08-14,Tienda Norte,Mantequilla,Lácteos,1,2500,2500
2363,2026-06-15,Tienda Norte,Galletas,Snacks,1,1000,1000
2363,2026-06-15,Tienda Norte,Mantequilla,Lácteos,1,2500,2500
2363,2026-06-15,Tienda Norte,Pan molde,Panadería,1,1800,1800
2364,2026-06-26,Tienda Norte,Esponjas,Limpieza,1,1200,1200
2365,2026-07-27,Tienda Norte,Bebida cola,Bebidas,1,1500,1500
2365,2026-07-27,Tienda Norte,Cerveza,Alcohol,1,3500,3500
2365,2026-07-27,Tienda Norte,Cloro,Limpieza,2,1400,2800
2365,2026-07-27,Tienda Norte,Croissant,Panadería,1,900,900
2365,2026-07-27,Tienda Norte,Papas fritas,Snacks,1,1800,1800
2366,2026-05-23,Tienda Mall,Croissant,Panadería,1,900,900
2366,2026-05-23,Tienda Mall,Toallitas húmedas,Bebé,1,2200,2200
2367,2026-06-13,Tienda Centro,Azúcar,Café/Té,3,1300,3900
2367,2026-06-13,Tienda Centro,Toallitas húmedas,Bebé,1,2200,2200
2367,2026-06-13,Tienda Centro,Té,Café/Té,2,2500,5000
2368,2026-06-24,Tienda Norte,Cloro,Limpieza,2,1400,2800
2368,2026-06-24,Tienda Norte,Esponjas,Limpieza,1,1200,1200
2368,2026-06-24,Tienda Norte,Mantequilla,Lácteos,2,2500,5000
2369,2026-06-03,Tienda Mall,Pan molde,Panadería,1,1800,1800
2369,2026-06-03,Tienda Mall,Papas fritas,Snacks,1,1800,1800
2370,2026-06-03,Tienda Sur,Mantequilla,Lácteos,1,2500,2500
2370,2026-06-03,Tienda Sur,Pan hallulla,Panadería,2,1500,3000
2370,2026-06-03,Tienda Sur,Pañales,Bebé,1,8000,8000
2370,2026-06-03,Tienda Sur,Toallitas húmedas,Bebé,1,2200,2200
2370,2026-06-03,Tienda Sur,Té,Café/Té,1,2500,2500
2371,2026-07-16,Tienda Centro,Pan hallulla,Panadería,1,1500,1500
2372,2026-06-27,Tienda Centro,Mantequilla,Lácteos,1,2500,2500
2372,2026-06-27,Tienda Centro,Pan hallulla,Panadería,1,1500,1500
2372,2026-06-27,Tienda Centro,Queso,Lácteos,2,4500,9000
2373,2026-05-28,Tienda Mall,Mantequilla,Lácteos,1,2500,2500
2374,2026-08-04,Tienda Mall,Detergente,Limpieza,1,5500,5500
2374,2026-08-04,Tienda Mall,Jugo naranja,Bebidas,3,1600,4800
2375,2026-08-12,Tienda Centro,Cloro,Limpieza,1,1400,1400
2375,2026-08-12,Tienda Centro,Té,Café/Té,1,2500,2500
2376,2026-08-10,Tienda Mall,Azúcar,Café/Té,1,1300,1300
2376,2026-08-10,Tienda Mall,Croissant,Panadería,3,900,2700
2376,2026-08-10,Tienda Mall,Maní,Snacks,1,1200,1200
2377,2026-08-04,Tienda Mall,Azúcar,Café/Té,1,1300,1300
2377,2026-08-04,Tienda Mall,Café,Café/Té,1,4000,4000
2377,2026-08-04,Tienda Mall,Galletas,Snacks,1,1000,1000
2377,2026-08-04,Tienda Mall,Papas fritas,Snacks,1,1800,1800
2377,2026-08-04,Tienda Mall,Yogurt,Lácteos,1,800,800
2378,2026-08-09,Tienda Norte,Agua mineral,Bebidas,1,900,900
2378,2026-08-09,Tienda Norte,Cloro,Limpieza,1,1400,1400
2378,2026-08-09,Tienda Norte,Maní,Snacks,2,1200,2400
2378,2026-08-09,Tienda Norte,Queso,Lácteos,1,4500,4500
2379,2026-08-11,Tienda Norte,Azúcar,Café/Té,1,1300,1300
2379,2026-08-11,Tienda Norte,Cerveza,Alcohol,2,3500,7000
2379,2026-08-11,Tienda Norte,Cloro,Limpieza,1,1400,1400
2379,2026-08-11,Tienda Norte,Té,Café/Té,1,2500,2500
2380,2026-08-12,Tienda Norte,Cloro,Limpieza,1,1400,1400
2380,2026-08-12,Tienda Norte,Queso,Lácteos,1,4500,4500
2380,2026-08-12,Tienda Norte,Vino tinto,Alcohol,3,5000,15000
2381,2026-06-08,Tienda Norte,Bebida cola,Bebidas,1,1500,1500
2381,2026-06-08,Tienda Norte,Pan molde,Panadería,2,1800,3600
2381,2026-06-08,Tienda Norte,Papas fritas,Snacks,2,1800,3600
2382,2026-06-20,Tienda Mall,Galletas,Snacks,1,1000,1000
2382,2026-06-20,Tienda Mall,Mantequilla,Lácteos,1,2500,2500
2382,2026-06-20,Tienda Mall,Pan molde,Panadería,2,1800,3600
2382,2026-06-20,Tienda Mall,Queso,Lácteos,1,4500,4500
2383,2026-05-25,Tienda Sur,Esponjas,Limpieza,1,1200,1200
2383,2026-05-25,Tienda Sur,Maní,Snacks,2,1200,2400
2384,2026-08-17,Tienda Mall,Agua mineral,Bebidas,2,900,1800
2384,2026-08-17,Tienda Mall,Cloro,Limpieza,1,1400,1400
2384,2026-08-17,Tienda Mall,Pan molde,Panadería,2,1800,3600
2385,2026-07-24,Tienda Norte,Esponjas,Limpieza,1,1200,1200
2386,2026-07-22,Tienda Norte,Agua mineral,Bebidas,1,900,900
2386,2026-07-22,Tienda Norte,Esponjas,Limpieza,1,1200,1200
2387,2026-06-14,Tienda Norte,Mantequilla,Lácteos,2,2500,5000
2387,2026-06-14,Tienda Norte,Pan hallulla,Panadería,3,1500,4500
2387,2026-06-14,Tienda Norte,Papas fritas,Snacks,1,1800,1800
2388,2026-08-02,Tienda Centro,Pañales,Bebé,3,8000,24000
2388,2026-08-02,Tienda Centro,Toallitas húmedas,Bebé,2,2200,4400
2389,2026-08-13,Tienda Norte,Pan hallulla,Panadería,1,1500,1500
2389,2026-08-13,Tienda Norte,Queso,Lácteos,1,4500,4500
2390,2026-07-11,Tienda Norte,Maní,Snacks,1,1200,1200
2391,2026-07-17,Tienda Mall,Queso,Lácteos,3,4500,13500
2391,2026-07-17,Tienda Mall,Vino tinto,Alcohol,2,5000,10000
2392,2026-08-04,Tienda Norte,Azúcar,Café/Té,1,1300,1300
2392,2026-08-04,Tienda Norte,Toallitas húmedas,Bebé,1,2200,2200
2393,2026-07-29,Tienda Mall,Azúcar,Café/Té,1,1300,1300
2393,2026-07-29,Tienda Mall,Papas fritas,Snacks,1,1800,1800
2393,2026-07-29,Tienda Mall,Té,Café/Té,1,2500,2500
2394,2026-07-14,Tienda Centro,Agua mineral,Bebidas,1,900,900
2394,2026-07-14,Tienda Centro,Bebida cola,Bebidas,3,1500,4500
2395,2026-06-21,Tienda Norte,Queso,Lácteos,1,4500,4500
2396,2026-06-13,Tienda Centro,Mantequilla,Lácteos,1,2500,2500
2397,2026-05-23,Tienda Centro,Detergente,Limpieza,1,5500,5500
2397,2026-05-23,Tienda Centro,Jugo naranja,Bebidas,2,1600,3200
2397,2026-05-23,Tienda Centro,Pan hallulla,Panadería,1,1500,1500
2397,2026-05-23,Tienda Centro,Queso,Lácteos,2,4500,9000
2398,2026-08-11,Tienda Norte,Cerveza,Alcohol,1,3500,3500
2398,2026-08-11,Tienda Norte,Croissant,Panadería,2,900,1800
2398,2026-08-11,Tienda Norte,Jugo naranja,Bebidas,1,1600,1600
2398,2026-08-11,Tienda Norte,Pañales,Bebé,1,8000,8000
2398,2026-08-11,Tienda Norte,Toallitas húmedas,Bebé,1,2200,2200
2399,2026-07-28,Tienda Mall,Pañales,Bebé,1,8000,8000
2399,2026-07-28,Tienda Mall,Toallitas húmedas,Bebé,1,2200,2200
2400,2026-06-27,Tienda Norte,Cloro,Limpieza,1,1400,1400
2400,2026-06-27,Tienda Norte,Esponjas,Limpieza,1,1200,1200
2400,2026-06-27,Tienda Norte,Mantequilla,Lácteos,1,2500,2500
2401,2026-08-11,Tienda Norte,Yogurt,Lácteos,1,800,800
2402,2026-06-18,Tienda Centro,Azúcar,Café/Té,1,1300,1300
2402,2026-06-18,Tienda Centro,Café,Café/Té,3,4000,12000
2402,2026-06-18,Tienda Centro,Maní,Snacks,1,1200,1200
2403,2026-08-07,Tienda Mall,Pañales,Bebé,1,8000,8000
2404,2026-05-24,Tienda Sur,Mantequilla,Lácteos,1,2500,2500
2404,2026-05-24,Tienda Sur,Pan molde,Panadería,3,1800,5400
2405,2026-07-16,Tienda Mall,Maní,Snacks,3,1200,3600
2405,2026-07-16,Tienda Mall,Té,Café/Té,1,2500,2500
2406,2026-08-11,Tienda Sur,Bebida cola,Bebidas,2,1500,3000
2406,2026-08-11,Tienda Sur,Jugo naranja,Bebidas,1,1600,1600
2406,2026-08-11,Tienda Sur,Mantequilla,Lácteos,3,2500,7500
2406,2026-08-11,Tienda Sur,Pan molde,Panadería,1,1800,1800
2406,2026-08-11,Tienda Sur,Queso,Lácteos,1,4500,4500
2407,2026-08-07,Tienda Sur,Leche,Lácteos,3,1200,3600
2407,2026-08-07,Tienda Sur,Mantequilla,Lácteos,1,2500,2500
2407,2026-08-07,Tienda Sur,Pan hallulla,Panadería,1,1500,1500
2407,2026-08-07,Tienda Sur,Pan molde,Panadería,1,1800,1800
2407,2026-08-07,Tienda Sur,Queso,Lácteos,1,4500,4500
2408,2026-08-12,Tienda Norte,Cerveza,Alcohol,2,3500,7000
2408,2026-08-12,Tienda Norte,Esponjas,Limpieza,1,1200,1200
2408,2026-08-12,Tienda Norte,Mantequilla,Lácteos,1,2500,2500
2408,2026-08-12,Tienda Norte,Toallitas húmedas,Bebé,1,2200,2200
2409,2026-07-17,Tienda Centro,Yogurt,Lácteos,2,800,1600
2410,2026-06-28,Tienda Sur,Azúcar,Café/Té,1,1300,1300
2410,2026-06-28,Tienda Sur,Jugo naranja,Bebidas,1,1600,1600
2410,2026-06-28,Tienda Sur,Toallitas húmedas,Bebé,1,2200,2200
2411,2026-07-15,Tienda Mall,Bebida cola,Bebidas,1,1500,1500
2411,2026-07-15,Tienda Mall,Cerveza,Alcohol,1,3500,3500
2411,2026-07-15,Tienda Mall,Croissant,Panadería,2,900,1800
2412,2026-08-05,Tienda Centro,Detergente,Limpieza,1,5500,5500
2412,2026-08-05,Tienda Centro,Esponjas,Limpieza,1,1200,1200
2412,2026-08-05,Tienda Centro,Mantequilla,Lácteos,2,2500,5000
2412,2026-08-05,Tienda Centro,Pan hallulla,Panadería,1,1500,1500
2413,2026-05-30,Tienda Sur,Agua mineral,Bebidas,1,900,900
2413,2026-05-30,Tienda Sur,Queso,Lácteos,2,4500,9000
2414,2026-07-30,Tienda Sur,Azúcar,Café/Té,2,1300,2600
2414,2026-07-30,Tienda Sur,Vino tinto,Alcohol,2,5000,10000
2415,2026-06-30,Tienda Mall,Esponjas,Limpieza,1,1200,1200
2415,2026-06-30,Tienda Mall,Toallitas húmedas,Bebé,1,2200,2200
2416,2026-08-05,Tienda Centro,Café,Café/Té,1,4000,4000
2416,2026-08-05,Tienda Centro,Cloro,Limpieza,1,1400,1400
2416,2026-08-05,Tienda Centro,Detergente,Limpieza,2,5500,11000
2416,2026-08-05,Tienda Centro,Esponjas,Limpieza,1,1200,1200
2416,2026-08-05,Tienda Centro,Galletas,Snacks,2,1000,2000
2416,2026-08-05,Tienda Centro,Mantequilla,Lácteos,1,2500,2500
2416,2026-08-05,Tienda Centro,Pan hallulla,Panadería,1,1500,1500
2416,2026-08-05,Tienda Centro,Pan molde,Panadería,2,1800,3600
2416,2026-08-05,Tienda Centro,Queso,Lácteos,1,4500,4500
2417,2026-06-15,Tienda Mall,Mantequilla,Lácteos,2,2500,5000
2417,2026-06-15,Tienda Mall,Pan hallulla,Panadería,1,1500,1500
2417,2026-06-15,Tienda Mall,Yogurt,Lácteos,1,800,800
2418,2026-06-24,Tienda Centro,Azúcar,Café/Té,1,1300,1300
2418,2026-06-24,Tienda Centro,Mantequilla,Lácteos,1,2500,2500
2418,2026-06-24,Tienda Centro,Pan molde,Panadería,2,1800,3600
2418,2026-06-24,Tienda Centro,Queso,Lácteos,1,4500,4500
2419,2026-07-14,Tienda Norte,Bebida cola,Bebidas,3,1500,4500
2419,2026-07-14,Tienda Norte,Cerveza,Alcohol,1,3500,3500
2419,2026-07-14,Tienda Norte,Maní,Snacks,2,1200,2400
2419,2026-07-14,Tienda Norte,Papas fritas,Snacks,1,1800,1800
2420,2026-07-23,Tienda Centro,Azúcar,Café/Té,1,1300,1300
2420,2026-07-23,Tienda Centro,Café,Café/Té,1,4000,4000
2420,2026-07-23,Tienda Centro,Maní,Snacks,3,1200,3600
2420,2026-07-23,Tienda Centro,Pan hallulla,Panadería,2,1500,3000
2421,2026-08-04,Tienda Centro,Detergente,Limpieza,1,5500,5500
2421,2026-08-04,Tienda Centro,Esponjas,Limpieza,1,1200,1200
2422,2026-08-15,Tienda Norte,Cerveza,Alcohol,1,3500,3500
2422,2026-08-15,Tienda Norte,Leche,Lácteos,1,1200,1200
2422,2026-08-15,Tienda Norte,Papas fritas,Snacks,2,1800,3600
2423,2026-06-19,Tienda Norte,Detergente,Limpieza,1,5500,5500
2423,2026-06-19,Tienda Norte,Esponjas,Limpieza,1,1200,1200
2423,2026-06-19,Tienda Norte,Leche,Lácteos,3,1200,3600
2423,2026-06-19,Tienda Norte,Toallitas húmedas,Bebé,1,2200,2200
2424,2026-06-29,Tienda Norte,Azúcar,Café/Té,1,1300,1300
2424,2026-06-29,Tienda Norte,Café,Café/Té,1,4000,4000
2424,2026-06-29,Tienda Norte,Cloro,Limpieza,2,1400,2800
2424,2026-06-29,Tienda Norte,Mantequilla,Lácteos,2,2500,5000
2424,2026-06-29,Tienda Norte,Pan molde,Panadería,1,1800,1800
2424,2026-06-29,Tienda Norte,Queso,Lácteos,1,4500,4500
2425,2026-06-06,Tienda Norte,Croissant,Panadería,1,900,900
2426,2026-05-29,Tienda Sur,Agua mineral,Bebidas,1,900,900
2426,2026-05-29,Tienda Sur,Maní,Snacks,1,1200,1200
2426,2026-05-29,Tienda Sur,Pañales,Bebé,2,8000,16000
2427,2026-06-12,Tienda Norte,Papas fritas,Snacks,3,1800,5400
2427,2026-06-12,Tienda Norte,Pañales,Bebé,1,8000,8000
2428,2026-07-08,Tienda Centro,Jugo naranja,Bebidas,2,1600,3200
2428,2026-07-08,Tienda Centro,Mantequilla,Lácteos,1,2500,2500
2428,2026-07-08,Tienda Centro,Pan molde,Panadería,2,1800,3600
2429,2026-07-25,Tienda Mall,Mantequilla,Lácteos,1,2500,2500
2429,2026-07-25,Tienda Mall,Pan hallulla,Panadería,1,1500,1500
2429,2026-07-25,Tienda Mall,Queso,Lácteos,1,4500,4500
2430,2026-05-25,Tienda Norte,Cloro,Limpieza,1,1400,1400
2430,2026-05-25,Tienda Norte,Croissant,Panadería,1,900,900
2430,2026-05-25,Tienda Norte,Detergente,Limpieza,2,5500,11000
2430,2026-05-25,Tienda Norte,Esponjas,Limpieza,1,1200,1200
2430,2026-05-25,Tienda Norte,Maní,Snacks,1,1200,1200
2431,2026-06-10,Tienda Centro,Bebida cola,Bebidas,2,1500,3000
2431,2026-06-10,Tienda Centro,Cloro,Limpieza,1,1400,1400
2431,2026-06-10,Tienda Centro,Detergente,Limpieza,1,5500,5500
2431,2026-06-10,Tienda Centro,Esponjas,Limpieza,1,1200,1200
2431,2026-06-10,Tienda Centro,Mantequilla,Lácteos,1,2500,2500
2431,2026-06-10,Tienda Centro,Pan molde,Panadería,1,1800,1800
2432,2026-06-03,Tienda Norte,Azúcar,Café/Té,3,1300,3900
2432,2026-06-03,Tienda Norte,Esponjas,Limpieza,1,1200,1200
2432,2026-06-03,Tienda Norte,Mantequilla,Lácteos,2,2500,5000
2432,2026-06-03,Tienda Norte,Pan hallulla,Panadería,1,1500,1500
2432,2026-06-03,Tienda Norte,Queso,Lácteos,1,4500,4500
2432,2026-06-03,Tienda Norte,Toallitas húmedas,Bebé,1,2200,2200
2433,2026-06-23,Tienda Norte,Jugo naranja,Bebidas,2,1600,3200
2434,2026-08-05,Tienda Sur,Azúcar,Café/Té,1,1300,1300
2434,2026-08-05,Tienda Sur,Bebida cola,Bebidas,1,1500,1500
2434,2026-08-05,Tienda Sur,Cerveza,Alcohol,1,3500,3500
2434,2026-08-05,Tienda Sur,Papas fritas,Snacks,1,1800,1800
2434,2026-08-05,Tienda Sur,Té,Café/Té,1,2500,2500
2435,2026-06-25,Tienda Sur,Papas fritas,Snacks,2,1800,3600
2435,2026-06-25,Tienda Sur,Yogurt,Lácteos,1,800,800
2436,2026-08-15,Tienda Sur,Azúcar,Café/Té,1,1300,1300
2436,2026-08-15,Tienda Sur,Café,Café/Té,1,4000,4000
2436,2026-08-15,Tienda Sur,Galletas,Snacks,1,1000,1000
2437,2026-07-11,Tienda Centro,Azúcar,Café/Té,1,1300,1300
2437,2026-07-11,Tienda Centro,Jugo naranja,Bebidas,1,1600,1600
2437,2026-07-11,Tienda Centro,Mantequilla,Lácteos,1,2500,2500
2438,2026-08-09,Tienda Norte,Mantequilla,Lácteos,1,2500,2500
2438,2026-08-09,Tienda Norte,Pan molde,Panadería,1,1800,1800
2438,2026-08-09,Tienda Norte,Papas fritas,Snacks,1,1800,1800
2439,2026-07-06,Tienda Norte,Bebida cola,Bebidas,1,1500,1500
2439,2026-07-06,Tienda Norte,Croissant,Panadería,1,900,900
2439,2026-07-06,Tienda Norte,Galletas,Snacks,1,1000,1000
2440,2026-06-01,Tienda Sur,Azúcar,Café/Té,1,1300,1300
2440,2026-06-01,Tienda Sur,Queso,Lácteos,1,4500,4500
2440,2026-06-01,Tienda Sur,Té,Café/Té,1,2500,2500
2440,2026-06-01,Tienda Sur,Vino tinto,Alcohol,1,5000,5000
2441,2026-06-30,Tienda Sur,Agua mineral,Bebidas,2,900,1800
2441,2026-06-30,Tienda Sur,Pan hallulla,Panadería,1,1500,1500
2442,2026-06-01,Tienda Sur,Galletas,Snacks,2,1000,2000
2442,2026-06-01,Tienda Sur,Pan hallulla,Panadería,3,1500,4500
2442,2026-06-01,Tienda Sur,Pañales,Bebé,1,8000,8000
2442,2026-06-01,Tienda Sur,Toallitas húmedas,Bebé,1,2200,2200
2443,2026-07-14,Tienda Sur,Papas fritas,Snacks,1,1800,1800
2443,2026-07-14,Tienda Sur,Pañales,Bebé,1,8000,8000
2443,2026-07-14,Tienda Sur,Queso,Lácteos,2,4500,9000
2443,2026-07-14,Tienda Sur,Toallitas húmedas,Bebé,2,2200,4400
2444,2026-07-22,Tienda Sur,Azúcar,Café/Té,1,1300,1300
2444,2026-07-22,Tienda Sur,Galletas,Snacks,1,1000,1000
2444,2026-07-22,Tienda Sur,Papas fritas,Snacks,1,1800,1800
2445,2026-05-26,Tienda Norte,Azúcar,Café/Té,2,1300,2600
2445,2026-05-26,Tienda Norte,Café,Café/Té,1,4000,4000
2445,2026-05-26,Tienda Norte,Croissant,Panadería,1,900,900
2445,2026-05-26,Tienda Norte,Esponjas,Limpieza,1,1200,1200
2446,2026-07-05,Tienda Mall,Mantequilla,Lácteos,1,2500,2500
2446,2026-07-05,Tienda Mall,Queso,Lácteos,1,4500,4500
2447,2026-07-20,Tienda Norte,Mantequilla,Lácteos,1,2500,2500
2447,2026-07-20,Tienda Norte,Pañales,Bebé,1,8000,8000
2447,2026-07-20,Tienda Norte,Queso,Lácteos,1,4500,4500
2448,2026-06-06,Tienda Sur,Papas fritas,Snacks,3,1800,5400
2448,2026-06-06,Tienda Sur,Yogurt,Lácteos,2,800,1600
2449,2026-07-17,Tienda Mall,Detergente,Limpieza,2,5500,11000
2449,2026-07-17,Tienda Mall,Pañales,Bebé,1,8000,8000
2449,2026-07-17,Tienda Mall,Toallitas húmedas,Bebé,1,2200,2200
2449,2026-07-17,Tienda Mall,Yogurt,Lácteos,1,800,800
2450,2026-06-07,Tienda Centro,Cloro,Limpieza,1,1400,1400
2451,2026-08-01,Tienda Centro,Croissant,Panadería,2,900,1800
2451,2026-08-01,Tienda Centro,Mantequilla,Lácteos,1,2500,2500
2451,2026-08-01,Tienda Centro,Pan molde,Panadería,1,1800,1800
2451,2026-08-01,Tienda Centro,Queso,Lácteos,1,4500,4500
2452,2026-06-27,Tienda Mall,Pañales,Bebé,1,8000,8000
2452,2026-06-27,Tienda Mall,Toallitas húmedas,Bebé,2,2200,4400
2452,2026-06-27,Tienda Mall,Té,Café/Té,2,2500,5000
2453,2026-07-01,Tienda Sur,Mantequilla,Lácteos,1,2500,2500
2453,2026-07-01,Tienda Sur,Pan hallulla,Panadería,1,1500,1500
2453,2026-07-01,Tienda Sur,Papas fritas,Snacks,1,1800,1800
2454,2026-06-14,Tienda Norte,Pan molde,Panadería,1,1800,1800
2455,2026-06-20,Tienda Norte,Detergente,Limpieza,1,5500,5500
2455,2026-06-20,Tienda Norte,Esponjas,Limpieza,1,1200,1200
2455,2026-06-20,Tienda Norte,Maní,Snacks,1,1200,1200
2455,2026-06-20,Tienda Norte,Yogurt,Lácteos,1,800,800
2456,2026-05-29,Tienda Mall,Azúcar,Café/Té,1,1300,1300
2456,2026-05-29,Tienda Mall,Esponjas,Limpieza,3,1200,3600
2456,2026-05-29,Tienda Mall,Pan hallulla,Panadería,1,1500,1500
2456,2026-05-29,Tienda Mall,Té,Café/Té,1,2500,2500
2457,2026-07-05,Tienda Centro,Cerveza,Alcohol,1,3500,3500
2457,2026-07-05,Tienda Centro,Maní,Snacks,1,1200,1200
2457,2026-07-05,Tienda Centro,Pan hallulla,Panadería,2,1500,3000
2457,2026-07-05,Tienda Centro,Papas fritas,Snacks,1,1800,1800
2457,2026-07-05,Tienda Centro,Queso,Lácteos,2,4500,9000
2458,2026-06-27,Tienda Centro,Azúcar,Café/Té,2,1300,2600
2458,2026-06-27,Tienda Centro,Café,Café/Té,1,4000,4000
2459,2026-07-05,Tienda Norte,Mantequilla,Lácteos,1,2500,2500
2459,2026-07-05,Tienda Norte,Maní,Snacks,3,1200,3600
2460,2026-07-14,Tienda Norte,Mantequilla,Lácteos,2,2500,5000
2460,2026-07-14,Tienda Norte,Pan hallulla,Panadería,1,1500,1500
2461,2026-07-04,Tienda Mall,Agua mineral,Bebidas,1,900,900
2461,2026-07-04,Tienda Mall,Croissant,Panadería,1,900,900
2461,2026-07-04,Tienda Mall,Maní,Snacks,1,1200,1200
2462,2026-07-21,Tienda Norte,Queso,Lácteos,3,4500,13500
2463,2026-08-17,Tienda Mall,Agua mineral,Bebidas,2,900,1800
2463,2026-08-17,Tienda Mall,Azúcar,Café/Té,1,1300,1300
2463,2026-08-17,Tienda Mall,Esponjas,Limpieza,1,1200,1200
2464,2026-08-04,Tienda Mall,Toallitas húmedas,Bebé,2,2200,4400
2465,2026-06-29,Tienda Centro,Cloro,Limpieza,1,1400,1400
2465,2026-06-29,Tienda Centro,Esponjas,Limpieza,2,1200,2400
2465,2026-06-29,Tienda Centro,Toallitas húmedas,Bebé,2,2200,4400
2466,2026-07-14,Tienda Sur,Bebida cola,Bebidas,1,1500,1500
2466,2026-07-14,Tienda Sur,Mantequilla,Lácteos,1,2500,2500
2467,2026-06-05,Tienda Centro,Azúcar,Café/Té,1,1300,1300
2468,2026-07-27,Tienda Centro,Cerveza,Alcohol,1,3500,3500
2468,2026-07-27,Tienda Centro,Leche,Lácteos,1,1200,1200
2468,2026-07-27,Tienda Centro,Papas fritas,Snacks,1,1800,1800
2468,2026-07-27,Tienda Centro,Toallitas húmedas,Bebé,1,2200,2200
2469,2026-07-16,Tienda Mall,Mantequilla,Lácteos,2,2500,5000
2469,2026-07-16,Tienda Mall,Queso,Lácteos,3,4500,13500
2469,2026-07-16,Tienda Mall,Yogurt,Lácteos,2,800,1600
2470,2026-06-27,Tienda Mall,Cloro,Limpieza,2,1400,2800
2470,2026-06-27,Tienda Mall,Detergente,Limpieza,1,5500,5500
2470,2026-06-27,Tienda Mall,Yogurt,Lácteos,1,800,800
2471,2026-07-24,Tienda Norte,Galletas,Snacks,1,1000,1000
2471,2026-07-24,Tienda Norte,Mantequilla,Lácteos,1,2500,2500
2471,2026-07-24,Tienda Norte,Queso,Lácteos,1,4500,4500
2471,2026-07-24,Tienda Norte,Té,Café/Té,3,2500,7500
2472,2026-06-26,Tienda Centro,Pan hallulla,Panadería,1,1500,1500
2472,2026-06-26,Tienda Centro,Papas fritas,Snacks,2,1800,3600
2473,2026-08-01,Tienda Sur,Galletas,Snacks,3,1000,3000
2473,2026-08-01,Tienda Sur,Pañales,Bebé,1,8000,8000
2473,2026-08-01,Tienda Sur,Toallitas húmedas,Bebé,2,2200,4400
2474,2026-06-30,Tienda Mall,Agua mineral,Bebidas,2,900,1800
2474,2026-06-30,Tienda Mall,Pañales,Bebé,1,8000,8000
2474,2026-06-30,Tienda Mall,Toallitas húmedas,Bebé,3,2200,6600
2475,2026-08-07,Tienda Mall,Papas fritas,Snacks,2,1800,3600
2476,2026-05-26,Tienda Centro,Mantequilla,Lácteos,1,2500,2500
2476,2026-05-26,Tienda Centro,Maní,Snacks,1,1200,1200
2477,2026-05-20,Tienda Centro,Cerveza,Alcohol,1,3500,3500
2477,2026-05-20,Tienda Centro,Maní,Snacks,1,1200,1200
2477,2026-05-20,Tienda Centro,Vino tinto,Alcohol,3,5000,15000
2478,2026-07-10,Tienda Sur,Café,Café/Té,1,4000,4000
2478,2026-07-10,Tienda Sur,Galletas,Snacks,1,1000,1000
2478,2026-07-10,Tienda Sur,Queso,Lácteos,1,4500,4500
2478,2026-07-10,Tienda Sur,Vino tinto,Alcohol,1,5000,5000
2479,2026-07-16,Tienda Sur,Maní,Snacks,1,1200,1200
2479,2026-07-16,Tienda Sur,Té,Café/Té,1,2500,2500
2480,2026-05-29,Tienda Mall,Agua mineral,Bebidas,1,900,900
2480,2026-05-29,Tienda Mall,Cerveza,Alcohol,1,3500,3500
2480,2026-05-29,Tienda Mall,Maní,Snacks,1,1200,1200
2480,2026-05-29,Tienda Mall,Papas fritas,Snacks,1,1800,1800
2481,2026-08-06,Tienda Mall,Azúcar,Café/Té,1,1300,1300
2481,2026-08-06,Tienda Mall,Mantequilla,Lácteos,1,2500,2500
2481,2026-08-06,Tienda Mall,Pan molde,Panadería,1,1800,1800
2481,2026-08-06,Tienda Mall,Queso,Lácteos,1,4500,4500
2481,2026-08-06,Tienda Mall,Té,Café/Té,1,2500,2500
2482,2026-05-28,Tienda Mall,Bebida cola,Bebidas,1,1500,1500
2483,2026-08-07,Tienda Sur,Agua mineral,Bebidas,1,900,900
2483,2026-08-07,Tienda Sur,Mantequilla,Lácteos,1,2500,2500
2483,2026-08-07,Tienda Sur,Queso,Lácteos,1,4500,4500
2484,2026-08-16,Tienda Sur,Azúcar,Café/Té,1,1300,1300
2484,2026-08-16,Tienda Sur,Bebida cola,Bebidas,2,1500,3000
2484,2026-08-16,Tienda Sur,Papas fritas,Snacks,2,1800,3600
2484,2026-08-16,Tienda Sur,Toallitas húmedas,Bebé,1,2200,2200
2485,2026-08-13,Tienda Centro,Cloro,Limpieza,1,1400,1400
2485,2026-08-13,Tienda Centro,Detergente,Limpieza,2,5500,11000
2485,2026-08-13,Tienda Centro,Maní,Snacks,2,1200,2400
2486,2026-08-01,Tienda Mall,Agua mineral,Bebidas,1,900,900
2487,2026-06-08,Tienda Sur,Queso,Lácteos,1,4500,4500
2487,2026-06-08,Tienda Sur,Vino tinto,Alcohol,1,5000,5000
2488,2026-06-29,Tienda Centro,Papas fritas,Snacks,1,1800,1800
2488,2026-06-29,Tienda Centro,Vino tinto,Alcohol,3,5000,15000
2489,2026-05-21,Tienda Sur,Bebida cola,Bebidas,1,1500,1500
2489,2026-05-21,Tienda Sur,Detergente,Limpieza,1,5500,5500
2490,2026-07-29,Tienda Centro,Maní,Snacks,1,1200,1200
2491,2026-08-06,Tienda Sur,Detergente,Limpieza,3,5500,16500
2491,2026-08-06,Tienda Sur,Mantequilla,Lácteos,1,2500,2500
2491,2026-08-06,Tienda Sur,Pan hallulla,Panadería,1,1500,1500
2492,2026-08-06,Tienda Centro,Jugo naranja,Bebidas,1,1600,1600
2492,2026-08-06,Tienda Centro,Mantequilla,Lácteos,1,2500,2500
2493,2026-07-15,Tienda Mall,Azúcar,Café/Té,1,1300,1300
2493,2026-07-15,Tienda Mall,Maní,Snacks,1,1200,1200
2494,2026-06-03,Tienda Sur,Maní,Snacks,2,1200,2400
2495,2026-08-15,Tienda Norte,Mantequilla,Lácteos,1,2500,2500
2495,2026-08-15,Tienda Norte,Té,Café/Té,1,2500,2500
2496,2026-07-09,Tienda Sur,Maní,Snacks,1,1200,1200
2497,2026-08-10,Tienda Norte,Maní,Snacks,1,1200,1200
2498,2026-08-10,Tienda Sur,Esponjas,Limpieza,2,1200,2400
2498,2026-08-10,Tienda Sur,Papas fritas,Snacks,1,1800,1800
2498,2026-08-10,Tienda Sur,Toallitas húmedas,Bebé,1,2200,2200
2499,2026-07-20,Tienda Sur,Esponjas,Limpieza,1,1200,1200
2499,2026-07-20,Tienda Sur,Galletas,Snacks,1,1000,1000
2499,2026-07-20,Tienda Sur,Leche,Lácteos,2,1200,2400
2499,2026-07-20,Tienda Sur,Queso,Lácteos,1,4500,4500
2500,2026-08-10,Tienda Centro,Azúcar,Café/Té,1,1300,1300
2500,2026-08-10,Tienda Centro,Croissant,Panadería,1,900,900
2500,2026-08-10,Tienda Centro,Té,Café/Té,1,2500,2500
2501,2026-07-07,Tienda Sur,Jugo naranja,Bebidas,1,1600,1600
2501,2026-07-07,Tienda Sur,Maní,Snacks,1,1200,1200
2501,2026-07-07,Tienda Sur,Pañales,Bebé,1,8000,8000
2501,2026-07-07,Tienda Sur,Toallitas húmedas,Bebé,1,2200,2200
2502,2026-06-07,Tienda Norte,Galletas,Snacks,1,1000,1000
2502,2026-06-07,Tienda Norte,Leche,Lácteos,1,1200,1200
2502,2026-06-07,Tienda Norte,Toallitas húmedas,Bebé,3,2200,6600
2503,2026-06-10,Tienda Norte,Pan hallulla,Panadería,2,1500,3000
2503,2026-06-10,Tienda Norte,Pañales,Bebé,2,8000,16000
2503,2026-06-10,Tienda Norte,Toallitas húmedas,Bebé,2,2200,4400
2504,2026-08-08,Tienda Mall,Azúcar,Café/Té,1,1300,1300
2505,2026-07-18,Tienda Mall,Agua mineral,Bebidas,1,900,900
2505,2026-07-18,Tienda Mall,Esponjas,Limpieza,2,1200,2400
2506,2026-07-12,Tienda Mall,Pañales,Bebé,2,8000,16000
2506,2026-07-12,Tienda Mall,Queso,Lácteos,1,4500,4500
2506,2026-07-12,Tienda Mall,Toallitas húmedas,Bebé,1,2200,2200
2507,2026-05-25,Tienda Mall,Azúcar,Café/Té,1,1300,1300
2507,2026-05-25,Tienda Mall,Croissant,Panadería,1,900,900
2507,2026-05-25,Tienda Mall,Galletas,Snacks,1,1000,1000
2507,2026-05-25,Tienda Mall,Té,Café/Té,1,2500,2500
2508,2026-07-06,Tienda Mall,Azúcar,Café/Té,1,1300,1300
2509,2026-06-22,Tienda Mall,Pan molde,Panadería,1,1800,1800
2509,2026-06-22,Tienda Mall,Té,Café/Té,1,2500,2500
2510,2026-08-03,Tienda Mall,Detergente,Limpieza,1,5500,5500
2510,2026-08-03,Tienda Mall,Leche,Lácteos,1,1200,1200
2510,2026-08-03,Tienda Mall,Yogurt,Lácteos,1,800,800
2511,2026-07-28,Tienda Centro,Pañales,Bebé,1,8000,8000
2511,2026-07-28,Tienda Centro,Toallitas húmedas,Bebé,2,2200,4400
2512,2026-06-01,Tienda Norte,Café,Café/Té,1,4000,4000
2512,2026-06-01,Tienda Norte,Cloro,Limpieza,1,1400,1400
2512,2026-06-01,Tienda Norte,Detergente,Limpieza,1,5500,5500
2512,2026-06-01,Tienda Norte,Pan molde,Panadería,2,1800,3600
2513,2026-08-03,Tienda Norte,Bebida cola,Bebidas,2,1500,3000
2513,2026-08-03,Tienda Norte,Papas fritas,Snacks,1,1800,1800
2513,2026-08-03,Tienda Norte,Toallitas húmedas,Bebé,3,2200,6600
2514,2026-07-14,Tienda Sur,Bebida cola,Bebidas,1,1500,1500
2514,2026-07-14,Tienda Sur,Galletas,Snacks,1,1000,1000
2514,2026-07-14,Tienda Sur,Pan hallulla,Panadería,2,1500,3000
2514,2026-07-14,Tienda Sur,Queso,Lácteos,2,4500,9000
2515,2026-06-17,Tienda Norte,Esponjas,Limpieza,1,1200,1200
2515,2026-06-17,Tienda Norte,Galletas,Snacks,1,1000,1000
2516,2026-06-19,Tienda Centro,Cloro,Limpieza,1,1400,1400
2516,2026-06-19,Tienda Centro,Leche,Lácteos,1,1200,1200
2516,2026-06-19,Tienda Centro,Queso,Lácteos,1,4500,4500
2517,2026-06-29,Tienda Mall,Mantequilla,Lácteos,1,2500,2500
2517,2026-06-29,Tienda Mall,Pan hallulla,Panadería,2,1500,3000
2517,2026-06-29,Tienda Mall,Vino tinto,Alcohol,1,5000,5000
2518,2026-06-24,Tienda Sur,Vino tinto,Alcohol,1,5000,5000
2519,2026-06-02,Tienda Centro,Café,Café/Té,2,4000,8000
2519,2026-06-02,Tienda Centro,Jugo naranja,Bebidas,2,1600,3200
2520,2026-06-18,Tienda Sur,Azúcar,Café/Té,3,1300,3900
2520,2026-06-18,Tienda Sur,Papas fritas,Snacks,1,1800,1800
2520,2026-06-18,Tienda Sur,Queso,Lácteos,1,4500,4500
2521,2026-07-09,Tienda Centro,Detergente,Limpieza,2,5500,11000
2521,2026-07-09,Tienda Centro,Esponjas,Limpieza,1,1200,1200
2521,2026-07-09,Tienda Centro,Galletas,Snacks,3,1000,3000
2521,2026-07-09,Tienda Centro,Pañales,Bebé,2,8000,16000
2522,2026-08-08,Tienda Sur,Azúcar,Café/Té,3,1300,3900
2522,2026-08-08,Tienda Sur,Jugo naranja,Bebidas,1,1600,1600
2522,2026-08-08,Tienda Sur,Té,Café/Té,1,2500,2500
2523,2026-06-18,Tienda Mall,Jugo naranja,Bebidas,1,1600,1600
2523,2026-06-18,Tienda Mall,Mantequilla,Lácteos,1,2500,2500
2523,2026-06-18,Tienda Mall,Maní,Snacks,1,1200,1200
2523,2026-06-18,Tienda Mall,Pan molde,Panadería,1,1800,1800
2523,2026-06-18,Tienda Mall,Queso,Lácteos,1,4500,4500
2524,2026-06-04,Tienda Sur,Azúcar,Café/Té,2,1300,2600
2524,2026-06-04,Tienda Sur,Café,Café/Té,1,4000,4000
2524,2026-06-04,Tienda Sur,Vino tinto,Alcohol,1,5000,5000
2525,2026-06-02,Tienda Mall,Esponjas,Limpieza,1,1200,1200
2525,2026-06-02,Tienda Mall,Mantequilla,Lácteos,3,2500,7500
2525,2026-06-02,Tienda Mall,Pan hallulla,Panadería,1,1500,1500
2525,2026-06-02,Tienda Mall,Queso,Lácteos,1,4500,4500
2526,2026-06-18,Tienda Norte,Croissant,Panadería,1,900,900
2527,2026-07-06,Tienda Centro,Agua mineral,Bebidas,2,900,1800
2527,2026-07-06,Tienda Centro,Detergente,Limpieza,1,5500,5500
2528,2026-07-18,Tienda Norte,Café,Café/Té,2,4000,8000
2528,2026-07-18,Tienda Norte,Papas fritas,Snacks,1,1800,1800
2529,2026-08-08,Tienda Sur,Croissant,Panadería,2,900,1800
2529,2026-08-08,Tienda Sur,Detergente,Limpieza,3,5500,16500
2530,2026-08-06,Tienda Centro,Galletas,Snacks,2,1000,2000
2530,2026-08-06,Tienda Centro,Mantequilla,Lácteos,1,2500,2500
2530,2026-08-06,Tienda Centro,Pan molde,Panadería,1,1800,1800
2531,2026-07-10,Tienda Centro,Bebida cola,Bebidas,1,1500,1500
2531,2026-07-10,Tienda Centro,Jugo naranja,Bebidas,1,1600,1600
2531,2026-07-10,Tienda Centro,Leche,Lácteos,1,1200,1200
2532,2026-08-17,Tienda Centro,Agua mineral,Bebidas,1,900,900
2532,2026-08-17,Tienda Centro,Azúcar,Café/Té,2,1300,2600
2532,2026-08-17,Tienda Centro,Queso,Lácteos,1,4500,4500
2533,2026-06-05,Tienda Norte,Cloro,Limpieza,1,1400,1400
2533,2026-06-05,Tienda Norte,Jugo naranja,Bebidas,1,1600,1600
2534,2026-06-14,Tienda Centro,Detergente,Limpieza,1,5500,5500
2534,2026-06-14,Tienda Centro,Maní,Snacks,1,1200,1200
2534,2026-06-14,Tienda Centro,Vino tinto,Alcohol,2,5000,10000
2535,2026-06-03,Tienda Norte,Galletas,Snacks,1,1000,1000
2535,2026-06-03,Tienda Norte,Leche,Lácteos,1,1200,1200
2536,2026-07-12,Tienda Mall,Croissant,Panadería,1,900,900
2536,2026-07-12,Tienda Mall,Mantequilla,Lácteos,1,2500,2500
2536,2026-07-12,Tienda Mall,Pan molde,Panadería,1,1800,1800
2536,2026-07-12,Tienda Mall,Queso,Lácteos,3,4500,13500
2537,2026-05-24,Tienda Norte,Cloro,Limpieza,3,1400,4200
2537,2026-05-24,Tienda Norte,Esponjas,Limpieza,1,1200,1200
2537,2026-05-24,Tienda Norte,Mantequilla,Lácteos,1,2500,2500
2538,2026-05-25,Tienda Centro,Galletas,Snacks,1,1000,1000
2538,2026-05-25,Tienda Centro,Maní,Snacks,2,1200,2400
2538,2026-05-25,Tienda Centro,Queso,Lácteos,1,4500,4500
2539,2026-08-07,Tienda Centro,Galletas,Snacks,1,1000,1000
2540,2026-06-30,Tienda Norte,Agua mineral,Bebidas,1,900,900
2540,2026-06-30,Tienda Norte,Leche,Lácteos,1,1200,1200
2540,2026-06-30,Tienda Norte,Papas fritas,Snacks,1,1800,1800
2541,2026-06-20,Tienda Sur,Jugo naranja,Bebidas,2,1600,3200
2542,2026-07-05,Tienda Mall,Mantequilla,Lácteos,1,2500,2500
2542,2026-07-05,Tienda Mall,Pan hallulla,Panadería,1,1500,1500
2542,2026-07-05,Tienda Mall,Papas fritas,Snacks,1,1800,1800
2543,2026-07-31,Tienda Sur,Detergente,Limpieza,2,5500,11000
2543,2026-07-31,Tienda Sur,Papas fritas,Snacks,1,1800,1800
2543,2026-07-31,Tienda Sur,Toallitas húmedas,Bebé,1,2200,2200
2544,2026-07-15,Tienda Mall,Agua mineral,Bebidas,1,900,900
2544,2026-07-15,Tienda Mall,Croissant,Panadería,1,900,900
2544,2026-07-15,Tienda Mall,Jugo naranja,Bebidas,3,1600,4800
2545,2026-07-29,Tienda Sur,Yogurt,Lácteos,2,800,1600
2546,2026-07-01,Tienda Sur,Queso,Lácteos,2,4500,9000
2547,2026-06-23,Tienda Sur,Agua mineral,Bebidas,1,900,900
2547,2026-06-23,Tienda Sur,Azúcar,Café/Té,1,1300,1300
2547,2026-06-23,Tienda Sur,Café,Café/Té,1,4000,4000
2547,2026-06-23,Tienda Sur,Papas fritas,Snacks,2,1800,3600
2548,2026-06-18,Tienda Centro,Agua mineral,Bebidas,2,900,1800
2548,2026-06-18,Tienda Centro,Queso,Lácteos,1,4500,4500
2548,2026-06-18,Tienda Centro,Vino tinto,Alcohol,1,5000,5000
2549,2026-06-26,Tienda Norte,Croissant,Panadería,1,900,900
2550,2026-08-17,Tienda Mall,Cerveza,Alcohol,1,3500,3500
2550,2026-08-17,Tienda Mall,Galletas,Snacks,1,1000,1000
2550,2026-08-17,Tienda Mall,Pañales,Bebé,1,8000,8000
2551,2026-08-02,Tienda Sur,Café,Café/Té,1,4000,4000
2551,2026-08-02,Tienda Sur,Galletas,Snacks,1,1000,1000
2552,2026-07-26,Tienda Sur,Leche,Lácteos,3,1200,3600
2552,2026-07-26,Tienda Sur,Pan hallulla,Panadería,1,1500,1500
2553,2026-06-15,Tienda Centro,Agua mineral,Bebidas,1,900,900
2553,2026-06-15,Tienda Centro,Croissant,Panadería,1,900,900
2554,2026-07-11,Tienda Norte,Azúcar,Café/Té,1,1300,1300
2554,2026-07-11,Tienda Norte,Café,Café/Té,1,4000,4000
2554,2026-07-11,Tienda Norte,Mantequilla,Lácteos,1,2500,2500
2554,2026-07-11,Tienda Norte,Pan molde,Panadería,1,1800,1800
2555,2026-07-17,Tienda Centro,Azúcar,Café/Té,1,1300,1300
2555,2026-07-17,Tienda Centro,Detergente,Limpieza,1,5500,5500
2555,2026-07-17,Tienda Centro,Esponjas,Limpieza,1,1200,1200
2556,2026-05-29,Tienda Sur,Esponjas,Limpieza,1,1200,1200
2556,2026-05-29,Tienda Sur,Mantequilla,Lácteos,1,2500,2500
2556,2026-05-29,Tienda Sur,Pan molde,Panadería,1,1800,1800
2556,2026-05-29,Tienda Sur,Queso,Lácteos,2,4500,9000
2556,2026-05-29,Tienda Sur,Yogurt,Lácteos,3,800,2400
2557,2026-08-16,Tienda Sur,Cerveza,Alcohol,1,3500,3500
2557,2026-08-16,Tienda Sur,Cloro,Limpieza,1,1400,1400
2557,2026-08-16,Tienda Sur,Mantequilla,Lácteos,1,2500,2500
2557,2026-08-16,Tienda Sur,Pan molde,Panadería,1,1800,1800
2557,2026-08-16,Tienda Sur,Papas fritas,Snacks,1,1800,1800
2558,2026-08-03,Tienda Norte,Papas fritas,Snacks,1,1800,1800
2559,2026-06-20,Tienda Norte,Agua mineral,Bebidas,3,900,2700
2559,2026-06-20,Tienda Norte,Azúcar,Café/Té,1,1300,1300
2559,2026-06-20,Tienda Norte,Mantequilla,Lácteos,3,2500,7500
2559,2026-06-20,Tienda Norte,Té,Café/Té,1,2500,2500
2560,2026-08-13,Tienda Norte,Papas fritas,Snacks,1,1800,1800
2561,2026-05-23,Tienda Centro,Croissant,Panadería,1,900,900
2561,2026-05-23,Tienda Centro,Leche,Lácteos,1,1200,1200
2561,2026-05-23,Tienda Centro,Pan hallulla,Panadería,1,1500,1500
2561,2026-05-23,Tienda Centro,Queso,Lácteos,1,4500,4500
2561,2026-05-23,Tienda Centro,Toallitas húmedas,Bebé,1,2200,2200
2562,2026-06-12,Tienda Mall,Bebida cola,Bebidas,1,1500,1500
2562,2026-06-12,Tienda Mall,Leche,Lácteos,2,1200,2400
2562,2026-06-12,Tienda Mall,Queso,Lácteos,1,4500,4500
2562,2026-06-12,Tienda Mall,Yogurt,Lácteos,1,800,800
2563,2026-06-05,Tienda Norte,Azúcar,Café/Té,2,1300,2600
2563,2026-06-05,Tienda Norte,Papas fritas,Snacks,1,1800,1800
2563,2026-06-05,Tienda Norte,Té,Café/Té,1,2500,2500
2564,2026-05-20,Tienda Norte,Azúcar,Café/Té,1,1300,1300
2564,2026-05-20,Tienda Norte,Maní,Snacks,2,1200,2400
2564,2026-05-20,Tienda Norte,Té,Café/Té,2,2500,5000
2565,2026-08-02,Tienda Sur,Detergente,Limpieza,2,5500,11000
2565,2026-08-02,Tienda Sur,Galletas,Snacks,1,1000,1000
2566,2026-08-12,Tienda Sur,Café,Café/Té,2,4000,8000
2567,2026-05-31,Tienda Sur,Cerveza,Alcohol,2,3500,7000
2567,2026-05-31,Tienda Sur,Papas fritas,Snacks,3,1800,5400
2567,2026-05-31,Tienda Sur,Vino tinto,Alcohol,1,5000,5000
2568,2026-06-20,Tienda Centro,Jugo naranja,Bebidas,1,1600,1600
2568,2026-06-20,Tienda Centro,Leche,Lácteos,2,1200,2400
2568,2026-06-20,Tienda Centro,Maní,Snacks,1,1200,1200
2569,2026-06-20,Tienda Mall,Esponjas,Limpieza,1,1200,1200
2569,2026-06-20,Tienda Mall,Queso,Lácteos,3,4500,13500
2569,2026-06-20,Tienda Mall,Vino tinto,Alcohol,1,5000,5000
2569,2026-06-20,Tienda Mall,Yogurt,Lácteos,2,800,1600
2570,2026-07-14,Tienda Sur,Azúcar,Café/Té,3,1300,3900
2570,2026-07-14,Tienda Sur,Cerveza,Alcohol,1,3500,3500
2570,2026-07-14,Tienda Sur,Papas fritas,Snacks,1,1800,1800
2570,2026-07-14,Tienda Sur,Queso,Lácteos,2,4500,9000
2571,2026-07-29,Tienda Sur,Jugo naranja,Bebidas,2,1600,3200
2571,2026-07-29,Tienda Sur,Mantequilla,Lácteos,2,2500,5000
2571,2026-07-29,Tienda Sur,Queso,Lácteos,3,4500,13500
2572,2026-07-22,Tienda Norte,Azúcar,Café/Té,1,1300,1300
2572,2026-07-22,Tienda Norte,Café,Café/Té,1,4000,4000
2572,2026-07-22,Tienda Norte,Cerveza,Alcohol,1,3500,3500
2573,2026-06-17,Tienda Sur,Cloro,Limpieza,1,1400,1400
2573,2026-06-17,Tienda Sur,Jugo naranja,Bebidas,1,1600,1600
2574,2026-07-13,Tienda Norte,Leche,Lácteos,1,1200,1200
2574,2026-07-13,Tienda Norte,Mantequilla,Lácteos,1,2500,2500
2574,2026-07-13,Tienda Norte,Maní,Snacks,1,1200,1200
2574,2026-07-13,Tienda Norte,Pan molde,Panadería,1,1800,1800
2575,2026-07-28,Tienda Centro,Bebida cola,Bebidas,1,1500,1500
2575,2026-07-28,Tienda Centro,Vino tinto,Alcohol,2,5000,10000
2576,2026-07-24,Tienda Norte,Bebida cola,Bebidas,1,1500,1500
2576,2026-07-24,Tienda Norte,Croissant,Panadería,1,900,900
2576,2026-07-24,Tienda Norte,Pan molde,Panadería,1,1800,1800
2576,2026-07-24,Tienda Norte,Papas fritas,Snacks,2,1800,3600
2577,2026-05-20,Tienda Centro,Maní,Snacks,2,1200,2400
2577,2026-05-20,Tienda Centro,Toallitas húmedas,Bebé,3,2200,6600
2578,2026-05-22,Tienda Norte,Agua mineral,Bebidas,1,900,900
2578,2026-05-22,Tienda Norte,Cerveza,Alcohol,1,3500,3500
2578,2026-05-22,Tienda Norte,Pañales,Bebé,2,8000,16000
2578,2026-05-22,Tienda Norte,Toallitas húmedas,Bebé,1,2200,2200
2579,2026-06-27,Tienda Mall,Cerveza,Alcohol,1,3500,3500
2579,2026-06-27,Tienda Mall,Cloro,Limpieza,2,1400,2800
2579,2026-06-27,Tienda Mall,Detergente,Limpieza,1,5500,5500
2579,2026-06-27,Tienda Mall,Esponjas,Limpieza,2,1200,2400
2579,2026-06-27,Tienda Mall,Papas fritas,Snacks,1,1800,1800
2580,2026-06-13,Tienda Centro,Cerveza,Alcohol,1,3500,3500
2580,2026-06-13,Tienda Centro,Cloro,Limpieza,1,1400,1400
2580,2026-06-13,Tienda Centro,Detergente,Limpieza,3,5500,16500
2580,2026-06-13,Tienda Centro,Pañales,Bebé,1,8000,8000
2581,2026-08-10,Tienda Mall,Esponjas,Limpieza,1,1200,1200
2581,2026-08-10,Tienda Mall,Jugo naranja,Bebidas,1,1600,1600
2581,2026-08-10,Tienda Mall,Papas fritas,Snacks,1,1800,1800
2582,2026-08-14,Tienda Centro,Azúcar,Café/Té,1,1300,1300
2582,2026-08-14,Tienda Centro,Bebida cola,Bebidas,1,1500,1500
2582,2026-08-14,Tienda Centro,Papas fritas,Snacks,1,1800,1800
2583,2026-07-08,Tienda Centro,Pañales,Bebé,2,8000,16000
2583,2026-07-08,Tienda Centro,Toallitas húmedas,Bebé,1,2200,2200
2584,2026-06-23,Tienda Centro,Bebida cola,Bebidas,3,1500,4500
2584,2026-06-23,Tienda Centro,Croissant,Panadería,1,900,900
2584,2026-06-23,Tienda Centro,Papas fritas,Snacks,2,1800,3600
2584,2026-06-23,Tienda Centro,Queso,Lácteos,1,4500,4500
2585,2026-07-20,Tienda Norte,Agua mineral,Bebidas,1,900,900
2585,2026-07-20,Tienda Norte,Azúcar,Café/Té,1,1300,1300
2585,2026-07-20,Tienda Norte,Jugo naranja,Bebidas,2,1600,3200
2585,2026-07-20,Tienda Norte,Leche,Lácteos,1,1200,1200
2586,2026-05-27,Tienda Centro,Azúcar,Café/Té,2,1300,2600
2586,2026-05-27,Tienda Centro,Café,Café/Té,1,4000,4000
2586,2026-05-27,Tienda Centro,Queso,Lácteos,1,4500,4500
2586,2026-05-27,Tienda Centro,Toallitas húmedas,Bebé,3,2200,6600
2587,2026-08-02,Tienda Centro,Detergente,Limpieza,1,5500,5500
2587,2026-08-02,Tienda Centro,Esponjas,Limpieza,2,1200,2400
2587,2026-08-02,Tienda Centro,Jugo naranja,Bebidas,2,1600,3200
2587,2026-08-02,Tienda Centro,Pan hallulla,Panadería,3,1500,4500
2587,2026-08-02,Tienda Centro,Queso,Lácteos,1,4500,4500
2588,2026-07-28,Tienda Centro,Croissant,Panadería,3,900,2700
2588,2026-07-28,Tienda Centro,Mantequilla,Lácteos,2,2500,5000
2588,2026-07-28,Tienda Centro,Pan hallulla,Panadería,1,1500,1500
2588,2026-07-28,Tienda Centro,Queso,Lácteos,2,4500,9000
2588,2026-07-28,Tienda Centro,Toallitas húmedas,Bebé,3,2200,6600
2589,2026-06-27,Tienda Sur,Cerveza,Alcohol,1,3500,3500
2589,2026-06-27,Tienda Sur,Mantequilla,Lácteos,1,2500,2500
2589,2026-06-27,Tienda Sur,Pan hallulla,Panadería,3,1500,4500
2589,2026-06-27,Tienda Sur,Queso,Lácteos,1,4500,4500
2590,2026-06-15,Tienda Mall,Cerveza,Alcohol,2,3500,7000
2590,2026-06-15,Tienda Mall,Maní,Snacks,1,1200,1200
2591,2026-07-22,Tienda Centro,Esponjas,Limpieza,1,1200,1200
2591,2026-07-22,Tienda Centro,Mantequilla,Lácteos,1,2500,2500
2592,2026-05-22,Tienda Norte,Cloro,Limpieza,2,1400,2800
2592,2026-05-22,Tienda Norte,Galletas,Snacks,1,1000,1000
2593,2026-07-25,Tienda Centro,Leche,Lácteos,2,1200,2400
2593,2026-07-25,Tienda Centro,Mantequilla,Lácteos,1,2500,2500
2594,2026-08-08,Tienda Sur,Azúcar,Café/Té,1,1300,1300
2594,2026-08-08,Tienda Sur,Café,Café/Té,1,4000,4000
2594,2026-08-08,Tienda Sur,Esponjas,Limpieza,2,1200,2400
2595,2026-07-06,Tienda Mall,Maní,Snacks,1,1200,1200
2595,2026-07-06,Tienda Mall,Queso,Lácteos,1,4500,4500
2596,2026-05-30,Tienda Centro,Café,Café/Té,2,4000,8000
2596,2026-05-30,Tienda Centro,Jugo naranja,Bebidas,3,1600,4800
2596,2026-05-30,Tienda Centro,Leche,Lácteos,1,1200,1200
2596,2026-05-30,Tienda Centro,Toallitas húmedas,Bebé,1,2200,2200
2597,2026-06-04,Tienda Sur,Croissant,Panadería,1,900,900
2597,2026-06-04,Tienda Sur,Pan hallulla,Panadería,1,1500,1500
2597,2026-06-04,Tienda Sur,Queso,Lácteos,1,4500,4500
2598,2026-08-12,Tienda Mall,Croissant,Panadería,1,900,900
2598,2026-08-12,Tienda Mall,Maní,Snacks,2,1200,2400
2598,2026-08-12,Tienda Mall,Papas fritas,Snacks,1,1800,1800
2598,2026-08-12,Tienda Mall,Yogurt,Lácteos,3,800,2400
2599,2026-06-11,Tienda Mall,Croissant,Panadería,2,900,1800
2599,2026-06-11,Tienda Mall,Mantequilla,Lácteos,1,2500,2500
2599,2026-06-11,Tienda Mall,Pan molde,Panadería,2,1800,3600
2599,2026-06-11,Tienda Mall,Queso,Lácteos,1,4500,4500
2600,2026-08-04,Tienda Sur,Maní,Snacks,1,1200,1200
2600,2026-08-04,Tienda Sur,Queso,Lácteos,1,4500,4500
2600,2026-08-04,Tienda Sur,Vino tinto,Alcohol,3,5000,15000
2601,2026-06-17,Tienda Centro,Leche,Lácteos,1,1200,1200
2602,2026-08-08,Tienda Sur,Cloro,Limpieza,1,1400,1400
2602,2026-08-08,Tienda Sur,Vino tinto,Alcohol,1,5000,5000
2603,2026-07-23,Tienda Sur,Detergente,Limpieza,1,5500,5500
2603,2026-07-23,Tienda Sur,Galletas,Snacks,1,1000,1000
2603,2026-07-23,Tienda Sur,Yogurt,Lácteos,1,800,800
2604,2026-07-10,Tienda Sur,Papas fritas,Snacks,2,1800,3600
2605,2026-07-19,Tienda Centro,Croissant,Panadería,1,900,900
2605,2026-07-19,Tienda Centro,Detergente,Limpieza,3,5500,16500
2605,2026-07-19,Tienda Centro,Esponjas,Limpieza,1,1200,1200
2605,2026-07-19,Tienda Centro,Jugo naranja,Bebidas,1,1600,1600
2606,2026-07-12,Tienda Norte,Azúcar,Café/Té,2,1300,2600
2606,2026-07-12,Tienda Norte,Esponjas,Limpieza,2,1200,2400
2606,2026-07-12,Tienda Norte,Té,Café/Té,1,2500,2500
2607,2026-08-09,Tienda Mall,Pan hallulla,Panadería,2,1500,3000
2607,2026-08-09,Tienda Mall,Toallitas húmedas,Bebé,1,2200,2200
2608,2026-06-06,Tienda Norte,Maní,Snacks,1,1200,1200
2609,2026-07-23,Tienda Centro,Cloro,Limpieza,1,1400,1400
2610,2026-06-18,Tienda Norte,Azúcar,Café/Té,1,1300,1300
2610,2026-06-18,Tienda Norte,Yogurt,Lácteos,1,800,800
2611,2026-06-24,Tienda Mall,Azúcar,Café/Té,3,1300,3900
2611,2026-06-24,Tienda Mall,Mantequilla,Lácteos,1,2500,2500
2611,2026-06-24,Tienda Mall,Té,Café/Té,1,2500,2500
2612,2026-05-20,Tienda Sur,Azúcar,Café/Té,1,1300,1300
2613,2026-08-05,Tienda Centro,Esponjas,Limpieza,1,1200,1200
2613,2026-08-05,Tienda Centro,Leche,Lácteos,1,1200,1200
2614,2026-08-13,Tienda Centro,Cerveza,Alcohol,1,3500,3500
2614,2026-08-13,Tienda Centro,Galletas,Snacks,1,1000,1000
2614,2026-08-13,Tienda Centro,Maní,Snacks,3,1200,3600
2614,2026-08-13,Tienda Centro,Queso,Lácteos,1,4500,4500
2615,2026-07-14,Tienda Sur,Esponjas,Limpieza,3,1200,3600
2616,2026-07-05,Tienda Mall,Pan hallulla,Panadería,1,1500,1500
2616,2026-07-05,Tienda Mall,Toallitas húmedas,Bebé,3,2200,6600
2617,2026-05-22,Tienda Centro,Jugo naranja,Bebidas,1,1600,1600
2618,2026-06-25,Tienda Sur,Croissant,Panadería,1,900,900
2618,2026-06-25,Tienda Sur,Toallitas húmedas,Bebé,2,2200,4400
2619,2026-07-24,Tienda Centro,Agua mineral,Bebidas,2,900,1800
2619,2026-07-24,Tienda Centro,Azúcar,Café/Té,1,1300,1300
2619,2026-07-24,Tienda Centro,Café,Café/Té,1,4000,4000
2619,2026-07-24,Tienda Centro,Jugo naranja,Bebidas,1,1600,1600
2620,2026-08-10,Tienda Norte,Bebida cola,Bebidas,1,1500,1500
2621,2026-07-30,Tienda Centro,Azúcar,Café/Té,1,1300,1300
2621,2026-07-30,Tienda Centro,Bebida cola,Bebidas,1,1500,1500
2621,2026-07-30,Tienda Centro,Galletas,Snacks,1,1000,1000
2622,2026-08-12,Tienda Mall,Bebida cola,Bebidas,1,1500,1500
2622,2026-08-12,Tienda Mall,Papas fritas,Snacks,2,1800,3600
2623,2026-07-29,Tienda Sur,Café,Café/Té,1,4000,4000
2623,2026-07-29,Tienda Sur,Cerveza,Alcohol,1,3500,3500
2623,2026-07-29,Tienda Sur,Galletas,Snacks,3,1000,3000
2623,2026-07-29,Tienda Sur,Jugo naranja,Bebidas,1,1600,1600
2623,2026-07-29,Tienda Sur,Pañales,Bebé,1,8000,8000
2623,2026-07-29,Tienda Sur,Toallitas húmedas,Bebé,1,2200,2200
2623,2026-07-29,Tienda Sur,Vino tinto,Alcohol,2,5000,10000
2624,2026-07-25,Tienda Mall,Croissant,Panadería,2,900,1800
2625,2026-07-08,Tienda Sur,Bebida cola,Bebidas,1,1500,1500
2625,2026-07-08,Tienda Sur,Galletas,Snacks,2,1000,2000
2626,2026-05-30,Tienda Mall,Galletas,Snacks,1,1000,1000
2626,2026-05-30,Tienda Mall,Maní,Snacks,1,1200,1200
2627,2026-08-12,Tienda Centro,Azúcar,Café/Té,1,1300,1300
2627,2026-08-12,Tienda Centro,Mantequilla,Lácteos,1,2500,2500
2627,2026-08-12,Tienda Centro,Pan hallulla,Panadería,1,1500,1500
2627,2026-08-12,Tienda Centro,Queso,Lácteos,1,4500,4500
2628,2026-08-06,Tienda Norte,Agua mineral,Bebidas,1,900,900
2628,2026-08-06,Tienda Norte,Jugo naranja,Bebidas,2,1600,3200
2628,2026-08-06,Tienda Norte,Papas fritas,Snacks,1,1800,1800
2629,2026-06-12,Tienda Sur,Azúcar,Café/Té,1,1300,1300
2629,2026-06-12,Tienda Sur,Jugo naranja,Bebidas,1,1600,1600
2629,2026-06-12,Tienda Sur,Pan molde,Panadería,1,1800,1800
2629,2026-06-12,Tienda Sur,Queso,Lácteos,1,4500,4500
2630,2026-05-24,Tienda Sur,Esponjas,Limpieza,1,1200,1200
2631,2026-06-03,Tienda Sur,Papas fritas,Snacks,1,1800,1800
2631,2026-06-03,Tienda Sur,Toallitas húmedas,Bebé,1,2200,2200
2632,2026-06-29,Tienda Mall,Pan molde,Panadería,1,1800,1800
2632,2026-06-29,Tienda Mall,Pañales,Bebé,1,8000,8000
2632,2026-06-29,Tienda Mall,Toallitas húmedas,Bebé,1,2200,2200
2633,2026-06-19,Tienda Norte,Mantequilla,Lácteos,2,2500,5000
2633,2026-06-19,Tienda Norte,Toallitas húmedas,Bebé,1,2200,2200
2634,2026-06-26,Tienda Sur,Bebida cola,Bebidas,1,1500,1500
2635,2026-07-27,Tienda Norte,Bebida cola,Bebidas,1,1500,1500
2635,2026-07-27,Tienda Norte,Mantequilla,Lácteos,1,2500,2500
2635,2026-07-27,Tienda Norte,Pan hallulla,Panadería,2,1500,3000
2635,2026-07-27,Tienda Norte,Papas fritas,Snacks,1,1800,1800
2636,2026-05-31,Tienda Mall,Azúcar,Café/Té,1,1300,1300
2636,2026-05-31,Tienda Mall,Café,Café/Té,1,4000,4000
2636,2026-05-31,Tienda Mall,Galletas,Snacks,1,1000,1000
2637,2026-07-11,Tienda Mall,Leche,Lácteos,1,1200,1200
2637,2026-07-11,Tienda Mall,Yogurt,Lácteos,1,800,800
2638,2026-06-11,Tienda Mall,Café,Café/Té,1,4000,4000
2638,2026-06-11,Tienda Mall,Queso,Lácteos,3,4500,13500
2639,2026-07-04,Tienda Centro,Bebida cola,Bebidas,2,1500,3000
2639,2026-07-04,Tienda Centro,Leche,Lácteos,1,1200,1200
2639,2026-07-04,Tienda Centro,Pañales,Bebé,1,8000,8000
2639,2026-07-04,Tienda Centro,Toallitas húmedas,Bebé,1,2200,2200
2639,2026-07-04,Tienda Centro,Yogurt,Lácteos,1,800,800
2640,2026-05-26,Tienda Centro,Bebida cola,Bebidas,1,1500,1500
2640,2026-05-26,Tienda Centro,Cloro,Limpieza,1,1400,1400
2640,2026-05-26,Tienda Centro,Detergente,Limpieza,1,5500,5500
2641,2026-08-10,Tienda Centro,Pañales,Bebé,1,8000,8000
2641,2026-08-10,Tienda Centro,Toallitas húmedas,Bebé,1,2200,2200
2642,2026-07-02,Tienda Mall,Agua mineral,Bebidas,1,900,900
2642,2026-07-02,Tienda Mall,Cloro,Limpieza,1,1400,1400
2642,2026-07-02,Tienda Mall,Esponjas,Limpieza,1,1200,1200
2643,2026-08-04,Tienda Sur,Galletas,Snacks,1,1000,1000
2644,2026-08-07,Tienda Norte,Jugo naranja,Bebidas,3,1600,4800
2644,2026-08-07,Tienda Norte,Vino tinto,Alcohol,1,5000,5000
2645,2026-06-18,Tienda Centro,Azúcar,Café/Té,1,1300,1300
2645,2026-06-18,Tienda Centro,Cloro,Limpieza,1,1400,1400
2645,2026-06-18,Tienda Centro,Croissant,Panadería,1,900,900
2645,2026-06-18,Tienda Centro,Detergente,Limpieza,1,5500,5500
2645,2026-06-18,Tienda Centro,Galletas,Snacks,2,1000,2000
2646,2026-08-06,Tienda Sur,Cloro,Limpieza,1,1400,1400
2646,2026-08-06,Tienda Sur,Queso,Lácteos,1,4500,4500
2646,2026-08-06,Tienda Sur,Toallitas húmedas,Bebé,1,2200,2200
2646,2026-08-06,Tienda Sur,Vino tinto,Alcohol,1,5000,5000
2647,2026-07-12,Tienda Mall,Vino tinto,Alcohol,1,5000,5000
2647,2026-07-12,Tienda Mall,Yogurt,Lácteos,2,800,1600
2648,2026-05-28,Tienda Norte,Cerveza,Alcohol,2,3500,7000
2648,2026-05-28,Tienda Norte,Pañales,Bebé,1,8000,8000
2648,2026-05-28,Tienda Norte,Toallitas húmedas,Bebé,1,2200,2200
2649,2026-07-11,Tienda Centro,Mantequilla,Lácteos,1,2500,2500
2649,2026-07-11,Tienda Centro,Pan hallulla,Panadería,1,1500,1500
2649,2026-07-11,Tienda Centro,Queso,Lácteos,1,4500,4500
2649,2026-07-11,Tienda Centro,Toallitas húmedas,Bebé,3,2200,6600
2650,2026-05-23,Tienda Mall,Azúcar,Café/Té,1,1300,1300
2650,2026-05-23,Tienda Mall,Café,Café/Té,1,4000,4000
2650,2026-05-23,Tienda Mall,Cloro,Limpieza,1,1400,1400
2650,2026-05-23,Tienda Mall,Detergente,Limpieza,2,5500,11000
2650,2026-05-23,Tienda Mall,Esponjas,Limpieza,1,1200,1200
2650,2026-05-23,Tienda Mall,Maní,Snacks,1,1200,1200
2651,2026-06-25,Tienda Sur,Azúcar,Café/Té,1,1300,1300
2651,2026-06-25,Tienda Sur,Café,Café/Té,1,4000,4000
2651,2026-06-25,Tienda Sur,Croissant,Panadería,1,900,900
2652,2026-06-20,Tienda Mall,Azúcar,Café/Té,2,1300,2600
2652,2026-06-20,Tienda Mall,Bebida cola,Bebidas,1,1500,1500
2652,2026-06-20,Tienda Mall,Pañales,Bebé,1,8000,8000
2652,2026-06-20,Tienda Mall,Toallitas húmedas,Bebé,1,2200,2200
2653,2026-08-04,Tienda Mall,Mantequilla,Lácteos,3,2500,7500
2653,2026-08-04,Tienda Mall,Queso,Lácteos,2,4500,9000
2654,2026-07-27,Tienda Sur,Cloro,Limpieza,1,1400,1400
2655,2026-08-15,Tienda Mall,Croissant,Panadería,1,900,900
2655,2026-08-15,Tienda Mall,Pañales,Bebé,1,8000,8000
2656,2026-05-25,Tienda Centro,Agua mineral,Bebidas,1,900,900
2657,2026-05-23,Tienda Mall,Esponjas,Limpieza,1,1200,1200
2657,2026-05-23,Tienda Mall,Maní,Snacks,1,1200,1200
2657,2026-05-23,Tienda Mall,Yogurt,Lácteos,1,800,800
2658,2026-06-17,Tienda Sur,Mantequilla,Lácteos,1,2500,2500
2659,2026-06-24,Tienda Sur,Azúcar,Café/Té,1,1300,1300
2659,2026-06-24,Tienda Sur,Bebida cola,Bebidas,1,1500,1500
2659,2026-06-24,Tienda Sur,Café,Café/Té,1,4000,4000
2659,2026-06-24,Tienda Sur,Cloro,Limpieza,1,1400,1400
2659,2026-06-24,Tienda Sur,Queso,Lácteos,1,4500,4500
2659,2026-06-24,Tienda Sur,Vino tinto,Alcohol,1,5000,5000
2660,2026-08-01,Tienda Sur,Jugo naranja,Bebidas,1,1600,1600
2660,2026-08-01,Tienda Sur,Leche,Lácteos,1,1200,1200
2660,2026-08-01,Tienda Sur,Mantequilla,Lácteos,1,2500,2500
2660,2026-08-01,Tienda Sur,Pan molde,Panadería,1,1800,1800
2660,2026-08-01,Tienda Sur,Queso,Lácteos,1,4500,4500
2661,2026-07-27,Tienda Sur,Cloro,Limpieza,2,1400,2800
2661,2026-07-27,Tienda Sur,Mantequilla,Lácteos,2,2500,5000
2661,2026-07-27,Tienda Sur,Pan hallulla,Panadería,2,1500,3000
2662,2026-06-11,Tienda Norte,Esponjas,Limpieza,1,1200,1200
2662,2026-06-11,Tienda Norte,Mantequilla,Lácteos,2,2500,5000
2662,2026-06-11,Tienda Norte,Pan molde,Panadería,2,1800,3600
2662,2026-06-11,Tienda Norte,Toallitas húmedas,Bebé,1,2200,2200
2663,2026-08-01,Tienda Centro,Cloro,Limpieza,1,1400,1400
2663,2026-08-01,Tienda Centro,Vino tinto,Alcohol,2,5000,10000
2664,2026-06-26,Tienda Mall,Cloro,Limpieza,2,1400,2800
2664,2026-06-26,Tienda Mall,Esponjas,Limpieza,1,1200,1200
2665,2026-07-03,Tienda Mall,Galletas,Snacks,1,1000,1000
2665,2026-07-03,Tienda Mall,Mantequilla,Lácteos,1,2500,2500
2665,2026-07-03,Tienda Mall,Queso,Lácteos,1,4500,4500
2665,2026-07-03,Tienda Mall,Vino tinto,Alcohol,1,5000,5000
2666,2026-06-18,Tienda Norte,Galletas,Snacks,1,1000,1000
2667,2026-06-07,Tienda Norte,Detergente,Limpieza,1,5500,5500
2667,2026-06-07,Tienda Norte,Esponjas,Limpieza,1,1200,1200
2668,2026-06-23,Tienda Sur,Papas fritas,Snacks,1,1800,1800
2669,2026-07-15,Tienda Centro,Cloro,Limpieza,2,1400,2800
2669,2026-07-15,Tienda Centro,Detergente,Limpieza,3,5500,16500
2669,2026-07-15,Tienda Centro,Esponjas,Limpieza,1,1200,1200
2669,2026-07-15,Tienda Centro,Maní,Snacks,1,1200,1200
2670,2026-06-03,Tienda Centro,Cloro,Limpieza,1,1400,1400
2670,2026-06-03,Tienda Centro,Mantequilla,Lácteos,3,2500,7500
2670,2026-06-03,Tienda Centro,Pan hallulla,Panadería,1,1500,1500
2670,2026-06-03,Tienda Centro,Pan molde,Panadería,1,1800,1800
2671,2026-06-16,Tienda Mall,Cloro,Limpieza,1,1400,1400
2671,2026-06-16,Tienda Mall,Papas fritas,Snacks,3,1800,5400
2671,2026-06-16,Tienda Mall,Pañales,Bebé,1,8000,8000
2671,2026-06-16,Tienda Mall,Toallitas húmedas,Bebé,1,2200,2200
2672,2026-08-09,Tienda Centro,Cerveza,Alcohol,2,3500,7000
2672,2026-08-09,Tienda Centro,Maní,Snacks,1,1200,1200
2672,2026-08-09,Tienda Centro,Pan molde,Panadería,1,1800,1800
2672,2026-08-09,Tienda Centro,Papas fritas,Snacks,3,1800,5400
2673,2026-07-12,Tienda Sur,Leche,Lácteos,1,1200,1200
2673,2026-07-12,Tienda Sur,Pan hallulla,Panadería,2,1500,3000
2673,2026-07-12,Tienda Sur,Queso,Lácteos,1,4500,4500
2674,2026-07-31,Tienda Norte,Cloro,Limpieza,1,1400,1400
2674,2026-07-31,Tienda Norte,Detergente,Limpieza,2,5500,11000
2674,2026-07-31,Tienda Norte,Mantequilla,Lácteos,2,2500,5000
2674,2026-07-31,Tienda Norte,Pan molde,Panadería,2,1800,3600
2674,2026-07-31,Tienda Norte,Queso,Lácteos,1,4500,4500
2675,2026-07-28,Tienda Centro,Azúcar,Café/Té,1,1300,1300
2675,2026-07-28,Tienda Centro,Pañales,Bebé,1,8000,8000
2675,2026-07-28,Tienda Centro,Toallitas húmedas,Bebé,1,2200,2200
2675,2026-07-28,Tienda Centro,Té,Café/Té,1,2500,2500
2676,2026-05-28,Tienda Sur,Azúcar,Café/Té,1,1300,1300
2676,2026-05-28,Tienda Sur,Cerveza,Alcohol,1,3500,3500
2676,2026-05-28,Tienda Sur,Maní,Snacks,1,1200,1200
2676,2026-05-28,Tienda Sur,Papas fritas,Snacks,1,1800,1800
2676,2026-05-28,Tienda Sur,Té,Café/Té,1,2500,2500
2677,2026-07-17,Tienda Sur,Mantequilla,Lácteos,1,2500,2500
2677,2026-07-17,Tienda Sur,Pan hallulla,Panadería,1,1500,1500
2677,2026-07-17,Tienda Sur,Queso,Lácteos,3,4500,13500
2678,2026-07-07,Tienda Sur,Azúcar,Café/Té,3,1300,3900
2678,2026-07-07,Tienda Sur,Café,Café/Té,1,4000,4000
2678,2026-07-07,Tienda Sur,Galletas,Snacks,1,1000,1000
2679,2026-07-18,Tienda Centro,Toallitas húmedas,Bebé,1,2200,2200
2679,2026-07-18,Tienda Centro,Té,Café/Té,1,2500,2500
2680,2026-08-17,Tienda Centro,Leche,Lácteos,1,1200,1200
2680,2026-08-17,Tienda Centro,Vino tinto,Alcohol,3,5000,15000
2681,2026-07-25,Tienda Mall,Pañales,Bebé,1,8000,8000
2681,2026-07-25,Tienda Mall,Toallitas húmedas,Bebé,1,2200,2200
2682,2026-07-25,Tienda Norte,Croissant,Panadería,1,900,900
2682,2026-07-25,Tienda Norte,Maní,Snacks,1,1200,1200
2682,2026-07-25,Tienda Norte,Yogurt,Lácteos,1,800,800
2683,2026-05-23,Tienda Sur,Agua mineral,Bebidas,1,900,900
2683,2026-05-23,Tienda Sur,Azúcar,Café/Té,1,1300,1300
2683,2026-05-23,Tienda Sur,Queso,Lácteos,1,4500,4500
2683,2026-05-23,Tienda Sur,Vino tinto,Alcohol,1,5000,5000
2684,2026-06-08,Tienda Sur,Bebida cola,Bebidas,1,1500,1500
2684,2026-06-08,Tienda Sur,Pañales,Bebé,1,8000,8000
2684,2026-06-08,Tienda Sur,Toallitas húmedas,Bebé,1,2200,2200
2685,2026-06-01,Tienda Mall,Azúcar,Café/Té,1,1300,1300
2685,2026-06-01,Tienda Mall,Café,Café/Té,1,4000,4000
2685,2026-06-01,Tienda Mall,Cerveza,Alcohol,1,3500,3500
2685,2026-06-01,Tienda Mall,Esponjas,Limpieza,1,1200,1200
2685,2026-06-01,Tienda Mall,Maní,Snacks,2,1200,2400
2685,2026-06-01,Tienda Mall,Papas fritas,Snacks,2,1800,3600
2686,2026-05-20,Tienda Norte,Cerveza,Alcohol,1,3500,3500
2686,2026-05-20,Tienda Norte,Queso,Lácteos,1,4500,4500
2686,2026-05-20,Tienda Norte,Yogurt,Lácteos,1,800,800
2687,2026-08-10,Tienda Norte,Cloro,Limpieza,1,1400,1400
2687,2026-08-10,Tienda Norte,Croissant,Panadería,1,900,900
2687,2026-08-10,Tienda Norte,Detergente,Limpieza,2,5500,11000
2688,2026-07-06,Tienda Sur,Bebida cola,Bebidas,2,1500,3000
2688,2026-07-06,Tienda Sur,Mantequilla,Lácteos,1,2500,2500
2688,2026-07-06,Tienda Sur,Pan molde,Panadería,1,1800,1800
2688,2026-07-06,Tienda Sur,Queso,Lácteos,1,4500,4500
2689,2026-05-21,Tienda Mall,Azúcar,Café/Té,3,1300,3900
2689,2026-05-21,Tienda Mall,Bebida cola,Bebidas,2,1500,3000
2689,2026-05-21,Tienda Mall,Esponjas,Limpieza,1,1200,1200
2690,2026-06-03,Tienda Centro,Azúcar,Café/Té,1,1300,1300
2690,2026-06-03,Tienda Centro,Jugo naranja,Bebidas,1,1600,1600
2690,2026-06-03,Tienda Centro,Mantequilla,Lácteos,1,2500,2500
2690,2026-06-03,Tienda Centro,Té,Café/Té,1,2500,2500
2691,2026-05-20,Tienda Centro,Croissant,Panadería,1,900,900
2692,2026-05-26,Tienda Norte,Agua mineral,Bebidas,1,900,900
2692,2026-05-26,Tienda Norte,Mantequilla,Lácteos,1,2500,2500
2692,2026-05-26,Tienda Norte,Queso,Lácteos,1,4500,4500
2693,2026-08-14,Tienda Centro,Café,Café/Té,1,4000,4000
2693,2026-08-14,Tienda Centro,Cloro,Limpieza,1,1400,1400
2694,2026-08-07,Tienda Mall,Azúcar,Café/Té,1,1300,1300
2694,2026-08-07,Tienda Mall,Café,Café/Té,1,4000,4000
2694,2026-08-07,Tienda Mall,Cloro,Limpieza,1,1400,1400
2694,2026-08-07,Tienda Mall,Detergente,Limpieza,1,5500,5500
2694,2026-08-07,Tienda Mall,Esponjas,Limpieza,1,1200,1200
2694,2026-08-07,Tienda Mall,Pañales,Bebé,1,8000,8000
2694,2026-08-07,Tienda Mall,Toallitas húmedas,Bebé,1,2200,2200
2695,2026-06-23,Tienda Centro,Esponjas,Limpieza,1,1200,1200
2696,2026-06-09,Tienda Sur,Cloro,Limpieza,1,1400,1400
2696,2026-06-09,Tienda Sur,Esponjas,Limpieza,1,1200,1200
2696,2026-06-09,Tienda Sur,Papas fritas,Snacks,1,1800,1800
2696,2026-06-09,Tienda Sur,Queso,Lácteos,1,4500,4500
2696,2026-06-09,Tienda Sur,Vino tinto,Alcohol,1,5000,5000
2697,2026-05-29,Tienda Sur,Esponjas,Limpieza,1,1200,1200
2697,2026-05-29,Tienda Sur,Toallitas húmedas,Bebé,1,2200,2200
2698,2026-08-16,Tienda Sur,Bebida cola,Bebidas,1,1500,1500
2698,2026-08-16,Tienda Sur,Maní,Snacks,1,1200,1200
2698,2026-08-16,Tienda Sur,Papas fritas,Snacks,1,1800,1800
2699,2026-06-03,Tienda Centro,Cerveza,Alcohol,1,3500,3500
2699,2026-06-03,Tienda Centro,Esponjas,Limpieza,1,1200,1200
2699,2026-06-03,Tienda Centro,Leche,Lácteos,1,1200,1200
2699,2026-06-03,Tienda Centro,Mantequilla,Lácteos,1,2500,2500
2699,2026-06-03,Tienda Centro,Maní,Snacks,1,1200,1200
2699,2026-06-03,Tienda Centro,Pan hallulla,Panadería,1,1500,1500
2700,2026-06-22,Tienda Mall,Azúcar,Café/Té,1,1300,1300
2700,2026-06-22,Tienda Mall,Galletas,Snacks,1,1000,1000
2700,2026-06-22,Tienda Mall,Queso,Lácteos,1,4500,4500
2700,2026-06-22,Tienda Mall,Toallitas húmedas,Bebé,1,2200,2200
2701,2026-07-21,Tienda Centro,Jugo naranja,Bebidas,2,1600,3200
2701,2026-07-21,Tienda Centro,Leche,Lácteos,1,1200,1200
2701,2026-07-21,Tienda Centro,Pañales,Bebé,3,8000,24000
2701,2026-07-21,Tienda Centro,Toallitas húmedas,Bebé,2,2200,4400
2702,2026-07-11,Tienda Mall,Bebida cola,Bebidas,1,1500,1500
2702,2026-07-11,Tienda Mall,Cloro,Limpieza,3,1400,4200
2702,2026-07-11,Tienda Mall,Mantequilla,Lácteos,3,2500,7500
2702,2026-07-11,Tienda Mall,Papas fritas,Snacks,1,1800,1800
2703,2026-08-12,Tienda Mall,Azúcar,Café/Té,1,1300,1300
2703,2026-08-12,Tienda Mall,Mantequilla,Lácteos,1,2500,2500
2703,2026-08-12,Tienda Mall,Té,Café/Té,2,2500,5000
2704,2026-08-03,Tienda Norte,Azúcar,Café/Té,1,1300,1300
2704,2026-08-03,Tienda Norte,Café,Café/Té,2,4000,8000
2704,2026-08-03,Tienda Norte,Cloro,Limpieza,1,1400,1400
2704,2026-08-03,Tienda Norte,Jugo naranja,Bebidas,1,1600,1600
2704,2026-08-03,Tienda Norte,Mantequilla,Lácteos,1,2500,2500
2705,2026-05-26,Tienda Centro,Mantequilla,Lácteos,1,2500,2500
2705,2026-05-26,Tienda Centro,Pan molde,Panadería,1,1800,1800
2705,2026-05-26,Tienda Centro,Papas fritas,Snacks,1,1800,1800
2706,2026-06-07,Tienda Mall,Detergente,Limpieza,1,5500,5500
2706,2026-06-07,Tienda Mall,Papas fritas,Snacks,1,1800,1800
2706,2026-06-07,Tienda Mall,Queso,Lácteos,1,4500,4500
2707,2026-07-12,Tienda Norte,Esponjas,Limpieza,2,1200,2400
2707,2026-07-12,Tienda Norte,Queso,Lácteos,1,4500,4500
2708,2026-05-27,Tienda Centro,Azúcar,Café/Té,1,1300,1300
2708,2026-05-27,Tienda Centro,Mantequilla,Lácteos,3,2500,7500
2708,2026-05-27,Tienda Centro,Pan hallulla,Panadería,2,1500,3000
2708,2026-05-27,Tienda Centro,Pañales,Bebé,1,8000,8000
2708,2026-05-27,Tienda Centro,Té,Café/Té,1,2500,2500
2709,2026-07-26,Tienda Norte,Agua mineral,Bebidas,1,900,900
2709,2026-07-26,Tienda Norte,Croissant,Panadería,2,900,1800
2710,2026-08-04,Tienda Norte,Bebida cola,Bebidas,1,1500,1500
2710,2026-08-04,Tienda Norte,Mantequilla,Lácteos,1,2500,2500
2710,2026-08-04,Tienda Norte,Pan hallulla,Panadería,1,1500,1500
2710,2026-08-04,Tienda Norte,Papas fritas,Snacks,1,1800,1800
2710,2026-08-04,Tienda Norte,Queso,Lácteos,1,4500,4500
2710,2026-08-04,Tienda Norte,Toallitas húmedas,Bebé,2,2200,4400
2711,2026-05-23,Tienda Centro,Mantequilla,Lácteos,1,2500,2500
2712,2026-07-13,Tienda Centro,Jugo naranja,Bebidas,3,1600,4800
2712,2026-07-13,Tienda Centro,Pañales,Bebé,2,8000,16000
2713,2026-05-20,Tienda Sur,Bebida cola,Bebidas,1,1500,1500
2713,2026-05-20,Tienda Sur,Croissant,Panadería,1,900,900
2713,2026-05-20,Tienda Sur,Pan hallulla,Panadería,1,1500,1500
2713,2026-05-20,Tienda Sur,Vino tinto,Alcohol,1,5000,5000
2714,2026-07-16,Tienda Sur,Azúcar,Café/Té,1,1300,1300
2714,2026-07-16,Tienda Sur,Jugo naranja,Bebidas,3,1600,4800
2714,2026-07-16,Tienda Sur,Leche,Lácteos,2,1200,2400
2714,2026-07-16,Tienda Sur,Pañales,Bebé,1,8000,8000
2714,2026-07-16,Tienda Sur,Toallitas húmedas,Bebé,1,2200,2200
2715,2026-06-02,Tienda Mall,Café,Café/Té,1,4000,4000
2715,2026-06-02,Tienda Mall,Esponjas,Limpieza,2,1200,2400
2715,2026-06-02,Tienda Mall,Maní,Snacks,1,1200,1200
2716,2026-07-26,Tienda Norte,Bebida cola,Bebidas,2,1500,3000
2716,2026-07-26,Tienda Norte,Maní,Snacks,1,1200,1200
2717,2026-05-23,Tienda Centro,Detergente,Limpieza,1,5500,5500
2717,2026-05-23,Tienda Centro,Papas fritas,Snacks,1,1800,1800
2717,2026-05-23,Tienda Centro,Yogurt,Lácteos,1,800,800
2718,2026-07-15,Tienda Centro,Esponjas,Limpieza,1,1200,1200
2718,2026-07-15,Tienda Centro,Queso,Lácteos,1,4500,4500
2719,2026-07-09,Tienda Sur,Azúcar,Café/Té,2,1300,2600
2720,2026-08-05,Tienda Centro,Bebida cola,Bebidas,1,1500,1500
2720,2026-08-05,Tienda Centro,Papas fritas,Snacks,1,1800,1800
2720,2026-08-05,Tienda Centro,Pañales,Bebé,1,8000,8000
2721,2026-06-08,Tienda Mall,Azúcar,Café/Té,2,1300,2600
2721,2026-06-08,Tienda Mall,Café,Café/Té,2,4000,8000
2721,2026-06-08,Tienda Mall,Galletas,Snacks,1,1000,1000
2721,2026-06-08,Tienda Mall,Toallitas húmedas,Bebé,2,2200,4400
2722,2026-05-23,Tienda Sur,Croissant,Panadería,2,900,1800
2723,2026-06-26,Tienda Centro,Cerveza,Alcohol,1,3500,3500
2723,2026-06-26,Tienda Centro,Leche,Lácteos,3,1200,3600
2723,2026-06-26,Tienda Centro,Papas fritas,Snacks,1,1800,1800
2724,2026-07-04,Tienda Mall,Azúcar,Café/Té,1,1300,1300
2724,2026-07-04,Tienda Mall,Croissant,Panadería,1,900,900
2725,2026-06-03,Tienda Sur,Cloro,Limpieza,1,1400,1400
2725,2026-06-03,Tienda Sur,Detergente,Limpieza,2,5500,11000
2725,2026-06-03,Tienda Sur,Esponjas,Limpieza,1,1200,1200
2725,2026-06-03,Tienda Sur,Pan hallulla,Panadería,3,1500,4500
2725,2026-06-03,Tienda Sur,Queso,Lácteos,1,4500,4500
2726,2026-07-21,Tienda Sur,Bebida cola,Bebidas,2,1500,3000
2726,2026-07-21,Tienda Sur,Detergente,Limpieza,1,5500,5500
2726,2026-07-21,Tienda Sur,Pan hallulla,Panadería,1,1500,1500
2726,2026-07-21,Tienda Sur,Papas fritas,Snacks,1,1800,1800
2726,2026-07-21,Tienda Sur,Queso,Lácteos,1,4500,4500
2727,2026-08-08,Tienda Centro,Cerveza,Alcohol,1,3500,3500
2727,2026-08-08,Tienda Centro,Pañales,Bebé,1,8000,8000
2727,2026-08-08,Tienda Centro,Yogurt,Lácteos,1,800,800
2728,2026-06-12,Tienda Norte,Maní,Snacks,1,1200,1200
2728,2026-06-12,Tienda Norte,Queso,Lácteos,2,4500,9000
2729,2026-08-09,Tienda Centro,Mantequilla,Lácteos,2,2500,5000
2729,2026-08-09,Tienda Centro,Pan hallulla,Panadería,2,1500,3000
2729,2026-08-09,Tienda Centro,Pan molde,Panadería,2,1800,3600
2730,2026-08-11,Tienda Mall,Esponjas,Limpieza,2,1200,2400
2731,2026-07-16,Tienda Sur,Detergente,Limpieza,1,5500,5500
2731,2026-07-16,Tienda Sur,Jugo naranja,Bebidas,2,1600,3200
2732,2026-08-16,Tienda Centro,Agua mineral,Bebidas,3,900,2700
2732,2026-08-16,Tienda Centro,Jugo naranja,Bebidas,3,1600,4800
2732,2026-08-16,Tienda Centro,Papas fritas,Snacks,1,1800,1800
2733,2026-07-11,Tienda Mall,Azúcar,Café/Té,2,1300,2600
2733,2026-07-11,Tienda Mall,Papas fritas,Snacks,2,1800,3600
2734,2026-07-05,Tienda Sur,Bebida cola,Bebidas,1,1500,1500
2734,2026-07-05,Tienda Sur,Queso,Lácteos,1,4500,4500
2734,2026-07-05,Tienda Sur,Vino tinto,Alcohol,2,5000,10000
2735,2026-07-27,Tienda Mall,Queso,Lácteos,2,4500,9000
2735,2026-07-27,Tienda Mall,Té,Café/Té,1,2500,2500
2736,2026-06-26,Tienda Norte,Azúcar,Café/Té,2,1300,2600
2736,2026-06-26,Tienda Norte,Detergente,Limpieza,1,5500,5500
2736,2026-06-26,Tienda Norte,Vino tinto,Alcohol,3,5000,15000
2737,2026-06-27,Tienda Sur,Cloro,Limpieza,1,1400,1400
2737,2026-06-27,Tienda Sur,Pan molde,Panadería,1,1800,1800
2738,2026-07-24,Tienda Sur,Detergente,Limpieza,1,5500,5500
2738,2026-07-24,Tienda Sur,Maní,Snacks,2,1200,2400
2739,2026-06-21,Tienda Sur,Maní,Snacks,1,1200,1200
2739,2026-06-21,Tienda Sur,Toallitas húmedas,Bebé,2,2200,4400
2740,2026-05-24,Tienda Sur,Jugo naranja,Bebidas,1,1600,1600
2741,2026-05-27,Tienda Sur,Azúcar,Café/Té,2,1300,2600
2741,2026-05-27,Tienda Sur,Mantequilla,Lácteos,1,2500,2500
2741,2026-05-27,Tienda Sur,Pan hallulla,Panadería,1,1500,1500
2741,2026-05-27,Tienda Sur,Toallitas húmedas,Bebé,1,2200,2200
2741,2026-05-27,Tienda Sur,Yogurt,Lácteos,2,800,1600
2742,2026-08-05,Tienda Norte,Esponjas,Limpieza,1,1200,1200
2742,2026-08-05,Tienda Norte,Galletas,Snacks,2,1000,2000
2743,2026-07-21,Tienda Norte,Agua mineral,Bebidas,1,900,900
2743,2026-07-21,Tienda Norte,Cerveza,Alcohol,1,3500,3500
2743,2026-07-21,Tienda Norte,Pañales,Bebé,1,8000,8000
2743,2026-07-21,Tienda Norte,Toallitas húmedas,Bebé,1,2200,2200
2744,2026-07-01,Tienda Sur,Pan hallulla,Panadería,1,1500,1500
2745,2026-06-27,Tienda Sur,Yogurt,Lácteos,3,800,2400
2746,2026-06-01,Tienda Sur,Bebida cola,Bebidas,1,1500,1500
2746,2026-06-01,Tienda Sur,Croissant,Panadería,1,900,900
2746,2026-06-01,Tienda Sur,Papas fritas,Snacks,1,1800,1800
2747,2026-08-14,Tienda Norte,Azúcar,Café/Té,1,1300,1300
2747,2026-08-14,Tienda Norte,Café,Café/Té,1,4000,4000
2747,2026-08-14,Tienda Norte,Cerveza,Alcohol,1,3500,3500
2747,2026-08-14,Tienda Norte,Maní,Snacks,1,1200,1200
2747,2026-08-14,Tienda Norte,Toallitas húmedas,Bebé,2,2200,4400
2748,2026-07-10,Tienda Sur,Galletas,Snacks,2,1000,2000
2749,2026-06-08,Tienda Mall,Cloro,Limpieza,1,1400,1400
2749,2026-06-08,Tienda Mall,Papas fritas,Snacks,1,1800,1800
2749,2026-06-08,Tienda Mall,Yogurt,Lácteos,1,800,800
2750,2026-07-22,Tienda Norte,Azúcar,Café/Té,1,1300,1300
2750,2026-07-22,Tienda Norte,Esponjas,Limpieza,1,1200,1200
2751,2026-07-02,Tienda Centro,Maní,Snacks,1,1200,1200
2751,2026-07-02,Tienda Centro,Pan hallulla,Panadería,1,1500,1500
2752,2026-06-30,Tienda Centro,Cloro,Limpieza,2,1400,2800
2753,2026-06-27,Tienda Sur,Bebida cola,Bebidas,1,1500,1500
2753,2026-06-27,Tienda Sur,Cerveza,Alcohol,1,3500,3500
2753,2026-06-27,Tienda Sur,Cloro,Limpieza,1,1400,1400
2754,2026-06-02,Tienda Mall,Bebida cola,Bebidas,1,1500,1500
2754,2026-06-02,Tienda Mall,Galletas,Snacks,2,1000,2000
2754,2026-06-02,Tienda Mall,Papas fritas,Snacks,2,1800,3600
2755,2026-08-13,Tienda Sur,Maní,Snacks,1,1200,1200
2755,2026-08-13,Tienda Sur,Vino tinto,Alcohol,1,5000,5000
2755,2026-08-13,Tienda Sur,Yogurt,Lácteos,2,800,1600
2756,2026-05-23,Tienda Sur,Detergente,Limpieza,3,5500,16500
2756,2026-05-23,Tienda Sur,Esponjas,Limpieza,1,1200,1200
2756,2026-05-23,Tienda Sur,Té,Café/Té,1,2500,2500
2757,2026-08-05,Tienda Mall,Bebida cola,Bebidas,3,1500,4500
2757,2026-08-05,Tienda Mall,Toallitas húmedas,Bebé,1,2200,2200
2758,2026-07-22,Tienda Centro,Esponjas,Limpieza,1,1200,1200
2758,2026-07-22,Tienda Centro,Mantequilla,Lácteos,1,2500,2500
2758,2026-07-22,Tienda Centro,Pan hallulla,Panadería,2,1500,3000
2759,2026-08-14,Tienda Mall,Cloro,Limpieza,3,1400,4200
2759,2026-08-14,Tienda Mall,Leche,Lácteos,3,1200,3600
2760,2026-06-16,Tienda Sur,Azúcar,Café/Té,1,1300,1300
2760,2026-06-16,Tienda Sur,Mantequilla,Lácteos,1,2500,2500
2760,2026-06-16,Tienda Sur,Pan hallulla,Panadería,1,1500,1500
2760,2026-06-16,Tienda Sur,Té,Café/Té,1,2500,2500
2761,2026-06-20,Tienda Mall,Cloro,Limpieza,2,1400,2800
2761,2026-06-20,Tienda Mall,Mantequilla,Lácteos,1,2500,2500
2761,2026-06-20,Tienda Mall,Pan hallulla,Panadería,1,1500,1500
2761,2026-06-20,Tienda Mall,Queso,Lácteos,1,4500,4500
2762,2026-07-06,Tienda Mall,Toallitas húmedas,Bebé,1,2200,2200
2762,2026-07-06,Tienda Mall,Yogurt,Lácteos,1,800,800
2763,2026-07-01,Tienda Sur,Cloro,Limpieza,1,1400,1400
2763,2026-07-01,Tienda Sur,Detergente,Limpieza,2,5500,11000
2763,2026-07-01,Tienda Sur,Jugo naranja,Bebidas,1,1600,1600
2764,2026-06-20,Tienda Mall,Bebida cola,Bebidas,2,1500,3000
2764,2026-06-20,Tienda Mall,Croissant,Panadería,1,900,900
2764,2026-06-20,Tienda Mall,Vino tinto,Alcohol,1,5000,5000
2765,2026-07-20,Tienda Centro,Cerveza,Alcohol,1,3500,3500
2765,2026-07-20,Tienda Centro,Leche,Lácteos,1,1200,1200
2765,2026-07-20,Tienda Centro,Mantequilla,Lácteos,2,2500,5000
2765,2026-07-20,Tienda Centro,Pan molde,Panadería,3,1800,5400
2765,2026-07-20,Tienda Centro,Papas fritas,Snacks,2,1800,3600
2766,2026-07-16,Tienda Norte,Azúcar,Café/Té,1,1300,1300
2766,2026-07-16,Tienda Norte,Leche,Lácteos,2,1200,2400
2766,2026-07-16,Tienda Norte,Maní,Snacks,2,1200,2400
2766,2026-07-16,Tienda Norte,Té,Café/Té,1,2500,2500
2767,2026-08-07,Tienda Norte,Pañales,Bebé,2,8000,16000
2767,2026-08-07,Tienda Norte,Toallitas húmedas,Bebé,2,2200,4400
2768,2026-07-15,Tienda Norte,Café,Café/Té,1,4000,4000
2768,2026-07-15,Tienda Norte,Leche,Lácteos,1,1200,1200
2768,2026-07-15,Tienda Norte,Maní,Snacks,1,1200,1200
2769,2026-07-15,Tienda Sur,Croissant,Panadería,1,900,900
2769,2026-07-15,Tienda Sur,Toallitas húmedas,Bebé,1,2200,2200
2770,2026-06-21,Tienda Sur,Mantequilla,Lácteos,1,2500,2500
2770,2026-06-21,Tienda Sur,Pan molde,Panadería,2,1800,3600
2770,2026-06-21,Tienda Sur,Yogurt,Lácteos,1,800,800
2771,2026-07-22,Tienda Centro,Detergente,Limpieza,1,5500,5500
2771,2026-07-22,Tienda Centro,Esponjas,Limpieza,2,1200,2400
2771,2026-07-22,Tienda Centro,Jugo naranja,Bebidas,1,1600,1600
2771,2026-07-22,Tienda Centro,Queso,Lácteos,1,4500,4500
2771,2026-07-22,Tienda Centro,Vino tinto,Alcohol,1,5000,5000
2772,2026-05-21,Tienda Norte,Cloro,Limpieza,1,1400,1400
2772,2026-05-21,Tienda Norte,Esponjas,Limpieza,1,1200,1200
2773,2026-08-08,Tienda Centro,Bebida cola,Bebidas,1,1500,1500
2773,2026-08-08,Tienda Centro,Mantequilla,Lácteos,1,2500,2500
2774,2026-05-29,Tienda Norte,Cloro,Limpieza,1,1400,1400
2774,2026-05-29,Tienda Norte,Galletas,Snacks,1,1000,1000
2774,2026-05-29,Tienda Norte,Mantequilla,Lácteos,2,2500,5000
2775,2026-06-01,Tienda Norte,Mantequilla,Lácteos,1,2500,2500
2775,2026-06-01,Tienda Norte,Pan hallulla,Panadería,1,1500,1500
2775,2026-06-01,Tienda Norte,Papas fritas,Snacks,1,1800,1800
2776,2026-07-29,Tienda Norte,Bebida cola,Bebidas,1,1500,1500
2776,2026-07-29,Tienda Norte,Papas fritas,Snacks,1,1800,1800
2776,2026-07-29,Tienda Norte,Yogurt,Lácteos,2,800,1600
2777,2026-08-14,Tienda Mall,Cloro,Limpieza,1,1400,1400
2777,2026-08-14,Tienda Mall,Detergente,Limpieza,1,5500,5500
2777,2026-08-14,Tienda Mall,Maní,Snacks,1,1200,1200
2778,2026-05-31,Tienda Mall,Galletas,Snacks,1,1000,1000
2778,2026-05-31,Tienda Mall,Pan molde,Panadería,1,1800,1800
2778,2026-05-31,Tienda Mall,Papas fritas,Snacks,1,1800,1800
2778,2026-05-31,Tienda Mall,Toallitas húmedas,Bebé,1,2200,2200
2779,2026-05-22,Tienda Sur,Agua mineral,Bebidas,1,900,900
2780,2026-06-01,Tienda Centro,Galletas,Snacks,2,1000,2000
2780,2026-06-01,Tienda Centro,Leche,Lácteos,1,1200,1200
2780,2026-06-01,Tienda Centro,Mantequilla,Lácteos,1,2500,2500
2780,2026-06-01,Tienda Centro,Maní,Snacks,1,1200,1200
2780,2026-06-01,Tienda Centro,Pan molde,Panadería,1,1800,1800
2781,2026-06-02,Tienda Norte,Mantequilla,Lácteos,1,2500,2500
2781,2026-06-02,Tienda Norte,Pan molde,Panadería,1,1800,1800
2781,2026-06-02,Tienda Norte,Té,Café/Té,1,2500,2500
2782,2026-08-10,Tienda Sur,Maní,Snacks,1,1200,1200
2782,2026-08-10,Tienda Sur,Vino tinto,Alcohol,1,5000,5000
2783,2026-07-02,Tienda Mall,Galletas,Snacks,1,1000,1000
2783,2026-07-02,Tienda Mall,Toallitas húmedas,Bebé,1,2200,2200
2783,2026-07-02,Tienda Mall,Yogurt,Lácteos,1,800,800
2784,2026-08-15,Tienda Centro,Cloro,Limpieza,2,1400,2800
2784,2026-08-15,Tienda Centro,Maní,Snacks,1,1200,1200
2784,2026-08-15,Tienda Centro,Té,Café/Té,1,2500,2500
2785,2026-06-02,Tienda Norte,Azúcar,Café/Té,1,1300,1300
2785,2026-06-02,Tienda Norte,Galletas,Snacks,1,1000,1000
2785,2026-06-02,Tienda Norte,Papas fritas,Snacks,1,1800,1800
2786,2026-06-15,Tienda Mall,Azúcar,Café/Té,2,1300,2600
2787,2026-07-26,Tienda Mall,Mantequilla,Lácteos,2,2500,5000
2787,2026-07-26,Tienda Mall,Pan hallulla,Panadería,3,1500,4500
2787,2026-07-26,Tienda Mall,Yogurt,Lácteos,1,800,800
2788,2026-05-28,Tienda Sur,Papas fritas,Snacks,1,1800,1800
2788,2026-05-28,Tienda Sur,Yogurt,Lácteos,1,800,800
2789,2026-06-16,Tienda Centro,Cloro,Limpieza,1,1400,1400
2789,2026-06-16,Tienda Centro,Leche,Lácteos,1,1200,1200
2790,2026-06-01,Tienda Sur,Cloro,Limpieza,1,1400,1400
2791,2026-06-12,Tienda Sur,Leche,Lácteos,1,1200,1200
2791,2026-06-12,Tienda Sur,Toallitas húmedas,Bebé,1,2200,2200
2792,2026-07-12,Tienda Norte,Agua mineral,Bebidas,1,900,900
2792,2026-07-12,Tienda Norte,Azúcar,Café/Té,1,1300,1300
2792,2026-07-12,Tienda Norte,Café,Café/Té,1,4000,4000
2792,2026-07-12,Tienda Norte,Galletas,Snacks,1,1000,1000
2792,2026-07-12,Tienda Norte,Maní,Snacks,2,1200,2400
2793,2026-05-22,Tienda Norte,Azúcar,Café/Té,1,1300,1300
2793,2026-05-22,Tienda Norte,Bebida cola,Bebidas,1,1500,1500
2793,2026-05-22,Tienda Norte,Papas fritas,Snacks,1,1800,1800
2794,2026-08-10,Tienda Norte,Bebida cola,Bebidas,2,1500,3000
2794,2026-08-10,Tienda Norte,Esponjas,Limpieza,1,1200,1200
2795,2026-06-12,Tienda Norte,Esponjas,Limpieza,1,1200,1200
2795,2026-06-12,Tienda Norte,Leche,Lácteos,1,1200,1200
2795,2026-06-12,Tienda Norte,Toallitas húmedas,Bebé,3,2200,6600
2796,2026-07-08,Tienda Sur,Agua mineral,Bebidas,1,900,900
2796,2026-07-08,Tienda Sur,Croissant,Panadería,1,900,900
2797,2026-07-07,Tienda Norte,Azúcar,Café/Té,1,1300,1300
2797,2026-07-07,Tienda Norte,Croissant,Panadería,1,900,900
2798,2026-06-09,Tienda Sur,Azúcar,Café/Té,1,1300,1300
2798,2026-06-09,Tienda Sur,Queso,Lácteos,1,4500,4500
2798,2026-06-09,Tienda Sur,Té,Café/Té,1,2500,2500
2799,2026-07-10,Tienda Centro,Azúcar,Café/Té,1,1300,1300
2799,2026-07-10,Tienda Centro,Café,Café/Té,2,4000,8000
2799,2026-07-10,Tienda Centro,Cerveza,Alcohol,1,3500,3500
2799,2026-07-10,Tienda Centro,Cloro,Limpieza,1,1400,1400
2800,2026-08-06,Tienda Mall,Cerveza,Alcohol,1,3500,3500
2800,2026-08-06,Tienda Mall,Maní,Snacks,1,1200,1200
2800,2026-08-06,Tienda Mall,Pan hallulla,Panadería,1,1500,1500
2800,2026-08-06,Tienda Mall,Papas fritas,Snacks,1,1800,1800
2800,2026-08-06,Tienda Mall,Queso,Lácteos,1,4500,4500
2800,2026-08-06,Tienda Mall,Yogurt,Lácteos,1,800,800
2801,2026-08-07,Tienda Centro,Café,Café/Té,1,4000,4000
2801,2026-08-07,Tienda Centro,Croissant,Panadería,2,900,1800
2801,2026-08-07,Tienda Centro,Mantequilla,Lácteos,1,2500,2500
2801,2026-08-07,Tienda Centro,Maní,Snacks,1,1200,1200
2801,2026-08-07,Tienda Centro,Pan molde,Panadería,2,1800,3600
2802,2026-06-10,Tienda Mall,Galletas,Snacks,1,1000,1000
2802,2026-06-10,Tienda Mall,Maní,Snacks,1,1200,1200
2802,2026-06-10,Tienda Mall,Queso,Lácteos,1,4500,4500
2802,2026-06-10,Tienda Mall,Vino tinto,Alcohol,2,5000,10000
2802,2026-06-10,Tienda Mall,Yogurt,Lácteos,1,800,800
2803,2026-05-31,Tienda Norte,Esponjas,Limpieza,1,1200,1200
2803,2026-05-31,Tienda Norte,Pañales,Bebé,1,8000,8000
2803,2026-05-31,Tienda Norte,Toallitas húmedas,Bebé,3,2200,6600
2804,2026-08-17,Tienda Centro,Queso,Lácteos,1,4500,4500
2805,2026-05-21,Tienda Mall,Azúcar,Café/Té,1,1300,1300
2805,2026-05-21,Tienda Mall,Café,Café/Té,1,4000,4000
2806,2026-06-17,Tienda Norte,Bebida cola,Bebidas,1,1500,1500
2806,2026-06-17,Tienda Norte,Leche,Lácteos,1,1200,1200
2806,2026-06-17,Tienda Norte,Papas fritas,Snacks,1,1800,1800
2807,2026-05-24,Tienda Centro,Mantequilla,Lácteos,1,2500,2500
2807,2026-05-24,Tienda Centro,Pan hallulla,Panadería,2,1500,3000
2807,2026-05-24,Tienda Centro,Toallitas húmedas,Bebé,1,2200,2200
2808,2026-07-01,Tienda Norte,Bebida cola,Bebidas,2,1500,3000
2808,2026-07-01,Tienda Norte,Maní,Snacks,1,1200,1200
2809,2026-06-04,Tienda Norte,Agua mineral,Bebidas,1,900,900
2809,2026-06-04,Tienda Norte,Queso,Lácteos,1,4500,4500
2810,2026-06-30,Tienda Sur,Agua mineral,Bebidas,1,900,900
2811,2026-08-04,Tienda Norte,Croissant,Panadería,3,900,2700
2811,2026-08-04,Tienda Norte,Detergente,Limpieza,1,5500,5500
2812,2026-07-22,Tienda Mall,Esponjas,Limpieza,2,1200,2400
2812,2026-07-22,Tienda Mall,Leche,Lácteos,1,1200,1200
2812,2026-07-22,Tienda Mall,Yogurt,Lácteos,1,800,800
2813,2026-08-17,Tienda Mall,Agua mineral,Bebidas,1,900,900
2813,2026-08-17,Tienda Mall,Toallitas húmedas,Bebé,1,2200,2200
2814,2026-06-15,Tienda Sur,Cerveza,Alcohol,1,3500,3500
2814,2026-06-15,Tienda Sur,Leche,Lácteos,1,1200,1200
2814,2026-06-15,Tienda Sur,Papas fritas,Snacks,2,1800,3600
2815,2026-07-19,Tienda Mall,Cerveza,Alcohol,1,3500,3500
2815,2026-07-19,Tienda Mall,Papas fritas,Snacks,1,1800,1800
2815,2026-07-19,Tienda Mall,Toallitas húmedas,Bebé,2,2200,4400
2816,2026-08-02,Tienda Mall,Agua mineral,Bebidas,2,900,1800
2817,2026-05-24,Tienda Norte,Café,Café/Té,1,4000,4000
2817,2026-05-24,Tienda Norte,Detergente,Limpieza,1,5500,5500
2817,2026-05-24,Tienda Norte,Esponjas,Limpieza,1,1200,1200
2817,2026-05-24,Tienda Norte,Galletas,Snacks,2,1000,2000
2818,2026-06-16,Tienda Mall,Maní,Snacks,1,1200,1200
2819,2026-07-20,Tienda Norte,Cloro,Limpieza,1,1400,1400
2820,2026-06-26,Tienda Centro,Jugo naranja,Bebidas,1,1600,1600
2820,2026-06-26,Tienda Centro,Mantequilla,Lácteos,1,2500,2500
2820,2026-06-26,Tienda Centro,Yogurt,Lácteos,2,800,1600
2821,2026-06-23,Tienda Centro,Azúcar,Café/Té,1,1300,1300
2821,2026-06-23,Tienda Centro,Bebida cola,Bebidas,2,1500,3000
2821,2026-06-23,Tienda Centro,Mantequilla,Lácteos,1,2500,2500
2821,2026-06-23,Tienda Centro,Pan hallulla,Panadería,1,1500,1500
2821,2026-06-23,Tienda Centro,Papas fritas,Snacks,1,1800,1800
2821,2026-06-23,Tienda Centro,Té,Café/Té,1,2500,2500
2822,2026-06-23,Tienda Norte,Agua mineral,Bebidas,1,900,900
2822,2026-06-23,Tienda Norte,Azúcar,Café/Té,3,1300,3900
2823,2026-05-23,Tienda Norte,Bebida cola,Bebidas,3,1500,4500
2823,2026-05-23,Tienda Norte,Mantequilla,Lácteos,1,2500,2500
2823,2026-05-23,Tienda Norte,Pan molde,Panadería,2,1800,3600
2823,2026-05-23,Tienda Norte,Papas fritas,Snacks,1,1800,1800
2823,2026-05-23,Tienda Norte,Vino tinto,Alcohol,1,5000,5000
2824,2026-07-02,Tienda Mall,Jugo naranja,Bebidas,2,1600,3200
2824,2026-07-02,Tienda Mall,Mantequilla,Lácteos,2,2500,5000
2824,2026-07-02,Tienda Mall,Pan molde,Panadería,1,1800,1800
2824,2026-07-02,Tienda Mall,Pañales,Bebé,1,8000,8000
2824,2026-07-02,Tienda Mall,Toallitas húmedas,Bebé,2,2200,4400
2825,2026-06-06,Tienda Sur,Cloro,Limpieza,2,1400,2800
2825,2026-06-06,Tienda Sur,Croissant,Panadería,1,900,900
2825,2026-06-06,Tienda Sur,Detergente,Limpieza,1,5500,5500
2826,2026-05-29,Tienda Centro,Cerveza,Alcohol,1,3500,3500
2826,2026-05-29,Tienda Centro,Papas fritas,Snacks,1,1800,1800
2826,2026-05-29,Tienda Centro,Toallitas húmedas,Bebé,1,2200,2200
2827,2026-06-11,Tienda Norte,Esponjas,Limpieza,1,1200,1200
2827,2026-06-11,Tienda Norte,Papas fritas,Snacks,1,1800,1800
2828,2026-07-13,Tienda Norte,Bebida cola,Bebidas,1,1500,1500
2828,2026-07-13,Tienda Norte,Papas fritas,Snacks,2,1800,3600
2828,2026-07-13,Tienda Norte,Pañales,Bebé,2,8000,16000
2828,2026-07-13,Tienda Norte,Toallitas húmedas,Bebé,1,2200,2200
2828,2026-07-13,Tienda Norte,Vino tinto,Alcohol,1,5000,5000
2829,2026-08-07,Tienda Norte,Agua mineral,Bebidas,1,900,900
2829,2026-08-07,Tienda Norte,Jugo naranja,Bebidas,2,1600,3200
2829,2026-08-07,Tienda Norte,Mantequilla,Lácteos,1,2500,2500
2830,2026-07-07,Tienda Mall,Agua mineral,Bebidas,1,900,900
2830,2026-07-07,Tienda Mall,Azúcar,Café/Té,1,1300,1300
2830,2026-07-07,Tienda Mall,Queso,Lácteos,1,4500,4500
2830,2026-07-07,Tienda Mall,Té,Café/Té,1,2500,2500
2831,2026-06-19,Tienda Sur,Leche,Lácteos,2,1200,2400
2831,2026-06-19,Tienda Sur,Vino tinto,Alcohol,1,5000,5000
2832,2026-08-06,Tienda Sur,Azúcar,Café/Té,1,1300,1300
2832,2026-08-06,Tienda Sur,Maní,Snacks,1,1200,1200
2832,2026-08-06,Tienda Sur,Té,Café/Té,1,2500,2500
2832,2026-08-06,Tienda Sur,Vino tinto,Alcohol,1,5000,5000
2833,2026-06-06,Tienda Sur,Agua mineral,Bebidas,1,900,900
2833,2026-06-06,Tienda Sur,Galletas,Snacks,2,1000,2000
2834,2026-05-22,Tienda Sur,Azúcar,Café/Té,1,1300,1300
2835,2026-07-25,Tienda Sur,Café,Café/Té,1,4000,4000
2835,2026-07-25,Tienda Sur,Cloro,Limpieza,1,1400,1400
2835,2026-07-25,Tienda Sur,Detergente,Limpieza,2,5500,11000
2835,2026-07-25,Tienda Sur,Mantequilla,Lácteos,1,2500,2500
2835,2026-07-25,Tienda Sur,Pan molde,Panadería,1,1800,1800
2835,2026-07-25,Tienda Sur,Queso,Lácteos,1,4500,4500
2836,2026-07-29,Tienda Norte,Pañales,Bebé,1,8000,8000
2837,2026-07-24,Tienda Mall,Agua mineral,Bebidas,2,900,1800
2837,2026-07-24,Tienda Mall,Jugo naranja,Bebidas,1,1600,1600
2838,2026-07-10,Tienda Mall,Galletas,Snacks,1,1000,1000
2838,2026-07-10,Tienda Mall,Maní,Snacks,1,1200,1200
2839,2026-06-22,Tienda Mall,Esponjas,Limpieza,1,1200,1200
2840,2026-08-17,Tienda Centro,Mantequilla,Lácteos,1,2500,2500
2840,2026-08-17,Tienda Centro,Maní,Snacks,2,1200,2400
2840,2026-08-17,Tienda Centro,Pan hallulla,Panadería,2,1500,3000
2840,2026-08-17,Tienda Centro,Pañales,Bebé,1,8000,8000
2840,2026-08-17,Tienda Centro,Queso,Lácteos,3,4500,13500
2840,2026-08-17,Tienda Centro,Toallitas húmedas,Bebé,2,2200,4400
2841,2026-07-16,Tienda Centro,Azúcar,Café/Té,1,1300,1300
2841,2026-07-16,Tienda Centro,Café,Café/Té,1,4000,4000
2841,2026-07-16,Tienda Centro,Queso,Lácteos,1,4500,4500
2841,2026-07-16,Tienda Centro,Vino tinto,Alcohol,3,5000,15000
2842,2026-08-15,Tienda Centro,Cloro,Limpieza,1,1400,1400
2842,2026-08-15,Tienda Centro,Jugo naranja,Bebidas,2,1600,3200
2843,2026-08-15,Tienda Norte,Esponjas,Limpieza,3,1200,3600
2843,2026-08-15,Tienda Norte,Queso,Lácteos,1,4500,4500
2844,2026-08-09,Tienda Mall,Cerveza,Alcohol,1,3500,3500
2844,2026-08-09,Tienda Mall,Mantequilla,Lácteos,1,2500,2500
2844,2026-08-09,Tienda Mall,Pan molde,Panadería,1,1800,1800
2845,2026-08-01,Tienda Norte,Jugo naranja,Bebidas,2,1600,3200
2845,2026-08-01,Tienda Norte,Mantequilla,Lácteos,2,2500,5000
2845,2026-08-01,Tienda Norte,Pan hallulla,Panadería,2,1500,3000
2846,2026-07-14,Tienda Centro,Azúcar,Café/Té,1,1300,1300
2846,2026-07-14,Tienda Centro,Esponjas,Limpieza,2,1200,2400
2847,2026-07-16,Tienda Centro,Mantequilla,Lácteos,1,2500,2500
2847,2026-07-16,Tienda Centro,Pan hallulla,Panadería,1,1500,1500
2848,2026-06-30,Tienda Mall,Papas fritas,Snacks,2,1800,3600
2848,2026-06-30,Tienda Mall,Yogurt,Lácteos,1,800,800
2849,2026-05-29,Tienda Mall,Bebida cola,Bebidas,2,1500,3000
2849,2026-05-29,Tienda Mall,Cloro,Limpieza,1,1400,1400
2849,2026-05-29,Tienda Mall,Detergente,Limpieza,1,5500,5500
2849,2026-05-29,Tienda Mall,Esponjas,Limpieza,1,1200,1200
2849,2026-05-29,Tienda Mall,Té,Café/Té,1,2500,2500
2850,2026-05-30,Tienda Centro,Azúcar,Café/Té,1,1300,1300
2850,2026-05-30,Tienda Centro,Galletas,Snacks,1,1000,1000
2850,2026-05-30,Tienda Centro,Mantequilla,Lácteos,1,2500,2500
2851,2026-08-06,Tienda Norte,Jugo naranja,Bebidas,1,1600,1600
2852,2026-07-23,Tienda Sur,Esponjas,Limpieza,1,1200,1200
2853,2026-07-03,Tienda Mall,Mantequilla,Lácteos,3,2500,7500
2853,2026-07-03,Tienda Mall,Pan hallulla,Panadería,2,1500,3000
2853,2026-07-03,Tienda Mall,Papas fritas,Snacks,1,1800,1800
2853,2026-07-03,Tienda Mall,Queso,Lácteos,1,4500,4500
2854,2026-06-25,Tienda Norte,Agua mineral,Bebidas,1,900,900
2854,2026-06-25,Tienda Norte,Papas fritas,Snacks,2,1800,3600
2854,2026-06-25,Tienda Norte,Té,Café/Té,1,2500,2500
2855,2026-06-02,Tienda Centro,Bebida cola,Bebidas,1,1500,1500
2855,2026-06-02,Tienda Centro,Mantequilla,Lácteos,1,2500,2500
2855,2026-06-02,Tienda Centro,Queso,Lácteos,2,4500,9000
2856,2026-05-26,Tienda Mall,Galletas,Snacks,1,1000,1000
2856,2026-05-26,Tienda Mall,Jugo naranja,Bebidas,1,1600,1600
2856,2026-05-26,Tienda Mall,Leche,Lácteos,1,1200,1200
2857,2026-07-13,Tienda Norte,Bebida cola,Bebidas,1,1500,1500
2857,2026-07-13,Tienda Norte,Mantequilla,Lácteos,1,2500,2500
2857,2026-07-13,Tienda Norte,Papas fritas,Snacks,1,1800,1800
2858,2026-08-06,Tienda Mall,Agua mineral,Bebidas,3,900,2700
2858,2026-08-06,Tienda Mall,Azúcar,Café/Té,2,1300,2600
2858,2026-08-06,Tienda Mall,Café,Café/Té,2,4000,8000
2858,2026-08-06,Tienda Mall,Vino tinto,Alcohol,1,5000,5000
2859,2026-07-04,Tienda Norte,Agua mineral,Bebidas,2,900,1800
2859,2026-07-04,Tienda Norte,Galletas,Snacks,2,1000,2000
2860,2026-06-19,Tienda Mall,Azúcar,Café/Té,1,1300,1300
2860,2026-06-19,Tienda Mall,Maní,Snacks,1,1200,1200
2861,2026-06-08,Tienda Centro,Azúcar,Café/Té,1,1300,1300
2861,2026-06-08,Tienda Centro,Café,Café/Té,1,4000,4000
2861,2026-06-08,Tienda Centro,Galletas,Snacks,2,1000,2000
2861,2026-06-08,Tienda Centro,Maní,Snacks,2,1200,2400
2861,2026-06-08,Tienda Centro,Queso,Lácteos,1,4500,4500
2861,2026-06-08,Tienda Centro,Vino tinto,Alcohol,1,5000,5000
2862,2026-08-07,Tienda Centro,Cloro,Limpieza,1,1400,1400
2862,2026-08-07,Tienda Centro,Detergente,Limpieza,2,5500,11000
2862,2026-08-07,Tienda Centro,Esponjas,Limpieza,1,1200,1200
2862,2026-08-07,Tienda Centro,Pan hallulla,Panadería,2,1500,3000
2862,2026-08-07,Tienda Centro,Queso,Lácteos,2,4500,9000
2863,2026-07-02,Tienda Norte,Cerveza,Alcohol,1,3500,3500
2863,2026-07-02,Tienda Norte,Detergente,Limpieza,1,5500,5500
2863,2026-07-02,Tienda Norte,Maní,Snacks,3,1200,3600
2863,2026-07-02,Tienda Norte,Papas fritas,Snacks,1,1800,1800
2864,2026-05-24,Tienda Centro,Agua mineral,Bebidas,2,900,1800
2864,2026-05-24,Tienda Centro,Galletas,Snacks,1,1000,1000
2864,2026-05-24,Tienda Centro,Mantequilla,Lácteos,2,2500,5000
2864,2026-05-24,Tienda Centro,Pan hallulla,Panadería,2,1500,3000
2865,2026-08-02,Tienda Sur,Croissant,Panadería,2,900,1800
2865,2026-08-02,Tienda Sur,Esponjas,Limpieza,1,1200,1200
2865,2026-08-02,Tienda Sur,Toallitas húmedas,Bebé,1,2200,2200
2866,2026-07-10,Tienda Sur,Azúcar,Café/Té,2,1300,2600
2866,2026-07-10,Tienda Sur,Cloro,Limpieza,1,1400,1400
2866,2026-07-10,Tienda Sur,Croissant,Panadería,2,900,1800
2866,2026-07-10,Tienda Sur,Leche,Lácteos,1,1200,1200
2867,2026-06-24,Tienda Mall,Azúcar,Café/Té,1,1300,1300
2867,2026-06-24,Tienda Mall,Café,Café/Té,2,4000,8000
2867,2026-06-24,Tienda Mall,Jugo naranja,Bebidas,1,1600,1600
2868,2026-07-21,Tienda Centro,Galletas,Snacks,2,1000,2000
2868,2026-07-21,Tienda Centro,Pañales,Bebé,2,8000,16000
2868,2026-07-21,Tienda Centro,Toallitas húmedas,Bebé,1,2200,2200
2869,2026-06-07,Tienda Centro,Esponjas,Limpieza,3,1200,3600
2869,2026-06-07,Tienda Centro,Mantequilla,Lácteos,1,2500,2500
2869,2026-06-07,Tienda Centro,Queso,Lácteos,1,4500,4500
2869,2026-06-07,Tienda Centro,Vino tinto,Alcohol,1,5000,5000
2870,2026-05-28,Tienda Sur,Bebida cola,Bebidas,1,1500,1500
2870,2026-05-28,Tienda Sur,Esponjas,Limpieza,1,1200,1200
2870,2026-05-28,Tienda Sur,Pan molde,Panadería,1,1800,1800
2870,2026-05-28,Tienda Sur,Queso,Lácteos,1,4500,4500
2871,2026-07-20,Tienda Norte,Mantequilla,Lácteos,1,2500,2500
2871,2026-07-20,Tienda Norte,Maní,Snacks,1,1200,1200
2871,2026-07-20,Tienda Norte,Yogurt,Lácteos,1,800,800
2872,2026-05-31,Tienda Mall,Azúcar,Café/Té,1,1300,1300
2872,2026-05-31,Tienda Mall,Café,Café/Té,1,4000,4000
2872,2026-05-31,Tienda Mall,Jugo naranja,Bebidas,1,1600,1600
2873,2026-07-17,Tienda Sur,Galletas,Snacks,1,1000,1000
2874,2026-06-27,Tienda Norte,Cerveza,Alcohol,1,3500,3500
2874,2026-06-27,Tienda Norte,Maní,Snacks,2,1200,2400
2875,2026-08-14,Tienda Norte,Azúcar,Café/Té,1,1300,1300
2875,2026-08-14,Tienda Norte,Bebida cola,Bebidas,1,1500,1500
2875,2026-08-14,Tienda Norte,Café,Café/Té,2,4000,8000
2875,2026-08-14,Tienda Norte,Cloro,Limpieza,1,1400,1400
2875,2026-08-14,Tienda Norte,Detergente,Limpieza,1,5500,5500
2875,2026-08-14,Tienda Norte,Té,Café/Té,1,2500,2500
2876,2026-06-15,Tienda Sur,Cloro,Limpieza,1,1400,1400
2877,2026-06-07,Tienda Sur,Agua mineral,Bebidas,2,900,1800
2877,2026-06-07,Tienda Sur,Queso,Lácteos,3,4500,13500
2878,2026-06-29,Tienda Centro,Toallitas húmedas,Bebé,1,2200,2200
2878,2026-06-29,Tienda Centro,Té,Café/Té,1,2500,2500
2879,2026-06-04,Tienda Mall,Cerveza,Alcohol,1,3500,3500
2879,2026-06-04,Tienda Mall,Maní,Snacks,1,1200,1200
2879,2026-06-04,Tienda Mall,Toallitas húmedas,Bebé,2,2200,4400
2880,2026-05-29,Tienda Norte,Azúcar,Café/Té,1,1300,1300
2880,2026-05-29,Tienda Norte,Cerveza,Alcohol,1,3500,3500
2880,2026-05-29,Tienda Norte,Papas fritas,Snacks,2,1800,3600
2880,2026-05-29,Tienda Norte,Vino tinto,Alcohol,1,5000,5000
2881,2026-07-27,Tienda Norte,Bebida cola,Bebidas,2,1500,3000
2881,2026-07-27,Tienda Norte,Jugo naranja,Bebidas,2,1600,3200
2881,2026-07-27,Tienda Norte,Leche,Lácteos,2,1200,2400
2881,2026-07-27,Tienda Norte,Papas fritas,Snacks,3,1800,5400
2881,2026-07-27,Tienda Norte,Pañales,Bebé,3,8000,24000
2881,2026-07-27,Tienda Norte,Toallitas húmedas,Bebé,1,2200,2200
2882,2026-06-22,Tienda Mall,Mantequilla,Lácteos,2,2500,5000
2883,2026-06-11,Tienda Sur,Esponjas,Limpieza,2,1200,2400
2883,2026-06-11,Tienda Sur,Leche,Lácteos,1,1200,1200
2883,2026-06-11,Tienda Sur,Toallitas húmedas,Bebé,2,2200,4400
2883,2026-06-11,Tienda Sur,Vino tinto,Alcohol,1,5000,5000
2884,2026-08-03,Tienda Centro,Azúcar,Café/Té,1,1300,1300
2884,2026-08-03,Tienda Centro,Té,Café/Té,1,2500,2500
2885,2026-05-31,Tienda Centro,Croissant,Panadería,1,900,900
2885,2026-05-31,Tienda Centro,Papas fritas,Snacks,1,1800,1800
2886,2026-08-10,Tienda Sur,Croissant,Panadería,1,900,900
2886,2026-08-10,Tienda Sur,Mantequilla,Lácteos,1,2500,2500
2886,2026-08-10,Tienda Sur,Pan hallulla,Panadería,1,1500,1500
2886,2026-08-10,Tienda Sur,Queso,Lácteos,1,4500,4500
2887,2026-05-31,Tienda Centro,Maní,Snacks,1,1200,1200
2887,2026-05-31,Tienda Centro,Toallitas húmedas,Bebé,2,2200,4400
2887,2026-05-31,Tienda Centro,Vino tinto,Alcohol,1,5000,5000
2888,2026-07-11,Tienda Mall,Cerveza,Alcohol,2,3500,7000
2888,2026-07-11,Tienda Mall,Jugo naranja,Bebidas,2,1600,3200
2888,2026-07-11,Tienda Mall,Maní,Snacks,1,1200,1200
2889,2026-08-03,Tienda Centro,Toallitas húmedas,Bebé,2,2200,4400
2890,2026-08-04,Tienda Sur,Mantequilla,Lácteos,1,2500,2500
2890,2026-08-04,Tienda Sur,Maní,Snacks,2,1200,2400
2890,2026-08-04,Tienda Sur,Pan hallulla,Panadería,1,1500,1500
2890,2026-08-04,Tienda Sur,Queso,Lácteos,1,4500,4500
2891,2026-06-02,Tienda Mall,Croissant,Panadería,1,900,900
2891,2026-06-02,Tienda Mall,Esponjas,Limpieza,2,1200,2400
2891,2026-06-02,Tienda Mall,Papas fritas,Snacks,2,1800,3600
2891,2026-06-02,Tienda Mall,Toallitas húmedas,Bebé,2,2200,4400
2892,2026-07-26,Tienda Norte,Agua mineral,Bebidas,1,900,900
2893,2026-06-04,Tienda Mall,Maní,Snacks,1,1200,1200
2893,2026-06-04,Tienda Mall,Té,Café/Té,1,2500,2500
2894,2026-07-22,Tienda Sur,Detergente,Limpieza,1,5500,5500
2894,2026-07-22,Tienda Sur,Papas fritas,Snacks,1,1800,1800
2894,2026-07-22,Tienda Sur,Toallitas húmedas,Bebé,1,2200,2200
2894,2026-07-22,Tienda Sur,Yogurt,Lácteos,1,800,800
2895,2026-05-31,Tienda Centro,Pañales,Bebé,1,8000,8000
2895,2026-05-31,Tienda Centro,Toallitas húmedas,Bebé,3,2200,6600
2896,2026-08-09,Tienda Sur,Azúcar,Café/Té,1,1300,1300
2896,2026-08-09,Tienda Sur,Mantequilla,Lácteos,1,2500,2500
2897,2026-06-14,Tienda Norte,Pan hallulla,Panadería,2,1500,3000
2898,2026-06-23,Tienda Sur,Agua mineral,Bebidas,1,900,900
2898,2026-06-23,Tienda Sur,Mantequilla,Lácteos,3,2500,7500
2898,2026-06-23,Tienda Sur,Queso,Lácteos,1,4500,4500
2899,2026-07-03,Tienda Centro,Esponjas,Limpieza,2,1200,2400
2899,2026-07-03,Tienda Centro,Yogurt,Lácteos,1,800,800
2900,2026-07-24,Tienda Centro,Azúcar,Café/Té,1,1300,1300
2900,2026-07-24,Tienda Centro,Cloro,Limpieza,1,1400,1400
2900,2026-07-24,Tienda Centro,Detergente,Limpieza,3,5500,16500
2900,2026-07-24,Tienda Centro,Mantequilla,Lácteos,1,2500,2500
2900,2026-07-24,Tienda Centro,Té,Café/Té,1,2500,2500
2901,2026-07-04,Tienda Sur,Agua mineral,Bebidas,1,900,900
2901,2026-07-04,Tienda Sur,Galletas,Snacks,1,1000,1000
2901,2026-07-04,Tienda Sur,Papas fritas,Snacks,1,1800,1800
2902,2026-08-02,Tienda Centro,Croissant,Panadería,1,900,900
2902,2026-08-02,Tienda Centro,Detergente,Limpieza,1,5500,5500
2903,2026-08-16,Tienda Sur,Leche,Lácteos,1,1200,1200
2903,2026-08-16,Tienda Sur,Papas fritas,Snacks,2,1800,3600
2904,2026-07-14,Tienda Norte,Azúcar,Café/Té,1,1300,1300
2904,2026-07-14,Tienda Norte,Café,Café/Té,2,4000,8000
2905,2026-07-03,Tienda Mall,Bebida cola,Bebidas,1,1500,1500
2905,2026-07-03,Tienda Mall,Croissant,Panadería,1,900,900
2905,2026-07-03,Tienda Mall,Papas fritas,Snacks,1,1800,1800
2905,2026-07-03,Tienda Mall,Toallitas húmedas,Bebé,2,2200,4400
2906,2026-06-06,Tienda Centro,Azúcar,Café/Té,1,1300,1300
2906,2026-06-06,Tienda Centro,Leche,Lácteos,3,1200,3600
2906,2026-06-06,Tienda Centro,Queso,Lácteos,1,4500,4500
2907,2026-08-03,Tienda Sur,Cerveza,Alcohol,1,3500,3500
2907,2026-08-03,Tienda Sur,Croissant,Panadería,1,900,900
2907,2026-08-03,Tienda Sur,Galletas,Snacks,2,1000,2000
2907,2026-08-03,Tienda Sur,Pañales,Bebé,2,8000,16000
2907,2026-08-03,Tienda Sur,Toallitas húmedas,Bebé,2,2200,4400
2908,2026-07-25,Tienda Sur,Azúcar,Café/Té,1,1300,1300
2908,2026-07-25,Tienda Sur,Esponjas,Limpieza,1,1200,1200
2908,2026-07-25,Tienda Sur,Yogurt,Lácteos,1,800,800
2909,2026-06-04,Tienda Sur,Cerveza,Alcohol,1,3500,3500
2909,2026-06-04,Tienda Sur,Mantequilla,Lácteos,2,2500,5000
2909,2026-06-04,Tienda Sur,Pan hallulla,Panadería,3,1500,4500
2909,2026-06-04,Tienda Sur,Pañales,Bebé,1,8000,8000
2910,2026-06-16,Tienda Centro,Bebida cola,Bebidas,1,1500,1500
2910,2026-06-16,Tienda Centro,Cerveza,Alcohol,2,3500,7000
2910,2026-06-16,Tienda Centro,Mantequilla,Lácteos,2,2500,5000
2910,2026-06-16,Tienda Centro,Maní,Snacks,1,1200,1200
2910,2026-06-16,Tienda Centro,Papas fritas,Snacks,1,1800,1800
2911,2026-07-11,Tienda Sur,Cloro,Limpieza,1,1400,1400
2911,2026-07-11,Tienda Sur,Mantequilla,Lácteos,1,2500,2500
2912,2026-08-12,Tienda Norte,Azúcar,Café/Té,1,1300,1300
2912,2026-08-12,Tienda Norte,Esponjas,Limpieza,2,1200,2400
2912,2026-08-12,Tienda Norte,Té,Café/Té,1,2500,2500
2912,2026-08-12,Tienda Norte,Yogurt,Lácteos,1,800,800
2913,2026-07-06,Tienda Norte,Azúcar,Café/Té,1,1300,1300
2913,2026-07-06,Tienda Norte,Té,Café/Té,2,2500,5000
2914,2026-08-15,Tienda Mall,Detergente,Limpieza,3,5500,16500
2914,2026-08-15,Tienda Mall,Esponjas,Limpieza,1,1200,1200
2914,2026-08-15,Tienda Mall,Maní,Snacks,2,1200,2400
2915,2026-06-17,Tienda Mall,Agua mineral,Bebidas,1,900,900
2915,2026-06-17,Tienda Mall,Azúcar,Café/Té,2,1300,2600
2915,2026-06-17,Tienda Mall,Café,Café/Té,1,4000,4000
2915,2026-06-17,Tienda Mall,Cerveza,Alcohol,1,3500,3500
2915,2026-06-17,Tienda Mall,Galletas,Snacks,3,1000,3000
2915,2026-06-17,Tienda Mall,Maní,Snacks,2,1200,2400
2915,2026-06-17,Tienda Mall,Pañales,Bebé,1,8000,8000
2915,2026-06-17,Tienda Mall,Toallitas húmedas,Bebé,1,2200,2200
2916,2026-07-17,Tienda Sur,Cloro,Limpieza,1,1400,1400
2917,2026-08-09,Tienda Sur,Cloro,Limpieza,1,1400,1400
2917,2026-08-09,Tienda Sur,Maní,Snacks,2,1200,2400
2917,2026-08-09,Tienda Sur,Papas fritas,Snacks,2,1800,3600
2917,2026-08-09,Tienda Sur,Yogurt,Lácteos,1,800,800
2918,2026-08-06,Tienda Mall,Bebida cola,Bebidas,1,1500,1500
2918,2026-08-06,Tienda Mall,Cerveza,Alcohol,1,3500,3500
2918,2026-08-06,Tienda Mall,Papas fritas,Snacks,1,1800,1800
2919,2026-06-28,Tienda Centro,Azúcar,Café/Té,3,1300,3900
2919,2026-06-28,Tienda Centro,Galletas,Snacks,1,1000,1000
2919,2026-06-28,Tienda Centro,Toallitas húmedas,Bebé,2,2200,4400
2919,2026-06-28,Tienda Centro,Té,Café/Té,1,2500,2500
2920,2026-06-15,Tienda Sur,Leche,Lácteos,1,1200,1200
2920,2026-06-15,Tienda Sur,Mantequilla,Lácteos,2,2500,5000
2920,2026-06-15,Tienda Sur,Pan hallulla,Panadería,1,1500,1500
2920,2026-06-15,Tienda Sur,Queso,Lácteos,1,4500,4500
2920,2026-06-15,Tienda Sur,Yogurt,Lácteos,1,800,800
2921,2026-06-11,Tienda Sur,Azúcar,Café/Té,1,1300,1300
2921,2026-06-11,Tienda Sur,Té,Café/Té,2,2500,5000
2922,2026-06-28,Tienda Norte,Azúcar,Café/Té,1,1300,1300
2922,2026-06-28,Tienda Norte,Maní,Snacks,1,1200,1200
2923,2026-06-21,Tienda Mall,Croissant,Panadería,1,900,900
2923,2026-06-21,Tienda Mall,Detergente,Limpieza,1,5500,5500
2923,2026-06-21,Tienda Mall,Mantequilla,Lácteos,1,2500,2500
2923,2026-06-21,Tienda Mall,Pan hallulla,Panadería,2,1500,3000
2924,2026-07-01,Tienda Norte,Bebida cola,Bebidas,1,1500,1500
2924,2026-07-01,Tienda Norte,Vino tinto,Alcohol,2,5000,10000
2925,2026-06-02,Tienda Sur,Agua mineral,Bebidas,2,900,1800
2925,2026-06-02,Tienda Sur,Maní,Snacks,1,1200,1200
2926,2026-08-02,Tienda Norte,Mantequilla,Lácteos,2,2500,5000
2926,2026-08-02,Tienda Norte,Maní,Snacks,3,1200,3600
2926,2026-08-02,Tienda Norte,Pan hallulla,Panadería,1,1500,1500
2926,2026-08-02,Tienda Norte,Queso,Lácteos,1,4500,4500
2926,2026-08-02,Tienda Norte,Toallitas húmedas,Bebé,1,2200,2200
2927,2026-08-08,Tienda Sur,Esponjas,Limpieza,1,1200,1200
2927,2026-08-08,Tienda Sur,Jugo naranja,Bebidas,1,1600,1600
2927,2026-08-08,Tienda Sur,Papas fritas,Snacks,1,1800,1800
2928,2026-06-08,Tienda Sur,Cloro,Limpieza,2,1400,2800
2928,2026-06-08,Tienda Sur,Detergente,Limpieza,1,5500,5500
2929,2026-05-30,Tienda Sur,Azúcar,Café/Té,1,1300,1300
2929,2026-05-30,Tienda Sur,Cloro,Limpieza,1,1400,1400
2929,2026-05-30,Tienda Sur,Detergente,Limpieza,1,5500,5500
2929,2026-05-30,Tienda Sur,Esponjas,Limpieza,1,1200,1200
2929,2026-05-30,Tienda Sur,Queso,Lácteos,2,4500,9000
2930,2026-07-08,Tienda Norte,Queso,Lácteos,1,4500,4500
2930,2026-07-08,Tienda Norte,Toallitas húmedas,Bebé,1,2200,2200
2931,2026-07-24,Tienda Sur,Mantequilla,Lácteos,2,2500,5000
2931,2026-07-24,Tienda Sur,Pan molde,Panadería,2,1800,3600
2931,2026-07-24,Tienda Sur,Papas fritas,Snacks,2,1800,3600
2932,2026-05-30,Tienda Centro,Azúcar,Café/Té,1,1300,1300
2932,2026-05-30,Tienda Centro,Café,Café/Té,1,4000,4000
2932,2026-05-30,Tienda Centro,Croissant,Panadería,1,900,900
2932,2026-05-30,Tienda Centro,Galletas,Snacks,2,1000,2000
2933,2026-08-05,Tienda Norte,Cloro,Limpieza,1,1400,1400
2933,2026-08-05,Tienda Norte,Leche,Lácteos,1,1200,1200
2934,2026-07-28,Tienda Norte,Bebida cola,Bebidas,1,1500,1500
2934,2026-07-28,Tienda Norte,Cloro,Limpieza,1,1400,1400
2935,2026-07-19,Tienda Sur,Maní,Snacks,1,1200,1200
2935,2026-07-19,Tienda Sur,Queso,Lácteos,2,4500,9000
2935,2026-07-19,Tienda Sur,Vino tinto,Alcohol,1,5000,5000
2936,2026-07-05,Tienda Sur,Agua mineral,Bebidas,1,900,900
2936,2026-07-05,Tienda Sur,Toallitas húmedas,Bebé,2,2200,4400
2937,2026-08-09,Tienda Sur,Azúcar,Café/Té,1,1300,1300
2937,2026-08-09,Tienda Sur,Maní,Snacks,1,1200,1200
2938,2026-07-02,Tienda Mall,Mantequilla,Lácteos,1,2500,2500
2938,2026-07-02,Tienda Mall,Pan molde,Panadería,2,1800,3600
2938,2026-07-02,Tienda Mall,Queso,Lácteos,1,4500,4500
2938,2026-07-02,Tienda Mall,Yogurt,Lácteos,3,800,2400
2939,2026-08-16,Tienda Norte,Leche,Lácteos,1,1200,1200
2939,2026-08-16,Tienda Norte,Queso,Lácteos,1,4500,4500
2939,2026-08-16,Tienda Norte,Vino tinto,Alcohol,3,5000,15000
2940,2026-08-12,Tienda Centro,Cerveza,Alcohol,2,3500,7000
2941,2026-06-25,Tienda Sur,Cloro,Limpieza,1,1400,1400
2941,2026-06-25,Tienda Sur,Croissant,Panadería,1,900,900
2942,2026-06-06,Tienda Norte,Galletas,Snacks,1,1000,1000
2942,2026-06-06,Tienda Norte,Vino tinto,Alcohol,1,5000,5000
2943,2026-06-17,Tienda Sur,Azúcar,Café/Té,1,1300,1300
2943,2026-06-17,Tienda Sur,Café,Café/Té,1,4000,4000
2943,2026-06-17,Tienda Sur,Cloro,Limpieza,1,1400,1400
2943,2026-06-17,Tienda Sur,Detergente,Limpieza,1,5500,5500
2944,2026-06-07,Tienda Sur,Azúcar,Café/Té,1,1300,1300
2944,2026-06-07,Tienda Sur,Cloro,Limpieza,1,1400,1400
2944,2026-06-07,Tienda Sur,Pan molde,Panadería,2,1800,3600
2944,2026-06-07,Tienda Sur,Vino tinto,Alcohol,1,5000,5000
2945,2026-07-23,Tienda Centro,Mantequilla,Lácteos,2,2500,5000
2945,2026-07-23,Tienda Centro,Pan hallulla,Panadería,1,1500,1500
2945,2026-07-23,Tienda Centro,Papas fritas,Snacks,1,1800,1800
2946,2026-06-13,Tienda Mall,Queso,Lácteos,2,4500,9000
2947,2026-08-11,Tienda Sur,Jugo naranja,Bebidas,2,1600,3200
2947,2026-08-11,Tienda Sur,Mantequilla,Lácteos,3,2500,7500
2947,2026-08-11,Tienda Sur,Pan molde,Panadería,1,1800,1800
2947,2026-08-11,Tienda Sur,Queso,Lácteos,2,4500,9000
2948,2026-06-21,Tienda Mall,Bebida cola,Bebidas,1,1500,1500
2948,2026-06-21,Tienda Mall,Café,Café/Té,1,4000,4000
2948,2026-06-21,Tienda Mall,Esponjas,Limpieza,1,1200,1200
2948,2026-06-21,Tienda Mall,Galletas,Snacks,2,1000,2000
2948,2026-06-21,Tienda Mall,Papas fritas,Snacks,1,1800,1800
2949,2026-06-25,Tienda Sur,Leche,Lácteos,2,1200,2400
2949,2026-06-25,Tienda Sur,Mantequilla,Lácteos,1,2500,2500
2949,2026-06-25,Tienda Sur,Pan hallulla,Panadería,1,1500,1500
2949,2026-06-25,Tienda Sur,Papas fritas,Snacks,1,1800,1800
2949,2026-06-25,Tienda Sur,Queso,Lácteos,1,4500,4500
2950,2026-08-12,Tienda Centro,Galletas,Snacks,1,1000,1000
2950,2026-08-12,Tienda Centro,Mantequilla,Lácteos,1,2500,2500
2950,2026-08-12,Tienda Centro,Pan hallulla,Panadería,1,1500,1500
2950,2026-08-12,Tienda Centro,Papas fritas,Snacks,2,1800,3600
2951,2026-06-11,Tienda Sur,Leche,Lácteos,2,1200,2400
2951,2026-06-11,Tienda Sur,Papas fritas,Snacks,1,1800,1800
2952,2026-07-05,Tienda Norte,Cerveza,Alcohol,3,3500,10500
2952,2026-07-05,Tienda Norte,Galletas,Snacks,2,1000,2000
2952,2026-07-05,Tienda Norte,Maní,Snacks,1,1200,1200
2952,2026-07-05,Tienda Norte,Pañales,Bebé,1,8000,8000
2952,2026-07-05,Tienda Norte,Toallitas húmedas,Bebé,2,2200,4400
2953,2026-07-04,Tienda Mall,Mantequilla,Lácteos,1,2500,2500
2953,2026-07-04,Tienda Mall,Pan hallulla,Panadería,1,1500,1500
2953,2026-07-04,Tienda Mall,Queso,Lácteos,1,4500,4500
2954,2026-06-16,Tienda Norte,Leche,Lácteos,1,1200,1200
2954,2026-06-16,Tienda Norte,Queso,Lácteos,1,4500,4500
2954,2026-06-16,Tienda Norte,Toallitas húmedas,Bebé,1,2200,2200
2955,2026-07-18,Tienda Sur,Cloro,Limpieza,1,1400,1400
2955,2026-07-18,Tienda Sur,Detergente,Limpieza,2,5500,11000
2956,2026-06-17,Tienda Sur,Maní,Snacks,1,1200,1200
2956,2026-06-17,Tienda Sur,Pañales,Bebé,1,8000,8000
2956,2026-06-17,Tienda Sur,Toallitas húmedas,Bebé,1,2200,2200
2957,2026-05-22,Tienda Norte,Cloro,Limpieza,1,1400,1400
2957,2026-05-22,Tienda Norte,Mantequilla,Lácteos,2,2500,5000
2957,2026-05-22,Tienda Norte,Pan hallulla,Panadería,1,1500,1500
2957,2026-05-22,Tienda Norte,Pan molde,Panadería,1,1800,1800
2958,2026-05-23,Tienda Norte,Cerveza,Alcohol,2,3500,7000
2958,2026-05-23,Tienda Norte,Cloro,Limpieza,3,1400,4200
2958,2026-05-23,Tienda Norte,Maní,Snacks,2,1200,2400
2958,2026-05-23,Tienda Norte,Papas fritas,Snacks,2,1800,3600
2958,2026-05-23,Tienda Norte,Yogurt,Lácteos,1,800,800
2959,2026-07-23,Tienda Mall,Cerveza,Alcohol,1,3500,3500
2959,2026-07-23,Tienda Mall,Leche,Lácteos,1,1200,1200
2959,2026-07-23,Tienda Mall,Pañales,Bebé,2,8000,16000
2959,2026-07-23,Tienda Mall,Toallitas húmedas,Bebé,1,2200,2200
2960,2026-08-08,Tienda Norte,Papas fritas,Snacks,1,1800,1800
2960,2026-08-08,Tienda Norte,Yogurt,Lácteos,1,800,800
2961,2026-07-21,Tienda Norte,Jugo naranja,Bebidas,3,1600,4800
2961,2026-07-21,Tienda Norte,Papas fritas,Snacks,2,1800,3600
2961,2026-07-21,Tienda Norte,Toallitas húmedas,Bebé,1,2200,2200
2962,2026-06-22,Tienda Sur,Esponjas,Limpieza,1,1200,1200
2962,2026-06-22,Tienda Sur,Queso,Lácteos,2,4500,9000
2962,2026-06-22,Tienda Sur,Vino tinto,Alcohol,1,5000,5000
2963,2026-05-29,Tienda Centro,Azúcar,Café/Té,1,1300,1300
2963,2026-05-29,Tienda Centro,Esponjas,Limpieza,2,1200,2400
2964,2026-08-17,Tienda Sur,Papas fritas,Snacks,3,1800,5400
2965,2026-06-13,Tienda Centro,Mantequilla,Lácteos,1,2500,2500
2965,2026-06-13,Tienda Centro,Pan hallulla,Panadería,1,1500,1500
2965,2026-06-13,Tienda Centro,Queso,Lácteos,1,4500,4500
2966,2026-07-13,Tienda Sur,Agua mineral,Bebidas,1,900,900
2966,2026-07-13,Tienda Sur,Azúcar,Café/Té,1,1300,1300
2966,2026-07-13,Tienda Sur,Café,Café/Té,3,4000,12000
2966,2026-07-13,Tienda Sur,Galletas,Snacks,1,1000,1000
2967,2026-07-25,Tienda Norte,Cerveza,Alcohol,1,3500,3500
2967,2026-07-25,Tienda Norte,Maní,Snacks,1,1200,1200
2967,2026-07-25,Tienda Norte,Papas fritas,Snacks,1,1800,1800
2968,2026-06-15,Tienda Mall,Mantequilla,Lácteos,1,2500,2500
2968,2026-06-15,Tienda Mall,Pan molde,Panadería,1,1800,1800
2969,2026-07-20,Tienda Centro,Cloro,Limpieza,3,1400,4200
2969,2026-07-20,Tienda Centro,Maní,Snacks,1,1200,1200
2969,2026-07-20,Tienda Centro,Pan molde,Panadería,1,1800,1800
2970,2026-06-07,Tienda Sur,Maní,Snacks,1,1200,1200
2971,2026-08-16,Tienda Centro,Azúcar,Café/Té,1,1300,1300
2971,2026-08-16,Tienda Centro,Café,Café/Té,1,4000,4000
2971,2026-08-16,Tienda Centro,Galletas,Snacks,1,1000,1000
2971,2026-08-16,Tienda Centro,Leche,Lácteos,1,1200,1200
2971,2026-08-16,Tienda Centro,Yogurt,Lácteos,1,800,800
2972,2026-07-08,Tienda Norte,Cloro,Limpieza,1,1400,1400
2973,2026-06-27,Tienda Sur,Agua mineral,Bebidas,1,900,900
2973,2026-06-27,Tienda Sur,Maní,Snacks,1,1200,1200
2973,2026-06-27,Tienda Sur,Toallitas húmedas,Bebé,1,2200,2200
2974,2026-07-10,Tienda Centro,Bebida cola,Bebidas,1,1500,1500
2974,2026-07-10,Tienda Centro,Cloro,Limpieza,2,1400,2800
2975,2026-06-21,Tienda Centro,Café,Café/Té,1,4000,4000
2975,2026-06-21,Tienda Centro,Cloro,Limpieza,1,1400,1400
2975,2026-06-21,Tienda Centro,Detergente,Limpieza,1,5500,5500
2975,2026-06-21,Tienda Centro,Esponjas,Limpieza,2,1200,2400
2975,2026-06-21,Tienda Centro,Pan molde,Panadería,1,1800,1800
2976,2026-06-01,Tienda Norte,Azúcar,Café/Té,1,1300,1300
2976,2026-06-01,Tienda Norte,Mantequilla,Lácteos,1,2500,2500
2977,2026-05-21,Tienda Mall,Cerveza,Alcohol,1,3500,3500
2977,2026-05-21,Tienda Mall,Leche,Lácteos,2,1200,2400
2977,2026-05-21,Tienda Mall,Maní,Snacks,2,1200,2400
2978,2026-07-02,Tienda Norte,Mantequilla,Lácteos,2,2500,5000
2978,2026-07-02,Tienda Norte,Pan molde,Panadería,2,1800,3600
2979,2026-07-29,Tienda Mall,Agua mineral,Bebidas,2,900,1800
2979,2026-07-29,Tienda Mall,Azúcar,Café/Té,3,1300,3900
2979,2026-07-29,Tienda Mall,Té,Café/Té,1,2500,2500
2980,2026-07-06,Tienda Norte,Cloro,Limpieza,2,1400,2800
2980,2026-07-06,Tienda Norte,Jugo naranja,Bebidas,1,1600,1600
2980,2026-07-06,Tienda Norte,Queso,Lácteos,1,4500,4500
2981,2026-07-05,Tienda Mall,Cerveza,Alcohol,1,3500,3500
2981,2026-07-05,Tienda Mall,Croissant,Panadería,1,900,900
2981,2026-07-05,Tienda Mall,Maní,Snacks,2,1200,2400
2981,2026-07-05,Tienda Mall,Papas fritas,Snacks,2,1800,3600
2982,2026-06-04,Tienda Centro,Croissant,Panadería,1,900,900
2982,2026-06-04,Tienda Centro,Jugo naranja,Bebidas,1,1600,1600
2982,2026-06-04,Tienda Centro,Pan hallulla,Panadería,1,1500,1500
2983,2026-08-01,Tienda Sur,Cerveza,Alcohol,2,3500,7000
2983,2026-08-01,Tienda Sur,Detergente,Limpieza,2,5500,11000
2983,2026-08-01,Tienda Sur,Pañales,Bebé,1,8000,8000
2983,2026-08-01,Tienda Sur,Toallitas húmedas,Bebé,1,2200,2200
2984,2026-07-22,Tienda Centro,Esponjas,Limpieza,1,1200,1200
2984,2026-07-22,Tienda Centro,Mantequilla,Lácteos,1,2500,2500
2984,2026-07-22,Tienda Centro,Pan molde,Panadería,1,1800,1800
2984,2026-07-22,Tienda Centro,Queso,Lácteos,1,4500,4500
2985,2026-06-21,Tienda Mall,Croissant,Panadería,3,900,2700
2986,2026-06-21,Tienda Norte,Azúcar,Café/Té,2,1300,2600
2986,2026-06-21,Tienda Norte,Cloro,Limpieza,1,1400,1400
2986,2026-06-21,Tienda Norte,Detergente,Limpieza,2,5500,11000
2986,2026-06-21,Tienda Norte,Esponjas,Limpieza,1,1200,1200
2986,2026-06-21,Tienda Norte,Pañales,Bebé,2,8000,16000
2986,2026-06-21,Tienda Norte,Toallitas húmedas,Bebé,1,2200,2200
2987,2026-05-27,Tienda Centro,Bebida cola,Bebidas,3,1500,4500
2987,2026-05-27,Tienda Centro,Jugo naranja,Bebidas,2,1600,3200
2987,2026-05-27,Tienda Centro,Papas fritas,Snacks,3,1800,5400
2988,2026-07-17,Tienda Norte,Azúcar,Café/Té,2,1300,2600
2988,2026-07-17,Tienda Norte,Bebida cola,Bebidas,1,1500,1500
2988,2026-07-17,Tienda Norte,Café,Café/Té,2,4000,8000
2988,2026-07-17,Tienda Norte,Cloro,Limpieza,3,1400,4200
2988,2026-07-17,Tienda Norte,Detergente,Limpieza,2,5500,11000
2988,2026-07-17,Tienda Norte,Esponjas,Limpieza,1,1200,1200
2989,2026-07-02,Tienda Centro,Agua mineral,Bebidas,2,900,1800
2989,2026-07-02,Tienda Centro,Azúcar,Café/Té,2,1300,2600
2989,2026-07-02,Tienda Centro,Jugo naranja,Bebidas,1,1600,1600
2990,2026-08-17,Tienda Mall,Azúcar,Café/Té,1,1300,1300
2990,2026-08-17,Tienda Mall,Leche,Lácteos,1,1200,1200
2990,2026-08-17,Tienda Mall,Queso,Lácteos,1,4500,4500
2991,2026-07-02,Tienda Sur,Mantequilla,Lácteos,1,2500,2500
2991,2026-07-02,Tienda Sur,Pan hallulla,Panadería,3,1500,4500
2992,2026-08-02,Tienda Sur,Leche,Lácteos,1,1200,1200
2992,2026-08-02,Tienda Sur,Mantequilla,Lácteos,1,2500,2500
2992,2026-08-02,Tienda Sur,Maní,Snacks,1,1200,1200
2992,2026-08-02,Tienda Sur,Pan hallulla,Panadería,1,1500,1500
2993,2026-07-03,Tienda Mall,Mantequilla,Lácteos,1,2500,2500
2993,2026-07-03,Tienda Mall,Té,Café/Té,1,2500,2500
2994,2026-08-15,Tienda Norte,Agua mineral,Bebidas,2,900,1800
2994,2026-08-15,Tienda Norte,Cerveza,Alcohol,1,3500,3500
2995,2026-08-05,Tienda Sur,Azúcar,Café/Té,2,1300,2600
2995,2026-08-05,Tienda Sur,Maní,Snacks,2,1200,2400
2995,2026-08-05,Tienda Sur,Papas fritas,Snacks,1,1800,1800
2995,2026-08-05,Tienda Sur,Queso,Lácteos,2,4500,9000
2995,2026-08-05,Tienda Sur,Té,Café/Té,1,2500,2500
2995,2026-08-05,Tienda Sur,Vino tinto,Alcohol,2,5000,10000
2996,2026-05-28,Tienda Norte,Azúcar,Café/Té,1,1300,1300
2996,2026-05-28,Tienda Norte,Maní,Snacks,1,1200,1200
2997,2026-07-15,Tienda Mall,Galletas,Snacks,2,1000,2000
2997,2026-07-15,Tienda Mall,Queso,Lácteos,1,4500,4500
2997,2026-07-15,Tienda Mall,Toallitas húmedas,Bebé,1,2200,2200
2997,2026-07-15,Tienda Mall,Vino tinto,Alcohol,2,5000,10000
2998,2026-06-07,Tienda Mall,Galletas,Snacks,2,1000,2000
2998,2026-06-07,Tienda Mall,Pañales,Bebé,1,8000,8000
2998,2026-06-07,Tienda Mall,Toallitas húmedas,Bebé,1,2200,2200
2999,2026-05-30,Tienda Centro,Bebida cola,Bebidas,1,1500,1500
2999,2026-05-30,Tienda Centro,Leche,Lácteos,2,1200,2400
2999,2026-05-30,Tienda Centro,Mantequilla,Lácteos,1,2500,2500
2999,2026-05-30,Tienda Centro,Vino tinto,Alcohol,3,5000,15000
3000,2026-08-11,Tienda Norte,Bebida cola,Bebidas,3,1500,4500
3000,2026-08-11,Tienda Norte,Papas fritas,Snacks,1,1800,1800
3000,2026-08-11,Tienda Norte,Yogurt,Lácteos,2,800,1600
3001,2026-06-16,Tienda Norte,Pan molde,Panadería,2,1800,3600
3001,2026-06-16,Tienda Norte,Papas fritas,Snacks,2,1800,3600
3002,2026-07-07,Tienda Sur,Cloro,Limpieza,1,1400,1400
3002,2026-07-07,Tienda Sur,Pan molde,Panadería,1,1800,1800
3002,2026-07-07,Tienda Sur,Papas fritas,Snacks,2,1800,3600
3003,2026-06-30,Tienda Norte,Croissant,Panadería,1,900,900
3003,2026-06-30,Tienda Norte,Mantequilla,Lácteos,1,2500,2500
3004,2026-05-26,Tienda Centro,Agua mineral,Bebidas,1,900,900
3004,2026-05-26,Tienda Centro,Azúcar,Café/Té,2,1300,2600
3004,2026-05-26,Tienda Centro,Té,Café/Té,1,2500,2500
3005,2026-06-02,Tienda Centro,Agua mineral,Bebidas,1,900,900
3005,2026-06-02,Tienda Centro,Cloro,Limpieza,3,1400,4200
3005,2026-06-02,Tienda Centro,Detergente,Limpieza,1,5500,5500
3005,2026-06-02,Tienda Centro,Mantequilla,Lácteos,3,2500,7500
3005,2026-06-02,Tienda Centro,Pan molde,Panadería,3,1800,5400
3005,2026-06-02,Tienda Centro,Queso,Lácteos,1,4500,4500
3005,2026-06-02,Tienda Centro,Té,Café/Té,2,2500,5000
3006,2026-07-20,Tienda Mall,Detergente,Limpieza,1,5500,5500
3006,2026-07-20,Tienda Mall,Esponjas,Limpieza,1,1200,1200
3006,2026-07-20,Tienda Mall,Galletas,Snacks,1,1000,1000
3007,2026-06-05,Tienda Norte,Croissant,Panadería,2,900,1800
3008,2026-05-24,Tienda Centro,Azúcar,Café/Té,1,1300,1300
3008,2026-05-24,Tienda Centro,Cerveza,Alcohol,1,3500,3500
3008,2026-05-24,Tienda Centro,Esponjas,Limpieza,1,1200,1200
3008,2026-05-24,Tienda Centro,Maní,Snacks,1,1200,1200
3008,2026-05-24,Tienda Centro,Papas fritas,Snacks,2,1800,3600
3009,2026-07-31,Tienda Mall,Azúcar,Café/Té,2,1300,2600
3009,2026-07-31,Tienda Mall,Té,Café/Té,1,2500,2500
3010,2026-06-21,Tienda Norte,Maní,Snacks,1,1200,1200
3010,2026-06-21,Tienda Norte,Pañales,Bebé,1,8000,8000
3010,2026-06-21,Tienda Norte,Queso,Lácteos,1,4500,4500
3010,2026-06-21,Tienda Norte,Toallitas húmedas,Bebé,1,2200,2200
3010,2026-06-21,Tienda Norte,Vino tinto,Alcohol,1,5000,5000
3011,2026-06-12,Tienda Centro,Cerveza,Alcohol,1,3500,3500
3011,2026-06-12,Tienda Centro,Mantequilla,Lácteos,1,2500,2500
3011,2026-06-12,Tienda Centro,Maní,Snacks,1,1200,1200
3011,2026-06-12,Tienda Centro,Pan molde,Panadería,1,1800,1800
3011,2026-06-12,Tienda Centro,Papas fritas,Snacks,2,1800,3600
3011,2026-06-12,Tienda Centro,Queso,Lácteos,1,4500,4500
3012,2026-05-20,Tienda Centro,Azúcar,Café/Té,1,1300,1300
3012,2026-05-20,Tienda Centro,Café,Café/Té,1,4000,4000
3012,2026-05-20,Tienda Centro,Galletas,Snacks,1,1000,1000
3012,2026-05-20,Tienda Centro,Jugo naranja,Bebidas,1,1600,1600
3012,2026-05-20,Tienda Centro,Queso,Lácteos,1,4500,4500
3012,2026-05-20,Tienda Centro,Vino tinto,Alcohol,2,5000,10000
3013,2026-07-10,Tienda Mall,Galletas,Snacks,1,1000,1000
3014,2026-05-22,Tienda Centro,Cloro,Limpieza,1,1400,1400
3014,2026-05-22,Tienda Centro,Papas fritas,Snacks,1,1800,1800
3015,2026-06-24,Tienda Norte,Bebida cola,Bebidas,2,1500,3000
3015,2026-06-24,Tienda Norte,Mantequilla,Lácteos,3,2500,7500
3015,2026-06-24,Tienda Norte,Pan hallulla,Panadería,2,1500,3000
3015,2026-06-24,Tienda Norte,Papas fritas,Snacks,1,1800,1800
3016,2026-08-01,Tienda Sur,Café,Café/Té,1,4000,4000
3016,2026-08-01,Tienda Sur,Mantequilla,Lácteos,1,2500,2500
3017,2026-08-10,Tienda Centro,Agua mineral,Bebidas,1,900,900
3017,2026-08-10,Tienda Centro,Croissant,Panadería,3,900,2700
3018,2026-06-08,Tienda Norte,Azúcar,Café/Té,1,1300,1300
3018,2026-06-08,Tienda Norte,Café,Café/Té,1,4000,4000
3019,2026-06-01,Tienda Mall,Queso,Lácteos,1,4500,4500
3019,2026-06-01,Tienda Mall,Vino tinto,Alcohol,1,5000,5000
3020,2026-08-05,Tienda Mall,Mantequilla,Lácteos,1,2500,2500
3020,2026-08-05,Tienda Mall,Pan molde,Panadería,2,1800,3600
3020,2026-08-05,Tienda Mall,Toallitas húmedas,Bebé,1,2200,2200
3021,2026-07-04,Tienda Norte,Esponjas,Limpieza,3,1200,3600
3021,2026-07-04,Tienda Norte,Mantequilla,Lácteos,1,2500,2500
3022,2026-05-20,Tienda Sur,Azúcar,Café/Té,1,1300,1300
3022,2026-05-20,Tienda Sur,Café,Café/Té,1,4000,4000
3022,2026-05-20,Tienda Sur,Queso,Lácteos,1,4500,4500
3023,2026-08-08,Tienda Sur,Croissant,Panadería,2,900,1800
3023,2026-08-08,Tienda Sur,Leche,Lácteos,1,1200,1200
3023,2026-08-08,Tienda Sur,Maní,Snacks,1,1200,1200
3023,2026-08-08,Tienda Sur,Queso,Lácteos,1,4500,4500
3024,2026-05-22,Tienda Mall,Galletas,Snacks,1,1000,1000
3024,2026-05-22,Tienda Mall,Jugo naranja,Bebidas,1,1600,1600
3025,2026-06-28,Tienda Norte,Bebida cola,Bebidas,1,1500,1500
3025,2026-06-28,Tienda Norte,Galletas,Snacks,1,1000,1000
3026,2026-08-04,Tienda Centro,Azúcar,Café/Té,1,1300,1300
3026,2026-08-04,Tienda Centro,Bebida cola,Bebidas,1,1500,1500
3027,2026-07-19,Tienda Mall,Detergente,Limpieza,1,5500,5500
3027,2026-07-19,Tienda Mall,Maní,Snacks,2,1200,2400
3028,2026-06-27,Tienda Norte,Cerveza,Alcohol,1,3500,3500
3028,2026-06-27,Tienda Norte,Detergente,Limpieza,2,5500,11000
3028,2026-06-27,Tienda Norte,Papas fritas,Snacks,1,1800,1800
3028,2026-06-27,Tienda Norte,Queso,Lácteos,1,4500,4500
3029,2026-07-10,Tienda Sur,Cloro,Limpieza,2,1400,2800
3029,2026-07-10,Tienda Sur,Té,Café/Té,1,2500,2500
3030,2026-08-01,Tienda Centro,Agua mineral,Bebidas,1,900,900
3030,2026-08-01,Tienda Centro,Azúcar,Café/Té,1,1300,1300
3030,2026-08-01,Tienda Centro,Bebida cola,Bebidas,1,1500,1500
3031,2026-07-12,Tienda Centro,Cerveza,Alcohol,1,3500,3500
3031,2026-07-12,Tienda Centro,Jugo naranja,Bebidas,1,1600,1600
3031,2026-07-12,Tienda Centro,Pan hallulla,Panadería,2,1500,3000
3031,2026-07-12,Tienda Centro,Pañales,Bebé,1,8000,8000
3031,2026-07-12,Tienda Centro,Toallitas húmedas,Bebé,1,2200,2200
3032,2026-08-16,Tienda Norte,Agua mineral,Bebidas,1,900,900
3033,2026-05-24,Tienda Norte,Bebida cola,Bebidas,2,1500,3000
3033,2026-05-24,Tienda Norte,Papas fritas,Snacks,2,1800,3600
3033,2026-05-24,Tienda Norte,Toallitas húmedas,Bebé,1,2200,2200
3034,2026-08-08,Tienda Centro,Cerveza,Alcohol,1,3500,3500
3034,2026-08-08,Tienda Centro,Cloro,Limpieza,1,1400,1400
3034,2026-08-08,Tienda Centro,Galletas,Snacks,2,1000,2000
3034,2026-08-08,Tienda Centro,Mantequilla,Lácteos,1,2500,2500
3034,2026-08-08,Tienda Centro,Papas fritas,Snacks,2,1800,3600
3035,2026-06-22,Tienda Mall,Cerveza,Alcohol,3,3500,10500
3035,2026-06-22,Tienda Mall,Maní,Snacks,1,1200,1200
3035,2026-06-22,Tienda Mall,Pan molde,Panadería,3,1800,5400
3035,2026-06-22,Tienda Mall,Papas fritas,Snacks,1,1800,1800
3035,2026-06-22,Tienda Mall,Pañales,Bebé,2,8000,16000
3035,2026-06-22,Tienda Mall,Queso,Lácteos,1,4500,4500
3036,2026-08-01,Tienda Norte,Cerveza,Alcohol,2,3500,7000
3036,2026-08-01,Tienda Norte,Detergente,Limpieza,1,5500,5500
3036,2026-08-01,Tienda Norte,Toallitas húmedas,Bebé,1,2200,2200
3037,2026-08-04,Tienda Centro,Jugo naranja,Bebidas,1,1600,1600
3037,2026-08-04,Tienda Centro,Maní,Snacks,2,1200,2400
3037,2026-08-04,Tienda Centro,Yogurt,Lácteos,1,800,800
3038,2026-05-21,Tienda Centro,Cerveza,Alcohol,3,3500,10500
3038,2026-05-21,Tienda Centro,Mantequilla,Lácteos,1,2500,2500
3038,2026-05-21,Tienda Centro,Pañales,Bebé,1,8000,8000
3038,2026-05-21,Tienda Centro,Toallitas húmedas,Bebé,1,2200,2200
3039,2026-05-28,Tienda Sur,Azúcar,Café/Té,2,1300,2600
3039,2026-05-28,Tienda Sur,Galletas,Snacks,2,1000,2000
3039,2026-05-28,Tienda Sur,Té,Café/Té,1,2500,2500
3040,2026-08-12,Tienda Centro,Cloro,Limpieza,1,1400,1400
3040,2026-08-12,Tienda Centro,Detergente,Limpieza,1,5500,5500
3040,2026-08-12,Tienda Centro,Jugo naranja,Bebidas,2,1600,3200
3040,2026-08-12,Tienda Centro,Yogurt,Lácteos,1,800,800
3041,2026-07-14,Tienda Mall,Agua mineral,Bebidas,1,900,900
3041,2026-07-14,Tienda Mall,Bebida cola,Bebidas,1,1500,1500
3041,2026-07-14,Tienda Mall,Pañales,Bebé,1,8000,8000
3041,2026-07-14,Tienda Mall,Toallitas húmedas,Bebé,1,2200,2200
3042,2026-08-13,Tienda Norte,Esponjas,Limpieza,1,1200,1200
3042,2026-08-13,Tienda Norte,Vino tinto,Alcohol,1,5000,5000
3042,2026-08-13,Tienda Norte,Yogurt,Lácteos,1,800,800
3043,2026-06-20,Tienda Centro,Azúcar,Café/Té,1,1300,1300
3043,2026-06-20,Tienda Centro,Bebida cola,Bebidas,1,1500,1500
3043,2026-06-20,Tienda Centro,Café,Café/Té,1,4000,4000
3043,2026-06-20,Tienda Centro,Pan molde,Panadería,2,1800,3600
3043,2026-06-20,Tienda Centro,Queso,Lácteos,1,4500,4500
3044,2026-07-19,Tienda Sur,Cerveza,Alcohol,2,3500,7000
3044,2026-07-19,Tienda Sur,Pañales,Bebé,1,8000,8000
3044,2026-07-19,Tienda Sur,Toallitas húmedas,Bebé,1,2200,2200
3045,2026-07-03,Tienda Centro,Croissant,Panadería,1,900,900
3045,2026-07-03,Tienda Centro,Papas fritas,Snacks,1,1800,1800
3046,2026-06-05,Tienda Sur,Mantequilla,Lácteos,3,2500,7500
3046,2026-06-05,Tienda Sur,Pan molde,Panadería,1,1800,1800
3046,2026-06-05,Tienda Sur,Queso,Lácteos,2,4500,9000
3047,2026-05-26,Tienda Sur,Agua mineral,Bebidas,2,900,1800
3047,2026-05-26,Tienda Sur,Esponjas,Limpieza,1,1200,1200
3047,2026-05-26,Tienda Sur,Mantequilla,Lácteos,3,2500,7500
3047,2026-05-26,Tienda Sur,Pan hallulla,Panadería,1,1500,1500
3048,2026-05-29,Tienda Centro,Vino tinto,Alcohol,2,5000,10000
3048,2026-05-29,Tienda Centro,Yogurt,Lácteos,1,800,800
3049,2026-06-18,Tienda Centro,Bebida cola,Bebidas,1,1500,1500
3049,2026-06-18,Tienda Centro,Croissant,Panadería,2,900,1800
3049,2026-06-18,Tienda Centro,Pañales,Bebé,2,8000,16000
3049,2026-06-18,Tienda Centro,Té,Café/Té,1,2500,2500
3050,2026-06-21,Tienda Centro,Café,Café/Té,1,4000,4000
3050,2026-06-21,Tienda Centro,Cerveza,Alcohol,3,3500,10500
3050,2026-06-21,Tienda Centro,Leche,Lácteos,1,1200,1200
3050,2026-06-21,Tienda Centro,Papas fritas,Snacks,1,1800,1800
3051,2026-07-24,Tienda Norte,Bebida cola,Bebidas,1,1500,1500
3051,2026-07-24,Tienda Norte,Leche,Lácteos,2,1200,2400
3051,2026-07-24,Tienda Norte,Mantequilla,Lácteos,1,2500,2500
3051,2026-07-24,Tienda Norte,Maní,Snacks,2,1200,2400
3051,2026-07-24,Tienda Norte,Pan molde,Panadería,2,1800,3600
3052,2026-06-19,Tienda Sur,Mantequilla,Lácteos,1,2500,2500
3052,2026-06-19,Tienda Sur,Pan molde,Panadería,1,1800,1800
3053,2026-05-27,Tienda Sur,Cloro,Limpieza,1,1400,1400
3053,2026-05-27,Tienda Sur,Papas fritas,Snacks,1,1800,1800
3053,2026-05-27,Tienda Sur,Té,Café/Té,1,2500,2500
3054,2026-05-29,Tienda Sur,Queso,Lácteos,1,4500,4500
3055,2026-07-13,Tienda Centro,Azúcar,Café/Té,1,1300,1300
3055,2026-07-13,Tienda Centro,Leche,Lácteos,1,1200,1200
3055,2026-07-13,Tienda Centro,Pan hallulla,Panadería,1,1500,1500
3055,2026-07-13,Tienda Centro,Pañales,Bebé,2,8000,16000
3055,2026-07-13,Tienda Centro,Toallitas húmedas,Bebé,1,2200,2200
3055,2026-07-13,Tienda Centro,Té,Café/Té,1,2500,2500
3056,2026-07-27,Tienda Norte,Papas fritas,Snacks,1,1800,1800
3057,2026-07-08,Tienda Norte,Leche,Lácteos,3,1200,3600
3057,2026-07-08,Tienda Norte,Maní,Snacks,1,1200,1200
3058,2026-07-27,Tienda Sur,Cloro,Limpieza,1,1400,1400
3059,2026-07-12,Tienda Centro,Cloro,Limpieza,1,1400,1400
3059,2026-07-12,Tienda Centro,Detergente,Limpieza,1,5500,5500
3059,2026-07-12,Tienda Centro,Mantequilla,Lácteos,3,2500,7500
3059,2026-07-12,Tienda Centro,Pan hallulla,Panadería,2,1500,3000
3059,2026-07-12,Tienda Centro,Pañales,Bebé,1,8000,8000
3060,2026-05-20,Tienda Centro,Galletas,Snacks,1,1000,1000
3060,2026-05-20,Tienda Centro,Jugo naranja,Bebidas,1,1600,1600
3060,2026-05-20,Tienda Centro,Mantequilla,Lácteos,1,2500,2500
3061,2026-06-25,Tienda Centro,Bebida cola,Bebidas,3,1500,4500
3061,2026-06-25,Tienda Centro,Esponjas,Limpieza,1,1200,1200
3062,2026-07-10,Tienda Mall,Azúcar,Café/Té,1,1300,1300
3062,2026-07-10,Tienda Mall,Detergente,Limpieza,1,5500,5500
3062,2026-07-10,Tienda Mall,Esponjas,Limpieza,2,1200,2400
3062,2026-07-10,Tienda Mall,Pañales,Bebé,1,8000,8000
3062,2026-07-10,Tienda Mall,Toallitas húmedas,Bebé,1,2200,2200
3062,2026-07-10,Tienda Mall,Té,Café/Té,1,2500,2500
3063,2026-07-14,Tienda Mall,Galletas,Snacks,1,1000,1000
3063,2026-07-14,Tienda Mall,Maní,Snacks,2,1200,2400
3064,2026-07-02,Tienda Mall,Croissant,Panadería,1,900,900
3064,2026-07-02,Tienda Mall,Jugo naranja,Bebidas,1,1600,1600
3064,2026-07-02,Tienda Mall,Maní,Snacks,1,1200,1200
3065,2026-07-05,Tienda Mall,Bebida cola,Bebidas,1,1500,1500
3065,2026-07-05,Tienda Mall,Jugo naranja,Bebidas,1,1600,1600
3066,2026-08-08,Tienda Mall,Mantequilla,Lácteos,1,2500,2500
3066,2026-08-08,Tienda Mall,Pan molde,Panadería,3,1800,5400
3066,2026-08-08,Tienda Mall,Queso,Lácteos,1,4500,4500
3067,2026-06-16,Tienda Norte,Azúcar,Café/Té,1,1300,1300
3067,2026-06-16,Tienda Norte,Bebida cola,Bebidas,1,1500,1500
3067,2026-06-16,Tienda Norte,Café,Café/Té,1,4000,4000
3067,2026-06-16,Tienda Norte,Esponjas,Limpieza,1,1200,1200
3067,2026-06-16,Tienda Norte,Galletas,Snacks,1,1000,1000
3068,2026-07-06,Tienda Sur,Cloro,Limpieza,1,1400,1400
3068,2026-07-06,Tienda Sur,Mantequilla,Lácteos,1,2500,2500
3069,2026-06-22,Tienda Centro,Vino tinto,Alcohol,1,5000,5000
3070,2026-06-30,Tienda Centro,Cerveza,Alcohol,1,3500,3500
3070,2026-06-30,Tienda Centro,Jugo naranja,Bebidas,2,1600,3200
3070,2026-06-30,Tienda Centro,Maní,Snacks,2,1200,2400
3070,2026-06-30,Tienda Centro,Pañales,Bebé,1,8000,8000
3071,2026-07-22,Tienda Mall,Azúcar,Café/Té,2,1300,2600
3071,2026-07-22,Tienda Mall,Bebida cola,Bebidas,2,1500,3000
3071,2026-07-22,Tienda Mall,Café,Café/Té,1,4000,4000
3071,2026-07-22,Tienda Mall,Té,Café/Té,1,2500,2500
3072,2026-08-13,Tienda Centro,Cerveza,Alcohol,1,3500,3500
3072,2026-08-13,Tienda Centro,Pañales,Bebé,1,8000,8000
3072,2026-08-13,Tienda Centro,Toallitas húmedas,Bebé,3,2200,6600
3073,2026-05-22,Tienda Mall,Agua mineral,Bebidas,1,900,900
3073,2026-05-22,Tienda Mall,Esponjas,Limpieza,1,1200,1200
3073,2026-05-22,Tienda Mall,Leche,Lácteos,3,1200,3600
3074,2026-07-11,Tienda Sur,Mantequilla,Lácteos,1,2500,2500
3074,2026-07-11,Tienda Sur,Maní,Snacks,1,1200,1200
3074,2026-07-11,Tienda Sur,Papas fritas,Snacks,1,1800,1800
3074,2026-07-11,Tienda Sur,Té,Café/Té,2,2500,5000
3075,2026-06-09,Tienda Norte,Cerveza,Alcohol,1,3500,3500
3075,2026-06-09,Tienda Norte,Galletas,Snacks,1,1000,1000
3075,2026-06-09,Tienda Norte,Maní,Snacks,1,1200,1200
3076,2026-06-25,Tienda Centro,Galletas,Snacks,1,1000,1000
3076,2026-06-25,Tienda Centro,Leche,Lácteos,1,1200,1200
3077,2026-07-06,Tienda Centro,Cloro,Limpieza,1,1400,1400
3077,2026-07-06,Tienda Centro,Detergente,Limpieza,1,5500,5500
3077,2026-07-06,Tienda Centro,Leche,Lácteos,1,1200,1200
3077,2026-07-06,Tienda Centro,Té,Café/Té,1,2500,2500
3078,2026-07-28,Tienda Centro,Mantequilla,Lácteos,2,2500,5000
3078,2026-07-28,Tienda Centro,Pañales,Bebé,1,8000,8000
3078,2026-07-28,Tienda Centro,Queso,Lácteos,1,4500,4500
3078,2026-07-28,Tienda Centro,Toallitas húmedas,Bebé,1,2200,2200
3079,2026-07-07,Tienda Norte,Cerveza,Alcohol,2,3500,7000
3079,2026-07-07,Tienda Norte,Mantequilla,Lácteos,2,2500,5000
3079,2026-07-07,Tienda Norte,Papas fritas,Snacks,2,1800,3600
3080,2026-06-25,Tienda Sur,Mantequilla,Lácteos,1,2500,2500
3080,2026-06-25,Tienda Sur,Pan molde,Panadería,1,1800,1800
3081,2026-07-27,Tienda Mall,Croissant,Panadería,1,900,900
3082,2026-07-18,Tienda Norte,Jugo naranja,Bebidas,3,1600,4800
3082,2026-07-18,Tienda Norte,Queso,Lácteos,2,4500,9000
3082,2026-07-18,Tienda Norte,Vino tinto,Alcohol,2,5000,10000
3083,2026-07-27,Tienda Centro,Cloro,Limpieza,1,1400,1400
3083,2026-07-27,Tienda Centro,Detergente,Limpieza,1,5500,5500
3083,2026-07-27,Tienda Centro,Esponjas,Limpieza,2,1200,2400
3083,2026-07-27,Tienda Centro,Papas fritas,Snacks,1,1800,1800
3084,2026-07-11,Tienda Centro,Agua mineral,Bebidas,1,900,900
3084,2026-07-11,Tienda Centro,Mantequilla,Lácteos,1,2500,2500
3084,2026-07-11,Tienda Centro,Pan molde,Panadería,2,1800,3600
3085,2026-06-04,Tienda Centro,Cerveza,Alcohol,1,3500,3500
3085,2026-06-04,Tienda Centro,Mantequilla,Lácteos,1,2500,2500
3085,2026-06-04,Tienda Centro,Maní,Snacks,2,1200,2400
3085,2026-06-04,Tienda Centro,Toallitas húmedas,Bebé,2,2200,4400
3086,2026-07-11,Tienda Norte,Bebida cola,Bebidas,1,1500,1500
3086,2026-07-11,Tienda Norte,Mantequilla,Lácteos,1,2500,2500
3086,2026-07-11,Tienda Norte,Pan hallulla,Panadería,3,1500,4500
3086,2026-07-11,Tienda Norte,Papas fritas,Snacks,3,1800,5400
3086,2026-07-11,Tienda Norte,Queso,Lácteos,1,4500,4500
3087,2026-06-02,Tienda Sur,Cerveza,Alcohol,1,3500,3500
3088,2026-06-29,Tienda Centro,Cloro,Limpieza,1,1400,1400
3088,2026-06-29,Tienda Centro,Pañales,Bebé,1,8000,8000
3088,2026-06-29,Tienda Centro,Toallitas húmedas,Bebé,1,2200,2200
3089,2026-06-24,Tienda Centro,Galletas,Snacks,1,1000,1000
3089,2026-06-24,Tienda Centro,Leche,Lácteos,2,1200,2400
3089,2026-06-24,Tienda Centro,Papas fritas,Snacks,1,1800,1800
3090,2026-06-16,Tienda Centro,Leche,Lácteos,1,1200,1200
3091,2026-07-04,Tienda Mall,Café,Café/Té,1,4000,4000
3091,2026-07-04,Tienda Mall,Galletas,Snacks,3,1000,3000
3091,2026-07-04,Tienda Mall,Mantequilla,Lácteos,1,2500,2500
3092,2026-05-26,Tienda Mall,Bebida cola,Bebidas,1,1500,1500
3092,2026-05-26,Tienda Mall,Pan molde,Panadería,1,1800,1800
3092,2026-05-26,Tienda Mall,Queso,Lácteos,3,4500,13500
3093,2026-07-26,Tienda Mall,Bebida cola,Bebidas,1,1500,1500
3093,2026-07-26,Tienda Mall,Papas fritas,Snacks,1,1800,1800
3094,2026-08-06,Tienda Sur,Detergente,Limpieza,1,5500,5500
3094,2026-08-06,Tienda Sur,Esponjas,Limpieza,1,1200,1200
3095,2026-06-17,Tienda Norte,Galletas,Snacks,1,1000,1000
3095,2026-06-17,Tienda Norte,Queso,Lácteos,1,4500,4500
3095,2026-06-17,Tienda Norte,Vino tinto,Alcohol,1,5000,5000
3096,2026-07-21,Tienda Mall,Cloro,Limpieza,1,1400,1400
3096,2026-07-21,Tienda Mall,Mantequilla,Lácteos,1,2500,2500
3096,2026-07-21,Tienda Mall,Pan hallulla,Panadería,1,1500,1500
3097,2026-06-01,Tienda Norte,Mantequilla,Lácteos,1,2500,2500
3097,2026-06-01,Tienda Norte,Pan hallulla,Panadería,1,1500,1500
3097,2026-06-01,Tienda Norte,Papas fritas,Snacks,3,1800,5400
3097,2026-06-01,Tienda Norte,Queso,Lácteos,1,4500,4500
3098,2026-08-04,Tienda Sur,Detergente,Limpieza,1,5500,5500
3098,2026-08-04,Tienda Sur,Papas fritas,Snacks,2,1800,3600
3098,2026-08-04,Tienda Sur,Pañales,Bebé,1,8000,8000
3098,2026-08-04,Tienda Sur,Toallitas húmedas,Bebé,2,2200,4400
3099,2026-05-23,Tienda Centro,Café,Café/Té,1,4000,4000
3099,2026-05-23,Tienda Centro,Croissant,Panadería,1,900,900
3099,2026-05-23,Tienda Centro,Galletas,Snacks,1,1000,1000
3099,2026-05-23,Tienda Centro,Mantequilla,Lácteos,1,2500,2500
3099,2026-05-23,Tienda Centro,Pan molde,Panadería,3,1800,5400
3100,2026-05-24,Tienda Mall,Croissant,Panadería,1,900,900
3100,2026-05-24,Tienda Mall,Leche,Lácteos,1,1200,1200
3101,2026-07-13,Tienda Centro,Agua mineral,Bebidas,1,900,900
3101,2026-07-13,Tienda Centro,Pan molde,Panadería,3,1800,5400
3101,2026-07-13,Tienda Centro,Queso,Lácteos,2,4500,9000
3101,2026-07-13,Tienda Centro,Toallitas húmedas,Bebé,1,2200,2200
3101,2026-07-13,Tienda Centro,Yogurt,Lácteos,1,800,800
3102,2026-07-16,Tienda Sur,Bebida cola,Bebidas,1,1500,1500
3102,2026-07-16,Tienda Sur,Cloro,Limpieza,1,1400,1400
3103,2026-07-11,Tienda Sur,Bebida cola,Bebidas,1,1500,1500
3103,2026-07-11,Tienda Sur,Yogurt,Lácteos,2,800,1600
3104,2026-05-23,Tienda Norte,Bebida cola,Bebidas,1,1500,1500
3104,2026-05-23,Tienda Norte,Mantequilla,Lácteos,1,2500,2500
3104,2026-05-23,Tienda Norte,Pan molde,Panadería,1,1800,1800
3104,2026-05-23,Tienda Norte,Vino tinto,Alcohol,3,5000,15000
3105,2026-06-16,Tienda Mall,Café,Café/Té,1,4000,4000
3105,2026-06-16,Tienda Mall,Detergente,Limpieza,1,5500,5500
3105,2026-06-16,Tienda Mall,Esponjas,Limpieza,1,1200,1200
3105,2026-06-16,Tienda Mall,Galletas,Snacks,2,1000,2000
3105,2026-06-16,Tienda Mall,Toallitas húmedas,Bebé,1,2200,2200
3106,2026-07-22,Tienda Norte,Azúcar,Café/Té,1,1300,1300
3106,2026-07-22,Tienda Norte,Queso,Lácteos,2,4500,9000
3106,2026-07-22,Tienda Norte,Té,Café/Té,1,2500,2500
3106,2026-07-22,Tienda Norte,Vino tinto,Alcohol,1,5000,5000
3107,2026-07-08,Tienda Mall,Agua mineral,Bebidas,3,900,2700
3107,2026-07-08,Tienda Mall,Croissant,Panadería,3,900,2700
3107,2026-07-08,Tienda Mall,Esponjas,Limpieza,1,1200,1200
3108,2026-06-14,Tienda Centro,Azúcar,Café/Té,1,1300,1300
3108,2026-06-14,Tienda Centro,Café,Café/Té,1,4000,4000
3108,2026-06-14,Tienda Centro,Galletas,Snacks,1,1000,1000
3108,2026-06-14,Tienda Centro,Papas fritas,Snacks,1,1800,1800
3108,2026-06-14,Tienda Centro,Toallitas húmedas,Bebé,1,2200,2200
3109,2026-06-29,Tienda Mall,Esponjas,Limpieza,1,1200,1200
3109,2026-06-29,Tienda Mall,Leche,Lácteos,1,1200,1200
3109,2026-06-29,Tienda Mall,Papas fritas,Snacks,1,1800,1800
3110,2026-08-03,Tienda Norte,Agua mineral,Bebidas,2,900,1800
3110,2026-08-03,Tienda Norte,Jugo naranja,Bebidas,1,1600,1600
3110,2026-08-03,Tienda Norte,Papas fritas,Snacks,1,1800,1800
3110,2026-08-03,Tienda Norte,Queso,Lácteos,1,4500,4500
3110,2026-08-03,Tienda Norte,Vino tinto,Alcohol,3,5000,15000
3111,2026-08-12,Tienda Sur,Bebida cola,Bebidas,1,1500,1500
3111,2026-08-12,Tienda Sur,Mantequilla,Lácteos,2,2500,5000
3111,2026-08-12,Tienda Sur,Pan molde,Panadería,1,1800,1800
3112,2026-07-28,Tienda Mall,Cerveza,Alcohol,2,3500,7000
3112,2026-07-28,Tienda Mall,Mantequilla,Lácteos,1,2500,2500
3112,2026-07-28,Tienda Mall,Pañales,Bebé,1,8000,8000
3112,2026-07-28,Tienda Mall,Toallitas húmedas,Bebé,1,2200,2200
3113,2026-06-11,Tienda Mall,Cloro,Limpieza,1,1400,1400
3113,2026-06-11,Tienda Mall,Croissant,Panadería,2,900,1800
3113,2026-06-11,Tienda Mall,Mantequilla,Lácteos,1,2500,2500
3113,2026-06-11,Tienda Mall,Pan hallulla,Panadería,1,1500,1500
3113,2026-06-11,Tienda Mall,Pan molde,Panadería,2,1800,3600
3114,2026-07-17,Tienda Norte,Agua mineral,Bebidas,1,900,900
3114,2026-07-17,Tienda Norte,Toallitas húmedas,Bebé,1,2200,2200
3115,2026-05-31,Tienda Norte,Cloro,Limpieza,2,1400,2800
3116,2026-07-24,Tienda Norte,Jugo naranja,Bebidas,1,1600,1600
3116,2026-07-24,Tienda Norte,Queso,Lácteos,1,4500,4500
3116,2026-07-24,Tienda Norte,Té,Café/Té,1,2500,2500
3117,2026-08-15,Tienda Mall,Cloro,Limpieza,3,1400,4200
3117,2026-08-15,Tienda Mall,Queso,Lácteos,1,4500,4500
3118,2026-06-22,Tienda Sur,Café,Café/Té,3,4000,12000
3118,2026-06-22,Tienda Sur,Cloro,Limpieza,1,1400,1400
3119,2026-07-11,Tienda Sur,Croissant,Panadería,1,900,900
3119,2026-07-11,Tienda Sur,Mantequilla,Lácteos,1,2500,2500
3119,2026-07-11,Tienda Sur,Maní,Snacks,3,1200,3600
3119,2026-07-11,Tienda Sur,Toallitas húmedas,Bebé,1,2200,2200
3120,2026-06-06,Tienda Centro,Croissant,Panadería,1,900,900
3120,2026-06-06,Tienda Centro,Té,Café/Té,1,2500,2500
3121,2026-07-20,Tienda Mall,Detergente,Limpieza,2,5500,11000
3122,2026-06-08,Tienda Norte,Esponjas,Limpieza,1,1200,1200
3122,2026-06-08,Tienda Norte,Leche,Lácteos,1,1200,1200
3123,2026-07-13,Tienda Norte,Detergente,Limpieza,1,5500,5500
3123,2026-07-13,Tienda Norte,Toallitas húmedas,Bebé,1,2200,2200
3124,2026-06-20,Tienda Norte,Cloro,Limpieza,1,1400,1400
3124,2026-06-20,Tienda Norte,Pañales,Bebé,1,8000,8000
3124,2026-06-20,Tienda Norte,Toallitas húmedas,Bebé,1,2200,2200
3125,2026-07-27,Tienda Norte,Detergente,Limpieza,2,5500,11000
3125,2026-07-27,Tienda Norte,Esponjas,Limpieza,1,1200,1200
3125,2026-07-27,Tienda Norte,Galletas,Snacks,1,1000,1000
3125,2026-07-27,Tienda Norte,Papas fritas,Snacks,1,1800,1800
3126,2026-08-07,Tienda Sur,Cerveza,Alcohol,1,3500,3500
3126,2026-08-07,Tienda Sur,Maní,Snacks,1,1200,1200
3126,2026-08-07,Tienda Sur,Papas fritas,Snacks,2,1800,3600
3126,2026-08-07,Tienda Sur,Toallitas húmedas,Bebé,1,2200,2200
3126,2026-08-07,Tienda Sur,Yogurt,Lácteos,3,800,2400
3127,2026-08-08,Tienda Mall,Azúcar,Café/Té,3,1300,3900
3127,2026-08-08,Tienda Mall,Maní,Snacks,1,1200,1200
3127,2026-08-08,Tienda Mall,Té,Café/Té,1,2500,2500
3128,2026-06-17,Tienda Norte,Agua mineral,Bebidas,1,900,900
3129,2026-07-25,Tienda Centro,Café,Café/Té,1,4000,4000
3129,2026-07-25,Tienda Centro,Croissant,Panadería,1,900,900
3130,2026-08-16,Tienda Centro,Esponjas,Limpieza,2,1200,2400
3130,2026-08-16,Tienda Centro,Papas fritas,Snacks,1,1800,1800
3130,2026-08-16,Tienda Centro,Yogurt,Lácteos,3,800,2400
3131,2026-05-26,Tienda Norte,Esponjas,Limpieza,3,1200,3600
3131,2026-05-26,Tienda Norte,Leche,Lácteos,3,1200,3600
3131,2026-05-26,Tienda Norte,Mantequilla,Lácteos,1,2500,2500
3131,2026-05-26,Tienda Norte,Pañales,Bebé,1,8000,8000
3131,2026-05-26,Tienda Norte,Toallitas húmedas,Bebé,1,2200,2200
3132,2026-07-09,Tienda Mall,Cerveza,Alcohol,2,3500,7000
3132,2026-07-09,Tienda Mall,Mantequilla,Lácteos,1,2500,2500
3132,2026-07-09,Tienda Mall,Maní,Snacks,1,1200,1200
3132,2026-07-09,Tienda Mall,Papas fritas,Snacks,1,1800,1800
3132,2026-07-09,Tienda Mall,Queso,Lácteos,1,4500,4500
3133,2026-07-21,Tienda Mall,Galletas,Snacks,1,1000,1000
3133,2026-07-21,Tienda Mall,Pañales,Bebé,1,8000,8000
3133,2026-07-21,Tienda Mall,Queso,Lácteos,2,4500,9000
3133,2026-07-21,Tienda Mall,Toallitas húmedas,Bebé,1,2200,2200
3134,2026-08-10,Tienda Norte,Agua mineral,Bebidas,1,900,900
3134,2026-08-10,Tienda Norte,Galletas,Snacks,1,1000,1000
3135,2026-07-20,Tienda Norte,Esponjas,Limpieza,1,1200,1200
3135,2026-07-20,Tienda Norte,Galletas,Snacks,3,1000,3000
3135,2026-07-20,Tienda Norte,Mantequilla,Lácteos,1,2500,2500
3135,2026-07-20,Tienda Norte,Pan molde,Panadería,1,1800,1800
3135,2026-07-20,Tienda Norte,Queso,Lácteos,1,4500,4500
3136,2026-07-05,Tienda Sur,Pan molde,Panadería,1,1800,1800
3136,2026-07-05,Tienda Sur,Queso,Lácteos,3,4500,13500
3136,2026-07-05,Tienda Sur,Yogurt,Lácteos,1,800,800
3137,2026-07-24,Tienda Norte,Cloro,Limpieza,1,1400,1400
3137,2026-07-24,Tienda Norte,Detergente,Limpieza,1,5500,5500
3137,2026-07-24,Tienda Norte,Yogurt,Lácteos,3,800,2400
3138,2026-06-10,Tienda Centro,Café,Café/Té,1,4000,4000
3139,2026-06-10,Tienda Mall,Maní,Snacks,1,1200,1200
3139,2026-06-10,Tienda Mall,Vino tinto,Alcohol,1,5000,5000
3140,2026-06-12,Tienda Centro,Croissant,Panadería,1,900,900
3140,2026-06-12,Tienda Centro,Pan molde,Panadería,1,1800,1800
3141,2026-07-19,Tienda Sur,Cloro,Limpieza,2,1400,2800
3141,2026-07-19,Tienda Sur,Croissant,Panadería,1,900,900
3141,2026-07-19,Tienda Sur,Maní,Snacks,1,1200,1200
3142,2026-06-15,Tienda Mall,Toallitas húmedas,Bebé,2,2200,4400
3142,2026-06-15,Tienda Mall,Yogurt,Lácteos,1,800,800
3143,2026-07-01,Tienda Centro,Croissant,Panadería,1,900,900
3143,2026-07-01,Tienda Centro,Mantequilla,Lácteos,1,2500,2500
3143,2026-07-01,Tienda Centro,Pan molde,Panadería,1,1800,1800
3143,2026-07-01,Tienda Centro,Queso,Lácteos,1,4500,4500
3143,2026-07-01,Tienda Centro,Vino tinto,Alcohol,1,5000,5000
3144,2026-08-16,Tienda Centro,Maní,Snacks,1,1200,1200
3145,2026-07-16,Tienda Norte,Cerveza,Alcohol,1,3500,3500
3145,2026-07-16,Tienda Norte,Papas fritas,Snacks,1,1800,1800
3146,2026-06-13,Tienda Sur,Agua mineral,Bebidas,1,900,900
3146,2026-06-13,Tienda Sur,Detergente,Limpieza,1,5500,5500
3146,2026-06-13,Tienda Sur,Esponjas,Limpieza,1,1200,1200
3146,2026-06-13,Tienda Sur,Queso,Lácteos,1,4500,4500
3147,2026-07-30,Tienda Centro,Esponjas,Limpieza,1,1200,1200
3147,2026-07-30,Tienda Centro,Leche,Lácteos,1,1200,1200
3147,2026-07-30,Tienda Centro,Maní,Snacks,2,1200,2400
3148,2026-07-13,Tienda Mall,Azúcar,Café/Té,1,1300,1300
3148,2026-07-13,Tienda Mall,Café,Café/Té,1,4000,4000
3148,2026-07-13,Tienda Mall,Cloro,Limpieza,2,1400,2800
3148,2026-07-13,Tienda Mall,Galletas,Snacks,1,1000,1000
3148,2026-07-13,Tienda Mall,Jugo naranja,Bebidas,1,1600,1600
3149,2026-06-01,Tienda Mall,Galletas,Snacks,1,1000,1000
3149,2026-06-01,Tienda Mall,Pañales,Bebé,2,8000,16000
3149,2026-06-01,Tienda Mall,Toallitas húmedas,Bebé,1,2200,2200
3150,2026-05-23,Tienda Centro,Detergente,Limpieza,1,5500,5500
3150,2026-05-23,Tienda Centro,Esponjas,Limpieza,1,1200,1200
3150,2026-05-23,Tienda Centro,Leche,Lácteos,1,1200,1200
3151,2026-07-25,Tienda Centro,Jugo naranja,Bebidas,1,1600,1600
3151,2026-07-25,Tienda Centro,Leche,Lácteos,1,1200,1200
3152,2026-05-22,Tienda Mall,Esponjas,Limpieza,2,1200,2400
3152,2026-05-22,Tienda Mall,Leche,Lácteos,2,1200,2400
3152,2026-05-22,Tienda Mall,Maní,Snacks,1,1200,1200
3153,2026-06-09,Tienda Sur,Bebida cola,Bebidas,1,1500,1500
3153,2026-06-09,Tienda Sur,Esponjas,Limpieza,2,1200,2400
3154,2026-07-29,Tienda Centro,Azúcar,Café/Té,3,1300,3900
3154,2026-07-29,Tienda Centro,Queso,Lácteos,1,4500,4500
3155,2026-08-09,Tienda Sur,Agua mineral,Bebidas,1,900,900
3155,2026-08-09,Tienda Sur,Pan hallulla,Panadería,3,1500,4500
3156,2026-06-11,Tienda Sur,Cloro,Limpieza,1,1400,1400
3156,2026-06-11,Tienda Sur,Queso,Lácteos,2,4500,9000
3156,2026-06-11,Tienda Sur,Toallitas húmedas,Bebé,1,2200,2200
3157,2026-07-01,Tienda Norte,Azúcar,Café/Té,1,1300,1300
3157,2026-07-01,Tienda Norte,Cerveza,Alcohol,1,3500,3500
3157,2026-07-01,Tienda Norte,Cloro,Limpieza,1,1400,1400
3157,2026-07-01,Tienda Norte,Maní,Snacks,1,1200,1200
3157,2026-07-01,Tienda Norte,Papas fritas,Snacks,3,1800,5400
3157,2026-07-01,Tienda Norte,Té,Café/Té,1,2500,2500
3158,2026-08-03,Tienda Centro,Agua mineral,Bebidas,1,900,900
3158,2026-08-03,Tienda Centro,Azúcar,Café/Té,1,1300,1300
3158,2026-08-03,Tienda Centro,Mantequilla,Lácteos,1,2500,2500
3158,2026-08-03,Tienda Centro,Pan molde,Panadería,1,1800,1800
3158,2026-08-03,Tienda Centro,Vino tinto,Alcohol,2,5000,10000
3159,2026-06-28,Tienda Norte,Bebida cola,Bebidas,2,1500,3000
3160,2026-08-16,Tienda Sur,Queso,Lácteos,2,4500,9000
3160,2026-08-16,Tienda Sur,Toallitas húmedas,Bebé,1,2200,2200
3160,2026-08-16,Tienda Sur,Vino tinto,Alcohol,1,5000,5000
3160,2026-08-16,Tienda Sur,Yogurt,Lácteos,1,800,800
3161,2026-07-22,Tienda Centro,Queso,Lácteos,2,4500,9000
3162,2026-08-03,Tienda Norte,Jugo naranja,Bebidas,2,1600,3200
3163,2026-07-18,Tienda Mall,Agua mineral,Bebidas,1,900,900
3163,2026-07-18,Tienda Mall,Cerveza,Alcohol,1,3500,3500
3163,2026-07-18,Tienda Mall,Cloro,Limpieza,2,1400,2800
3163,2026-07-18,Tienda Mall,Galletas,Snacks,1,1000,1000
3163,2026-07-18,Tienda Mall,Papas fritas,Snacks,1,1800,1800
3164,2026-07-18,Tienda Centro,Cloro,Limpieza,1,1400,1400
3164,2026-07-18,Tienda Centro,Leche,Lácteos,1,1200,1200
3164,2026-07-18,Tienda Centro,Vino tinto,Alcohol,1,5000,5000
3165,2026-07-07,Tienda Mall,Azúcar,Café/Té,1,1300,1300
3165,2026-07-07,Tienda Mall,Té,Café/Té,1,2500,2500
3166,2026-05-29,Tienda Norte,Azúcar,Café/Té,1,1300,1300
3166,2026-05-29,Tienda Norte,Detergente,Limpieza,1,5500,5500
3166,2026-05-29,Tienda Norte,Pañales,Bebé,1,8000,8000
3166,2026-05-29,Tienda Norte,Toallitas húmedas,Bebé,1,2200,2200
3166,2026-05-29,Tienda Norte,Té,Café/Té,2,2500,5000
3167,2026-08-05,Tienda Mall,Mantequilla,Lácteos,1,2500,2500
3167,2026-08-05,Tienda Mall,Toallitas húmedas,Bebé,1,2200,2200
3168,2026-07-01,Tienda Mall,Azúcar,Café/Té,1,1300,1300
3168,2026-07-01,Tienda Mall,Bebida cola,Bebidas,1,1500,1500
3168,2026-07-01,Tienda Mall,Cloro,Limpieza,2,1400,2800
3168,2026-07-01,Tienda Mall,Queso,Lácteos,1,4500,4500
3168,2026-07-01,Tienda Mall,Té,Café/Té,2,2500,5000
3169,2026-07-30,Tienda Mall,Azúcar,Café/Té,2,1300,2600
3169,2026-07-30,Tienda Mall,Leche,Lácteos,1,1200,1200
3170,2026-06-19,Tienda Mall,Bebida cola,Bebidas,1,1500,1500
3170,2026-06-19,Tienda Mall,Pan hallulla,Panadería,1,1500,1500
3170,2026-06-19,Tienda Mall,Papas fritas,Snacks,1,1800,1800
3171,2026-08-06,Tienda Sur,Cerveza,Alcohol,2,3500,7000
3171,2026-08-06,Tienda Sur,Cloro,Limpieza,1,1400,1400
3171,2026-08-06,Tienda Sur,Galletas,Snacks,1,1000,1000
3172,2026-05-25,Tienda Mall,Maní,Snacks,1,1200,1200
3172,2026-05-25,Tienda Mall,Yogurt,Lácteos,1,800,800
3173,2026-07-02,Tienda Sur,Galletas,Snacks,1,1000,1000
3173,2026-07-02,Tienda Sur,Jugo naranja,Bebidas,1,1600,1600
3173,2026-07-02,Tienda Sur,Vino tinto,Alcohol,3,5000,15000
3174,2026-06-22,Tienda Norte,Azúcar,Café/Té,1,1300,1300
3174,2026-06-22,Tienda Norte,Cloro,Limpieza,2,1400,2800
3174,2026-06-22,Tienda Norte,Detergente,Limpieza,1,5500,5500
3174,2026-06-22,Tienda Norte,Té,Café/Té,1,2500,2500
3175,2026-08-05,Tienda Mall,Cerveza,Alcohol,1,3500,3500
3175,2026-08-05,Tienda Mall,Galletas,Snacks,1,1000,1000
3175,2026-08-05,Tienda Mall,Maní,Snacks,1,1200,1200
3175,2026-08-05,Tienda Mall,Papas fritas,Snacks,2,1800,3600
3176,2026-05-29,Tienda Mall,Jugo naranja,Bebidas,3,1600,4800
3176,2026-05-29,Tienda Mall,Queso,Lácteos,1,4500,4500
3177,2026-07-21,Tienda Norte,Galletas,Snacks,1,1000,1000
3178,2026-06-01,Tienda Mall,Leche,Lácteos,2,1200,2400
3178,2026-06-01,Tienda Mall,Papas fritas,Snacks,1,1800,1800
3179,2026-06-13,Tienda Sur,Azúcar,Café/Té,1,1300,1300
3179,2026-06-13,Tienda Sur,Café,Café/Té,1,4000,4000
3179,2026-06-13,Tienda Sur,Detergente,Limpieza,2,5500,11000
3179,2026-06-13,Tienda Sur,Esponjas,Limpieza,1,1200,1200
3179,2026-06-13,Tienda Sur,Galletas,Snacks,1,1000,1000
3179,2026-06-13,Tienda Sur,Mantequilla,Lácteos,1,2500,2500
3179,2026-06-13,Tienda Sur,Pan molde,Panadería,3,1800,5400
3180,2026-07-01,Tienda Centro,Bebida cola,Bebidas,1,1500,1500
3180,2026-07-01,Tienda Centro,Croissant,Panadería,1,900,900
3180,2026-07-01,Tienda Centro,Mantequilla,Lácteos,1,2500,2500
3181,2026-07-17,Tienda Norte,Cloro,Limpieza,1,1400,1400
3181,2026-07-17,Tienda Norte,Esponjas,Limpieza,1,1200,1200
3182,2026-08-07,Tienda Mall,Toallitas húmedas,Bebé,1,2200,2200
3183,2026-06-13,Tienda Norte,Agua mineral,Bebidas,1,900,900
3183,2026-06-13,Tienda Norte,Azúcar,Café/Té,1,1300,1300
3183,2026-06-13,Tienda Norte,Bebida cola,Bebidas,1,1500,1500
3183,2026-06-13,Tienda Norte,Café,Café/Té,1,4000,4000
3183,2026-06-13,Tienda Norte,Croissant,Panadería,1,900,900
3183,2026-06-13,Tienda Norte,Papas fritas,Snacks,3,1800,5400
3184,2026-05-25,Tienda Norte,Maní,Snacks,1,1200,1200
3185,2026-06-21,Tienda Centro,Jugo naranja,Bebidas,1,1600,1600
3186,2026-07-05,Tienda Sur,Leche,Lácteos,1,1200,1200
3186,2026-07-05,Tienda Sur,Papas fritas,Snacks,1,1800,1800
3186,2026-07-05,Tienda Sur,Yogurt,Lácteos,3,800,2400
3187,2026-08-04,Tienda Centro,Café,Café/Té,2,4000,8000
3187,2026-08-04,Tienda Centro,Cloro,Limpieza,1,1400,1400
3187,2026-08-04,Tienda Centro,Mantequilla,Lácteos,1,2500,2500
3187,2026-08-04,Tienda Centro,Pan molde,Panadería,3,1800,5400
3188,2026-08-11,Tienda Norte,Cloro,Limpieza,3,1400,4200
3188,2026-08-11,Tienda Norte,Detergente,Limpieza,1,5500,5500
3188,2026-08-11,Tienda Norte,Esponjas,Limpieza,1,1200,1200
3188,2026-08-11,Tienda Norte,Mantequilla,Lácteos,3,2500,7500
3188,2026-08-11,Tienda Norte,Pan molde,Panadería,1,1800,1800
3188,2026-08-11,Tienda Norte,Vino tinto,Alcohol,1,5000,5000
3189,2026-07-11,Tienda Norte,Azúcar,Café/Té,3,1300,3900
3189,2026-07-11,Tienda Norte,Café,Café/Té,1,4000,4000
3189,2026-07-11,Tienda Norte,Maní,Snacks,1,1200,1200
3189,2026-07-11,Tienda Norte,Pan molde,Panadería,1,1800,1800
3190,2026-06-13,Tienda Centro,Mantequilla,Lácteos,2,2500,5000
3190,2026-06-13,Tienda Centro,Maní,Snacks,1,1200,1200
3190,2026-06-13,Tienda Centro,Pan hallulla,Panadería,1,1500,1500
3190,2026-06-13,Tienda Centro,Queso,Lácteos,2,4500,9000
3191,2026-06-07,Tienda Mall,Cerveza,Alcohol,3,3500,10500
3191,2026-06-07,Tienda Mall,Mantequilla,Lácteos,1,2500,2500
3191,2026-06-07,Tienda Mall,Pan molde,Panadería,1,1800,1800
3191,2026-06-07,Tienda Mall,Pañales,Bebé,1,8000,8000
3191,2026-06-07,Tienda Mall,Yogurt,Lácteos,1,800,800
3192,2026-07-14,Tienda Mall,Croissant,Panadería,3,900,2700
3193,2026-08-14,Tienda Centro,Mantequilla,Lácteos,1,2500,2500
3193,2026-08-14,Tienda Centro,Pan hallulla,Panadería,1,1500,1500
3194,2026-07-17,Tienda Mall,Leche,Lácteos,1,1200,1200
3194,2026-07-17,Tienda Mall,Yogurt,Lácteos,2,800,1600
3195,2026-07-29,Tienda Norte,Bebida cola,Bebidas,1,1500,1500
3195,2026-07-29,Tienda Norte,Cloro,Limpieza,1,1400,1400
3195,2026-07-29,Tienda Norte,Papas fritas,Snacks,1,1800,1800
3195,2026-07-29,Tienda Norte,Pañales,Bebé,1,8000,8000
3196,2026-06-07,Tienda Centro,Cerveza,Alcohol,1,3500,3500
3196,2026-06-07,Tienda Centro,Papas fritas,Snacks,2,1800,3600
3197,2026-05-25,Tienda Centro,Azúcar,Café/Té,1,1300,1300
3197,2026-05-25,Tienda Centro,Bebida cola,Bebidas,1,1500,1500
3197,2026-05-25,Tienda Centro,Mantequilla,Lácteos,1,2500,2500
3197,2026-05-25,Tienda Centro,Té,Café/Té,1,2500,2500
3198,2026-07-30,Tienda Sur,Azúcar,Café/Té,2,1300,2600
3198,2026-07-30,Tienda Sur,Galletas,Snacks,2,1000,2000
3199,2026-06-07,Tienda Centro,Mantequilla,Lácteos,1,2500,2500
3199,2026-06-07,Tienda Centro,Yogurt,Lácteos,1,800,800
3200,2026-08-16,Tienda Centro,Azúcar,Café/Té,1,1300,1300
3200,2026-08-16,Tienda Centro,Maní,Snacks,1,1200,1200
3200,2026-08-16,Tienda Centro,Pañales,Bebé,1,8000,8000
3200,2026-08-16,Tienda Centro,Toallitas húmedas,Bebé,1,2200,2200
3200,2026-08-16,Tienda Centro,Yogurt,Lácteos,2,800,1600
3201,2026-06-23,Tienda Mall,Maní,Snacks,1,1200,1200
3201,2026-06-23,Tienda Mall,Pañales,Bebé,2,8000,16000
3202,2026-06-22,Tienda Mall,Cloro,Limpieza,1,1400,1400
3202,2026-06-22,Tienda Mall,Detergente,Limpieza,1,5500,5500
3203,2026-06-16,Tienda Mall,Agua mineral,Bebidas,1,900,900
3203,2026-06-16,Tienda Mall,Esponjas,Limpieza,1,1200,1200
3204,2026-07-27,Tienda Sur,Pan molde,Panadería,1,1800,1800
3205,2026-06-29,Tienda Mall,Mantequilla,Lácteos,1,2500,2500
3205,2026-06-29,Tienda Mall,Maní,Snacks,1,1200,1200
3205,2026-06-29,Tienda Mall,Pan hallulla,Panadería,3,1500,4500
3206,2026-06-08,Tienda Sur,Azúcar,Café/Té,1,1300,1300
3206,2026-06-08,Tienda Sur,Té,Café/Té,1,2500,2500
3207,2026-06-07,Tienda Mall,Croissant,Panadería,1,900,900
3207,2026-06-07,Tienda Mall,Detergente,Limpieza,1,5500,5500
3207,2026-06-07,Tienda Mall,Esponjas,Limpieza,1,1200,1200
3208,2026-07-22,Tienda Centro,Cerveza,Alcohol,1,3500,3500
3208,2026-07-22,Tienda Centro,Mantequilla,Lácteos,1,2500,2500
3208,2026-07-22,Tienda Centro,Maní,Snacks,3,1200,3600
3208,2026-07-22,Tienda Centro,Pan hallulla,Panadería,1,1500,1500
3208,2026-07-22,Tienda Centro,Papas fritas,Snacks,1,1800,1800
3209,2026-07-19,Tienda Sur,Galletas,Snacks,2,1000,2000
3209,2026-07-19,Tienda Sur,Mantequilla,Lácteos,2,2500,5000
3209,2026-07-19,Tienda Sur,Pañales,Bebé,3,8000,24000
3209,2026-07-19,Tienda Sur,Toallitas húmedas,Bebé,1,2200,2200
3210,2026-08-15,Tienda Sur,Cloro,Limpieza,1,1400,1400
3210,2026-08-15,Tienda Sur,Vino tinto,Alcohol,1,5000,5000
3211,2026-05-22,Tienda Centro,Croissant,Panadería,1,900,900
3211,2026-05-22,Tienda Centro,Toallitas húmedas,Bebé,1,2200,2200
3212,2026-05-22,Tienda Mall,Esponjas,Limpieza,1,1200,1200
3213,2026-05-20,Tienda Mall,Leche,Lácteos,1,1200,1200
3213,2026-05-20,Tienda Mall,Queso,Lácteos,1,4500,4500
3213,2026-05-20,Tienda Mall,Vino tinto,Alcohol,2,5000,10000
3214,2026-05-27,Tienda Mall,Bebida cola,Bebidas,2,1500,3000
3214,2026-05-27,Tienda Mall,Jugo naranja,Bebidas,1,1600,1600
3214,2026-05-27,Tienda Mall,Pan hallulla,Panadería,1,1500,1500
3214,2026-05-27,Tienda Mall,Papas fritas,Snacks,1,1800,1800
3215,2026-06-26,Tienda Mall,Mantequilla,Lácteos,1,2500,2500
3215,2026-06-26,Tienda Mall,Pan hallulla,Panadería,2,1500,3000
3215,2026-06-26,Tienda Mall,Queso,Lácteos,3,4500,13500
3216,2026-05-26,Tienda Mall,Leche,Lácteos,1,1200,1200
3217,2026-07-05,Tienda Centro,Mantequilla,Lácteos,1,2500,2500
3217,2026-07-05,Tienda Centro,Pan hallulla,Panadería,2,1500,3000
3217,2026-07-05,Tienda Centro,Pan molde,Panadería,1,1800,1800
3217,2026-07-05,Tienda Centro,Vino tinto,Alcohol,1,5000,5000
3218,2026-05-21,Tienda Norte,Café,Café/Té,1,4000,4000
3218,2026-05-21,Tienda Norte,Toallitas húmedas,Bebé,1,2200,2200
3218,2026-05-21,Tienda Norte,Vino tinto,Alcohol,2,5000,10000
3219,2026-07-01,Tienda Norte,Cerveza,Alcohol,2,3500,7000
3219,2026-07-01,Tienda Norte,Maní,Snacks,1,1200,1200
3219,2026-07-01,Tienda Norte,Toallitas húmedas,Bebé,2,2200,4400
3220,2026-07-03,Tienda Norte,Cloro,Limpieza,2,1400,2800
3220,2026-07-03,Tienda Norte,Toallitas húmedas,Bebé,1,2200,2200
3221,2026-08-11,Tienda Norte,Croissant,Panadería,1,900,900
3222,2026-06-03,Tienda Sur,Galletas,Snacks,1,1000,1000
3222,2026-06-03,Tienda Sur,Jugo naranja,Bebidas,2,1600,3200
3222,2026-06-03,Tienda Sur,Queso,Lácteos,1,4500,4500
3223,2026-07-05,Tienda Centro,Bebida cola,Bebidas,2,1500,3000
3223,2026-07-05,Tienda Centro,Galletas,Snacks,2,1000,2000
3223,2026-07-05,Tienda Centro,Queso,Lácteos,2,4500,9000
3223,2026-07-05,Tienda Centro,Toallitas húmedas,Bebé,1,2200,2200
3224,2026-08-01,Tienda Mall,Cloro,Limpieza,2,1400,2800
3224,2026-08-01,Tienda Mall,Leche,Lácteos,2,1200,2400
3225,2026-05-20,Tienda Sur,Croissant,Panadería,1,900,900
3225,2026-05-20,Tienda Sur,Galletas,Snacks,1,1000,1000
3226,2026-07-05,Tienda Sur,Azúcar,Café/Té,1,1300,1300
3226,2026-07-05,Tienda Sur,Croissant,Panadería,1,900,900
3226,2026-07-05,Tienda Sur,Papas fritas,Snacks,1,1800,1800
3226,2026-07-05,Tienda Sur,Té,Café/Té,3,2500,7500
3227,2026-07-02,Tienda Mall,Pan hallulla,Panadería,1,1500,1500
3228,2026-05-23,Tienda Mall,Agua mineral,Bebidas,1,900,900
3228,2026-05-23,Tienda Mall,Vino tinto,Alcohol,3,5000,15000
3229,2026-08-03,Tienda Centro,Leche,Lácteos,1,1200,1200
3230,2026-05-27,Tienda Sur,Agua mineral,Bebidas,1,900,900
3230,2026-05-27,Tienda Sur,Azúcar,Café/Té,1,1300,1300
3230,2026-05-27,Tienda Sur,Croissant,Panadería,1,900,900
3231,2026-07-29,Tienda Sur,Croissant,Panadería,1,900,900
3231,2026-07-29,Tienda Sur,Yogurt,Lácteos,2,800,1600
3232,2026-07-11,Tienda Centro,Pan hallulla,Panadería,1,1500,1500
3232,2026-07-11,Tienda Centro,Queso,Lácteos,1,4500,4500
3233,2026-08-16,Tienda Centro,Cloro,Limpieza,1,1400,1400
3233,2026-08-16,Tienda Centro,Mantequilla,Lácteos,3,2500,7500
3233,2026-08-16,Tienda Centro,Pan hallulla,Panadería,1,1500,1500
3233,2026-08-16,Tienda Centro,Queso,Lácteos,3,4500,13500
3234,2026-05-21,Tienda Sur,Azúcar,Café/Té,2,1300,2600
3234,2026-05-21,Tienda Sur,Jugo naranja,Bebidas,1,1600,1600
3234,2026-05-21,Tienda Sur,Yogurt,Lácteos,2,800,1600
3235,2026-07-20,Tienda Centro,Croissant,Panadería,1,900,900
3235,2026-07-20,Tienda Centro,Jugo naranja,Bebidas,1,1600,1600
3235,2026-07-20,Tienda Centro,Mantequilla,Lácteos,1,2500,2500
3236,2026-07-28,Tienda Sur,Mantequilla,Lácteos,3,2500,7500
3236,2026-07-28,Tienda Sur,Pan molde,Panadería,3,1800,5400
3236,2026-07-28,Tienda Sur,Papas fritas,Snacks,1,1800,1800
3237,2026-07-29,Tienda Sur,Agua mineral,Bebidas,1,900,900
3237,2026-07-29,Tienda Sur,Croissant,Panadería,1,900,900
3237,2026-07-29,Tienda Sur,Yogurt,Lácteos,1,800,800
3238,2026-07-27,Tienda Centro,Mantequilla,Lácteos,1,2500,2500
3238,2026-07-27,Tienda Centro,Toallitas húmedas,Bebé,1,2200,2200
3238,2026-07-27,Tienda Centro,Vino tinto,Alcohol,3,5000,15000
3239,2026-07-13,Tienda Mall,Azúcar,Café/Té,1,1300,1300
3239,2026-07-13,Tienda Mall,Té,Café/Té,1,2500,2500
3240,2026-07-01,Tienda Sur,Bebida cola,Bebidas,1,1500,1500
3240,2026-07-01,Tienda Sur,Croissant,Panadería,1,900,900
3240,2026-07-01,Tienda Sur,Jugo naranja,Bebidas,3,1600,4800
3240,2026-07-01,Tienda Sur,Papas fritas,Snacks,2,1800,3600
3241,2026-08-02,Tienda Norte,Esponjas,Limpieza,1,1200,1200
3241,2026-08-02,Tienda Norte,Mantequilla,Lácteos,1,2500,2500
3241,2026-08-02,Tienda Norte,Pan molde,Panadería,1,1800,1800
3242,2026-05-28,Tienda Norte,Azúcar,Café/Té,2,1300,2600
3242,2026-05-28,Tienda Norte,Bebida cola,Bebidas,2,1500,3000
3242,2026-05-28,Tienda Norte,Té,Café/Té,1,2500,2500
3243,2026-06-26,Tienda Mall,Cloro,Limpieza,3,1400,4200
3243,2026-06-26,Tienda Mall,Maní,Snacks,1,1200,1200
3243,2026-06-26,Tienda Mall,Queso,Lácteos,1,4500,4500
3243,2026-06-26,Tienda Mall,Vino tinto,Alcohol,1,5000,5000
3244,2026-07-10,Tienda Norte,Bebida cola,Bebidas,1,1500,1500
3244,2026-07-10,Tienda Norte,Esponjas,Limpieza,1,1200,1200
3244,2026-07-10,Tienda Norte,Pan hallulla,Panadería,1,1500,1500
3244,2026-07-10,Tienda Norte,Papas fritas,Snacks,2,1800,3600
3245,2026-06-18,Tienda Centro,Esponjas,Limpieza,1,1200,1200
3245,2026-06-18,Tienda Centro,Mantequilla,Lácteos,1,2500,2500
3246,2026-06-27,Tienda Norte,Galletas,Snacks,3,1000,3000
3246,2026-06-27,Tienda Norte,Queso,Lácteos,1,4500,4500
3247,2026-08-11,Tienda Mall,Maní,Snacks,1,1200,1200
3248,2026-06-09,Tienda Sur,Maní,Snacks,1,1200,1200
3248,2026-06-09,Tienda Sur,Queso,Lácteos,2,4500,9000
3248,2026-06-09,Tienda Sur,Vino tinto,Alcohol,1,5000,5000
3249,2026-05-29,Tienda Norte,Azúcar,Café/Té,2,1300,2600
3249,2026-05-29,Tienda Norte,Café,Café/Té,2,4000,8000
3249,2026-05-29,Tienda Norte,Galletas,Snacks,1,1000,1000
3249,2026-05-29,Tienda Norte,Pan molde,Panadería,1,1800,1800
3250,2026-06-27,Tienda Sur,Azúcar,Café/Té,2,1300,2600
3250,2026-06-27,Tienda Sur,Cerveza,Alcohol,1,3500,3500
3250,2026-06-27,Tienda Sur,Maní,Snacks,3,1200,3600
3250,2026-06-27,Tienda Sur,Papas fritas,Snacks,1,1800,1800
3250,2026-06-27,Tienda Sur,Té,Café/Té,2,2500,5000
3251,2026-08-15,Tienda Norte,Croissant,Panadería,2,900,1800
3251,2026-08-15,Tienda Norte,Yogurt,Lácteos,1,800,800
3252,2026-07-28,Tienda Mall,Cerveza,Alcohol,1,3500,3500
3252,2026-07-28,Tienda Mall,Pan hallulla,Panadería,2,1500,3000
3252,2026-07-28,Tienda Mall,Papas fritas,Snacks,1,1800,1800
3253,2026-07-23,Tienda Norte,Azúcar,Café/Té,1,1300,1300
3253,2026-07-23,Tienda Norte,Galletas,Snacks,1,1000,1000
3253,2026-07-23,Tienda Norte,Jugo naranja,Bebidas,1,1600,1600
3253,2026-07-23,Tienda Norte,Mantequilla,Lácteos,2,2500,5000
3253,2026-07-23,Tienda Norte,Pan hallulla,Panadería,1,1500,1500
3253,2026-07-23,Tienda Norte,Queso,Lácteos,2,4500,9000
3254,2026-07-17,Tienda Centro,Mantequilla,Lácteos,1,2500,2500
3254,2026-07-17,Tienda Centro,Pan molde,Panadería,1,1800,1800
3254,2026-07-17,Tienda Centro,Queso,Lácteos,1,4500,4500
3254,2026-07-17,Tienda Centro,Yogurt,Lácteos,2,800,1600
3255,2026-07-20,Tienda Mall,Azúcar,Café/Té,2,1300,2600
3256,2026-07-02,Tienda Norte,Galletas,Snacks,3,1000,3000
3256,2026-07-02,Tienda Norte,Té,Café/Té,2,2500,5000
3257,2026-06-08,Tienda Centro,Azúcar,Café/Té,1,1300,1300
3257,2026-06-08,Tienda Centro,Café,Café/Té,1,4000,4000
3257,2026-06-08,Tienda Centro,Galletas,Snacks,2,1000,2000
3258,2026-07-11,Tienda Norte,Agua mineral,Bebidas,3,900,2700
3258,2026-07-11,Tienda Norte,Bebida cola,Bebidas,1,1500,1500
3258,2026-07-11,Tienda Norte,Detergente,Limpieza,1,5500,5500
3259,2026-06-20,Tienda Sur,Cloro,Limpieza,2,1400,2800
3259,2026-06-20,Tienda Sur,Detergente,Limpieza,1,5500,5500
3259,2026-06-20,Tienda Sur,Queso,Lácteos,2,4500,9000
3259,2026-06-20,Tienda Sur,Yogurt,Lácteos,1,800,800
3260,2026-06-21,Tienda Sur,Azúcar,Café/Té,1,1300,1300
3260,2026-06-21,Tienda Sur,Té,Café/Té,1,2500,2500
3260,2026-06-21,Tienda Sur,Vino tinto,Alcohol,1,5000,5000
3261,2026-08-09,Tienda Norte,Vino tinto,Alcohol,2,5000,10000
3262,2026-05-22,Tienda Sur,Agua mineral,Bebidas,2,900,1800
3262,2026-05-22,Tienda Sur,Mantequilla,Lácteos,1,2500,2500
3262,2026-05-22,Tienda Sur,Pan hallulla,Panadería,2,1500,3000
3263,2026-08-17,Tienda Norte,Cloro,Limpieza,3,1400,4200
3263,2026-08-17,Tienda Norte,Detergente,Limpieza,1,5500,5500
3263,2026-08-17,Tienda Norte,Galletas,Snacks,1,1000,1000
3263,2026-08-17,Tienda Norte,Jugo naranja,Bebidas,1,1600,1600
3263,2026-08-17,Tienda Norte,Pan hallulla,Panadería,2,1500,3000
3264,2026-07-10,Tienda Mall,Cerveza,Alcohol,3,3500,10500
3264,2026-07-10,Tienda Mall,Maní,Snacks,1,1200,1200
3264,2026-07-10,Tienda Mall,Papas fritas,Snacks,1,1800,1800
3265,2026-06-22,Tienda Mall,Bebida cola,Bebidas,1,1500,1500
3265,2026-06-22,Tienda Mall,Papas fritas,Snacks,2,1800,3600
3265,2026-06-22,Tienda Mall,Queso,Lácteos,3,4500,13500
3266,2026-06-09,Tienda Sur,Cerveza,Alcohol,1,3500,3500
3266,2026-06-09,Tienda Sur,Maní,Snacks,2,1200,2400
3266,2026-06-09,Tienda Sur,Vino tinto,Alcohol,2,5000,10000
3267,2026-06-19,Tienda Sur,Agua mineral,Bebidas,1,900,900
3267,2026-06-19,Tienda Sur,Cerveza,Alcohol,1,3500,3500
3267,2026-06-19,Tienda Sur,Cloro,Limpieza,1,1400,1400
3267,2026-06-19,Tienda Sur,Pañales,Bebé,1,8000,8000
3267,2026-06-19,Tienda Sur,Toallitas húmedas,Bebé,1,2200,2200
3267,2026-06-19,Tienda Sur,Yogurt,Lácteos,3,800,2400
3268,2026-05-26,Tienda Norte,Azúcar,Café/Té,1,1300,1300
3268,2026-05-26,Tienda Norte,Bebida cola,Bebidas,2,1500,3000
3268,2026-05-26,Tienda Norte,Cerveza,Alcohol,1,3500,3500
3268,2026-05-26,Tienda Norte,Pañales,Bebé,1,8000,8000
3268,2026-05-26,Tienda Norte,Toallitas húmedas,Bebé,1,2200,2200
3268,2026-05-26,Tienda Norte,Té,Café/Té,1,2500,2500
3269,2026-05-26,Tienda Sur,Azúcar,Café/Té,1,1300,1300
3269,2026-05-26,Tienda Sur,Croissant,Panadería,2,900,1800
3269,2026-05-26,Tienda Sur,Pan hallulla,Panadería,1,1500,1500
3269,2026-05-26,Tienda Sur,Queso,Lácteos,1,4500,4500
3270,2026-06-14,Tienda Sur,Mantequilla,Lácteos,1,2500,2500
3270,2026-06-14,Tienda Sur,Pan molde,Panadería,2,1800,3600
3271,2026-05-29,Tienda Sur,Cloro,Limpieza,1,1400,1400
3271,2026-05-29,Tienda Sur,Maní,Snacks,2,1200,2400
3271,2026-05-29,Tienda Sur,Toallitas húmedas,Bebé,1,2200,2200
3271,2026-05-29,Tienda Sur,Vino tinto,Alcohol,1,5000,5000
3272,2026-07-22,Tienda Sur,Pañales,Bebé,2,8000,16000
3272,2026-07-22,Tienda Sur,Toallitas húmedas,Bebé,1,2200,2200
3273,2026-08-11,Tienda Norte,Cerveza,Alcohol,1,3500,3500
3273,2026-08-11,Tienda Norte,Mantequilla,Lácteos,1,2500,2500
3273,2026-08-11,Tienda Norte,Papas fritas,Snacks,2,1800,3600
3273,2026-08-11,Tienda Norte,Pañales,Bebé,3,8000,24000
3274,2026-06-25,Tienda Centro,Toallitas húmedas,Bebé,1,2200,2200
3274,2026-06-25,Tienda Centro,Vino tinto,Alcohol,1,5000,5000
3275,2026-08-12,Tienda Sur,Pan hallulla,Panadería,2,1500,3000
3276,2026-08-10,Tienda Norte,Cloro,Limpieza,1,1400,1400
3276,2026-08-10,Tienda Norte,Croissant,Panadería,2,900,1800
3276,2026-08-10,Tienda Norte,Detergente,Limpieza,1,5500,5500
3276,2026-08-10,Tienda Norte,Papas fritas,Snacks,2,1800,3600
3277,2026-07-06,Tienda Mall,Cerveza,Alcohol,1,3500,3500
3277,2026-07-06,Tienda Mall,Jugo naranja,Bebidas,2,1600,3200
3277,2026-07-06,Tienda Mall,Papas fritas,Snacks,1,1800,1800
3278,2026-08-08,Tienda Mall,Agua mineral,Bebidas,1,900,900
3278,2026-08-08,Tienda Mall,Galletas,Snacks,2,1000,2000
3278,2026-08-08,Tienda Mall,Queso,Lácteos,1,4500,4500
3279,2026-06-27,Tienda Centro,Vino tinto,Alcohol,1,5000,5000
3280,2026-05-31,Tienda Norte,Esponjas,Limpieza,2,1200,2400
3280,2026-05-31,Tienda Norte,Jugo naranja,Bebidas,1,1600,1600
3280,2026-05-31,Tienda Norte,Mantequilla,Lácteos,1,2500,2500
3280,2026-05-31,Tienda Norte,Pan molde,Panadería,2,1800,3600
3280,2026-05-31,Tienda Norte,Queso,Lácteos,1,4500,4500
3281,2026-06-21,Tienda Centro,Esponjas,Limpieza,1,1200,1200
3282,2026-07-29,Tienda Centro,Cloro,Limpieza,1,1400,1400
3282,2026-07-29,Tienda Centro,Yogurt,Lácteos,1,800,800
3283,2026-08-02,Tienda Centro,Café,Café/Té,2,4000,8000
3283,2026-08-02,Tienda Centro,Galletas,Snacks,1,1000,1000
3283,2026-08-02,Tienda Centro,Jugo naranja,Bebidas,2,1600,3200
3283,2026-08-02,Tienda Centro,Toallitas húmedas,Bebé,1,2200,2200
3284,2026-07-11,Tienda Centro,Toallitas húmedas,Bebé,1,2200,2200
3285,2026-06-03,Tienda Norte,Agua mineral,Bebidas,1,900,900
3285,2026-06-03,Tienda Norte,Bebida cola,Bebidas,1,1500,1500
3285,2026-06-03,Tienda Norte,Té,Café/Té,1,2500,2500
3286,2026-07-14,Tienda Norte,Azúcar,Café/Té,1,1300,1300
3286,2026-07-14,Tienda Norte,Croissant,Panadería,1,900,900
3286,2026-07-14,Tienda Norte,Maní,Snacks,2,1200,2400
3287,2026-06-03,Tienda Centro,Yogurt,Lácteos,1,800,800
3288,2026-08-17,Tienda Norte,Bebida cola,Bebidas,1,1500,1500
3288,2026-08-17,Tienda Norte,Mantequilla,Lácteos,1,2500,2500
3288,2026-08-17,Tienda Norte,Pan hallulla,Panadería,3,1500,4500
3288,2026-08-17,Tienda Norte,Papas fritas,Snacks,1,1800,1800
3289,2026-07-28,Tienda Centro,Cloro,Limpieza,1,1400,1400
3289,2026-07-28,Tienda Centro,Maní,Snacks,1,1200,1200
3290,2026-06-13,Tienda Centro,Cerveza,Alcohol,1,3500,3500
3290,2026-06-13,Tienda Centro,Cloro,Limpieza,1,1400,1400
3290,2026-06-13,Tienda Centro,Leche,Lácteos,1,1200,1200
3290,2026-06-13,Tienda Centro,Pañales,Bebé,1,8000,8000
3291,2026-07-30,Tienda Norte,Mantequilla,Lácteos,1,2500,2500
3292,2026-07-14,Tienda Mall,Esponjas,Limpieza,2,1200,2400
3292,2026-07-14,Tienda Mall,Jugo naranja,Bebidas,3,1600,4800
3293,2026-07-20,Tienda Centro,Cloro,Limpieza,1,1400,1400
3293,2026-07-20,Tienda Centro,Detergente,Limpieza,1,5500,5500
3294,2026-07-23,Tienda Mall,Cerveza,Alcohol,2,3500,7000
3294,2026-07-23,Tienda Mall,Pan molde,Panadería,1,1800,1800
3294,2026-07-23,Tienda Mall,Papas fritas,Snacks,3,1800,5400
3294,2026-07-23,Tienda Mall,Queso,Lácteos,1,4500,4500
3295,2026-07-06,Tienda Mall,Azúcar,Café/Té,1,1300,1300
3295,2026-07-06,Tienda Mall,Café,Café/Té,1,4000,4000
3296,2026-05-27,Tienda Mall,Esponjas,Limpieza,1,1200,1200
3296,2026-05-27,Tienda Mall,Mantequilla,Lácteos,2,2500,5000
3297,2026-07-17,Tienda Norte,Papas fritas,Snacks,1,1800,1800
3297,2026-07-17,Tienda Norte,Queso,Lácteos,1,4500,4500
3298,2026-06-14,Tienda Mall,Azúcar,Café/Té,2,1300,2600
3298,2026-06-14,Tienda Mall,Cloro,Limpieza,2,1400,2800
3298,2026-06-14,Tienda Mall,Croissant,Panadería,3,900,2700
3298,2026-06-14,Tienda Mall,Detergente,Limpieza,3,5500,16500
3298,2026-06-14,Tienda Mall,Té,Café/Té,3,2500,7500
3299,2026-08-01,Tienda Mall,Mantequilla,Lácteos,1,2500,2500
3299,2026-08-01,Tienda Mall,Maní,Snacks,1,1200,1200
3299,2026-08-01,Tienda Mall,Pan hallulla,Panadería,1,1500,1500
3299,2026-08-01,Tienda Mall,Queso,Lácteos,2,4500,9000
3300,2026-07-09,Tienda Mall,Bebida cola,Bebidas,1,1500,1500
3300,2026-07-09,Tienda Mall,Esponjas,Limpieza,1,1200,1200
3300,2026-07-09,Tienda Mall,Mantequilla,Lácteos,1,2500,2500
3301,2026-07-22,Tienda Centro,Cerveza,Alcohol,1,3500,3500
3301,2026-07-22,Tienda Centro,Maní,Snacks,1,1200,1200
3301,2026-07-22,Tienda Centro,Pan molde,Panadería,1,1800,1800
3301,2026-07-22,Tienda Centro,Té,Café/Té,1,2500,2500
3302,2026-05-23,Tienda Mall,Azúcar,Café/Té,1,1300,1300
3302,2026-05-23,Tienda Mall,Café,Café/Té,1,4000,4000
3303,2026-06-13,Tienda Norte,Cerveza,Alcohol,1,3500,3500
3303,2026-06-13,Tienda Norte,Toallitas húmedas,Bebé,1,2200,2200
3304,2026-06-30,Tienda Norte,Agua mineral,Bebidas,1,900,900
3304,2026-06-30,Tienda Norte,Azúcar,Café/Té,1,1300,1300
3304,2026-06-30,Tienda Norte,Cerveza,Alcohol,1,3500,3500
3304,2026-06-30,Tienda Norte,Papas fritas,Snacks,1,1800,1800
3305,2026-07-12,Tienda Centro,Azúcar,Café/Té,2,1300,2600
3305,2026-07-12,Tienda Centro,Bebida cola,Bebidas,1,1500,1500
3305,2026-07-12,Tienda Centro,Jugo naranja,Bebidas,1,1600,1600
3305,2026-07-12,Tienda Centro,Té,Café/Té,1,2500,2500
3305,2026-07-12,Tienda Centro,Yogurt,Lácteos,1,800,800
3306,2026-08-09,Tienda Norte,Bebida cola,Bebidas,1,1500,1500
3307,2026-08-16,Tienda Norte,Galletas,Snacks,1,1000,1000
3307,2026-08-16,Tienda Norte,Vino tinto,Alcohol,2,5000,10000
3308,2026-06-24,Tienda Mall,Agua mineral,Bebidas,1,900,900
3308,2026-06-24,Tienda Mall,Esponjas,Limpieza,1,1200,1200
3308,2026-06-24,Tienda Mall,Leche,Lácteos,1,1200,1200
3309,2026-05-24,Tienda Mall,Cerveza,Alcohol,1,3500,3500
3309,2026-05-24,Tienda Mall,Galletas,Snacks,1,1000,1000
3309,2026-05-24,Tienda Mall,Maní,Snacks,1,1200,1200
3309,2026-05-24,Tienda Mall,Papas fritas,Snacks,1,1800,1800
3310,2026-06-27,Tienda Centro,Agua mineral,Bebidas,1,900,900
3310,2026-06-27,Tienda Centro,Leche,Lácteos,1,1200,1200
3311,2026-07-15,Tienda Norte,Esponjas,Limpieza,2,1200,2400
3311,2026-07-15,Tienda Norte,Jugo naranja,Bebidas,2,1600,3200
3312,2026-05-28,Tienda Centro,Leche,Lácteos,1,1200,1200
3312,2026-05-28,Tienda Centro,Papas fritas,Snacks,1,1800,1800
3313,2026-05-23,Tienda Norte,Azúcar,Café/Té,2,1300,2600
3313,2026-05-23,Tienda Norte,Croissant,Panadería,1,900,900
3313,2026-05-23,Tienda Norte,Toallitas húmedas,Bebé,1,2200,2200
3313,2026-05-23,Tienda Norte,Té,Café/Té,1,2500,2500
3314,2026-08-08,Tienda Sur,Agua mineral,Bebidas,1,900,900
3314,2026-08-08,Tienda Sur,Queso,Lácteos,3,4500,13500
3314,2026-08-08,Tienda Sur,Vino tinto,Alcohol,1,5000,5000
3315,2026-06-21,Tienda Norte,Agua mineral,Bebidas,2,900,1800
3315,2026-06-21,Tienda Norte,Croissant,Panadería,1,900,900
3316,2026-08-14,Tienda Sur,Agua mineral,Bebidas,3,900,2700
3316,2026-08-14,Tienda Sur,Cerveza,Alcohol,2,3500,7000
3316,2026-08-14,Tienda Sur,Maní,Snacks,1,1200,1200
3316,2026-08-14,Tienda Sur,Papas fritas,Snacks,3,1800,5400
3316,2026-08-14,Tienda Sur,Pañales,Bebé,1,8000,8000
3316,2026-08-14,Tienda Sur,Toallitas húmedas,Bebé,1,2200,2200
3317,2026-07-22,Tienda Norte,Café,Café/Té,2,4000,8000
3317,2026-07-22,Tienda Norte,Papas fritas,Snacks,2,1800,3600
3317,2026-07-22,Tienda Norte,Pañales,Bebé,2,8000,16000
3317,2026-07-22,Tienda Norte,Toallitas húmedas,Bebé,1,2200,2200
3317,2026-07-22,Tienda Norte,Té,Café/Té,1,2500,2500
3318,2026-07-27,Tienda Sur,Cerveza,Alcohol,2,3500,7000
3318,2026-07-27,Tienda Sur,Mantequilla,Lácteos,1,2500,2500
3318,2026-07-27,Tienda Sur,Maní,Snacks,1,1200,1200
3318,2026-07-27,Tienda Sur,Pan hallulla,Panadería,2,1500,3000
3318,2026-07-27,Tienda Sur,Papas fritas,Snacks,1,1800,1800
3318,2026-07-27,Tienda Sur,Pañales,Bebé,1,8000,8000
3319,2026-05-28,Tienda Norte,Agua mineral,Bebidas,2,900,1800
3319,2026-05-28,Tienda Norte,Esponjas,Limpieza,2,1200,2400
3320,2026-05-22,Tienda Norte,Cloro,Limpieza,3,1400,4200
3320,2026-05-22,Tienda Norte,Detergente,Limpieza,2,5500,11000
3320,2026-05-22,Tienda Norte,Esponjas,Limpieza,1,1200,1200
3320,2026-05-22,Tienda Norte,Té,Café/Té,1,2500,2500
3321,2026-06-11,Tienda Mall,Cerveza,Alcohol,3,3500,10500
3321,2026-06-11,Tienda Mall,Cloro,Limpieza,1,1400,1400
3321,2026-06-11,Tienda Mall,Esponjas,Limpieza,1,1200,1200
3321,2026-06-11,Tienda Mall,Maní,Snacks,1,1200,1200
3321,2026-06-11,Tienda Mall,Papas fritas,Snacks,1,1800,1800
3321,2026-06-11,Tienda Mall,Pañales,Bebé,1,8000,8000
3321,2026-06-11,Tienda Mall,Toallitas húmedas,Bebé,2,2200,4400
3322,2026-08-17,Tienda Mall,Esponjas,Limpieza,1,1200,1200
3322,2026-08-17,Tienda Mall,Maní,Snacks,1,1200,1200
3322,2026-08-17,Tienda Mall,Queso,Lácteos,3,4500,13500
3322,2026-08-17,Tienda Mall,Vino tinto,Alcohol,1,5000,5000
3323,2026-05-28,Tienda Mall,Galletas,Snacks,1,1000,1000
3323,2026-05-28,Tienda Mall,Jugo naranja,Bebidas,2,1600,3200
3324,2026-08-17,Tienda Sur,Bebida cola,Bebidas,1,1500,1500
3324,2026-08-17,Tienda Sur,Cerveza,Alcohol,2,3500,7000
3325,2026-07-13,Tienda Sur,Azúcar,Café/Té,1,1300,1300
3325,2026-07-13,Tienda Sur,Café,Café/Té,1,4000,4000
3325,2026-07-13,Tienda Sur,Esponjas,Limpieza,1,1200,1200
3325,2026-07-13,Tienda Sur,Toallitas húmedas,Bebé,3,2200,6600
3325,2026-07-13,Tienda Sur,Té,Café/Té,1,2500,2500
3326,2026-08-15,Tienda Sur,Cerveza,Alcohol,1,3500,3500
3326,2026-08-15,Tienda Sur,Galletas,Snacks,2,1000,2000
3326,2026-08-15,Tienda Sur,Papas fritas,Snacks,2,1800,3600
3327,2026-07-31,Tienda Sur,Croissant,Panadería,3,900,2700
3327,2026-07-31,Tienda Sur,Esponjas,Limpieza,1,1200,1200
3328,2026-08-08,Tienda Norte,Mantequilla,Lácteos,2,2500,5000
3328,2026-08-08,Tienda Norte,Vino tinto,Alcohol,2,5000,10000
3329,2026-06-14,Tienda Norte,Azúcar,Café/Té,2,1300,2600
3329,2026-06-14,Tienda Norte,Cloro,Limpieza,2,1400,2800
3330,2026-07-10,Tienda Mall,Azúcar,Café/Té,1,1300,1300
3330,2026-07-10,Tienda Mall,Leche,Lácteos,1,1200,1200
3331,2026-06-06,Tienda Mall,Agua mineral,Bebidas,1,900,900
3331,2026-06-06,Tienda Mall,Detergente,Limpieza,1,5500,5500
3331,2026-06-06,Tienda Mall,Papas fritas,Snacks,1,1800,1800
3332,2026-06-05,Tienda Centro,Cloro,Limpieza,1,1400,1400
3332,2026-06-05,Tienda Centro,Galletas,Snacks,3,1000,3000
3332,2026-06-05,Tienda Centro,Pan hallulla,Panadería,3,1500,4500
3333,2026-07-21,Tienda Centro,Maní,Snacks,1,1200,1200
3334,2026-06-27,Tienda Mall,Esponjas,Limpieza,1,1200,1200
3334,2026-06-27,Tienda Mall,Papas fritas,Snacks,3,1800,5400
3335,2026-08-02,Tienda Norte,Pañales,Bebé,1,8000,8000
3335,2026-08-02,Tienda Norte,Toallitas húmedas,Bebé,2,2200,4400
3336,2026-07-21,Tienda Norte,Azúcar,Café/Té,1,1300,1300
3336,2026-07-21,Tienda Norte,Cloro,Limpieza,2,1400,2800
3336,2026-07-21,Tienda Norte,Detergente,Limpieza,1,5500,5500
3336,2026-07-21,Tienda Norte,Té,Café/Té,1,2500,2500
3337,2026-08-14,Tienda Mall,Azúcar,Café/Té,1,1300,1300
3337,2026-08-14,Tienda Mall,Café,Café/Té,3,4000,12000
3337,2026-08-14,Tienda Mall,Pan hallulla,Panadería,1,1500,1500
3338,2026-08-11,Tienda Centro,Papas fritas,Snacks,1,1800,1800
3338,2026-08-11,Tienda Centro,Yogurt,Lácteos,3,800,2400
3339,2026-05-27,Tienda Mall,Mantequilla,Lácteos,2,2500,5000
3339,2026-05-27,Tienda Mall,Maní,Snacks,1,1200,1200
3339,2026-05-27,Tienda Mall,Pan molde,Panadería,3,1800,5400
3340,2026-08-01,Tienda Sur,Jugo naranja,Bebidas,1,1600,1600
3340,2026-08-01,Tienda Sur,Maní,Snacks,2,1200,2400
3341,2026-07-26,Tienda Norte,Cloro,Limpieza,2,1400,2800
3341,2026-07-26,Tienda Norte,Esponjas,Limpieza,2,1200,2400
3341,2026-07-26,Tienda Norte,Pan molde,Panadería,2,1800,3600
3341,2026-07-26,Tienda Norte,Queso,Lácteos,1,4500,4500
3342,2026-05-25,Tienda Norte,Azúcar,Café/Té,2,1300,2600
3342,2026-05-25,Tienda Norte,Pan hallulla,Panadería,2,1500,3000
3342,2026-05-25,Tienda Norte,Té,Café/Té,2,2500,5000
3343,2026-08-02,Tienda Norte,Café,Café/Té,2,4000,8000
3344,2026-08-01,Tienda Norte,Agua mineral,Bebidas,1,900,900
3344,2026-08-01,Tienda Norte,Toallitas húmedas,Bebé,1,2200,2200
3345,2026-07-14,Tienda Mall,Azúcar,Café/Té,3,1300,3900
3345,2026-07-14,Tienda Mall,Galletas,Snacks,1,1000,1000
3345,2026-07-14,Tienda Mall,Maní,Snacks,1,1200,1200
3346,2026-05-27,Tienda Mall,Agua mineral,Bebidas,1,900,900
3346,2026-05-27,Tienda Mall,Cerveza,Alcohol,1,3500,3500
3346,2026-05-27,Tienda Mall,Cloro,Limpieza,1,1400,1400
3346,2026-05-27,Tienda Mall,Maní,Snacks,1,1200,1200
3346,2026-05-27,Tienda Mall,Papas fritas,Snacks,1,1800,1800
3347,2026-06-09,Tienda Centro,Agua mineral,Bebidas,1,900,900
3347,2026-06-09,Tienda Centro,Pañales,Bebé,2,8000,16000
3347,2026-06-09,Tienda Centro,Toallitas húmedas,Bebé,1,2200,2200
3348,2026-06-28,Tienda Sur,Mantequilla,Lácteos,1,2500,2500
3348,2026-06-28,Tienda Sur,Pan hallulla,Panadería,3,1500,4500
3348,2026-06-28,Tienda Sur,Queso,Lácteos,1,4500,4500
3348,2026-06-28,Tienda Sur,Yogurt,Lácteos,1,800,800
3349,2026-07-08,Tienda Sur,Galletas,Snacks,1,1000,1000
3349,2026-07-08,Tienda Sur,Queso,Lácteos,2,4500,9000
3349,2026-07-08,Tienda Sur,Vino tinto,Alcohol,2,5000,10000
3350,2026-07-18,Tienda Sur,Bebida cola,Bebidas,1,1500,1500
3350,2026-07-18,Tienda Sur,Mantequilla,Lácteos,1,2500,2500
3350,2026-07-18,Tienda Sur,Pan hallulla,Panadería,1,1500,1500
3350,2026-07-18,Tienda Sur,Papas fritas,Snacks,1,1800,1800
3351,2026-06-04,Tienda Norte,Azúcar,Café/Té,1,1300,1300
3351,2026-06-04,Tienda Norte,Queso,Lácteos,1,4500,4500
3352,2026-08-03,Tienda Centro,Vino tinto,Alcohol,2,5000,10000
3353,2026-07-10,Tienda Mall,Azúcar,Café/Té,1,1300,1300
3353,2026-07-10,Tienda Mall,Café,Café/Té,1,4000,4000
3353,2026-07-10,Tienda Mall,Galletas,Snacks,3,1000,3000
3353,2026-07-10,Tienda Mall,Mantequilla,Lácteos,1,2500,2500
3353,2026-07-10,Tienda Mall,Queso,Lácteos,1,4500,4500
3354,2026-07-25,Tienda Norte,Bebida cola,Bebidas,1,1500,1500
3354,2026-07-25,Tienda Norte,Café,Café/Té,1,4000,4000
3354,2026-07-25,Tienda Norte,Galletas,Snacks,2,1000,2000
3355,2026-07-19,Tienda Centro,Esponjas,Limpieza,1,1200,1200
3356,2026-06-07,Tienda Norte,Pan hallulla,Panadería,1,1500,1500
3356,2026-06-07,Tienda Norte,Queso,Lácteos,1,4500,4500
3357,2026-06-14,Tienda Centro,Azúcar,Café/Té,1,1300,1300
3357,2026-06-14,Tienda Centro,Queso,Lácteos,1,4500,4500
3357,2026-06-14,Tienda Centro,Té,Café/Té,3,2500,7500
3358,2026-06-05,Tienda Sur,Azúcar,Café/Té,2,1300,2600
3358,2026-06-05,Tienda Sur,Cloro,Limpieza,1,1400,1400
3358,2026-06-05,Tienda Sur,Detergente,Limpieza,2,5500,11000
3358,2026-06-05,Tienda Sur,Esponjas,Limpieza,1,1200,1200
3358,2026-06-05,Tienda Sur,Mantequilla,Lácteos,1,2500,2500
3358,2026-06-05,Tienda Sur,Pan molde,Panadería,3,1800,5400
3359,2026-08-01,Tienda Mall,Cloro,Limpieza,1,1400,1400
3359,2026-08-01,Tienda Mall,Detergente,Limpieza,1,5500,5500
3359,2026-08-01,Tienda Mall,Papas fritas,Snacks,2,1800,3600
3360,2026-06-07,Tienda Centro,Cloro,Limpieza,1,1400,1400
3360,2026-06-07,Tienda Centro,Esponjas,Limpieza,1,1200,1200
3361,2026-08-07,Tienda Norte,Cerveza,Alcohol,3,3500,10500
3361,2026-08-07,Tienda Norte,Maní,Snacks,3,1200,3600
3361,2026-08-07,Tienda Norte,Pan molde,Panadería,1,1800,1800
3361,2026-08-07,Tienda Norte,Papas fritas,Snacks,1,1800,1800
3361,2026-08-07,Tienda Norte,Queso,Lácteos,1,4500,4500
3362,2026-06-22,Tienda Norte,Azúcar,Café/Té,1,1300,1300
3362,2026-06-22,Tienda Norte,Queso,Lácteos,1,4500,4500
3363,2026-06-17,Tienda Mall,Cloro,Limpieza,1,1400,1400
3363,2026-06-17,Tienda Mall,Galletas,Snacks,2,1000,2000
3363,2026-06-17,Tienda Mall,Toallitas húmedas,Bebé,1,2200,2200
3364,2026-05-30,Tienda Sur,Yogurt,Lácteos,1,800,800
3365,2026-07-24,Tienda Sur,Cloro,Limpieza,2,1400,2800
3365,2026-07-24,Tienda Sur,Maní,Snacks,1,1200,1200
3365,2026-07-24,Tienda Sur,Vino tinto,Alcohol,2,5000,10000
3366,2026-06-05,Tienda Sur,Maní,Snacks,1,1200,1200
3367,2026-08-11,Tienda Mall,Detergente,Limpieza,2,5500,11000
3367,2026-08-11,Tienda Mall,Mantequilla,Lácteos,2,2500,5000
3367,2026-08-11,Tienda Mall,Pan hallulla,Panadería,1,1500,1500
3367,2026-08-11,Tienda Mall,Papas fritas,Snacks,1,1800,1800
3368,2026-06-20,Tienda Norte,Queso,Lácteos,2,4500,9000
3368,2026-06-20,Tienda Norte,Toallitas húmedas,Bebé,1,2200,2200
3368,2026-06-20,Tienda Norte,Vino tinto,Alcohol,1,5000,5000
3369,2026-06-28,Tienda Norte,Mantequilla,Lácteos,1,2500,2500
3369,2026-06-28,Tienda Norte,Papas fritas,Snacks,1,1800,1800
3369,2026-06-28,Tienda Norte,Yogurt,Lácteos,2,800,1600
3370,2026-06-19,Tienda Mall,Cerveza,Alcohol,1,3500,3500
3370,2026-06-19,Tienda Mall,Cloro,Limpieza,1,1400,1400
3370,2026-06-19,Tienda Mall,Pañales,Bebé,2,8000,16000
3371,2026-06-25,Tienda Centro,Pañales,Bebé,1,8000,8000
3371,2026-06-25,Tienda Centro,Queso,Lácteos,1,4500,4500
3371,2026-06-25,Tienda Centro,Toallitas húmedas,Bebé,1,2200,2200
3371,2026-06-25,Tienda Centro,Vino tinto,Alcohol,1,5000,5000
3372,2026-05-27,Tienda Mall,Mantequilla,Lácteos,1,2500,2500
3372,2026-05-27,Tienda Mall,Pan hallulla,Panadería,2,1500,3000
3372,2026-05-27,Tienda Mall,Queso,Lácteos,3,4500,13500
3373,2026-06-15,Tienda Mall,Bebida cola,Bebidas,1,1500,1500
3373,2026-06-15,Tienda Mall,Cloro,Limpieza,2,1400,2800
3373,2026-06-15,Tienda Mall,Yogurt,Lácteos,1,800,800
3374,2026-06-12,Tienda Norte,Azúcar,Café/Té,1,1300,1300
3374,2026-06-12,Tienda Norte,Galletas,Snacks,3,1000,3000
3374,2026-06-12,Tienda Norte,Jugo naranja,Bebidas,1,1600,1600
3374,2026-06-12,Tienda Norte,Queso,Lácteos,1,4500,4500
3374,2026-06-12,Tienda Norte,Té,Café/Té,2,2500,5000
3375,2026-08-02,Tienda Centro,Mantequilla,Lácteos,1,2500,2500
3375,2026-08-02,Tienda Centro,Pan molde,Panadería,3,1800,5400
3376,2026-05-22,Tienda Mall,Mantequilla,Lácteos,1,2500,2500
3376,2026-05-22,Tienda Mall,Maní,Snacks,3,1200,3600
3377,2026-07-16,Tienda Norte,Queso,Lácteos,1,4500,4500
3377,2026-07-16,Tienda Norte,Toallitas húmedas,Bebé,3,2200,6600
3377,2026-07-16,Tienda Norte,Té,Café/Té,2,2500,5000
3377,2026-07-16,Tienda Norte,Vino tinto,Alcohol,2,5000,10000
3378,2026-08-06,Tienda Centro,Café,Café/Té,3,4000,12000
3378,2026-08-06,Tienda Centro,Galletas,Snacks,2,1000,2000
3378,2026-08-06,Tienda Centro,Leche,Lácteos,1,1200,1200
3379,2026-08-09,Tienda Centro,Vino tinto,Alcohol,2,5000,10000
3380,2026-06-23,Tienda Mall,Jugo naranja,Bebidas,1,1600,1600
3380,2026-06-23,Tienda Mall,Pañales,Bebé,3,8000,24000
3380,2026-06-23,Tienda Mall,Toallitas húmedas,Bebé,1,2200,2200
3381,2026-07-15,Tienda Centro,Cerveza,Alcohol,1,3500,3500
3381,2026-07-15,Tienda Centro,Esponjas,Limpieza,1,1200,1200
3381,2026-07-15,Tienda Centro,Mantequilla,Lácteos,1,2500,2500
3381,2026-07-15,Tienda Centro,Papas fritas,Snacks,3,1800,5400
3382,2026-07-29,Tienda Norte,Galletas,Snacks,1,1000,1000
3382,2026-07-29,Tienda Norte,Jugo naranja,Bebidas,1,1600,1600
3383,2026-07-28,Tienda Norte,Agua mineral,Bebidas,1,900,900
3383,2026-07-28,Tienda Norte,Bebida cola,Bebidas,1,1500,1500
3383,2026-07-28,Tienda Norte,Pan hallulla,Panadería,1,1500,1500
3383,2026-07-28,Tienda Norte,Papas fritas,Snacks,1,1800,1800
3383,2026-07-28,Tienda Norte,Queso,Lácteos,1,4500,4500
3383,2026-07-28,Tienda Norte,Vino tinto,Alcohol,2,5000,10000
3384,2026-08-10,Tienda Mall,Cloro,Limpieza,1,1400,1400
3384,2026-08-10,Tienda Mall,Detergente,Limpieza,2,5500,11000
3384,2026-08-10,Tienda Mall,Toallitas húmedas,Bebé,1,2200,2200
3385,2026-07-26,Tienda Mall,Leche,Lácteos,1,1200,1200
3385,2026-07-26,Tienda Mall,Yogurt,Lácteos,1,800,800
3386,2026-07-04,Tienda Mall,Bebida cola,Bebidas,1,1500,1500
3387,2026-07-25,Tienda Centro,Jugo naranja,Bebidas,1,1600,1600
3387,2026-07-25,Tienda Centro,Maní,Snacks,1,1200,1200
3388,2026-05-20,Tienda Sur,Mantequilla,Lácteos,1,2500,2500
3388,2026-05-20,Tienda Sur,Pan hallulla,Panadería,1,1500,1500
3388,2026-05-20,Tienda Sur,Queso,Lácteos,2,4500,9000
3389,2026-06-04,Tienda Centro,Leche,Lácteos,2,1200,2400
3389,2026-06-04,Tienda Centro,Yogurt,Lácteos,1,800,800
3390,2026-06-19,Tienda Mall,Azúcar,Café/Té,2,1300,2600
3390,2026-06-19,Tienda Mall,Maní,Snacks,2,1200,2400
3390,2026-06-19,Tienda Mall,Vino tinto,Alcohol,1,5000,5000
3391,2026-08-09,Tienda Centro,Jugo naranja,Bebidas,1,1600,1600
3392,2026-07-25,Tienda Norte,Mantequilla,Lácteos,1,2500,2500
3392,2026-07-25,Tienda Norte,Vino tinto,Alcohol,2,5000,10000
3393,2026-07-10,Tienda Centro,Bebida cola,Bebidas,1,1500,1500
3394,2026-05-20,Tienda Centro,Cerveza,Alcohol,2,3500,7000
3395,2026-05-21,Tienda Centro,Croissant,Panadería,1,900,900
3395,2026-05-21,Tienda Centro,Jugo naranja,Bebidas,1,1600,1600
3395,2026-05-21,Tienda Centro,Pan molde,Panadería,2,1800,3600
3395,2026-05-21,Tienda Centro,Yogurt,Lácteos,1,800,800
3396,2026-07-08,Tienda Centro,Cerveza,Alcohol,2,3500,7000
3396,2026-07-08,Tienda Centro,Pañales,Bebé,1,8000,8000
3396,2026-07-08,Tienda Centro,Toallitas húmedas,Bebé,2,2200,4400
3397,2026-05-24,Tienda Sur,Leche,Lácteos,1,1200,1200
3397,2026-05-24,Tienda Sur,Pañales,Bebé,2,8000,16000
3397,2026-05-24,Tienda Sur,Toallitas húmedas,Bebé,1,2200,2200
3398,2026-07-27,Tienda Mall,Maní,Snacks,2,1200,2400
3399,2026-07-22,Tienda Centro,Azúcar,Café/Té,1,1300,1300
3399,2026-07-22,Tienda Centro,Pan molde,Panadería,2,1800,3600
3400,2026-06-09,Tienda Sur,Esponjas,Limpieza,1,1200,1200
3401,2026-07-13,Tienda Centro,Pañales,Bebé,1,8000,8000
3401,2026-07-13,Tienda Centro,Toallitas húmedas,Bebé,1,2200,2200
3402,2026-08-01,Tienda Sur,Mantequilla,Lácteos,1,2500,2500
3403,2026-06-22,Tienda Centro,Azúcar,Café/Té,1,1300,1300
3403,2026-06-22,Tienda Centro,Café,Café/Té,1,4000,4000
3403,2026-06-22,Tienda Centro,Cloro,Limpieza,1,1400,1400
3403,2026-06-22,Tienda Centro,Queso,Lácteos,1,4500,4500
3404,2026-07-16,Tienda Sur,Leche,Lácteos,1,1200,1200
3404,2026-07-16,Tienda Sur,Papas fritas,Snacks,2,1800,3600
3405,2026-06-12,Tienda Mall,Cloro,Limpieza,1,1400,1400
3405,2026-06-12,Tienda Mall,Detergente,Limpieza,1,5500,5500
3405,2026-06-12,Tienda Mall,Esponjas,Limpieza,1,1200,1200
3405,2026-06-12,Tienda Mall,Mantequilla,Lácteos,1,2500,2500
3405,2026-06-12,Tienda Mall,Pan hallulla,Panadería,1,1500,1500
3406,2026-06-04,Tienda Mall,Cloro,Limpieza,1,1400,1400
3406,2026-06-04,Tienda Mall,Detergente,Limpieza,2,5500,11000
3406,2026-06-04,Tienda Mall,Esponjas,Limpieza,2,1200,2400
3407,2026-08-10,Tienda Norte,Bebida cola,Bebidas,1,1500,1500
3407,2026-08-10,Tienda Norte,Papas fritas,Snacks,1,1800,1800
3407,2026-08-10,Tienda Norte,Queso,Lácteos,2,4500,9000
3407,2026-08-10,Tienda Norte,Toallitas húmedas,Bebé,2,2200,4400
3408,2026-08-02,Tienda Norte,Mantequilla,Lácteos,1,2500,2500
3409,2026-06-25,Tienda Sur,Azúcar,Café/Té,1,1300,1300
3409,2026-06-25,Tienda Sur,Cloro,Limpieza,1,1400,1400
3409,2026-06-25,Tienda Sur,Esponjas,Limpieza,2,1200,2400
3410,2026-06-02,Tienda Centro,Cloro,Limpieza,2,1400,2800
3410,2026-06-02,Tienda Centro,Detergente,Limpieza,1,5500,5500
3410,2026-06-02,Tienda Centro,Esponjas,Limpieza,1,1200,1200
3410,2026-06-02,Tienda Centro,Papas fritas,Snacks,1,1800,1800
3411,2026-06-09,Tienda Centro,Pan hallulla,Panadería,1,1500,1500
3412,2026-06-04,Tienda Mall,Azúcar,Café/Té,2,1300,2600
3412,2026-06-04,Tienda Mall,Esponjas,Limpieza,1,1200,1200
3412,2026-06-04,Tienda Mall,Leche,Lácteos,2,1200,2400
3413,2026-07-11,Tienda Centro,Croissant,Panadería,1,900,900
3413,2026-07-11,Tienda Centro,Esponjas,Limpieza,1,1200,1200
3413,2026-07-11,Tienda Centro,Toallitas húmedas,Bebé,1,2200,2200
3414,2026-07-29,Tienda Norte,Cerveza,Alcohol,1,3500,3500
3414,2026-07-29,Tienda Norte,Papas fritas,Snacks,1,1800,1800
3414,2026-07-29,Tienda Norte,Pañales,Bebé,2,8000,16000
3414,2026-07-29,Tienda Norte,Toallitas húmedas,Bebé,1,2200,2200
3415,2026-07-23,Tienda Centro,Esponjas,Limpieza,3,1200,3600
3415,2026-07-23,Tienda Centro,Mantequilla,Lácteos,1,2500,2500
3416,2026-07-09,Tienda Mall,Bebida cola,Bebidas,1,1500,1500
3416,2026-07-09,Tienda Mall,Cloro,Limpieza,2,1400,2800
3417,2026-08-01,Tienda Centro,Mantequilla,Lácteos,3,2500,7500
3417,2026-08-01,Tienda Centro,Toallitas húmedas,Bebé,1,2200,2200
3418,2026-06-07,Tienda Centro,Galletas,Snacks,3,1000,3000
3418,2026-06-07,Tienda Centro,Vino tinto,Alcohol,1,5000,5000
3419,2026-07-14,Tienda Norte,Cloro,Limpieza,2,1400,2800
3419,2026-07-14,Tienda Norte,Queso,Lácteos,1,4500,4500
3420,2026-07-17,Tienda Mall,Croissant,Panadería,1,900,900
3420,2026-07-17,Tienda Mall,Queso,Lácteos,3,4500,13500
3420,2026-07-17,Tienda Mall,Toallitas húmedas,Bebé,3,2200,6600
3420,2026-07-17,Tienda Mall,Vino tinto,Alcohol,1,5000,5000
3421,2026-07-26,Tienda Mall,Jugo naranja,Bebidas,1,1600,1600
3422,2026-07-07,Tienda Sur,Mantequilla,Lácteos,1,2500,2500
3422,2026-07-07,Tienda Sur,Pan molde,Panadería,1,1800,1800
3423,2026-07-16,Tienda Mall,Papas fritas,Snacks,1,1800,1800
3424,2026-07-28,Tienda Mall,Jugo naranja,Bebidas,1,1600,1600
3424,2026-07-28,Tienda Mall,Queso,Lácteos,1,4500,4500
3425,2026-07-10,Tienda Mall,Leche,Lácteos,2,1200,2400
3425,2026-07-10,Tienda Mall,Mantequilla,Lácteos,2,2500,5000
3425,2026-07-10,Tienda Mall,Pan hallulla,Panadería,2,1500,3000
3426,2026-06-26,Tienda Centro,Vino tinto,Alcohol,1,5000,5000
3427,2026-06-05,Tienda Norte,Mantequilla,Lácteos,1,2500,2500
3428,2026-06-24,Tienda Norte,Cerveza,Alcohol,1,3500,3500
3428,2026-06-24,Tienda Norte,Mantequilla,Lácteos,1,2500,2500
3428,2026-06-24,Tienda Norte,Pan hallulla,Panadería,1,1500,1500
3428,2026-06-24,Tienda Norte,Papas fritas,Snacks,1,1800,1800
3429,2026-07-05,Tienda Centro,Mantequilla,Lácteos,2,2500,5000
3429,2026-07-05,Tienda Centro,Pan molde,Panadería,1,1800,1800
3430,2026-05-31,Tienda Norte,Agua mineral,Bebidas,1,900,900
3430,2026-05-31,Tienda Norte,Azúcar,Café/Té,2,1300,2600
3430,2026-05-31,Tienda Norte,Té,Café/Té,1,2500,2500
3430,2026-05-31,Tienda Norte,Vino tinto,Alcohol,1,5000,5000
3431,2026-06-20,Tienda Norte,Esponjas,Limpieza,2,1200,2400
3432,2026-05-20,Tienda Centro,Agua mineral,Bebidas,1,900,900
3432,2026-05-20,Tienda Centro,Bebida cola,Bebidas,2,1500,3000
3432,2026-05-20,Tienda Centro,Papas fritas,Snacks,1,1800,1800
3432,2026-05-20,Tienda Centro,Pañales,Bebé,1,8000,8000
3433,2026-07-27,Tienda Mall,Agua mineral,Bebidas,2,900,1800
3433,2026-07-27,Tienda Mall,Esponjas,Limpieza,2,1200,2400
3434,2026-08-15,Tienda Mall,Azúcar,Café/Té,3,1300,3900
3434,2026-08-15,Tienda Mall,Café,Café/Té,1,4000,4000
3434,2026-08-15,Tienda Mall,Galletas,Snacks,1,1000,1000
3434,2026-08-15,Tienda Mall,Pañales,Bebé,1,8000,8000
3434,2026-08-15,Tienda Mall,Toallitas húmedas,Bebé,1,2200,2200
3435,2026-08-07,Tienda Centro,Detergente,Limpieza,1,5500,5500
3435,2026-08-07,Tienda Centro,Pan molde,Panadería,3,1800,5400
3435,2026-08-07,Tienda Centro,Queso,Lácteos,1,4500,4500
3436,2026-07-18,Tienda Mall,Cerveza,Alcohol,3,3500,10500
3436,2026-07-18,Tienda Mall,Cloro,Limpieza,1,1400,1400
3436,2026-07-18,Tienda Mall,Maní,Snacks,1,1200,1200
3436,2026-07-18,Tienda Mall,Papas fritas,Snacks,1,1800,1800
3436,2026-07-18,Tienda Mall,Vino tinto,Alcohol,2,5000,10000
3437,2026-07-23,Tienda Norte,Café,Café/Té,1,4000,4000
3437,2026-07-23,Tienda Norte,Galletas,Snacks,2,1000,2000
3438,2026-06-05,Tienda Sur,Croissant,Panadería,2,900,1800
3438,2026-06-05,Tienda Sur,Leche,Lácteos,3,1200,3600
3439,2026-08-14,Tienda Norte,Cerveza,Alcohol,1,3500,3500
3439,2026-08-14,Tienda Norte,Pan hallulla,Panadería,1,1500,1500
3439,2026-08-14,Tienda Norte,Papas fritas,Snacks,1,1800,1800
3439,2026-08-14,Tienda Norte,Queso,Lácteos,1,4500,4500
3440,2026-06-22,Tienda Mall,Maní,Snacks,2,1200,2400
3440,2026-06-22,Tienda Mall,Papas fritas,Snacks,2,1800,3600
3441,2026-07-27,Tienda Norte,Azúcar,Café/Té,1,1300,1300
3441,2026-07-27,Tienda Norte,Café,Café/Té,1,4000,4000
3441,2026-07-27,Tienda Norte,Jugo naranja,Bebidas,1,1600,1600
3442,2026-05-27,Tienda Mall,Cloro,Limpieza,2,1400,2800
3442,2026-05-27,Tienda Mall,Croissant,Panadería,1,900,900
3443,2026-07-08,Tienda Sur,Esponjas,Limpieza,1,1200,1200
3443,2026-07-08,Tienda Sur,Leche,Lácteos,1,1200,1200
3443,2026-07-08,Tienda Sur,Queso,Lácteos,1,4500,4500
3443,2026-07-08,Tienda Sur,Vino tinto,Alcohol,2,5000,10000
3444,2026-05-30,Tienda Sur,Agua mineral,Bebidas,1,900,900
3444,2026-05-30,Tienda Sur,Bebida cola,Bebidas,3,1500,4500
3444,2026-05-30,Tienda Sur,Pan molde,Panadería,1,1800,1800
3444,2026-05-30,Tienda Sur,Queso,Lácteos,1,4500,4500
3445,2026-08-04,Tienda Mall,Esponjas,Limpieza,1,1200,1200
3445,2026-08-04,Tienda Mall,Galletas,Snacks,1,1000,1000
3445,2026-08-04,Tienda Mall,Jugo naranja,Bebidas,2,1600,3200
3445,2026-08-04,Tienda Mall,Queso,Lácteos,2,4500,9000
3445,2026-08-04,Tienda Mall,Vino tinto,Alcohol,1,5000,5000
3446,2026-06-04,Tienda Sur,Agua mineral,Bebidas,3,900,2700
3446,2026-06-04,Tienda Sur,Bebida cola,Bebidas,1,1500,1500
3447,2026-07-14,Tienda Mall,Pan molde,Panadería,2,1800,3600
3448,2026-06-27,Tienda Norte,Azúcar,Café/Té,2,1300,2600
3448,2026-06-27,Tienda Norte,Café,Café/Té,2,4000,8000
3448,2026-06-27,Tienda Norte,Toallitas húmedas,Bebé,2,2200,4400
3449,2026-08-08,Tienda Centro,Azúcar,Café/Té,3,1300,3900
3449,2026-08-08,Tienda Centro,Café,Café/Té,2,4000,8000
3449,2026-08-08,Tienda Centro,Croissant,Panadería,1,900,900
3449,2026-08-08,Tienda Centro,Galletas,Snacks,1,1000,1000
3449,2026-08-08,Tienda Centro,Té,Café/Té,1,2500,2500
3450,2026-08-05,Tienda Sur,Bebida cola,Bebidas,1,1500,1500
3450,2026-08-05,Tienda Sur,Maní,Snacks,1,1200,1200
3451,2026-05-25,Tienda Norte,Bebida cola,Bebidas,1,1500,1500
3451,2026-05-25,Tienda Norte,Yogurt,Lácteos,1,800,800
3452,2026-07-15,Tienda Centro,Cloro,Limpieza,1,1400,1400
3452,2026-07-15,Tienda Centro,Queso,Lácteos,1,4500,4500
3453,2026-07-26,Tienda Norte,Azúcar,Café/Té,1,1300,1300
3453,2026-07-26,Tienda Norte,Galletas,Snacks,2,1000,2000
3453,2026-07-26,Tienda Norte,Jugo naranja,Bebidas,1,1600,1600
3454,2026-05-20,Tienda Mall,Papas fritas,Snacks,1,1800,1800
3455,2026-07-04,Tienda Mall,Cloro,Limpieza,3,1400,4200
3456,2026-07-07,Tienda Norte,Azúcar,Café/Té,2,1300,2600
3457,2026-06-04,Tienda Norte,Azúcar,Café/Té,1,1300,1300
3457,2026-06-04,Tienda Norte,Cloro,Limpieza,2,1400,2800
3457,2026-06-04,Tienda Norte,Detergente,Limpieza,1,5500,5500
3457,2026-06-04,Tienda Norte,Mantequilla,Lácteos,3,2500,7500
3458,2026-06-10,Tienda Mall,Agua mineral,Bebidas,1,900,900
3458,2026-06-10,Tienda Mall,Galletas,Snacks,1,1000,1000
3459,2026-06-16,Tienda Norte,Pan molde,Panadería,1,1800,1800
3460,2026-08-03,Tienda Mall,Cloro,Limpieza,3,1400,4200
3460,2026-08-03,Tienda Mall,Pan hallulla,Panadería,1,1500,1500
3461,2026-06-23,Tienda Sur,Agua mineral,Bebidas,1,900,900
3461,2026-06-23,Tienda Sur,Leche,Lácteos,1,1200,1200
3461,2026-06-23,Tienda Sur,Queso,Lácteos,3,4500,13500
3461,2026-06-23,Tienda Sur,Yogurt,Lácteos,1,800,800
3462,2026-06-24,Tienda Centro,Té,Café/Té,3,2500,7500
3463,2026-07-14,Tienda Sur,Agua mineral,Bebidas,1,900,900
3464,2026-05-23,Tienda Mall,Azúcar,Café/Té,1,1300,1300
3464,2026-05-23,Tienda Mall,Cloro,Limpieza,2,1400,2800
3464,2026-05-23,Tienda Mall,Galletas,Snacks,1,1000,1000
3465,2026-07-30,Tienda Norte,Agua mineral,Bebidas,1,900,900
3465,2026-07-30,Tienda Norte,Cloro,Limpieza,3,1400,4200
3465,2026-07-30,Tienda Norte,Detergente,Limpieza,2,5500,11000
3465,2026-07-30,Tienda Norte,Té,Café/Té,2,2500,5000
3466,2026-08-08,Tienda Sur,Agua mineral,Bebidas,1,900,900
3466,2026-08-08,Tienda Sur,Yogurt,Lácteos,1,800,800
3467,2026-08-01,Tienda Norte,Esponjas,Limpieza,1,1200,1200
3467,2026-08-01,Tienda Norte,Maní,Snacks,1,1200,1200
3467,2026-08-01,Tienda Norte,Papas fritas,Snacks,1,1800,1800
3467,2026-08-01,Tienda Norte,Queso,Lácteos,1,4500,4500
3468,2026-07-25,Tienda Mall,Pañales,Bebé,1,8000,8000
3468,2026-07-25,Tienda Mall,Queso,Lácteos,2,4500,9000
3468,2026-07-25,Tienda Mall,Toallitas húmedas,Bebé,1,2200,2200
3468,2026-07-25,Tienda Mall,Vino tinto,Alcohol,1,5000,5000
3469,2026-08-04,Tienda Centro,Azúcar,Café/Té,1,1300,1300
3469,2026-08-04,Tienda Centro,Bebida cola,Bebidas,1,1500,1500
3469,2026-08-04,Tienda Centro,Papas fritas,Snacks,1,1800,1800
3470,2026-07-14,Tienda Mall,Pan molde,Panadería,1,1800,1800
3470,2026-07-14,Tienda Mall,Queso,Lácteos,1,4500,4500
3470,2026-07-14,Tienda Mall,Toallitas húmedas,Bebé,1,2200,2200
3471,2026-06-01,Tienda Centro,Toallitas húmedas,Bebé,1,2200,2200
3472,2026-06-28,Tienda Centro,Queso,Lácteos,1,4500,4500
3472,2026-06-28,Tienda Centro,Yogurt,Lácteos,1,800,800
3473,2026-08-07,Tienda Norte,Agua mineral,Bebidas,2,900,1800
3473,2026-08-07,Tienda Norte,Cerveza,Alcohol,3,3500,10500
3473,2026-08-07,Tienda Norte,Pañales,Bebé,1,8000,8000
3473,2026-08-07,Tienda Norte,Toallitas húmedas,Bebé,3,2200,6600
3474,2026-06-21,Tienda Mall,Detergente,Limpieza,3,5500,16500
3474,2026-06-21,Tienda Mall,Jugo naranja,Bebidas,1,1600,1600
3474,2026-06-21,Tienda Mall,Pan molde,Panadería,1,1800,1800
3474,2026-06-21,Tienda Mall,Queso,Lácteos,3,4500,13500
3475,2026-07-07,Tienda Mall,Galletas,Snacks,1,1000,1000
3475,2026-07-07,Tienda Mall,Papas fritas,Snacks,1,1800,1800
3475,2026-07-07,Tienda Mall,Pañales,Bebé,1,8000,8000
3475,2026-07-07,Tienda Mall,Toallitas húmedas,Bebé,1,2200,2200
3476,2026-06-12,Tienda Norte,Jugo naranja,Bebidas,1,1600,1600
3476,2026-06-12,Tienda Norte,Maní,Snacks,1,1200,1200
3477,2026-07-05,Tienda Mall,Galletas,Snacks,2,1000,2000
3477,2026-07-05,Tienda Mall,Yogurt,Lácteos,2,800,1600
3478,2026-08-07,Tienda Mall,Cloro,Limpieza,1,1400,1400
3478,2026-08-07,Tienda Mall,Detergente,Limpieza,1,5500,5500
3479,2026-07-21,Tienda Mall,Leche,Lácteos,1,1200,1200
3480,2026-06-28,Tienda Centro,Azúcar,Café/Té,2,1300,2600
3480,2026-06-28,Tienda Centro,Café,Café/Té,2,4000,8000
3480,2026-06-28,Tienda Centro,Cloro,Limpieza,1,1400,1400
3480,2026-06-28,Tienda Centro,Galletas,Snacks,3,1000,3000
3481,2026-07-13,Tienda Sur,Azúcar,Café/Té,1,1300,1300
3481,2026-07-13,Tienda Sur,Esponjas,Limpieza,1,1200,1200
3482,2026-07-29,Tienda Mall,Cerveza,Alcohol,1,3500,3500
3482,2026-07-29,Tienda Mall,Pan hallulla,Panadería,2,1500,3000
3482,2026-07-29,Tienda Mall,Té,Café/Té,3,2500,7500
3483,2026-08-03,Tienda Sur,Esponjas,Limpieza,1,1200,1200
3483,2026-08-03,Tienda Sur,Maní,Snacks,2,1200,2400
3483,2026-08-03,Tienda Sur,Queso,Lácteos,1,4500,4500
3484,2026-07-07,Tienda Norte,Papas fritas,Snacks,2,1800,3600
3485,2026-08-12,Tienda Mall,Papas fritas,Snacks,2,1800,3600
3485,2026-08-12,Tienda Mall,Toallitas húmedas,Bebé,2,2200,4400
3485,2026-08-12,Tienda Mall,Vino tinto,Alcohol,1,5000,5000
3486,2026-08-11,Tienda Mall,Agua mineral,Bebidas,2,900,1800
3486,2026-08-11,Tienda Mall,Pañales,Bebé,1,8000,8000
3486,2026-08-11,Tienda Mall,Toallitas húmedas,Bebé,2,2200,4400
3487,2026-06-19,Tienda Sur,Agua mineral,Bebidas,1,900,900
3487,2026-06-19,Tienda Sur,Cerveza,Alcohol,1,3500,3500
3487,2026-06-19,Tienda Sur,Cloro,Limpieza,1,1400,1400
3487,2026-06-19,Tienda Sur,Detergente,Limpieza,1,5500,5500
3487,2026-06-19,Tienda Sur,Papas fritas,Snacks,2,1800,3600
3488,2026-08-14,Tienda Mall,Bebida cola,Bebidas,1,1500,1500
3488,2026-08-14,Tienda Mall,Detergente,Limpieza,2,5500,11000
3488,2026-08-14,Tienda Mall,Esponjas,Limpieza,1,1200,1200
3488,2026-08-14,Tienda Mall,Papas fritas,Snacks,2,1800,3600
3489,2026-05-24,Tienda Mall,Bebida cola,Bebidas,1,1500,1500
3489,2026-05-24,Tienda Mall,Papas fritas,Snacks,3,1800,5400
3489,2026-05-24,Tienda Mall,Vino tinto,Alcohol,1,5000,5000
3490,2026-06-12,Tienda Centro,Papas fritas,Snacks,1,1800,1800
3490,2026-06-12,Tienda Centro,Toallitas húmedas,Bebé,2,2200,4400
3491,2026-05-25,Tienda Sur,Azúcar,Café/Té,2,1300,2600
3491,2026-05-25,Tienda Sur,Bebida cola,Bebidas,1,1500,1500
3491,2026-05-25,Tienda Sur,Café,Café/Té,1,4000,4000
3491,2026-05-25,Tienda Sur,Mantequilla,Lácteos,3,2500,7500
3491,2026-05-25,Tienda Sur,Pan molde,Panadería,1,1800,1800
3492,2026-05-23,Tienda Sur,Mantequilla,Lácteos,1,2500,2500
3493,2026-07-25,Tienda Norte,Detergente,Limpieza,1,5500,5500
3493,2026-07-25,Tienda Norte,Esponjas,Limpieza,1,1200,1200
3493,2026-07-25,Tienda Norte,Galletas,Snacks,1,1000,1000
3493,2026-07-25,Tienda Norte,Pañales,Bebé,3,8000,24000
3493,2026-07-25,Tienda Norte,Toallitas húmedas,Bebé,3,2200,6600
3494,2026-07-09,Tienda Mall,Bebida cola,Bebidas,1,1500,1500
3494,2026-07-09,Tienda Mall,Mantequilla,Lácteos,2,2500,5000
3494,2026-07-09,Tienda Mall,Queso,Lácteos,1,4500,4500
3495,2026-06-22,Tienda Centro,Mantequilla,Lácteos,1,2500,2500
3495,2026-06-22,Tienda Centro,Pan hallulla,Panadería,2,1500,3000
3496,2026-05-26,Tienda Centro,Detergente,Limpieza,2,5500,11000
3496,2026-05-26,Tienda Centro,Esponjas,Limpieza,1,1200,1200
3497,2026-08-04,Tienda Sur,Jugo naranja,Bebidas,3,1600,4800
3498,2026-06-22,Tienda Mall,Azúcar,Café/Té,1,1300,1300
3498,2026-06-22,Tienda Mall,Café,Café/Té,1,4000,4000
3498,2026-06-22,Tienda Mall,Cloro,Limpieza,1,1400,1400
3498,2026-06-22,Tienda Mall,Detergente,Limpieza,1,5500,5500
3498,2026-06-22,Tienda Mall,Esponjas,Limpieza,2,1200,2400
3499,2026-07-06,Tienda Sur,Café,Café/Té,2,4000,8000
3499,2026-07-06,Tienda Sur,Pañales,Bebé,1,8000,8000
3499,2026-07-06,Tienda Sur,Toallitas húmedas,Bebé,1,2200,2200
3499,2026-07-06,Tienda Sur,Té,Café/Té,1,2500,2500
3500,2026-07-18,Tienda Centro,Azúcar,Café/Té,1,1300,1300
3500,2026-07-18,Tienda Centro,Café,Café/Té,3,4000,12000
3500,2026-07-18,Tienda Centro,Cerveza,Alcohol,3,3500,10500
3500,2026-07-18,Tienda Centro,Papas fritas,Snacks,1,1800,1800
3500,2026-07-18,Tienda Centro,Té,Café/Té,1,2500,2500
3501,2026-07-10,Tienda Centro,Leche,Lácteos,1,1200,1200
3501,2026-07-10,Tienda Centro,Mantequilla,Lácteos,1,2500,2500
3501,2026-07-10,Tienda Centro,Pañales,Bebé,1,8000,8000
3501,2026-07-10,Tienda Centro,Toallitas húmedas,Bebé,1,2200,2200
3502,2026-08-14,Tienda Centro,Azúcar,Café/Té,2,1300,2600
3502,2026-08-14,Tienda Centro,Bebida cola,Bebidas,1,1500,1500
3502,2026-08-14,Tienda Centro,Café,Café/Té,3,4000,12000
3502,2026-08-14,Tienda Centro,Papas fritas,Snacks,1,1800,1800
3502,2026-08-14,Tienda Centro,Queso,Lácteos,1,4500,4500
3503,2026-05-25,Tienda Mall,Leche,Lácteos,3,1200,3600
3503,2026-05-25,Tienda Mall,Mantequilla,Lácteos,1,2500,2500
3503,2026-05-25,Tienda Mall,Pan molde,Panadería,2,1800,3600
3503,2026-05-25,Tienda Mall,Vino tinto,Alcohol,1,5000,5000
3504,2026-06-27,Tienda Mall,Agua mineral,Bebidas,2,900,1800
3504,2026-06-27,Tienda Mall,Té,Café/Té,1,2500,2500
3505,2026-07-25,Tienda Sur,Cerveza,Alcohol,1,3500,3500
3505,2026-07-25,Tienda Sur,Maní,Snacks,1,1200,1200
3506,2026-06-22,Tienda Norte,Pan hallulla,Panadería,1,1500,1500
3506,2026-06-22,Tienda Norte,Queso,Lácteos,2,4500,9000
3506,2026-06-22,Tienda Norte,Té,Café/Té,1,2500,2500
3507,2026-08-12,Tienda Mall,Agua mineral,Bebidas,2,900,1800
3507,2026-08-12,Tienda Mall,Bebida cola,Bebidas,1,1500,1500
3507,2026-08-12,Tienda Mall,Croissant,Panadería,1,900,900
3508,2026-06-23,Tienda Sur,Azúcar,Café/Té,3,1300,3900
3508,2026-06-23,Tienda Sur,Cloro,Limpieza,3,1400,4200
3508,2026-06-23,Tienda Sur,Pan hallulla,Panadería,1,1500,1500
3508,2026-06-23,Tienda Sur,Pañales,Bebé,1,8000,8000
3508,2026-06-23,Tienda Sur,Queso,Lácteos,1,4500,4500
3509,2026-05-20,Tienda Sur,Toallitas húmedas,Bebé,1,2200,2200
3510,2026-05-26,Tienda Centro,Cloro,Limpieza,3,1400,4200
3510,2026-05-26,Tienda Centro,Detergente,Limpieza,1,5500,5500
3510,2026-05-26,Tienda Centro,Esponjas,Limpieza,1,1200,1200
3510,2026-05-26,Tienda Centro,Queso,Lácteos,1,4500,4500
3510,2026-05-26,Tienda Centro,Yogurt,Lácteos,1,800,800
3511,2026-08-04,Tienda Norte,Agua mineral,Bebidas,1,900,900
3511,2026-08-04,Tienda Norte,Mantequilla,Lácteos,2,2500,5000
3511,2026-08-04,Tienda Norte,Pan molde,Panadería,1,1800,1800
3511,2026-08-04,Tienda Norte,Papas fritas,Snacks,2,1800,3600
3511,2026-08-04,Tienda Norte,Vino tinto,Alcohol,1,5000,5000
3512,2026-06-12,Tienda Mall,Mantequilla,Lácteos,1,2500,2500
3512,2026-06-12,Tienda Mall,Pan molde,Panadería,1,1800,1800
3512,2026-06-12,Tienda Mall,Yogurt,Lácteos,1,800,800
3513,2026-06-30,Tienda Centro,Mantequilla,Lácteos,1,2500,2500
3514,2026-08-13,Tienda Norte,Azúcar,Café/Té,2,1300,2600
3514,2026-08-13,Tienda Norte,Esponjas,Limpieza,1,1200,1200
3514,2026-08-13,Tienda Norte,Papas fritas,Snacks,2,1800,3600
3514,2026-08-13,Tienda Norte,Té,Café/Té,2,2500,5000
3515,2026-05-24,Tienda Norte,Jugo naranja,Bebidas,2,1600,3200
3515,2026-05-24,Tienda Norte,Mantequilla,Lácteos,1,2500,2500
3515,2026-05-24,Tienda Norte,Pan hallulla,Panadería,1,1500,1500
3515,2026-05-24,Tienda Norte,Queso,Lácteos,1,4500,4500
3515,2026-05-24,Tienda Norte,Té,Café/Té,2,2500,5000
3515,2026-05-24,Tienda Norte,Vino tinto,Alcohol,3,5000,15000
3516,2026-06-08,Tienda Sur,Cerveza,Alcohol,1,3500,3500
3516,2026-06-08,Tienda Sur,Cloro,Limpieza,1,1400,1400
3516,2026-06-08,Tienda Sur,Detergente,Limpieza,2,5500,11000
3516,2026-06-08,Tienda Sur,Papas fritas,Snacks,1,1800,1800
3517,2026-07-24,Tienda Norte,Agua mineral,Bebidas,1,900,900
3517,2026-07-24,Tienda Norte,Mantequilla,Lácteos,2,2500,5000
3518,2026-06-01,Tienda Sur,Queso,Lácteos,1,4500,4500
3518,2026-06-01,Tienda Sur,Vino tinto,Alcohol,1,5000,5000
3519,2026-07-26,Tienda Centro,Cerveza,Alcohol,2,3500,7000
3519,2026-07-26,Tienda Centro,Papas fritas,Snacks,2,1800,3600
3519,2026-07-26,Tienda Centro,Pañales,Bebé,1,8000,8000
3519,2026-07-26,Tienda Centro,Toallitas húmedas,Bebé,2,2200,4400
3520,2026-06-22,Tienda Mall,Cerveza,Alcohol,1,3500,3500
3520,2026-06-22,Tienda Mall,Cloro,Limpieza,1,1400,1400
3520,2026-06-22,Tienda Mall,Papas fritas,Snacks,1,1800,1800
3521,2026-06-03,Tienda Sur,Mantequilla,Lácteos,1,2500,2500
3521,2026-06-03,Tienda Sur,Pañales,Bebé,2,8000,16000
3521,2026-06-03,Tienda Sur,Toallitas húmedas,Bebé,1,2200,2200
3521,2026-06-03,Tienda Sur,Té,Café/Té,3,2500,7500
3522,2026-07-11,Tienda Sur,Toallitas húmedas,Bebé,2,2200,4400
3522,2026-07-11,Tienda Sur,Vino tinto,Alcohol,1,5000,5000
3523,2026-07-01,Tienda Centro,Esponjas,Limpieza,1,1200,1200
3523,2026-07-01,Tienda Centro,Mantequilla,Lácteos,2,2500,5000
3523,2026-07-01,Tienda Centro,Té,Café/Té,1,2500,2500
3524,2026-07-16,Tienda Mall,Agua mineral,Bebidas,1,900,900
3524,2026-07-16,Tienda Mall,Pañales,Bebé,1,8000,8000
3524,2026-07-16,Tienda Mall,Queso,Lácteos,2,4500,9000
3524,2026-07-16,Tienda Mall,Toallitas húmedas,Bebé,2,2200,4400
3524,2026-07-16,Tienda Mall,Vino tinto,Alcohol,2,5000,10000
3524,2026-07-16,Tienda Mall,Yogurt,Lácteos,1,800,800
3525,2026-08-04,Tienda Mall,Café,Café/Té,1,4000,4000
3525,2026-08-04,Tienda Mall,Mantequilla,Lácteos,2,2500,5000
3525,2026-08-04,Tienda Mall,Pan hallulla,Panadería,1,1500,1500
3525,2026-08-04,Tienda Mall,Pan molde,Panadería,1,1800,1800
3526,2026-06-02,Tienda Mall,Cloro,Limpieza,1,1400,1400
3526,2026-06-02,Tienda Mall,Queso,Lácteos,2,4500,9000
3527,2026-08-12,Tienda Mall,Cerveza,Alcohol,2,3500,7000
3527,2026-08-12,Tienda Mall,Maní,Snacks,3,1200,3600
3527,2026-08-12,Tienda Mall,Papas fritas,Snacks,2,1800,3600
3528,2026-07-14,Tienda Mall,Mantequilla,Lácteos,2,2500,5000
3528,2026-07-14,Tienda Mall,Pan molde,Panadería,3,1800,5400
3528,2026-07-14,Tienda Mall,Papas fritas,Snacks,1,1800,1800
3529,2026-08-14,Tienda Mall,Croissant,Panadería,3,900,2700
3529,2026-08-14,Tienda Mall,Queso,Lácteos,2,4500,9000
3530,2026-06-03,Tienda Norte,Azúcar,Café/Té,1,1300,1300
3530,2026-06-03,Tienda Norte,Café,Café/Té,2,4000,8000
3530,2026-06-03,Tienda Norte,Detergente,Limpieza,1,5500,5500
3530,2026-06-03,Tienda Norte,Esponjas,Limpieza,1,1200,1200
3531,2026-07-02,Tienda Sur,Azúcar,Café/Té,3,1300,3900
3531,2026-07-02,Tienda Sur,Leche,Lácteos,1,1200,1200
3531,2026-07-02,Tienda Sur,Maní,Snacks,1,1200,1200
3531,2026-07-02,Tienda Sur,Yogurt,Lácteos,2,800,1600
3532,2026-08-12,Tienda Mall,Azúcar,Café/Té,1,1300,1300
3532,2026-08-12,Tienda Mall,Maní,Snacks,3,1200,3600
3532,2026-08-12,Tienda Mall,Pan hallulla,Panadería,2,1500,3000
3532,2026-08-12,Tienda Mall,Té,Café/Té,1,2500,2500
3533,2026-07-23,Tienda Mall,Jugo naranja,Bebidas,2,1600,3200
3533,2026-07-23,Tienda Mall,Mantequilla,Lácteos,1,2500,2500
3533,2026-07-23,Tienda Mall,Pan hallulla,Panadería,1,1500,1500
3533,2026-07-23,Tienda Mall,Queso,Lácteos,2,4500,9000
3534,2026-05-31,Tienda Mall,Bebida cola,Bebidas,2,1500,3000
3534,2026-05-31,Tienda Mall,Papas fritas,Snacks,2,1800,3600
3535,2026-08-06,Tienda Norte,Cloro,Limpieza,2,1400,2800
3535,2026-08-06,Tienda Norte,Maní,Snacks,3,1200,3600
3535,2026-08-06,Tienda Norte,Pan hallulla,Panadería,1,1500,1500
3536,2026-08-10,Tienda Centro,Azúcar,Café/Té,1,1300,1300
3536,2026-08-10,Tienda Centro,Pan hallulla,Panadería,1,1500,1500
3536,2026-08-10,Tienda Centro,Queso,Lácteos,1,4500,4500
3536,2026-08-10,Tienda Centro,Vino tinto,Alcohol,1,5000,5000
3537,2026-08-06,Tienda Norte,Bebida cola,Bebidas,1,1500,1500
3537,2026-08-06,Tienda Norte,Esponjas,Limpieza,1,1200,1200
3537,2026-08-06,Tienda Norte,Queso,Lácteos,1,4500,4500
3538,2026-05-20,Tienda Norte,Detergente,Limpieza,3,5500,16500
3538,2026-05-20,Tienda Norte,Galletas,Snacks,1,1000,1000
3539,2026-07-27,Tienda Norte,Galletas,Snacks,1,1000,1000
3539,2026-07-27,Tienda Norte,Jugo naranja,Bebidas,2,1600,3200
3540,2026-07-11,Tienda Mall,Agua mineral,Bebidas,2,900,1800
3540,2026-07-11,Tienda Mall,Bebida cola,Bebidas,2,1500,3000
3541,2026-07-28,Tienda Norte,Croissant,Panadería,1,900,900
3541,2026-07-28,Tienda Norte,Esponjas,Limpieza,1,1200,1200
3542,2026-07-10,Tienda Mall,Agua mineral,Bebidas,2,900,1800
3542,2026-07-10,Tienda Mall,Mantequilla,Lácteos,1,2500,2500
3543,2026-06-24,Tienda Centro,Azúcar,Café/Té,1,1300,1300
3543,2026-06-24,Tienda Centro,Cloro,Limpieza,1,1400,1400
3543,2026-06-24,Tienda Centro,Detergente,Limpieza,2,5500,11000
3544,2026-07-11,Tienda Norte,Cerveza,Alcohol,2,3500,7000
3544,2026-07-11,Tienda Norte,Detergente,Limpieza,1,5500,5500
3544,2026-07-11,Tienda Norte,Maní,Snacks,1,1200,1200
3544,2026-07-11,Tienda Norte,Papas fritas,Snacks,1,1800,1800
3545,2026-07-26,Tienda Mall,Agua mineral,Bebidas,2,900,1800
3545,2026-07-26,Tienda Mall,Jugo naranja,Bebidas,1,1600,1600
3545,2026-07-26,Tienda Mall,Papas fritas,Snacks,2,1800,3600
3546,2026-08-06,Tienda Sur,Cerveza,Alcohol,1,3500,3500
3546,2026-08-06,Tienda Sur,Maní,Snacks,1,1200,1200
3546,2026-08-06,Tienda Sur,Papas fritas,Snacks,3,1800,5400
3547,2026-08-08,Tienda Mall,Azúcar,Café/Té,1,1300,1300
3547,2026-08-08,Tienda Mall,Mantequilla,Lácteos,1,2500,2500
3547,2026-08-08,Tienda Mall,Pan molde,Panadería,3,1800,5400
3547,2026-08-08,Tienda Mall,Pañales,Bebé,1,8000,8000
3548,2026-06-04,Tienda Norte,Bebida cola,Bebidas,1,1500,1500
3548,2026-06-04,Tienda Norte,Mantequilla,Lácteos,1,2500,2500
3548,2026-06-04,Tienda Norte,Pañales,Bebé,1,8000,8000
3548,2026-06-04,Tienda Norte,Toallitas húmedas,Bebé,1,2200,2200
3549,2026-05-26,Tienda Norte,Bebida cola,Bebidas,1,1500,1500
3549,2026-05-26,Tienda Norte,Café,Café/Té,2,4000,8000
3549,2026-05-26,Tienda Norte,Papas fritas,Snacks,1,1800,1800
3550,2026-07-11,Tienda Mall,Azúcar,Café/Té,1,1300,1300
3550,2026-07-11,Tienda Mall,Café,Café/Té,2,4000,8000
3550,2026-07-11,Tienda Mall,Cerveza,Alcohol,1,3500,3500
3550,2026-07-11,Tienda Mall,Esponjas,Limpieza,2,1200,2400
3550,2026-07-11,Tienda Mall,Galletas,Snacks,1,1000,1000
3550,2026-07-11,Tienda Mall,Maní,Snacks,1,1200,1200
3550,2026-07-11,Tienda Mall,Papas fritas,Snacks,1,1800,1800
3550,2026-07-11,Tienda Mall,Té,Café/Té,2,2500,5000
3551,2026-07-06,Tienda Mall,Azúcar,Café/Té,1,1300,1300
3551,2026-07-06,Tienda Mall,Cloro,Limpieza,2,1400,2800
3552,2026-07-02,Tienda Centro,Detergente,Limpieza,1,5500,5500
3552,2026-07-02,Tienda Centro,Mantequilla,Lácteos,1,2500,2500
3552,2026-07-02,Tienda Centro,Papas fritas,Snacks,1,1800,1800
3553,2026-06-16,Tienda Mall,Galletas,Snacks,1,1000,1000
3553,2026-06-16,Tienda Mall,Mantequilla,Lácteos,1,2500,2500
3553,2026-06-16,Tienda Mall,Pan hallulla,Panadería,1,1500,1500
3553,2026-06-16,Tienda Mall,Queso,Lácteos,1,4500,4500
3553,2026-06-16,Tienda Mall,Vino tinto,Alcohol,1,5000,5000
3553,2026-06-16,Tienda Mall,Yogurt,Lácteos,1,800,800
3554,2026-08-15,Tienda Mall,Esponjas,Limpieza,1,1200,1200
3554,2026-08-15,Tienda Mall,Galletas,Snacks,1,1000,1000
3555,2026-05-26,Tienda Norte,Cloro,Limpieza,1,1400,1400
3555,2026-05-26,Tienda Norte,Detergente,Limpieza,1,5500,5500
3555,2026-05-26,Tienda Norte,Pañales,Bebé,1,8000,8000
3555,2026-05-26,Tienda Norte,Toallitas húmedas,Bebé,1,2200,2200
3556,2026-06-17,Tienda Sur,Azúcar,Café/Té,2,1300,2600
3556,2026-06-17,Tienda Sur,Cerveza,Alcohol,2,3500,7000
3556,2026-06-17,Tienda Sur,Pan hallulla,Panadería,1,1500,1500
3557,2026-07-19,Tienda Mall,Queso,Lácteos,2,4500,9000
3557,2026-07-19,Tienda Mall,Yogurt,Lácteos,1,800,800
3558,2026-08-16,Tienda Centro,Azúcar,Café/Té,1,1300,1300
3558,2026-08-16,Tienda Centro,Mantequilla,Lácteos,1,2500,2500
3558,2026-08-16,Tienda Centro,Queso,Lácteos,3,4500,13500
3559,2026-07-23,Tienda Centro,Azúcar,Café/Té,1,1300,1300
3559,2026-07-23,Tienda Centro,Café,Café/Té,2,4000,8000
3559,2026-07-23,Tienda Centro,Mantequilla,Lácteos,1,2500,2500
3559,2026-07-23,Tienda Centro,Pan hallulla,Panadería,2,1500,3000
3559,2026-07-23,Tienda Centro,Vino tinto,Alcohol,1,5000,5000
3560,2026-08-07,Tienda Centro,Azúcar,Café/Té,1,1300,1300
3560,2026-08-07,Tienda Centro,Café,Café/Té,1,4000,4000
3560,2026-08-07,Tienda Centro,Galletas,Snacks,3,1000,3000
3560,2026-08-07,Tienda Centro,Mantequilla,Lácteos,2,2500,5000
3561,2026-06-16,Tienda Sur,Azúcar,Café/Té,2,1300,2600
3561,2026-06-16,Tienda Sur,Jugo naranja,Bebidas,2,1600,3200
3561,2026-06-16,Tienda Sur,Pan hallulla,Panadería,1,1500,1500
3561,2026-06-16,Tienda Sur,Queso,Lácteos,1,4500,4500
3561,2026-06-16,Tienda Sur,Té,Café/Té,1,2500,2500
3562,2026-05-21,Tienda Norte,Leche,Lácteos,1,1200,1200
3562,2026-05-21,Tienda Norte,Mantequilla,Lácteos,1,2500,2500
3562,2026-05-21,Tienda Norte,Papas fritas,Snacks,1,1800,1800
3563,2026-06-14,Tienda Mall,Galletas,Snacks,1,1000,1000
3564,2026-06-08,Tienda Centro,Croissant,Panadería,1,900,900
3564,2026-06-08,Tienda Centro,Toallitas húmedas,Bebé,1,2200,2200
3565,2026-05-31,Tienda Norte,Maní,Snacks,1,1200,1200
3565,2026-05-31,Tienda Norte,Queso,Lácteos,1,4500,4500
3565,2026-05-31,Tienda Norte,Vino tinto,Alcohol,1,5000,5000
3566,2026-07-11,Tienda Sur,Maní,Snacks,1,1200,1200
3566,2026-07-11,Tienda Sur,Pan molde,Panadería,1,1800,1800
3566,2026-07-11,Tienda Sur,Queso,Lácteos,1,4500,4500
3567,2026-06-06,Tienda Centro,Café,Café/Té,1,4000,4000
3567,2026-06-06,Tienda Centro,Detergente,Limpieza,3,5500,16500
3567,2026-06-06,Tienda Centro,Esponjas,Limpieza,2,1200,2400
3567,2026-06-06,Tienda Centro,Galletas,Snacks,2,1000,2000
3567,2026-06-06,Tienda Centro,Papas fritas,Snacks,2,1800,3600
3568,2026-07-14,Tienda Mall,Pañales,Bebé,1,8000,8000
3568,2026-07-14,Tienda Mall,Toallitas húmedas,Bebé,1,2200,2200
3569,2026-06-11,Tienda Centro,Croissant,Panadería,2,900,1800
3569,2026-06-11,Tienda Centro,Galletas,Snacks,1,1000,1000
3569,2026-06-11,Tienda Centro,Papas fritas,Snacks,2,1800,3600
3570,2026-06-19,Tienda Sur,Bebida cola,Bebidas,2,1500,3000
3570,2026-06-19,Tienda Sur,Papas fritas,Snacks,1,1800,1800
3570,2026-06-19,Tienda Sur,Pañales,Bebé,1,8000,8000
3570,2026-06-19,Tienda Sur,Queso,Lácteos,1,4500,4500
3571,2026-06-29,Tienda Centro,Café,Café/Té,2,4000,8000
3571,2026-06-29,Tienda Centro,Cerveza,Alcohol,2,3500,7000
3571,2026-06-29,Tienda Centro,Maní,Snacks,1,1200,1200
3571,2026-06-29,Tienda Centro,Papas fritas,Snacks,1,1800,1800
3572,2026-06-11,Tienda Mall,Cerveza,Alcohol,1,3500,3500
3572,2026-06-11,Tienda Mall,Maní,Snacks,1,1200,1200
3572,2026-06-11,Tienda Mall,Té,Café/Té,1,2500,2500
3573,2026-05-28,Tienda Centro,Azúcar,Café/Té,1,1300,1300
3573,2026-05-28,Tienda Centro,Jugo naranja,Bebidas,2,1600,3200
3574,2026-06-01,Tienda Centro,Jugo naranja,Bebidas,2,1600,3200
3574,2026-06-01,Tienda Centro,Papas fritas,Snacks,2,1800,3600
3574,2026-06-01,Tienda Centro,Queso,Lácteos,1,4500,4500
3575,2026-07-12,Tienda Norte,Café,Café/Té,2,4000,8000
3575,2026-07-12,Tienda Norte,Cerveza,Alcohol,2,3500,7000
3575,2026-07-12,Tienda Norte,Galletas,Snacks,1,1000,1000
3575,2026-07-12,Tienda Norte,Mantequilla,Lácteos,2,2500,5000
3575,2026-07-12,Tienda Norte,Maní,Snacks,1,1200,1200
3575,2026-07-12,Tienda Norte,Pan molde,Panadería,1,1800,1800
3576,2026-07-16,Tienda Centro,Galletas,Snacks,1,1000,1000
3576,2026-07-16,Tienda Centro,Leche,Lácteos,3,1200,3600
3576,2026-07-16,Tienda Centro,Mantequilla,Lácteos,1,2500,2500
3577,2026-05-27,Tienda Centro,Cerveza,Alcohol,2,3500,7000
3577,2026-05-27,Tienda Centro,Esponjas,Limpieza,1,1200,1200
3577,2026-05-27,Tienda Centro,Papas fritas,Snacks,1,1800,1800
3577,2026-05-27,Tienda Centro,Toallitas húmedas,Bebé,2,2200,4400
3578,2026-07-31,Tienda Mall,Detergente,Limpieza,1,5500,5500
3579,2026-06-02,Tienda Mall,Galletas,Snacks,1,1000,1000
3579,2026-06-02,Tienda Mall,Queso,Lácteos,1,4500,4500
3579,2026-06-02,Tienda Mall,Vino tinto,Alcohol,2,5000,10000
3580,2026-08-16,Tienda Norte,Esponjas,Limpieza,1,1200,1200
3581,2026-05-27,Tienda Sur,Croissant,Panadería,1,900,900
3581,2026-05-27,Tienda Sur,Papas fritas,Snacks,1,1800,1800
3581,2026-05-27,Tienda Sur,Pañales,Bebé,1,8000,8000
3581,2026-05-27,Tienda Sur,Toallitas húmedas,Bebé,1,2200,2200
3582,2026-07-07,Tienda Sur,Azúcar,Café/Té,1,1300,1300
3582,2026-07-07,Tienda Sur,Pan molde,Panadería,2,1800,3600
3582,2026-07-07,Tienda Sur,Queso,Lácteos,2,4500,9000
3582,2026-07-07,Tienda Sur,Toallitas húmedas,Bebé,1,2200,2200
3582,2026-07-07,Tienda Sur,Té,Café/Té,3,2500,7500
3583,2026-07-04,Tienda Norte,Cerveza,Alcohol,1,3500,3500
3583,2026-07-04,Tienda Norte,Pañales,Bebé,1,8000,8000
3583,2026-07-04,Tienda Norte,Queso,Lácteos,1,4500,4500
3583,2026-07-04,Tienda Norte,Toallitas húmedas,Bebé,1,2200,2200
3583,2026-07-04,Tienda Norte,Vino tinto,Alcohol,1,5000,5000
3584,2026-08-10,Tienda Sur,Detergente,Limpieza,2,5500,11000
3584,2026-08-10,Tienda Sur,Yogurt,Lácteos,1,800,800
3585,2026-06-05,Tienda Mall,Azúcar,Café/Té,1,1300,1300
3585,2026-06-05,Tienda Mall,Croissant,Panadería,2,900,1800
3585,2026-06-05,Tienda Mall,Leche,Lácteos,1,1200,1200
3586,2026-06-04,Tienda Centro,Bebida cola,Bebidas,1,1500,1500
3586,2026-06-04,Tienda Centro,Mantequilla,Lácteos,1,2500,2500
3586,2026-06-04,Tienda Centro,Maní,Snacks,2,1200,2400
3586,2026-06-04,Tienda Centro,Pan molde,Panadería,3,1800,5400
3586,2026-06-04,Tienda Centro,Pañales,Bebé,1,8000,8000
3586,2026-06-04,Tienda Centro,Toallitas húmedas,Bebé,1,2200,2200
3587,2026-06-10,Tienda Centro,Cloro,Limpieza,1,1400,1400
3587,2026-06-10,Tienda Centro,Esponjas,Limpieza,1,1200,1200
3588,2026-07-21,Tienda Mall,Agua mineral,Bebidas,1,900,900
3588,2026-07-21,Tienda Mall,Cloro,Limpieza,1,1400,1400
3588,2026-07-21,Tienda Mall,Croissant,Panadería,1,900,900
3589,2026-06-05,Tienda Centro,Cerveza,Alcohol,2,3500,7000
3589,2026-06-05,Tienda Centro,Papas fritas,Snacks,2,1800,3600
3590,2026-06-28,Tienda Mall,Azúcar,Café/Té,3,1300,3900
3590,2026-06-28,Tienda Mall,Café,Café/Té,1,4000,4000
3591,2026-08-17,Tienda Centro,Mantequilla,Lácteos,1,2500,2500
3591,2026-08-17,Tienda Centro,Pan hallulla,Panadería,1,1500,1500
3591,2026-08-17,Tienda Centro,Queso,Lácteos,2,4500,9000
3591,2026-08-17,Tienda Centro,Vino tinto,Alcohol,2,5000,10000
3591,2026-08-17,Tienda Centro,Yogurt,Lácteos,1,800,800
3592,2026-08-12,Tienda Mall,Azúcar,Café/Té,1,1300,1300
3592,2026-08-12,Tienda Mall,Cloro,Limpieza,1,1400,1400
3592,2026-08-12,Tienda Mall,Toallitas húmedas,Bebé,1,2200,2200
3592,2026-08-12,Tienda Mall,Té,Café/Té,1,2500,2500
3593,2026-06-23,Tienda Mall,Azúcar,Café/Té,1,1300,1300
3593,2026-06-23,Tienda Mall,Queso,Lácteos,1,4500,4500
3593,2026-06-23,Tienda Mall,Vino tinto,Alcohol,2,5000,10000
3594,2026-06-22,Tienda Mall,Azúcar,Café/Té,1,1300,1300
3594,2026-06-22,Tienda Mall,Café,Café/Té,1,4000,4000
3594,2026-06-22,Tienda Mall,Galletas,Snacks,1,1000,1000
3594,2026-06-22,Tienda Mall,Jugo naranja,Bebidas,1,1600,1600
3594,2026-06-22,Tienda Mall,Toallitas húmedas,Bebé,1,2200,2200
3595,2026-06-16,Tienda Norte,Pañales,Bebé,1,8000,8000
3595,2026-06-16,Tienda Norte,Toallitas húmedas,Bebé,1,2200,2200
3596,2026-05-24,Tienda Centro,Esponjas,Limpieza,1,1200,1200
3596,2026-05-24,Tienda Centro,Pan hallulla,Panadería,1,1500,1500
3596,2026-05-24,Tienda Centro,Papas fritas,Snacks,2,1800,3600
3597,2026-06-03,Tienda Centro,Cerveza,Alcohol,1,3500,3500
3597,2026-06-03,Tienda Centro,Pañales,Bebé,1,8000,8000
3597,2026-06-03,Tienda Centro,Queso,Lácteos,1,4500,4500
3597,2026-06-03,Tienda Centro,Toallitas húmedas,Bebé,1,2200,2200
3598,2026-07-30,Tienda Norte,Cloro,Limpieza,2,1400,2800
3598,2026-07-30,Tienda Norte,Detergente,Limpieza,2,5500,11000
3598,2026-07-30,Tienda Norte,Esponjas,Limpieza,1,1200,1200
3599,2026-06-18,Tienda Norte,Cerveza,Alcohol,1,3500,3500
3599,2026-06-18,Tienda Norte,Maní,Snacks,1,1200,1200
3599,2026-06-18,Tienda Norte,Papas fritas,Snacks,2,1800,3600
3599,2026-06-18,Tienda Norte,Yogurt,Lácteos,3,800,2400
3600,2026-06-21,Tienda Mall,Leche,Lácteos,1,1200,1200
3600,2026-06-21,Tienda Mall,Yogurt,Lácteos,1,800,800
3601,2026-08-13,Tienda Norte,Leche,Lácteos,1,1200,1200
3601,2026-08-13,Tienda Norte,Queso,Lácteos,1,4500,4500
3601,2026-08-13,Tienda Norte,Vino tinto,Alcohol,1,5000,5000
3602,2026-08-02,Tienda Norte,Detergente,Limpieza,2,5500,11000
3603,2026-05-21,Tienda Norte,Agua mineral,Bebidas,2,900,1800
3603,2026-05-21,Tienda Norte,Cloro,Limpieza,2,1400,2800
3604,2026-07-06,Tienda Centro,Café,Café/Té,2,4000,8000
3604,2026-07-06,Tienda Centro,Esponjas,Limpieza,1,1200,1200
3605,2026-07-17,Tienda Sur,Cloro,Limpieza,1,1400,1400
3605,2026-07-17,Tienda Sur,Mantequilla,Lácteos,1,2500,2500
3606,2026-06-29,Tienda Norte,Azúcar,Café/Té,1,1300,1300
3606,2026-06-29,Tienda Norte,Esponjas,Limpieza,1,1200,1200
3606,2026-06-29,Tienda Norte,Té,Café/Té,1,2500,2500
3607,2026-08-03,Tienda Norte,Galletas,Snacks,2,1000,2000
3607,2026-08-03,Tienda Norte,Pan hallulla,Panadería,1,1500,1500
3607,2026-08-03,Tienda Norte,Yogurt,Lácteos,1,800,800
3608,2026-07-06,Tienda Mall,Maní,Snacks,1,1200,1200
3608,2026-07-06,Tienda Mall,Toallitas húmedas,Bebé,1,2200,2200
3608,2026-07-06,Tienda Mall,Yogurt,Lácteos,1,800,800
3609,2026-07-27,Tienda Mall,Azúcar,Café/Té,2,1300,2600
3609,2026-07-27,Tienda Mall,Galletas,Snacks,1,1000,1000
3609,2026-07-27,Tienda Mall,Mantequilla,Lácteos,3,2500,7500
3609,2026-07-27,Tienda Mall,Pan molde,Panadería,1,1800,1800
3609,2026-07-27,Tienda Mall,Queso,Lácteos,1,4500,4500
3609,2026-07-27,Tienda Mall,Té,Café/Té,2,2500,5000
3610,2026-05-27,Tienda Centro,Mantequilla,Lácteos,2,2500,5000
3611,2026-08-03,Tienda Mall,Queso,Lácteos,1,4500,4500
3611,2026-08-03,Tienda Mall,Vino tinto,Alcohol,1,5000,5000
3612,2026-05-20,Tienda Centro,Azúcar,Café/Té,1,1300,1300
3612,2026-05-20,Tienda Centro,Croissant,Panadería,1,900,900
3612,2026-05-20,Tienda Centro,Té,Café/Té,3,2500,7500
3613,2026-08-10,Tienda Centro,Detergente,Limpieza,3,5500,16500
3613,2026-08-10,Tienda Centro,Mantequilla,Lácteos,1,2500,2500
3614,2026-07-26,Tienda Sur,Cloro,Limpieza,1,1400,1400
3614,2026-07-26,Tienda Sur,Croissant,Panadería,1,900,900
3614,2026-07-26,Tienda Sur,Detergente,Limpieza,1,5500,5500
3614,2026-07-26,Tienda Sur,Leche,Lácteos,1,1200,1200
3615,2026-08-10,Tienda Centro,Cloro,Limpieza,1,1400,1400
3615,2026-08-10,Tienda Centro,Jugo naranja,Bebidas,1,1600,1600
3615,2026-08-10,Tienda Centro,Maní,Snacks,2,1200,2400
3616,2026-07-01,Tienda Sur,Pan molde,Panadería,2,1800,3600
3616,2026-07-01,Tienda Sur,Yogurt,Lácteos,1,800,800
3617,2026-06-21,Tienda Mall,Esponjas,Limpieza,1,1200,1200
3617,2026-06-21,Tienda Mall,Mantequilla,Lácteos,1,2500,2500
3617,2026-06-21,Tienda Mall,Yogurt,Lácteos,1,800,800
3618,2026-05-30,Tienda Mall,Bebida cola,Bebidas,1,1500,1500
3618,2026-05-30,Tienda Mall,Jugo naranja,Bebidas,1,1600,1600
3618,2026-05-30,Tienda Mall,Papas fritas,Snacks,3,1800,5400
3619,2026-08-07,Tienda Sur,Agua mineral,Bebidas,1,900,900
3619,2026-08-07,Tienda Sur,Azúcar,Café/Té,2,1300,2600
3619,2026-08-07,Tienda Sur,Café,Café/Té,1,4000,4000
3619,2026-08-07,Tienda Sur,Cloro,Limpieza,1,1400,1400
3620,2026-05-29,Tienda Centro,Leche,Lácteos,1,1200,1200
3620,2026-05-29,Tienda Centro,Queso,Lácteos,1,4500,4500
3620,2026-05-29,Tienda Centro,Vino tinto,Alcohol,1,5000,5000
3621,2026-05-30,Tienda Norte,Yogurt,Lácteos,1,800,800
3622,2026-08-09,Tienda Centro,Croissant,Panadería,1,900,900
3622,2026-08-09,Tienda Centro,Papas fritas,Snacks,1,1800,1800
3623,2026-08-05,Tienda Sur,Cloro,Limpieza,1,1400,1400
3623,2026-08-05,Tienda Sur,Croissant,Panadería,3,900,2700
3624,2026-07-01,Tienda Sur,Queso,Lácteos,1,4500,4500
3625,2026-07-14,Tienda Mall,Mantequilla,Lácteos,1,2500,2500
3625,2026-07-14,Tienda Mall,Pan molde,Panadería,3,1800,5400
3626,2026-07-01,Tienda Mall,Azúcar,Café/Té,1,1300,1300
3626,2026-07-01,Tienda Mall,Cerveza,Alcohol,2,3500,7000
3626,2026-07-01,Tienda Mall,Leche,Lácteos,1,1200,1200
3626,2026-07-01,Tienda Mall,Papas fritas,Snacks,1,1800,1800
3627,2026-07-01,Tienda Norte,Jugo naranja,Bebidas,2,1600,3200
3627,2026-07-01,Tienda Norte,Pañales,Bebé,1,8000,8000
3627,2026-07-01,Tienda Norte,Toallitas húmedas,Bebé,1,2200,2200
3627,2026-07-01,Tienda Norte,Yogurt,Lácteos,1,800,800
3628,2026-08-01,Tienda Sur,Jugo naranja,Bebidas,1,1600,1600
3628,2026-08-01,Tienda Sur,Leche,Lácteos,2,1200,2400
3629,2026-06-16,Tienda Sur,Papas fritas,Snacks,1,1800,1800
3629,2026-06-16,Tienda Sur,Pañales,Bebé,1,8000,8000
3629,2026-06-16,Tienda Sur,Queso,Lácteos,1,4500,4500
3629,2026-06-16,Tienda Sur,Toallitas húmedas,Bebé,1,2200,2200
3630,2026-06-09,Tienda Centro,Jugo naranja,Bebidas,2,1600,3200
3631,2026-06-08,Tienda Centro,Detergente,Limpieza,1,5500,5500
3631,2026-06-08,Tienda Centro,Jugo naranja,Bebidas,1,1600,1600
3631,2026-06-08,Tienda Centro,Té,Café/Té,1,2500,2500
3632,2026-08-07,Tienda Sur,Azúcar,Café/Té,1,1300,1300
3632,2026-08-07,Tienda Sur,Esponjas,Limpieza,1,1200,1200
3633,2026-08-04,Tienda Centro,Galletas,Snacks,2,1000,2000
3633,2026-08-04,Tienda Centro,Papas fritas,Snacks,1,1800,1800
3634,2026-08-05,Tienda Centro,Agua mineral,Bebidas,3,900,2700
3634,2026-08-05,Tienda Centro,Detergente,Limpieza,1,5500,5500
3634,2026-08-05,Tienda Centro,Esponjas,Limpieza,1,1200,1200
3634,2026-08-05,Tienda Centro,Jugo naranja,Bebidas,1,1600,1600
3635,2026-08-11,Tienda Centro,Leche,Lácteos,1,1200,1200
3635,2026-08-11,Tienda Centro,Pan hallulla,Panadería,1,1500,1500
3635,2026-08-11,Tienda Centro,Queso,Lácteos,2,4500,9000
3636,2026-07-27,Tienda Norte,Bebida cola,Bebidas,3,1500,4500
3636,2026-07-27,Tienda Norte,Jugo naranja,Bebidas,3,1600,4800
3636,2026-07-27,Tienda Norte,Yogurt,Lácteos,2,800,1600
3637,2026-06-07,Tienda Sur,Café,Café/Té,3,4000,12000
3637,2026-06-07,Tienda Sur,Papas fritas,Snacks,1,1800,1800
3638,2026-06-06,Tienda Sur,Agua mineral,Bebidas,1,900,900
3638,2026-06-06,Tienda Sur,Yogurt,Lácteos,1,800,800
3639,2026-05-25,Tienda Mall,Jugo naranja,Bebidas,2,1600,3200
3639,2026-05-25,Tienda Mall,Pan molde,Panadería,1,1800,1800
3640,2026-08-09,Tienda Mall,Esponjas,Limpieza,2,1200,2400
3640,2026-08-09,Tienda Mall,Maní,Snacks,1,1200,1200
3640,2026-08-09,Tienda Mall,Papas fritas,Snacks,3,1800,5400
3641,2026-08-17,Tienda Mall,Croissant,Panadería,1,900,900
3641,2026-08-17,Tienda Mall,Mantequilla,Lácteos,1,2500,2500
3642,2026-06-11,Tienda Sur,Bebida cola,Bebidas,1,1500,1500
3642,2026-06-11,Tienda Sur,Mantequilla,Lácteos,2,2500,5000
3642,2026-06-11,Tienda Sur,Pan hallulla,Panadería,2,1500,3000
3642,2026-06-11,Tienda Sur,Pan molde,Panadería,2,1800,3600
3642,2026-06-11,Tienda Sur,Queso,Lácteos,1,4500,4500
3643,2026-06-07,Tienda Sur,Agua mineral,Bebidas,1,900,900
3643,2026-06-07,Tienda Sur,Mantequilla,Lácteos,2,2500,5000
3643,2026-06-07,Tienda Sur,Queso,Lácteos,1,4500,4500
3643,2026-06-07,Tienda Sur,Vino tinto,Alcohol,2,5000,10000
3644,2026-07-27,Tienda Norte,Café,Café/Té,2,4000,8000
3644,2026-07-27,Tienda Norte,Maní,Snacks,1,1200,1200
3645,2026-07-29,Tienda Sur,Azúcar,Café/Té,1,1300,1300
3645,2026-07-29,Tienda Sur,Bebida cola,Bebidas,2,1500,3000
3645,2026-07-29,Tienda Sur,Cloro,Limpieza,1,1400,1400
3645,2026-07-29,Tienda Sur,Papas fritas,Snacks,1,1800,1800
3646,2026-07-07,Tienda Norte,Azúcar,Café/Té,1,1300,1300
3646,2026-07-07,Tienda Norte,Detergente,Limpieza,3,5500,16500
3646,2026-07-07,Tienda Norte,Galletas,Snacks,2,1000,2000
3646,2026-07-07,Tienda Norte,Yogurt,Lácteos,1,800,800
3647,2026-08-11,Tienda Norte,Cloro,Limpieza,1,1400,1400
3647,2026-08-11,Tienda Norte,Detergente,Limpieza,1,5500,5500
3647,2026-08-11,Tienda Norte,Galletas,Snacks,1,1000,1000
3648,2026-05-30,Tienda Mall,Cerveza,Alcohol,1,3500,3500
3648,2026-05-30,Tienda Mall,Cloro,Limpieza,2,1400,2800
3648,2026-05-30,Tienda Mall,Pañales,Bebé,2,8000,16000
3648,2026-05-30,Tienda Mall,Toallitas húmedas,Bebé,1,2200,2200
3648,2026-05-30,Tienda Mall,Yogurt,Lácteos,2,800,1600
3649,2026-08-11,Tienda Centro,Pan molde,Panadería,1,1800,1800
3649,2026-08-11,Tienda Centro,Vino tinto,Alcohol,1,5000,5000
3650,2026-08-01,Tienda Mall,Queso,Lácteos,1,4500,4500
3650,2026-08-01,Tienda Mall,Vino tinto,Alcohol,2,5000,10000
3651,2026-07-12,Tienda Norte,Azúcar,Café/Té,1,1300,1300
3651,2026-07-12,Tienda Norte,Bebida cola,Bebidas,2,1500,3000
3651,2026-07-12,Tienda Norte,Pan molde,Panadería,1,1800,1800
3652,2026-07-04,Tienda Sur,Cerveza,Alcohol,2,3500,7000
3652,2026-07-04,Tienda Sur,Pañales,Bebé,2,8000,16000
3652,2026-07-04,Tienda Sur,Toallitas húmedas,Bebé,2,2200,4400
3652,2026-07-04,Tienda Sur,Vino tinto,Alcohol,1,5000,5000
3652,2026-07-04,Tienda Sur,Yogurt,Lácteos,1,800,800
3653,2026-06-01,Tienda Mall,Esponjas,Limpieza,2,1200,2400
3653,2026-06-01,Tienda Mall,Queso,Lácteos,3,4500,13500
3653,2026-06-01,Tienda Mall,Vino tinto,Alcohol,1,5000,5000
3654,2026-08-04,Tienda Mall,Cerveza,Alcohol,2,3500,7000
3654,2026-08-04,Tienda Mall,Leche,Lácteos,1,1200,1200
3655,2026-07-10,Tienda Sur,Agua mineral,Bebidas,1,900,900
3655,2026-07-10,Tienda Sur,Cerveza,Alcohol,1,3500,3500
3655,2026-07-10,Tienda Sur,Maní,Snacks,1,1200,1200
3655,2026-07-10,Tienda Sur,Pan molde,Panadería,2,1800,3600
3655,2026-07-10,Tienda Sur,Papas fritas,Snacks,2,1800,3600
3656,2026-07-18,Tienda Centro,Cloro,Limpieza,1,1400,1400
3656,2026-07-18,Tienda Centro,Detergente,Limpieza,1,5500,5500
3656,2026-07-18,Tienda Centro,Esponjas,Limpieza,2,1200,2400
3656,2026-07-18,Tienda Centro,Queso,Lácteos,2,4500,9000
3656,2026-07-18,Tienda Centro,Yogurt,Lácteos,2,800,1600
3657,2026-08-11,Tienda Norte,Cloro,Limpieza,1,1400,1400
3657,2026-08-11,Tienda Norte,Jugo naranja,Bebidas,1,1600,1600
3658,2026-06-29,Tienda Norte,Croissant,Panadería,2,900,1800
3658,2026-06-29,Tienda Norte,Galletas,Snacks,3,1000,3000
3658,2026-06-29,Tienda Norte,Leche,Lácteos,1,1200,1200
3658,2026-06-29,Tienda Norte,Yogurt,Lácteos,2,800,1600
3659,2026-07-22,Tienda Norte,Jugo naranja,Bebidas,1,1600,1600
3660,2026-06-15,Tienda Norte,Azúcar,Café/Té,1,1300,1300
3660,2026-06-15,Tienda Norte,Leche,Lácteos,2,1200,2400
3660,2026-06-15,Tienda Norte,Pan molde,Panadería,2,1800,3600
3660,2026-06-15,Tienda Norte,Queso,Lácteos,1,4500,4500
3660,2026-06-15,Tienda Norte,Té,Café/Té,1,2500,2500
3661,2026-05-23,Tienda Centro,Azúcar,Café/Té,1,1300,1300
3661,2026-05-23,Tienda Centro,Leche,Lácteos,1,1200,1200
3662,2026-07-12,Tienda Sur,Esponjas,Limpieza,1,1200,1200
3662,2026-07-12,Tienda Sur,Queso,Lácteos,1,4500,4500
3662,2026-07-12,Tienda Sur,Vino tinto,Alcohol,1,5000,5000
3663,2026-06-08,Tienda Sur,Agua mineral,Bebidas,1,900,900
3664,2026-05-31,Tienda Mall,Azúcar,Café/Té,1,1300,1300
3664,2026-05-31,Tienda Mall,Té,Café/Té,1,2500,2500
3665,2026-07-29,Tienda Mall,Cloro,Limpieza,1,1400,1400
3665,2026-07-29,Tienda Mall,Detergente,Limpieza,1,5500,5500
3665,2026-07-29,Tienda Mall,Esponjas,Limpieza,2,1200,2400
3665,2026-07-29,Tienda Mall,Queso,Lácteos,2,4500,9000
3666,2026-06-15,Tienda Norte,Agua mineral,Bebidas,2,900,1800
3666,2026-06-15,Tienda Norte,Detergente,Limpieza,1,5500,5500
3666,2026-06-15,Tienda Norte,Esponjas,Limpieza,1,1200,1200
3666,2026-06-15,Tienda Norte,Jugo naranja,Bebidas,1,1600,1600
3666,2026-06-15,Tienda Norte,Queso,Lácteos,1,4500,4500
3667,2026-05-25,Tienda Centro,Mantequilla,Lácteos,1,2500,2500
3667,2026-05-25,Tienda Centro,Pan molde,Panadería,1,1800,1800
3667,2026-05-25,Tienda Centro,Papas fritas,Snacks,1,1800,1800
3668,2026-07-01,Tienda Mall,Mantequilla,Lácteos,3,2500,7500
3668,2026-07-01,Tienda Mall,Pan hallulla,Panadería,1,1500,1500
3669,2026-06-05,Tienda Norte,Maní,Snacks,3,1200,3600
3669,2026-06-05,Tienda Norte,Vino tinto,Alcohol,1,5000,5000
3670,2026-08-12,Tienda Centro,Croissant,Panadería,1,900,900
3670,2026-08-12,Tienda Centro,Esponjas,Limpieza,2,1200,2400
3671,2026-07-30,Tienda Mall,Azúcar,Café/Té,1,1300,1300
3671,2026-07-30,Tienda Mall,Café,Café/Té,1,4000,4000
3671,2026-07-30,Tienda Mall,Galletas,Snacks,1,1000,1000
3671,2026-07-30,Tienda Mall,Maní,Snacks,1,1200,1200
3672,2026-05-29,Tienda Norte,Azúcar,Café/Té,1,1300,1300
3672,2026-05-29,Tienda Norte,Croissant,Panadería,1,900,900
3672,2026-05-29,Tienda Norte,Toallitas húmedas,Bebé,1,2200,2200
3673,2026-08-10,Tienda Norte,Azúcar,Café/Té,1,1300,1300
3673,2026-08-10,Tienda Norte,Té,Café/Té,1,2500,2500
3674,2026-08-03,Tienda Sur,Maní,Snacks,2,1200,2400
3674,2026-08-03,Tienda Sur,Té,Café/Té,1,2500,2500
3675,2026-07-17,Tienda Norte,Azúcar,Café/Té,1,1300,1300
3675,2026-07-17,Tienda Norte,Cloro,Limpieza,3,1400,4200
3676,2026-08-02,Tienda Mall,Bebida cola,Bebidas,1,1500,1500
3676,2026-08-02,Tienda Mall,Cloro,Limpieza,1,1400,1400
3676,2026-08-02,Tienda Mall,Pan hallulla,Panadería,1,1500,1500
3676,2026-08-02,Tienda Mall,Papas fritas,Snacks,1,1800,1800
3677,2026-07-31,Tienda Centro,Azúcar,Café/Té,1,1300,1300
3677,2026-07-31,Tienda Centro,Cerveza,Alcohol,1,3500,3500
3677,2026-07-31,Tienda Centro,Cloro,Limpieza,1,1400,1400
3677,2026-07-31,Tienda Centro,Detergente,Limpieza,1,5500,5500
3677,2026-07-31,Tienda Centro,Maní,Snacks,1,1200,1200
3677,2026-07-31,Tienda Centro,Papas fritas,Snacks,1,1800,1800
3678,2026-07-31,Tienda Sur,Bebida cola,Bebidas,2,1500,3000
3678,2026-07-31,Tienda Sur,Maní,Snacks,2,1200,2400
3679,2026-05-21,Tienda Norte,Cloro,Limpieza,1,1400,1400
3679,2026-05-21,Tienda Norte,Croissant,Panadería,2,900,1800
3679,2026-05-21,Tienda Norte,Detergente,Limpieza,1,5500,5500
3679,2026-05-21,Tienda Norte,Galletas,Snacks,1,1000,1000
3679,2026-05-21,Tienda Norte,Queso,Lácteos,2,4500,9000
3679,2026-05-21,Tienda Norte,Vino tinto,Alcohol,2,5000,10000
3680,2026-08-14,Tienda Sur,Galletas,Snacks,2,1000,2000
3680,2026-08-14,Tienda Sur,Pan hallulla,Panadería,1,1500,1500
3681,2026-07-17,Tienda Mall,Azúcar,Café/Té,2,1300,2600
3681,2026-07-17,Tienda Mall,Cerveza,Alcohol,3,3500,10500
3681,2026-07-17,Tienda Mall,Pañales,Bebé,2,8000,16000
3681,2026-07-17,Tienda Mall,Té,Café/Té,2,2500,5000
3682,2026-05-24,Tienda Centro,Cloro,Limpieza,1,1400,1400
3682,2026-05-24,Tienda Centro,Mantequilla,Lácteos,3,2500,7500
3683,2026-05-22,Tienda Sur,Croissant,Panadería,2,900,1800
3683,2026-05-22,Tienda Sur,Leche,Lácteos,1,1200,1200
3684,2026-06-02,Tienda Mall,Azúcar,Café/Té,1,1300,1300
3684,2026-06-02,Tienda Mall,Café,Café/Té,3,4000,12000
3685,2026-05-22,Tienda Sur,Azúcar,Café/Té,3,1300,3900
3685,2026-05-22,Tienda Sur,Café,Café/Té,1,4000,4000
3685,2026-05-22,Tienda Sur,Maní,Snacks,1,1200,1200
3686,2026-06-26,Tienda Sur,Azúcar,Café/Té,1,1300,1300
3686,2026-06-26,Tienda Sur,Café,Café/Té,1,4000,4000
3686,2026-06-26,Tienda Sur,Esponjas,Limpieza,1,1200,1200
3686,2026-06-26,Tienda Sur,Galletas,Snacks,2,1000,2000
3686,2026-06-26,Tienda Sur,Mantequilla,Lácteos,1,2500,2500
3686,2026-06-26,Tienda Sur,Pan hallulla,Panadería,1,1500,1500
3687,2026-07-18,Tienda Centro,Bebida cola,Bebidas,1,1500,1500
3687,2026-07-18,Tienda Centro,Cloro,Limpieza,1,1400,1400
3687,2026-07-18,Tienda Centro,Jugo naranja,Bebidas,1,1600,1600
3688,2026-07-07,Tienda Mall,Café,Café/Té,2,4000,8000
3688,2026-07-07,Tienda Mall,Pañales,Bebé,1,8000,8000
3688,2026-07-07,Tienda Mall,Toallitas húmedas,Bebé,1,2200,2200
3689,2026-06-18,Tienda Centro,Galletas,Snacks,1,1000,1000
3689,2026-06-18,Tienda Centro,Toallitas húmedas,Bebé,1,2200,2200
3689,2026-06-18,Tienda Centro,Té,Café/Té,2,2500,5000
3690,2026-06-09,Tienda Sur,Azúcar,Café/Té,3,1300,3900
3690,2026-06-09,Tienda Sur,Jugo naranja,Bebidas,1,1600,1600
3690,2026-06-09,Tienda Sur,Té,Café/Té,1,2500,2500
3691,2026-07-24,Tienda Mall,Bebida cola,Bebidas,2,1500,3000
3691,2026-07-24,Tienda Mall,Jugo naranja,Bebidas,3,1600,4800
3691,2026-07-24,Tienda Mall,Mantequilla,Lácteos,1,2500,2500
3691,2026-07-24,Tienda Mall,Papas fritas,Snacks,2,1800,3600
3692,2026-06-01,Tienda Centro,Vino tinto,Alcohol,2,5000,10000
3693,2026-07-19,Tienda Centro,Agua mineral,Bebidas,1,900,900
3694,2026-07-17,Tienda Sur,Mantequilla,Lácteos,1,2500,2500
3695,2026-07-07,Tienda Mall,Cerveza,Alcohol,1,3500,3500
3695,2026-07-07,Tienda Mall,Esponjas,Limpieza,1,1200,1200
3695,2026-07-07,Tienda Mall,Maní,Snacks,1,1200,1200
3695,2026-07-07,Tienda Mall,Papas fritas,Snacks,1,1800,1800
3696,2026-07-02,Tienda Sur,Croissant,Panadería,1,900,900
3697,2026-05-23,Tienda Norte,Mantequilla,Lácteos,1,2500,2500
3697,2026-05-23,Tienda Norte,Pan molde,Panadería,1,1800,1800
3697,2026-05-23,Tienda Norte,Queso,Lácteos,1,4500,4500
3698,2026-05-24,Tienda Sur,Cloro,Limpieza,1,1400,1400
3698,2026-05-24,Tienda Sur,Croissant,Panadería,1,900,900
3698,2026-05-24,Tienda Sur,Yogurt,Lácteos,2,800,1600
3699,2026-07-15,Tienda Norte,Azúcar,Café/Té,1,1300,1300
3699,2026-07-15,Tienda Norte,Queso,Lácteos,2,4500,9000
3699,2026-07-15,Tienda Norte,Vino tinto,Alcohol,1,5000,5000
3700,2026-07-11,Tienda Centro,Cerveza,Alcohol,2,3500,7000
3700,2026-07-11,Tienda Centro,Cloro,Limpieza,1,1400,1400
3700,2026-07-11,Tienda Centro,Maní,Snacks,2,1200,2400
3700,2026-07-11,Tienda Centro,Pañales,Bebé,1,8000,8000
3700,2026-07-11,Tienda Centro,Toallitas húmedas,Bebé,1,2200,2200
3701,2026-06-29,Tienda Norte,Detergente,Limpieza,1,5500,5500
3701,2026-06-29,Tienda Norte,Esponjas,Limpieza,2,1200,2400
3701,2026-06-29,Tienda Norte,Mantequilla,Lácteos,1,2500,2500
3702,2026-08-12,Tienda Sur,Mantequilla,Lácteos,1,2500,2500
3702,2026-08-12,Tienda Sur,Queso,Lácteos,2,4500,9000
3702,2026-08-12,Tienda Sur,Vino tinto,Alcohol,1,5000,5000
3702,2026-08-12,Tienda Sur,Yogurt,Lácteos,1,800,800
3703,2026-08-13,Tienda Sur,Azúcar,Café/Té,1,1300,1300
3703,2026-08-13,Tienda Sur,Mantequilla,Lácteos,1,2500,2500
3703,2026-08-13,Tienda Sur,Pan molde,Panadería,1,1800,1800
3703,2026-08-13,Tienda Sur,Té,Café/Té,1,2500,2500
3703,2026-08-13,Tienda Sur,Yogurt,Lácteos,1,800,800
3704,2026-08-08,Tienda Mall,Agua mineral,Bebidas,1,900,900
3704,2026-08-08,Tienda Mall,Jugo naranja,Bebidas,1,1600,1600
3704,2026-08-08,Tienda Mall,Vino tinto,Alcohol,2,5000,10000
3705,2026-07-22,Tienda Mall,Agua mineral,Bebidas,1,900,900
3705,2026-07-22,Tienda Mall,Jugo naranja,Bebidas,1,1600,1600
3706,2026-08-03,Tienda Norte,Maní,Snacks,1,1200,1200
3707,2026-05-26,Tienda Centro,Papas fritas,Snacks,1,1800,1800
3707,2026-05-26,Tienda Centro,Pañales,Bebé,1,8000,8000
3707,2026-05-26,Tienda Centro,Toallitas húmedas,Bebé,1,2200,2200
3708,2026-08-13,Tienda Mall,Queso,Lácteos,1,4500,4500
3708,2026-08-13,Tienda Mall,Vino tinto,Alcohol,2,5000,10000
3709,2026-07-30,Tienda Sur,Detergente,Limpieza,1,5500,5500
3709,2026-07-30,Tienda Sur,Esponjas,Limpieza,1,1200,1200
3709,2026-07-30,Tienda Sur,Jugo naranja,Bebidas,1,1600,1600
3709,2026-07-30,Tienda Sur,Mantequilla,Lácteos,2,2500,5000
3709,2026-07-30,Tienda Sur,Pan molde,Panadería,1,1800,1800
3709,2026-07-30,Tienda Sur,Papas fritas,Snacks,1,1800,1800
3710,2026-07-14,Tienda Centro,Maní,Snacks,1,1200,1200
3711,2026-08-06,Tienda Norte,Detergente,Limpieza,1,5500,5500
3712,2026-06-07,Tienda Mall,Cloro,Limpieza,1,1400,1400
3712,2026-06-07,Tienda Mall,Esponjas,Limpieza,1,1200,1200
3712,2026-06-07,Tienda Mall,Leche,Lácteos,2,1200,2400
3712,2026-06-07,Tienda Mall,Queso,Lácteos,1,4500,4500
3712,2026-06-07,Tienda Mall,Vino tinto,Alcohol,1,5000,5000
3713,2026-08-11,Tienda Norte,Esponjas,Limpieza,1,1200,1200
3713,2026-08-11,Tienda Norte,Jugo naranja,Bebidas,1,1600,1600
3713,2026-08-11,Tienda Norte,Pañales,Bebé,3,8000,24000
3713,2026-08-11,Tienda Norte,Toallitas húmedas,Bebé,3,2200,6600
3714,2026-07-17,Tienda Sur,Bebida cola,Bebidas,2,1500,3000
3715,2026-07-22,Tienda Sur,Agua mineral,Bebidas,1,900,900
3715,2026-07-22,Tienda Sur,Cerveza,Alcohol,2,3500,7000
3715,2026-07-22,Tienda Sur,Maní,Snacks,2,1200,2400
3716,2026-07-04,Tienda Mall,Galletas,Snacks,2,1000,2000
3716,2026-07-04,Tienda Mall,Leche,Lácteos,2,1200,2400
3716,2026-07-04,Tienda Mall,Yogurt,Lácteos,1,800,800
3717,2026-06-25,Tienda Norte,Azúcar,Café/Té,2,1300,2600
3717,2026-06-25,Tienda Norte,Leche,Lácteos,3,1200,3600
3717,2026-06-25,Tienda Norte,Té,Café/Té,1,2500,2500
3718,2026-05-23,Tienda Norte,Papas fritas,Snacks,2,1800,3600
3718,2026-05-23,Tienda Norte,Queso,Lácteos,2,4500,9000
3719,2026-07-19,Tienda Mall,Maní,Snacks,2,1200,2400
3720,2026-06-23,Tienda Centro,Agua mineral,Bebidas,1,900,900
3720,2026-06-23,Tienda Centro,Mantequilla,Lácteos,1,2500,2500
3720,2026-06-23,Tienda Centro,Pan hallulla,Panadería,1,1500,1500
3720,2026-06-23,Tienda Centro,Papas fritas,Snacks,1,1800,1800
3721,2026-06-04,Tienda Centro,Esponjas,Limpieza,2,1200,2400
3721,2026-06-04,Tienda Centro,Mantequilla,Lácteos,1,2500,2500
3722,2026-08-05,Tienda Norte,Cloro,Limpieza,1,1400,1400
3722,2026-08-05,Tienda Norte,Detergente,Limpieza,1,5500,5500
3723,2026-07-26,Tienda Norte,Azúcar,Café/Té,1,1300,1300
3723,2026-07-26,Tienda Norte,Café,Café/Té,1,4000,4000
3723,2026-07-26,Tienda Norte,Galletas,Snacks,1,1000,1000
3723,2026-07-26,Tienda Norte,Maní,Snacks,1,1200,1200
3724,2026-06-18,Tienda Mall,Mantequilla,Lácteos,2,2500,5000
3725,2026-07-25,Tienda Norte,Croissant,Panadería,1,900,900
3725,2026-07-25,Tienda Norte,Pañales,Bebé,1,8000,8000
3725,2026-07-25,Tienda Norte,Yogurt,Lácteos,1,800,800
3726,2026-07-15,Tienda Norte,Queso,Lácteos,2,4500,9000
3727,2026-08-08,Tienda Sur,Esponjas,Limpieza,2,1200,2400
3727,2026-08-08,Tienda Sur,Papas fritas,Snacks,1,1800,1800
3727,2026-08-08,Tienda Sur,Pañales,Bebé,1,8000,8000
3727,2026-08-08,Tienda Sur,Toallitas húmedas,Bebé,1,2200,2200
3727,2026-08-08,Tienda Sur,Té,Café/Té,1,2500,2500
3728,2026-06-20,Tienda Centro,Azúcar,Café/Té,1,1300,1300
3728,2026-06-20,Tienda Centro,Mantequilla,Lácteos,1,2500,2500
3728,2026-06-20,Tienda Centro,Pan molde,Panadería,1,1800,1800
3728,2026-06-20,Tienda Centro,Vino tinto,Alcohol,1,5000,5000
3728,2026-06-20,Tienda Centro,Yogurt,Lácteos,1,800,800
3729,2026-06-15,Tienda Norte,Bebida cola,Bebidas,1,1500,1500
3729,2026-06-15,Tienda Norte,Leche,Lácteos,3,1200,3600
3730,2026-06-24,Tienda Centro,Cerveza,Alcohol,1,3500,3500
3730,2026-06-24,Tienda Centro,Pan hallulla,Panadería,1,1500,1500
3730,2026-06-24,Tienda Centro,Té,Café/Té,2,2500,5000
3731,2026-05-23,Tienda Norte,Esponjas,Limpieza,1,1200,1200
3731,2026-05-23,Tienda Norte,Mantequilla,Lácteos,1,2500,2500
3731,2026-05-23,Tienda Norte,Pan molde,Panadería,1,1800,1800
3731,2026-05-23,Tienda Norte,Queso,Lácteos,1,4500,4500
3732,2026-06-09,Tienda Centro,Agua mineral,Bebidas,1,900,900
3732,2026-06-09,Tienda Centro,Queso,Lácteos,1,4500,4500
3732,2026-06-09,Tienda Centro,Vino tinto,Alcohol,1,5000,5000
3733,2026-07-11,Tienda Centro,Queso,Lácteos,1,4500,4500
3734,2026-06-30,Tienda Mall,Galletas,Snacks,1,1000,1000
3734,2026-06-30,Tienda Mall,Leche,Lácteos,1,1200,1200
3734,2026-06-30,Tienda Mall,Queso,Lácteos,3,4500,13500
3734,2026-06-30,Tienda Mall,Toallitas húmedas,Bebé,1,2200,2200
3734,2026-06-30,Tienda Mall,Vino tinto,Alcohol,1,5000,5000
3735,2026-07-14,Tienda Centro,Croissant,Panadería,1,900,900
3735,2026-07-14,Tienda Centro,Galletas,Snacks,1,1000,1000
3735,2026-07-14,Tienda Centro,Jugo naranja,Bebidas,2,1600,3200
3736,2026-06-24,Tienda Centro,Galletas,Snacks,1,1000,1000
3736,2026-06-24,Tienda Centro,Pan hallulla,Panadería,1,1500,1500
3736,2026-06-24,Tienda Centro,Pan molde,Panadería,1,1800,1800
3736,2026-06-24,Tienda Centro,Té,Café/Té,3,2500,7500
3737,2026-08-03,Tienda Sur,Jugo naranja,Bebidas,1,1600,1600
3737,2026-08-03,Tienda Sur,Leche,Lácteos,1,1200,1200
3738,2026-07-15,Tienda Norte,Jugo naranja,Bebidas,1,1600,1600
3738,2026-07-15,Tienda Norte,Maní,Snacks,1,1200,1200
3738,2026-07-15,Tienda Norte,Papas fritas,Snacks,1,1800,1800
3738,2026-07-15,Tienda Norte,Toallitas húmedas,Bebé,1,2200,2200
3739,2026-07-02,Tienda Centro,Jugo naranja,Bebidas,2,1600,3200
3739,2026-07-02,Tienda Centro,Leche,Lácteos,1,1200,1200
3740,2026-06-28,Tienda Norte,Agua mineral,Bebidas,1,900,900
3740,2026-06-28,Tienda Norte,Cerveza,Alcohol,2,3500,7000
3740,2026-06-28,Tienda Norte,Cloro,Limpieza,1,1400,1400
3741,2026-07-21,Tienda Mall,Jugo naranja,Bebidas,1,1600,1600
3741,2026-07-21,Tienda Mall,Queso,Lácteos,1,4500,4500
3742,2026-08-01,Tienda Sur,Esponjas,Limpieza,2,1200,2400
3743,2026-07-07,Tienda Mall,Galletas,Snacks,1,1000,1000
3743,2026-07-07,Tienda Mall,Pan hallulla,Panadería,1,1500,1500
3744,2026-07-31,Tienda Sur,Agua mineral,Bebidas,1,900,900
3744,2026-07-31,Tienda Sur,Galletas,Snacks,3,1000,3000
3745,2026-05-31,Tienda Centro,Galletas,Snacks,1,1000,1000
3745,2026-05-31,Tienda Centro,Maní,Snacks,3,1200,3600
3746,2026-06-26,Tienda Centro,Bebida cola,Bebidas,1,1500,1500
3746,2026-06-26,Tienda Centro,Toallitas húmedas,Bebé,1,2200,2200
3747,2026-06-29,Tienda Norte,Croissant,Panadería,1,900,900
3747,2026-06-29,Tienda Norte,Pan hallulla,Panadería,2,1500,3000
3747,2026-06-29,Tienda Norte,Queso,Lácteos,1,4500,4500
3748,2026-06-23,Tienda Sur,Mantequilla,Lácteos,1,2500,2500
3748,2026-06-23,Tienda Sur,Toallitas húmedas,Bebé,1,2200,2200
3748,2026-06-23,Tienda Sur,Té,Café/Té,3,2500,7500
3749,2026-07-28,Tienda Centro,Jugo naranja,Bebidas,1,1600,1600
3749,2026-07-28,Tienda Centro,Mantequilla,Lácteos,1,2500,2500
3749,2026-07-28,Tienda Centro,Pan molde,Panadería,2,1800,3600
3750,2026-07-16,Tienda Sur,Pañales,Bebé,2,8000,16000
3750,2026-07-16,Tienda Sur,Yogurt,Lácteos,1,800,800
3751,2026-05-26,Tienda Norte,Café,Café/Té,1,4000,4000
3751,2026-05-26,Tienda Norte,Queso,Lácteos,1,4500,4500
3751,2026-05-26,Tienda Norte,Yogurt,Lácteos,2,800,1600
3752,2026-06-12,Tienda Centro,Bebida cola,Bebidas,1,1500,1500
3752,2026-06-12,Tienda Centro,Papas fritas,Snacks,1,1800,1800
3753,2026-08-12,Tienda Sur,Bebida cola,Bebidas,1,1500,1500
3753,2026-08-12,Tienda Sur,Leche,Lácteos,1,1200,1200
3753,2026-08-12,Tienda Sur,Papas fritas,Snacks,1,1800,1800
3753,2026-08-12,Tienda Sur,Queso,Lácteos,1,4500,4500
3753,2026-08-12,Tienda Sur,Vino tinto,Alcohol,2,5000,10000
3754,2026-05-20,Tienda Sur,Azúcar,Café/Té,1,1300,1300
3754,2026-05-20,Tienda Sur,Detergente,Limpieza,1,5500,5500
3754,2026-05-20,Tienda Sur,Maní,Snacks,2,1200,2400
3754,2026-05-20,Tienda Sur,Queso,Lácteos,1,4500,4500
3755,2026-06-20,Tienda Mall,Mantequilla,Lácteos,1,2500,2500
3755,2026-06-20,Tienda Mall,Queso,Lácteos,1,4500,4500
3756,2026-07-27,Tienda Sur,Cloro,Limpieza,2,1400,2800
3756,2026-07-27,Tienda Sur,Galletas,Snacks,2,1000,2000
3756,2026-07-27,Tienda Sur,Toallitas húmedas,Bebé,2,2200,4400
3757,2026-05-23,Tienda Mall,Mantequilla,Lácteos,1,2500,2500
3757,2026-05-23,Tienda Mall,Maní,Snacks,2,1200,2400
3757,2026-05-23,Tienda Mall,Pan hallulla,Panadería,1,1500,1500
3757,2026-05-23,Tienda Mall,Pan molde,Panadería,1,1800,1800
3757,2026-05-23,Tienda Mall,Queso,Lácteos,1,4500,4500
3758,2026-08-03,Tienda Centro,Café,Café/Té,1,4000,4000
3758,2026-08-03,Tienda Centro,Cloro,Limpieza,1,1400,1400
3758,2026-08-03,Tienda Centro,Galletas,Snacks,1,1000,1000
3758,2026-08-03,Tienda Centro,Jugo naranja,Bebidas,1,1600,1600
3759,2026-07-07,Tienda Norte,Esponjas,Limpieza,1,1200,1200
3759,2026-07-07,Tienda Norte,Galletas,Snacks,2,1000,2000
3760,2026-07-04,Tienda Mall,Cerveza,Alcohol,1,3500,3500
3760,2026-07-04,Tienda Mall,Jugo naranja,Bebidas,1,1600,1600
3760,2026-07-04,Tienda Mall,Mantequilla,Lácteos,1,2500,2500
3760,2026-07-04,Tienda Mall,Maní,Snacks,1,1200,1200
3760,2026-07-04,Tienda Mall,Pan molde,Panadería,1,1800,1800
3760,2026-07-04,Tienda Mall,Papas fritas,Snacks,1,1800,1800
3761,2026-07-23,Tienda Sur,Agua mineral,Bebidas,1,900,900
3761,2026-07-23,Tienda Sur,Cloro,Limpieza,1,1400,1400
3761,2026-07-23,Tienda Sur,Croissant,Panadería,1,900,900
3761,2026-07-23,Tienda Sur,Detergente,Limpieza,2,5500,11000
3762,2026-08-15,Tienda Norte,Yogurt,Lácteos,1,800,800
3763,2026-06-17,Tienda Norte,Cerveza,Alcohol,1,3500,3500
3763,2026-06-17,Tienda Norte,Pañales,Bebé,1,8000,8000
3764,2026-06-06,Tienda Centro,Agua mineral,Bebidas,2,900,1800
3764,2026-06-06,Tienda Centro,Azúcar,Café/Té,1,1300,1300
3764,2026-06-06,Tienda Centro,Té,Café/Té,3,2500,7500
3765,2026-07-20,Tienda Centro,Agua mineral,Bebidas,1,900,900
3765,2026-07-20,Tienda Centro,Cloro,Limpieza,3,1400,4200
3766,2026-08-11,Tienda Mall,Cerveza,Alcohol,1,3500,3500
3766,2026-08-11,Tienda Mall,Jugo naranja,Bebidas,1,1600,1600
3766,2026-08-11,Tienda Mall,Papas fritas,Snacks,1,1800,1800
3767,2026-08-15,Tienda Sur,Detergente,Limpieza,1,5500,5500
3767,2026-08-15,Tienda Sur,Papas fritas,Snacks,1,1800,1800
3768,2026-07-10,Tienda Sur,Agua mineral,Bebidas,1,900,900
3768,2026-07-10,Tienda Sur,Maní,Snacks,1,1200,1200
3768,2026-07-10,Tienda Sur,Papas fritas,Snacks,1,1800,1800
3769,2026-06-05,Tienda Centro,Cerveza,Alcohol,1,3500,3500
3769,2026-06-05,Tienda Centro,Cloro,Limpieza,1,1400,1400
3769,2026-06-05,Tienda Centro,Detergente,Limpieza,1,5500,5500
3769,2026-06-05,Tienda Centro,Maní,Snacks,1,1200,1200
3769,2026-06-05,Tienda Centro,Papas fritas,Snacks,1,1800,1800
3770,2026-07-22,Tienda Norte,Azúcar,Café/Té,1,1300,1300
3770,2026-07-22,Tienda Norte,Café,Café/Té,1,4000,4000
3770,2026-07-22,Tienda Norte,Té,Café/Té,1,2500,2500
3771,2026-08-15,Tienda Sur,Maní,Snacks,1,1200,1200
3771,2026-08-15,Tienda Sur,Toallitas húmedas,Bebé,1,2200,2200
3771,2026-08-15,Tienda Sur,Yogurt,Lácteos,2,800,1600
3772,2026-06-18,Tienda Mall,Agua mineral,Bebidas,1,900,900
3772,2026-06-18,Tienda Mall,Pan hallulla,Panadería,3,1500,4500
3772,2026-06-18,Tienda Mall,Papas fritas,Snacks,1,1800,1800
3772,2026-06-18,Tienda Mall,Queso,Lácteos,1,4500,4500
3773,2026-06-09,Tienda Centro,Mantequilla,Lácteos,3,2500,7500
3773,2026-06-09,Tienda Centro,Pan hallulla,Panadería,2,1500,3000
3773,2026-06-09,Tienda Centro,Queso,Lácteos,1,4500,4500
3774,2026-05-22,Tienda Centro,Leche,Lácteos,2,1200,2400
3775,2026-07-24,Tienda Sur,Agua mineral,Bebidas,1,900,900
3775,2026-07-24,Tienda Sur,Papas fritas,Snacks,1,1800,1800
3775,2026-07-24,Tienda Sur,Vino tinto,Alcohol,1,5000,5000
3776,2026-06-06,Tienda Sur,Cerveza,Alcohol,1,3500,3500
3776,2026-06-06,Tienda Sur,Papas fritas,Snacks,1,1800,1800
3776,2026-06-06,Tienda Sur,Pañales,Bebé,3,8000,24000
3776,2026-06-06,Tienda Sur,Toallitas húmedas,Bebé,1,2200,2200
3777,2026-07-25,Tienda Norte,Cerveza,Alcohol,1,3500,3500
3777,2026-07-25,Tienda Norte,Galletas,Snacks,2,1000,2000
3777,2026-07-25,Tienda Norte,Pañales,Bebé,1,8000,8000
3778,2026-06-19,Tienda Sur,Maní,Snacks,2,1200,2400
3778,2026-06-19,Tienda Sur,Papas fritas,Snacks,1,1800,1800
3779,2026-06-20,Tienda Norte,Azúcar,Café/Té,1,1300,1300
3779,2026-06-20,Tienda Norte,Esponjas,Limpieza,1,1200,1200
3779,2026-06-20,Tienda Norte,Pañales,Bebé,1,8000,8000
3779,2026-06-20,Tienda Norte,Toallitas húmedas,Bebé,1,2200,2200
3780,2026-06-07,Tienda Sur,Esponjas,Limpieza,3,1200,3600
3780,2026-06-07,Tienda Sur,Leche,Lácteos,2,1200,2400
3780,2026-06-07,Tienda Sur,Pan hallulla,Panadería,2,1500,3000
3780,2026-06-07,Tienda Sur,Papas fritas,Snacks,1,1800,1800
3781,2026-06-22,Tienda Mall,Azúcar,Café/Té,1,1300,1300
3781,2026-06-22,Tienda Mall,Café,Café/Té,1,4000,4000
3781,2026-06-22,Tienda Mall,Detergente,Limpieza,1,5500,5500
3781,2026-06-22,Tienda Mall,Esponjas,Limpieza,1,1200,1200
3781,2026-06-22,Tienda Mall,Jugo naranja,Bebidas,1,1600,1600
3781,2026-06-22,Tienda Mall,Maní,Snacks,1,1200,1200
3782,2026-08-03,Tienda Mall,Azúcar,Café/Té,2,1300,2600
3782,2026-08-03,Tienda Mall,Café,Café/Té,1,4000,4000
3783,2026-05-20,Tienda Norte,Café,Café/Té,3,4000,12000
3783,2026-05-20,Tienda Norte,Croissant,Panadería,1,900,900
3783,2026-05-20,Tienda Norte,Toallitas húmedas,Bebé,2,2200,4400
3784,2026-08-14,Tienda Norte,Azúcar,Café/Té,1,1300,1300
3784,2026-08-14,Tienda Norte,Cloro,Limpieza,1,1400,1400
3784,2026-08-14,Tienda Norte,Queso,Lácteos,1,4500,4500
3785,2026-07-05,Tienda Centro,Agua mineral,Bebidas,1,900,900
3785,2026-07-05,Tienda Centro,Detergente,Limpieza,2,5500,11000
3786,2026-06-23,Tienda Mall,Leche,Lácteos,1,1200,1200
3786,2026-06-23,Tienda Mall,Mantequilla,Lácteos,2,2500,5000
3786,2026-06-23,Tienda Mall,Pan hallulla,Panadería,1,1500,1500
3787,2026-08-14,Tienda Sur,Mantequilla,Lácteos,1,2500,2500
3788,2026-06-05,Tienda Mall,Bebida cola,Bebidas,1,1500,1500
3789,2026-06-24,Tienda Centro,Azúcar,Café/Té,1,1300,1300
3789,2026-06-24,Tienda Centro,Café,Café/Té,1,4000,4000
3789,2026-06-24,Tienda Centro,Cloro,Limpieza,2,1400,2800
3789,2026-06-24,Tienda Centro,Detergente,Limpieza,1,5500,5500
3790,2026-06-25,Tienda Sur,Queso,Lácteos,1,4500,4500
3790,2026-06-25,Tienda Sur,Vino tinto,Alcohol,1,5000,5000
3791,2026-08-04,Tienda Norte,Bebida cola,Bebidas,3,1500,4500
3791,2026-08-04,Tienda Norte,Papas fritas,Snacks,1,1800,1800
3791,2026-08-04,Tienda Norte,Té,Café/Té,2,2500,5000
3791,2026-08-04,Tienda Norte,Yogurt,Lácteos,1,800,800
3792,2026-06-22,Tienda Sur,Queso,Lácteos,1,4500,4500
3793,2026-08-07,Tienda Centro,Cloro,Limpieza,1,1400,1400
3793,2026-08-07,Tienda Centro,Leche,Lácteos,1,1200,1200
3794,2026-07-01,Tienda Norte,Azúcar,Café/Té,1,1300,1300
3794,2026-07-01,Tienda Norte,Bebida cola,Bebidas,1,1500,1500
3794,2026-07-01,Tienda Norte,Café,Café/Té,1,4000,4000
3794,2026-07-01,Tienda Norte,Detergente,Limpieza,1,5500,5500
3794,2026-07-01,Tienda Norte,Mantequilla,Lácteos,1,2500,2500
3795,2026-06-02,Tienda Sur,Leche,Lácteos,2,1200,2400
3795,2026-06-02,Tienda Sur,Yogurt,Lácteos,1,800,800
3796,2026-06-02,Tienda Sur,Bebida cola,Bebidas,1,1500,1500
3796,2026-06-02,Tienda Sur,Pañales,Bebé,1,8000,8000
3796,2026-06-02,Tienda Sur,Queso,Lácteos,2,4500,9000
3797,2026-06-06,Tienda Centro,Cloro,Limpieza,2,1400,2800
3797,2026-06-06,Tienda Centro,Detergente,Limpieza,1,5500,5500
3797,2026-06-06,Tienda Centro,Esponjas,Limpieza,1,1200,1200
3797,2026-06-06,Tienda Centro,Leche,Lácteos,1,1200,1200
3798,2026-07-19,Tienda Sur,Galletas,Snacks,1,1000,1000
3798,2026-07-19,Tienda Sur,Jugo naranja,Bebidas,1,1600,1600
3799,2026-07-31,Tienda Centro,Bebida cola,Bebidas,1,1500,1500
3799,2026-07-31,Tienda Centro,Mantequilla,Lácteos,1,2500,2500
3799,2026-07-31,Tienda Centro,Pan hallulla,Panadería,1,1500,1500
3799,2026-07-31,Tienda Centro,Queso,Lácteos,1,4500,4500
3799,2026-07-31,Tienda Centro,Toallitas húmedas,Bebé,2,2200,4400
3800,2026-06-29,Tienda Mall,Croissant,Panadería,1,900,900
3800,2026-06-29,Tienda Mall,Jugo naranja,Bebidas,2,1600,3200
3800,2026-06-29,Tienda Mall,Yogurt,Lácteos,1,800,800
3801,2026-08-14,Tienda Norte,Detergente,Limpieza,1,5500,5500
3801,2026-08-14,Tienda Norte,Esponjas,Limpieza,1,1200,1200
3801,2026-08-14,Tienda Norte,Mantequilla,Lácteos,1,2500,2500
3801,2026-08-14,Tienda Norte,Pan hallulla,Panadería,2,1500,3000
3801,2026-08-14,Tienda Norte,Papas fritas,Snacks,1,1800,1800
3801,2026-08-14,Tienda Norte,Queso,Lácteos,1,4500,4500
3802,2026-06-15,Tienda Norte,Cerveza,Alcohol,2,3500,7000
3802,2026-06-15,Tienda Norte,Croissant,Panadería,3,900,2700
3802,2026-06-15,Tienda Norte,Maní,Snacks,1,1200,1200
3802,2026-06-15,Tienda Norte,Pañales,Bebé,1,8000,8000
3802,2026-06-15,Tienda Norte,Toallitas húmedas,Bebé,1,2200,2200
3803,2026-06-10,Tienda Mall,Azúcar,Café/Té,1,1300,1300
3803,2026-06-10,Tienda Mall,Bebida cola,Bebidas,1,1500,1500
3803,2026-06-10,Tienda Mall,Papas fritas,Snacks,2,1800,3600
3803,2026-06-10,Tienda Mall,Té,Café/Té,3,2500,7500
3804,2026-07-28,Tienda Sur,Leche,Lácteos,2,1200,2400
3804,2026-07-28,Tienda Sur,Pan hallulla,Panadería,1,1500,1500
3804,2026-07-28,Tienda Sur,Queso,Lácteos,1,4500,4500
3804,2026-07-28,Tienda Sur,Toallitas húmedas,Bebé,1,2200,2200
3805,2026-05-27,Tienda Mall,Cerveza,Alcohol,1,3500,3500
3805,2026-05-27,Tienda Mall,Mantequilla,Lácteos,1,2500,2500
3805,2026-05-27,Tienda Mall,Papas fritas,Snacks,1,1800,1800
3806,2026-07-01,Tienda Sur,Azúcar,Café/Té,1,1300,1300
3806,2026-07-01,Tienda Sur,Maní,Snacks,1,1200,1200
3807,2026-08-12,Tienda Sur,Bebida cola,Bebidas,1,1500,1500
3807,2026-08-12,Tienda Sur,Cloro,Limpieza,1,1400,1400
3807,2026-08-12,Tienda Sur,Detergente,Limpieza,3,5500,16500
3807,2026-08-12,Tienda Sur,Jugo naranja,Bebidas,1,1600,1600
3807,2026-08-12,Tienda Sur,Mantequilla,Lácteos,2,2500,5000
3807,2026-08-12,Tienda Sur,Pan molde,Panadería,1,1800,1800
3807,2026-08-12,Tienda Sur,Papas fritas,Snacks,3,1800,5400
3807,2026-08-12,Tienda Sur,Queso,Lácteos,2,4500,9000
3808,2026-07-01,Tienda Sur,Cerveza,Alcohol,1,3500,3500
3808,2026-07-01,Tienda Sur,Leche,Lácteos,3,1200,3600
3808,2026-07-01,Tienda Sur,Papas fritas,Snacks,1,1800,1800
3808,2026-07-01,Tienda Sur,Queso,Lácteos,3,4500,13500
3809,2026-07-05,Tienda Centro,Café,Café/Té,1,4000,4000
3809,2026-07-05,Tienda Centro,Papas fritas,Snacks,1,1800,1800
3809,2026-07-05,Tienda Centro,Pañales,Bebé,1,8000,8000
3809,2026-07-05,Tienda Centro,Toallitas húmedas,Bebé,1,2200,2200
3810,2026-08-09,Tienda Norte,Cerveza,Alcohol,2,3500,7000
3810,2026-08-09,Tienda Norte,Galletas,Snacks,1,1000,1000
3810,2026-08-09,Tienda Norte,Mantequilla,Lácteos,1,2500,2500
3810,2026-08-09,Tienda Norte,Papas fritas,Snacks,1,1800,1800
3811,2026-07-31,Tienda Norte,Mantequilla,Lácteos,1,2500,2500
3812,2026-06-22,Tienda Sur,Detergente,Limpieza,1,5500,5500
3812,2026-06-22,Tienda Sur,Esponjas,Limpieza,1,1200,1200
3812,2026-06-22,Tienda Sur,Pañales,Bebé,1,8000,8000
3812,2026-06-22,Tienda Sur,Toallitas húmedas,Bebé,1,2200,2200
3813,2026-07-13,Tienda Sur,Toallitas húmedas,Bebé,2,2200,4400
3813,2026-07-13,Tienda Sur,Yogurt,Lácteos,1,800,800
3814,2026-05-29,Tienda Norte,Cerveza,Alcohol,1,3500,3500
3814,2026-05-29,Tienda Norte,Mantequilla,Lácteos,1,2500,2500
3814,2026-05-29,Tienda Norte,Pañales,Bebé,1,8000,8000
3814,2026-05-29,Tienda Norte,Toallitas húmedas,Bebé,1,2200,2200
3814,2026-05-29,Tienda Norte,Yogurt,Lácteos,2,800,1600
3815,2026-08-13,Tienda Norte,Cloro,Limpieza,3,1400,4200
3815,2026-08-13,Tienda Norte,Detergente,Limpieza,1,5500,5500
3815,2026-08-13,Tienda Norte,Esponjas,Limpieza,3,1200,3600
3815,2026-08-13,Tienda Norte,Toallitas húmedas,Bebé,1,2200,2200
3815,2026-08-13,Tienda Norte,Yogurt,Lácteos,2,800,1600
3816,2026-07-30,Tienda Sur,Maní,Snacks,1,1200,1200
3817,2026-08-13,Tienda Sur,Pan hallulla,Panadería,3,1500,4500
3818,2026-08-12,Tienda Sur,Cloro,Limpieza,1,1400,1400
3818,2026-08-12,Tienda Sur,Galletas,Snacks,1,1000,1000
3818,2026-08-12,Tienda Sur,Papas fritas,Snacks,3,1800,5400
3819,2026-07-23,Tienda Norte,Maní,Snacks,3,1200,3600
3819,2026-07-23,Tienda Norte,Papas fritas,Snacks,1,1800,1800
3820,2026-06-28,Tienda Norte,Cloro,Limpieza,1,1400,1400
3820,2026-06-28,Tienda Norte,Pan molde,Panadería,1,1800,1800
3821,2026-07-23,Tienda Norte,Pan molde,Panadería,1,1800,1800
3821,2026-07-23,Tienda Norte,Queso,Lácteos,1,4500,4500
3821,2026-07-23,Tienda Norte,Té,Café/Té,1,2500,2500
3821,2026-07-23,Tienda Norte,Vino tinto,Alcohol,1,5000,5000
3822,2026-06-07,Tienda Norte,Cerveza,Alcohol,1,3500,3500
3822,2026-06-07,Tienda Norte,Galletas,Snacks,3,1000,3000
3822,2026-06-07,Tienda Norte,Mantequilla,Lácteos,2,2500,5000
3822,2026-06-07,Tienda Norte,Maní,Snacks,2,1200,2400
3823,2026-07-28,Tienda Norte,Cloro,Limpieza,2,1400,2800
3823,2026-07-28,Tienda Norte,Mantequilla,Lácteos,1,2500,2500
3823,2026-07-28,Tienda Norte,Pan hallulla,Panadería,1,1500,1500
3823,2026-07-28,Tienda Norte,Queso,Lácteos,1,4500,4500
3824,2026-07-14,Tienda Mall,Mantequilla,Lácteos,2,2500,5000
3824,2026-07-14,Tienda Mall,Pan hallulla,Panadería,1,1500,1500
3824,2026-07-14,Tienda Mall,Vino tinto,Alcohol,1,5000,5000
3825,2026-07-07,Tienda Mall,Azúcar,Café/Té,1,1300,1300
3826,2026-07-25,Tienda Mall,Agua mineral,Bebidas,2,900,1800
3826,2026-07-25,Tienda Mall,Pan molde,Panadería,1,1800,1800
3826,2026-07-25,Tienda Mall,Toallitas húmedas,Bebé,2,2200,4400
3826,2026-07-25,Tienda Mall,Yogurt,Lácteos,1,800,800
3827,2026-07-25,Tienda Mall,Cerveza,Alcohol,1,3500,3500
3827,2026-07-25,Tienda Mall,Croissant,Panadería,1,900,900
3827,2026-07-25,Tienda Mall,Maní,Snacks,1,1200,1200
3827,2026-07-25,Tienda Mall,Papas fritas,Snacks,1,1800,1800
3828,2026-06-19,Tienda Centro,Azúcar,Café/Té,1,1300,1300
3828,2026-06-19,Tienda Centro,Mantequilla,Lácteos,1,2500,2500
3828,2026-06-19,Tienda Centro,Pan molde,Panadería,1,1800,1800
3829,2026-06-06,Tienda Norte,Café,Café/Té,3,4000,12000
3829,2026-06-06,Tienda Norte,Galletas,Snacks,1,1000,1000
3829,2026-06-06,Tienda Norte,Toallitas húmedas,Bebé,1,2200,2200
3830,2026-08-14,Tienda Norte,Mantequilla,Lácteos,1,2500,2500
3830,2026-08-14,Tienda Norte,Pan molde,Panadería,1,1800,1800
3830,2026-08-14,Tienda Norte,Queso,Lácteos,1,4500,4500
3831,2026-08-08,Tienda Norte,Leche,Lácteos,1,1200,1200
3831,2026-08-08,Tienda Norte,Queso,Lácteos,1,4500,4500
3831,2026-08-08,Tienda Norte,Vino tinto,Alcohol,2,5000,10000
3832,2026-07-09,Tienda Norte,Cerveza,Alcohol,1,3500,3500
3832,2026-07-09,Tienda Norte,Jugo naranja,Bebidas,1,1600,1600
3832,2026-07-09,Tienda Norte,Mantequilla,Lácteos,1,2500,2500
3832,2026-07-09,Tienda Norte,Pan molde,Panadería,1,1800,1800
3832,2026-07-09,Tienda Norte,Pañales,Bebé,2,8000,16000
3832,2026-07-09,Tienda Norte,Queso,Lácteos,1,4500,4500
3832,2026-07-09,Tienda Norte,Toallitas húmedas,Bebé,1,2200,2200
3833,2026-05-22,Tienda Norte,Galletas,Snacks,1,1000,1000
3834,2026-06-29,Tienda Mall,Detergente,Limpieza,1,5500,5500
3834,2026-06-29,Tienda Mall,Esponjas,Limpieza,1,1200,1200
3834,2026-06-29,Tienda Mall,Leche,Lácteos,3,1200,3600
3834,2026-06-29,Tienda Mall,Pan molde,Panadería,1,1800,1800
3835,2026-06-11,Tienda Sur,Agua mineral,Bebidas,1,900,900
3835,2026-06-11,Tienda Sur,Bebida cola,Bebidas,2,1500,3000
3835,2026-06-11,Tienda Sur,Té,Café/Té,1,2500,2500
3836,2026-05-29,Tienda Sur,Azúcar,Café/Té,1,1300,1300
3836,2026-05-29,Tienda Sur,Café,Café/Té,1,4000,4000
3836,2026-05-29,Tienda Sur,Galletas,Snacks,2,1000,2000
3836,2026-05-29,Tienda Sur,Jugo naranja,Bebidas,1,1600,1600
3837,2026-07-16,Tienda Centro,Mantequilla,Lácteos,1,2500,2500
3838,2026-06-12,Tienda Centro,Bebida cola,Bebidas,2,1500,3000
3838,2026-06-12,Tienda Centro,Pan hallulla,Panadería,1,1500,1500
3838,2026-06-12,Tienda Centro,Toallitas húmedas,Bebé,2,2200,4400
3839,2026-06-25,Tienda Centro,Queso,Lácteos,1,4500,4500
3840,2026-07-07,Tienda Centro,Toallitas húmedas,Bebé,2,2200,4400
3841,2026-06-16,Tienda Norte,Azúcar,Café/Té,1,1300,1300
3841,2026-06-16,Tienda Norte,Croissant,Panadería,1,900,900
3842,2026-07-03,Tienda Norte,Papas fritas,Snacks,2,1800,3600
3842,2026-07-03,Tienda Norte,Queso,Lácteos,2,4500,9000
3842,2026-07-03,Tienda Norte,Vino tinto,Alcohol,1,5000,5000
3842,2026-07-03,Tienda Norte,Yogurt,Lácteos,1,800,800
3843,2026-07-14,Tienda Mall,Jugo naranja,Bebidas,1,1600,1600
3843,2026-07-14,Tienda Mall,Yogurt,Lácteos,2,800,1600
3844,2026-06-16,Tienda Norte,Azúcar,Café/Té,1,1300,1300
3844,2026-06-16,Tienda Norte,Café,Café/Té,1,4000,4000
3844,2026-06-16,Tienda Norte,Cloro,Limpieza,3,1400,4200
3844,2026-06-16,Tienda Norte,Mantequilla,Lácteos,2,2500,5000
3844,2026-06-16,Tienda Norte,Pan molde,Panadería,2,1800,3600
3845,2026-07-11,Tienda Norte,Cerveza,Alcohol,1,3500,3500
3845,2026-07-11,Tienda Norte,Leche,Lácteos,1,1200,1200
3845,2026-07-11,Tienda Norte,Mantequilla,Lácteos,1,2500,2500
3845,2026-07-11,Tienda Norte,Pan molde,Panadería,1,1800,1800
3845,2026-07-11,Tienda Norte,Yogurt,Lácteos,1,800,800
3846,2026-06-27,Tienda Centro,Cerveza,Alcohol,3,3500,10500
3846,2026-06-27,Tienda Centro,Maní,Snacks,1,1200,1200
3846,2026-06-27,Tienda Centro,Queso,Lácteos,2,4500,9000
3847,2026-05-29,Tienda Sur,Cerveza,Alcohol,1,3500,3500
3847,2026-05-29,Tienda Sur,Cloro,Limpieza,1,1400,1400
3847,2026-05-29,Tienda Sur,Mantequilla,Lácteos,1,2500,2500
3847,2026-05-29,Tienda Sur,Pan hallulla,Panadería,3,1500,4500
3847,2026-05-29,Tienda Sur,Papas fritas,Snacks,1,1800,1800
3848,2026-06-18,Tienda Mall,Galletas,Snacks,1,1000,1000
3848,2026-06-18,Tienda Mall,Maní,Snacks,1,1200,1200
3849,2026-05-20,Tienda Norte,Agua mineral,Bebidas,1,900,900
3849,2026-05-20,Tienda Norte,Detergente,Limpieza,1,5500,5500
3849,2026-05-20,Tienda Norte,Galletas,Snacks,1,1000,1000
3849,2026-05-20,Tienda Norte,Papas fritas,Snacks,2,1800,3600
3850,2026-05-20,Tienda Centro,Galletas,Snacks,1,1000,1000
3850,2026-05-20,Tienda Centro,Yogurt,Lácteos,1,800,800
3851,2026-07-15,Tienda Norte,Azúcar,Café/Té,1,1300,1300
3851,2026-07-15,Tienda Norte,Mantequilla,Lácteos,1,2500,2500
3851,2026-07-15,Tienda Norte,Pañales,Bebé,1,8000,8000
3851,2026-07-15,Tienda Norte,Toallitas húmedas,Bebé,1,2200,2200
3851,2026-07-15,Tienda Norte,Yogurt,Lácteos,2,800,1600
3852,2026-05-28,Tienda Norte,Maní,Snacks,2,1200,2400
3852,2026-05-28,Tienda Norte,Queso,Lácteos,1,4500,4500
3853,2026-05-29,Tienda Centro,Jugo naranja,Bebidas,1,1600,1600
3853,2026-05-29,Tienda Centro,Yogurt,Lácteos,1,800,800
3854,2026-05-28,Tienda Mall,Agua mineral,Bebidas,1,900,900
3854,2026-05-28,Tienda Mall,Café,Café/Té,1,4000,4000
3854,2026-05-28,Tienda Mall,Croissant,Panadería,1,900,900
3855,2026-07-15,Tienda Mall,Azúcar,Café/Té,3,1300,3900
3855,2026-07-15,Tienda Mall,Detergente,Limpieza,2,5500,11000
3855,2026-07-15,Tienda Mall,Esponjas,Limpieza,2,1200,2400
3855,2026-07-15,Tienda Mall,Papas fritas,Snacks,1,1800,1800
3855,2026-07-15,Tienda Mall,Queso,Lácteos,1,4500,4500
3856,2026-05-23,Tienda Sur,Azúcar,Café/Té,3,1300,3900
3856,2026-05-23,Tienda Sur,Cloro,Limpieza,1,1400,1400
3856,2026-05-23,Tienda Sur,Croissant,Panadería,1,900,900
3857,2026-06-04,Tienda Centro,Agua mineral,Bebidas,1,900,900
3857,2026-06-04,Tienda Centro,Cerveza,Alcohol,1,3500,3500
3857,2026-06-04,Tienda Centro,Esponjas,Limpieza,2,1200,2400
3857,2026-06-04,Tienda Centro,Leche,Lácteos,1,1200,1200
3857,2026-06-04,Tienda Centro,Papas fritas,Snacks,1,1800,1800
3858,2026-06-23,Tienda Mall,Azúcar,Café/Té,1,1300,1300
3858,2026-06-23,Tienda Mall,Café,Café/Té,2,4000,8000
3858,2026-06-23,Tienda Mall,Leche,Lácteos,2,1200,2400
3858,2026-06-23,Tienda Mall,Pan hallulla,Panadería,1,1500,1500
3859,2026-05-25,Tienda Norte,Azúcar,Café/Té,1,1300,1300
3859,2026-05-25,Tienda Norte,Cloro,Limpieza,2,1400,2800
3859,2026-05-25,Tienda Norte,Queso,Lácteos,1,4500,4500
3860,2026-06-18,Tienda Sur,Galletas,Snacks,1,1000,1000
3860,2026-06-18,Tienda Sur,Yogurt,Lácteos,1,800,800
3861,2026-06-13,Tienda Norte,Vino tinto,Alcohol,1,5000,5000
3862,2026-06-12,Tienda Sur,Azúcar,Café/Té,1,1300,1300
3862,2026-06-12,Tienda Sur,Café,Café/Té,1,4000,4000
3863,2026-07-17,Tienda Norte,Cerveza,Alcohol,2,3500,7000
3863,2026-07-17,Tienda Norte,Detergente,Limpieza,1,5500,5500
3863,2026-07-17,Tienda Norte,Maní,Snacks,2,1200,2400
3863,2026-07-17,Tienda Norte,Queso,Lácteos,1,4500,4500
3864,2026-07-23,Tienda Mall,Esponjas,Limpieza,2,1200,2400
3864,2026-07-23,Tienda Mall,Queso,Lácteos,1,4500,4500
3864,2026-07-23,Tienda Mall,Toallitas húmedas,Bebé,1,2200,2200
3865,2026-07-27,Tienda Sur,Cloro,Limpieza,1,1400,1400
3865,2026-07-27,Tienda Sur,Galletas,Snacks,1,1000,1000
3866,2026-06-29,Tienda Mall,Esponjas,Limpieza,1,1200,1200
3866,2026-06-29,Tienda Mall,Mantequilla,Lácteos,2,2500,5000
3866,2026-06-29,Tienda Mall,Queso,Lácteos,1,4500,4500
3866,2026-06-29,Tienda Mall,Vino tinto,Alcohol,1,5000,5000
3867,2026-06-10,Tienda Norte,Bebida cola,Bebidas,3,1500,4500
3867,2026-06-10,Tienda Norte,Cerveza,Alcohol,1,3500,3500
3868,2026-05-27,Tienda Centro,Bebida cola,Bebidas,1,1500,1500
3868,2026-05-27,Tienda Centro,Papas fritas,Snacks,1,1800,1800
3868,2026-05-27,Tienda Centro,Queso,Lácteos,2,4500,9000
3869,2026-05-31,Tienda Sur,Agua mineral,Bebidas,2,900,1800
3869,2026-05-31,Tienda Sur,Queso,Lácteos,3,4500,13500
3870,2026-06-11,Tienda Mall,Té,Café/Té,1,2500,2500
3870,2026-06-11,Tienda Mall,Yogurt,Lácteos,1,800,800
3871,2026-07-05,Tienda Mall,Agua mineral,Bebidas,1,900,900
3872,2026-07-05,Tienda Centro,Cloro,Limpieza,1,1400,1400
3872,2026-07-05,Tienda Centro,Detergente,Limpieza,1,5500,5500
3872,2026-07-05,Tienda Centro,Esponjas,Limpieza,1,1200,1200
3872,2026-07-05,Tienda Centro,Jugo naranja,Bebidas,1,1600,1600
3872,2026-07-05,Tienda Centro,Queso,Lácteos,1,4500,4500
3873,2026-06-26,Tienda Sur,Jugo naranja,Bebidas,2,1600,3200
3873,2026-06-26,Tienda Sur,Yogurt,Lácteos,1,800,800
3874,2026-07-29,Tienda Sur,Detergente,Limpieza,1,5500,5500
3875,2026-07-05,Tienda Centro,Leche,Lácteos,1,1200,1200
3876,2026-07-11,Tienda Sur,Detergente,Limpieza,1,5500,5500
3876,2026-07-11,Tienda Sur,Toallitas húmedas,Bebé,1,2200,2200
3876,2026-07-11,Tienda Sur,Yogurt,Lácteos,2,800,1600
3877,2026-07-15,Tienda Norte,Cerveza,Alcohol,1,3500,3500
3877,2026-07-15,Tienda Norte,Papas fritas,Snacks,2,1800,3600
3877,2026-07-15,Tienda Norte,Queso,Lácteos,1,4500,4500
3878,2026-08-10,Tienda Centro,Mantequilla,Lácteos,1,2500,2500
3878,2026-08-10,Tienda Centro,Pan hallulla,Panadería,2,1500,3000
3878,2026-08-10,Tienda Centro,Pan molde,Panadería,1,1800,1800
3879,2026-06-24,Tienda Mall,Bebida cola,Bebidas,3,1500,4500
3879,2026-06-24,Tienda Mall,Cloro,Limpieza,2,1400,2800
3879,2026-06-24,Tienda Mall,Papas fritas,Snacks,1,1800,1800
3879,2026-06-24,Tienda Mall,Yogurt,Lácteos,1,800,800
3880,2026-06-14,Tienda Centro,Azúcar,Café/Té,1,1300,1300
3880,2026-06-14,Tienda Centro,Té,Café/Té,3,2500,7500
3881,2026-06-19,Tienda Mall,Cloro,Limpieza,3,1400,4200
3881,2026-06-19,Tienda Mall,Papas fritas,Snacks,1,1800,1800
3882,2026-05-26,Tienda Centro,Cloro,Limpieza,1,1400,1400
3882,2026-05-26,Tienda Centro,Detergente,Limpieza,1,5500,5500
3882,2026-05-26,Tienda Centro,Maní,Snacks,1,1200,1200
3882,2026-05-26,Tienda Centro,Pan molde,Panadería,2,1800,3600
3882,2026-05-26,Tienda Centro,Pañales,Bebé,2,8000,16000
3882,2026-05-26,Tienda Centro,Queso,Lácteos,2,4500,9000
3882,2026-05-26,Tienda Centro,Toallitas húmedas,Bebé,1,2200,2200
3883,2026-07-21,Tienda Centro,Mantequilla,Lácteos,1,2500,2500
3883,2026-07-21,Tienda Centro,Maní,Snacks,1,1200,1200
3883,2026-07-21,Tienda Centro,Pan molde,Panadería,1,1800,1800
3884,2026-06-02,Tienda Norte,Mantequilla,Lácteos,1,2500,2500
3884,2026-06-02,Tienda Norte,Queso,Lácteos,1,4500,4500
3885,2026-06-21,Tienda Centro,Azúcar,Café/Té,1,1300,1300
3885,2026-06-21,Tienda Centro,Café,Café/Té,1,4000,4000
3886,2026-07-24,Tienda Norte,Leche,Lácteos,1,1200,1200
3886,2026-07-24,Tienda Norte,Pan hallulla,Panadería,2,1500,3000
3886,2026-07-24,Tienda Norte,Yogurt,Lácteos,1,800,800
3887,2026-06-07,Tienda Sur,Galletas,Snacks,1,1000,1000
3888,2026-07-07,Tienda Mall,Agua mineral,Bebidas,1,900,900
3888,2026-07-07,Tienda Mall,Yogurt,Lácteos,1,800,800
3889,2026-05-28,Tienda Sur,Agua mineral,Bebidas,1,900,900
3890,2026-07-09,Tienda Centro,Azúcar,Café/Té,1,1300,1300
3890,2026-07-09,Tienda Centro,Bebida cola,Bebidas,3,1500,4500
3890,2026-07-09,Tienda Centro,Café,Café/Té,1,4000,4000
3890,2026-07-09,Tienda Centro,Yogurt,Lácteos,1,800,800
3891,2026-06-30,Tienda Sur,Cerveza,Alcohol,2,3500,7000
3891,2026-06-30,Tienda Sur,Cloro,Limpieza,2,1400,2800
3891,2026-06-30,Tienda Sur,Maní,Snacks,2,1200,2400
3891,2026-06-30,Tienda Sur,Papas fritas,Snacks,1,1800,1800
3892,2026-06-10,Tienda Norte,Cerveza,Alcohol,1,3500,3500
3892,2026-06-10,Tienda Norte,Papas fritas,Snacks,1,1800,1800
3893,2026-07-27,Tienda Norte,Mantequilla,Lácteos,1,2500,2500
3893,2026-07-27,Tienda Norte,Maní,Snacks,1,1200,1200
3893,2026-07-27,Tienda Norte,Pan molde,Panadería,1,1800,1800
3894,2026-06-23,Tienda Centro,Agua mineral,Bebidas,3,900,2700
3894,2026-06-23,Tienda Centro,Bebida cola,Bebidas,1,1500,1500
3895,2026-07-14,Tienda Centro,Azúcar,Café/Té,3,1300,3900
3895,2026-07-14,Tienda Centro,Té,Café/Té,1,2500,2500
3895,2026-07-14,Tienda Centro,Vino tinto,Alcohol,1,5000,5000
3896,2026-08-07,Tienda Mall,Cloro,Limpieza,1,1400,1400
3896,2026-08-07,Tienda Mall,Jugo naranja,Bebidas,2,1600,3200
3897,2026-05-22,Tienda Mall,Croissant,Panadería,1,900,900
3897,2026-05-22,Tienda Mall,Yogurt,Lácteos,1,800,800
3898,2026-06-26,Tienda Norte,Cloro,Limpieza,1,1400,1400
3898,2026-06-26,Tienda Norte,Mantequilla,Lácteos,2,2500,5000
3899,2026-06-25,Tienda Centro,Agua mineral,Bebidas,1,900,900
3899,2026-06-25,Tienda Centro,Mantequilla,Lácteos,1,2500,2500
3900,2026-07-23,Tienda Sur,Bebida cola,Bebidas,2,1500,3000
3900,2026-07-23,Tienda Sur,Cerveza,Alcohol,2,3500,7000
3900,2026-07-23,Tienda Sur,Detergente,Limpieza,3,5500,16500
3900,2026-07-23,Tienda Sur,Esponjas,Limpieza,1,1200,1200
3900,2026-07-23,Tienda Sur,Maní,Snacks,2,1200,2400
3900,2026-07-23,Tienda Sur,Papas fritas,Snacks,2,1800,3600
3900,2026-07-23,Tienda Sur,Toallitas húmedas,Bebé,1,2200,2200
3901,2026-08-15,Tienda Sur,Bebida cola,Bebidas,2,1500,3000
3901,2026-08-15,Tienda Sur,Cerveza,Alcohol,2,3500,7000
3901,2026-08-15,Tienda Sur,Galletas,Snacks,2,1000,2000
3902,2026-06-08,Tienda Sur,Yogurt,Lácteos,3,800,2400
3903,2026-07-29,Tienda Sur,Detergente,Limpieza,2,5500,11000
3903,2026-07-29,Tienda Sur,Pañales,Bebé,2,8000,16000
3903,2026-07-29,Tienda Sur,Toallitas húmedas,Bebé,1,2200,2200
3904,2026-08-09,Tienda Norte,Cerveza,Alcohol,2,3500,7000
3904,2026-08-09,Tienda Norte,Cloro,Limpieza,1,1400,1400
3904,2026-08-09,Tienda Norte,Maní,Snacks,1,1200,1200
3904,2026-08-09,Tienda Norte,Pañales,Bebé,2,8000,16000
3904,2026-08-09,Tienda Norte,Toallitas húmedas,Bebé,3,2200,6600
3905,2026-07-31,Tienda Centro,Bebida cola,Bebidas,1,1500,1500
3906,2026-05-24,Tienda Mall,Azúcar,Café/Té,1,1300,1300
3907,2026-05-31,Tienda Sur,Croissant,Panadería,1,900,900
3907,2026-05-31,Tienda Sur,Mantequilla,Lácteos,1,2500,2500
3908,2026-06-29,Tienda Mall,Azúcar,Café/Té,2,1300,2600
3908,2026-06-29,Tienda Mall,Bebida cola,Bebidas,1,1500,1500
3908,2026-06-29,Tienda Mall,Esponjas,Limpieza,3,1200,3600
3908,2026-06-29,Tienda Mall,Papas fritas,Snacks,2,1800,3600
3909,2026-07-07,Tienda Norte,Jugo naranja,Bebidas,1,1600,1600
3909,2026-07-07,Tienda Norte,Toallitas húmedas,Bebé,1,2200,2200
3910,2026-07-14,Tienda Norte,Pan hallulla,Panadería,1,1500,1500
3910,2026-07-14,Tienda Norte,Queso,Lácteos,1,4500,4500
3911,2026-06-22,Tienda Mall,Té,Café/Té,1,2500,2500
3912,2026-06-13,Tienda Mall,Yogurt,Lácteos,1,800,800
3913,2026-07-03,Tienda Norte,Esponjas,Limpieza,1,1200,1200
3913,2026-07-03,Tienda Norte,Mantequilla,Lácteos,2,2500,5000
3913,2026-07-03,Tienda Norte,Pan hallulla,Panadería,2,1500,3000
3913,2026-07-03,Tienda Norte,Té,Café/Té,1,2500,2500
3914,2026-06-20,Tienda Norte,Bebida cola,Bebidas,1,1500,1500
3914,2026-06-20,Tienda Norte,Cloro,Limpieza,1,1400,1400
3914,2026-06-20,Tienda Norte,Mantequilla,Lácteos,2,2500,5000
3914,2026-06-20,Tienda Norte,Pan hallulla,Panadería,1,1500,1500
3914,2026-06-20,Tienda Norte,Queso,Lácteos,1,4500,4500
3914,2026-06-20,Tienda Norte,Té,Café/Té,1,2500,2500
3915,2026-08-05,Tienda Norte,Café,Café/Té,2,4000,8000
3916,2026-08-15,Tienda Centro,Bebida cola,Bebidas,1,1500,1500
3917,2026-07-11,Tienda Mall,Bebida cola,Bebidas,1,1500,1500
3917,2026-07-11,Tienda Mall,Cerveza,Alcohol,1,3500,3500
3917,2026-07-11,Tienda Mall,Galletas,Snacks,2,1000,2000
3917,2026-07-11,Tienda Mall,Maní,Snacks,1,1200,1200
3917,2026-07-11,Tienda Mall,Papas fritas,Snacks,2,1800,3600
3918,2026-07-23,Tienda Centro,Agua mineral,Bebidas,1,900,900
3918,2026-07-23,Tienda Centro,Esponjas,Limpieza,2,1200,2400
3918,2026-07-23,Tienda Centro,Queso,Lácteos,1,4500,4500
3919,2026-05-26,Tienda Norte,Cerveza,Alcohol,2,3500,7000
3919,2026-05-26,Tienda Norte,Pañales,Bebé,1,8000,8000
3919,2026-05-26,Tienda Norte,Queso,Lácteos,2,4500,9000
3919,2026-05-26,Tienda Norte,Toallitas húmedas,Bebé,1,2200,2200
3920,2026-08-16,Tienda Norte,Croissant,Panadería,1,900,900
3921,2026-08-14,Tienda Centro,Azúcar,Café/Té,1,1300,1300
3921,2026-08-14,Tienda Centro,Cloro,Limpieza,1,1400,1400
3921,2026-08-14,Tienda Centro,Detergente,Limpieza,1,5500,5500
3921,2026-08-14,Tienda Centro,Té,Café/Té,1,2500,2500
3922,2026-07-13,Tienda Centro,Esponjas,Limpieza,1,1200,1200
3922,2026-07-13,Tienda Centro,Jugo naranja,Bebidas,1,1600,1600
3923,2026-06-04,Tienda Sur,Azúcar,Café/Té,3,1300,3900
3923,2026-06-04,Tienda Sur,Café,Café/Té,3,4000,12000
3923,2026-06-04,Tienda Sur,Galletas,Snacks,1,1000,1000
3923,2026-06-04,Tienda Sur,Té,Café/Té,1,2500,2500
3924,2026-06-21,Tienda Norte,Cerveza,Alcohol,1,3500,3500
3924,2026-06-21,Tienda Norte,Galletas,Snacks,1,1000,1000
3924,2026-06-21,Tienda Norte,Pañales,Bebé,1,8000,8000
3924,2026-06-21,Tienda Norte,Toallitas húmedas,Bebé,1,2200,2200
3925,2026-06-10,Tienda Sur,Mantequilla,Lácteos,2,2500,5000
3925,2026-06-10,Tienda Sur,Pan hallulla,Panadería,1,1500,1500
3926,2026-08-07,Tienda Norte,Leche,Lácteos,1,1200,1200
3926,2026-08-07,Tienda Norte,Yogurt,Lácteos,1,800,800
3927,2026-06-22,Tienda Centro,Esponjas,Limpieza,1,1200,1200
3927,2026-06-22,Tienda Centro,Pañales,Bebé,3,8000,24000
3928,2026-07-08,Tienda Sur,Croissant,Panadería,1,900,900
3928,2026-07-08,Tienda Sur,Esponjas,Limpieza,3,1200,3600
3928,2026-07-08,Tienda Sur,Pañales,Bebé,3,8000,24000
3928,2026-07-08,Tienda Sur,Toallitas húmedas,Bebé,1,2200,2200
3929,2026-06-30,Tienda Norte,Cerveza,Alcohol,1,3500,3500
3929,2026-06-30,Tienda Norte,Mantequilla,Lácteos,2,2500,5000
3929,2026-06-30,Tienda Norte,Pan molde,Panadería,2,1800,3600
3929,2026-06-30,Tienda Norte,Pañales,Bebé,1,8000,8000
3929,2026-06-30,Tienda Norte,Queso,Lácteos,1,4500,4500
3929,2026-06-30,Tienda Norte,Toallitas húmedas,Bebé,1,2200,2200
3930,2026-06-21,Tienda Mall,Croissant,Panadería,2,900,1800
3930,2026-06-21,Tienda Mall,Pañales,Bebé,1,8000,8000
3930,2026-06-21,Tienda Mall,Toallitas húmedas,Bebé,1,2200,2200
3930,2026-06-21,Tienda Mall,Té,Café/Té,1,2500,2500
3931,2026-05-25,Tienda Norte,Detergente,Limpieza,2,5500,11000
3931,2026-05-25,Tienda Norte,Mantequilla,Lácteos,2,2500,5000
3932,2026-08-17,Tienda Centro,Esponjas,Limpieza,1,1200,1200
3933,2026-05-29,Tienda Mall,Esponjas,Limpieza,1,1200,1200
3933,2026-05-29,Tienda Mall,Pan hallulla,Panadería,2,1500,3000
3934,2026-05-25,Tienda Norte,Leche,Lácteos,1,1200,1200
3935,2026-06-27,Tienda Centro,Mantequilla,Lácteos,1,2500,2500
3935,2026-06-27,Tienda Centro,Pañales,Bebé,1,8000,8000
3935,2026-06-27,Tienda Centro,Toallitas húmedas,Bebé,1,2200,2200
3936,2026-06-11,Tienda Mall,Detergente,Limpieza,1,5500,5500
3936,2026-06-11,Tienda Mall,Yogurt,Lácteos,1,800,800
3937,2026-06-05,Tienda Mall,Cerveza,Alcohol,1,3500,3500
3937,2026-06-05,Tienda Mall,Té,Café/Té,2,2500,5000
3938,2026-07-25,Tienda Centro,Galletas,Snacks,1,1000,1000
3938,2026-07-25,Tienda Centro,Leche,Lácteos,1,1200,1200
3939,2026-07-12,Tienda Mall,Maní,Snacks,1,1200,1200
3940,2026-08-02,Tienda Sur,Bebida cola,Bebidas,2,1500,3000
3940,2026-08-02,Tienda Sur,Maní,Snacks,1,1200,1200
3940,2026-08-02,Tienda Sur,Papas fritas,Snacks,1,1800,1800
3940,2026-08-02,Tienda Sur,Pañales,Bebé,1,8000,8000
3940,2026-08-02,Tienda Sur,Toallitas húmedas,Bebé,2,2200,4400
3941,2026-06-17,Tienda Norte,Maní,Snacks,1,1200,1200
3941,2026-06-17,Tienda Norte,Queso,Lácteos,1,4500,4500
3942,2026-07-06,Tienda Centro,Papas fritas,Snacks,1,1800,1800
3942,2026-07-06,Tienda Centro,Vino tinto,Alcohol,1,5000,5000
3943,2026-06-07,Tienda Mall,Azúcar,Café/Té,2,1300,2600
3943,2026-06-07,Tienda Mall,Esponjas,Limpieza,1,1200,1200
3943,2026-06-07,Tienda Mall,Galletas,Snacks,1,1000,1000
3943,2026-06-07,Tienda Mall,Jugo naranja,Bebidas,1,1600,1600
3944,2026-08-01,Tienda Mall,Cerveza,Alcohol,1,3500,3500
3944,2026-08-01,Tienda Mall,Croissant,Panadería,1,900,900
3944,2026-08-01,Tienda Mall,Maní,Snacks,1,1200,1200
3944,2026-08-01,Tienda Mall,Pañales,Bebé,1,8000,8000
3945,2026-08-01,Tienda Norte,Vino tinto,Alcohol,2,5000,10000
3946,2026-07-13,Tienda Sur,Pan molde,Panadería,1,1800,1800
3946,2026-07-13,Tienda Sur,Queso,Lácteos,1,4500,4500
3947,2026-05-21,Tienda Centro,Leche,Lácteos,2,1200,2400
3947,2026-05-21,Tienda Centro,Queso,Lácteos,1,4500,4500
3948,2026-07-23,Tienda Mall,Cloro,Limpieza,1,1400,1400
3948,2026-07-23,Tienda Mall,Detergente,Limpieza,1,5500,5500
3949,2026-07-08,Tienda Centro,Mantequilla,Lácteos,1,2500,2500
3949,2026-07-08,Tienda Centro,Yogurt,Lácteos,1,800,800
3950,2026-07-03,Tienda Mall,Detergente,Limpieza,1,5500,5500
3950,2026-07-03,Tienda Mall,Vino tinto,Alcohol,2,5000,10000
3951,2026-07-25,Tienda Sur,Esponjas,Limpieza,1,1200,1200
3951,2026-07-25,Tienda Sur,Jugo naranja,Bebidas,1,1600,1600
3951,2026-07-25,Tienda Sur,Mantequilla,Lácteos,1,2500,2500
3951,2026-07-25,Tienda Sur,Pan molde,Panadería,1,1800,1800
3952,2026-07-26,Tienda Norte,Esponjas,Limpieza,1,1200,1200
3952,2026-07-26,Tienda Norte,Jugo naranja,Bebidas,2,1600,3200
3952,2026-07-26,Tienda Norte,Papas fritas,Snacks,1,1800,1800
3953,2026-06-18,Tienda Sur,Azúcar,Café/Té,1,1300,1300
3953,2026-06-18,Tienda Sur,Croissant,Panadería,2,900,1800
3953,2026-06-18,Tienda Sur,Leche,Lácteos,1,1200,1200
3954,2026-06-20,Tienda Centro,Cloro,Limpieza,2,1400,2800
3954,2026-06-20,Tienda Centro,Esponjas,Limpieza,1,1200,1200
3954,2026-06-20,Tienda Centro,Maní,Snacks,1,1200,1200
3955,2026-07-11,Tienda Norte,Azúcar,Café/Té,2,1300,2600
3955,2026-07-11,Tienda Norte,Cerveza,Alcohol,2,3500,7000
3955,2026-07-11,Tienda Norte,Queso,Lácteos,1,4500,4500
3956,2026-06-09,Tienda Centro,Pan molde,Panadería,1,1800,1800
3956,2026-06-09,Tienda Centro,Queso,Lácteos,1,4500,4500
3956,2026-06-09,Tienda Centro,Toallitas húmedas,Bebé,1,2200,2200
3957,2026-08-11,Tienda Sur,Croissant,Panadería,1,900,900
3957,2026-08-11,Tienda Sur,Té,Café/Té,3,2500,7500
3958,2026-06-30,Tienda Sur,Cloro,Limpieza,1,1400,1400
3958,2026-06-30,Tienda Sur,Queso,Lácteos,1,4500,4500
3959,2026-06-11,Tienda Sur,Azúcar,Café/Té,1,1300,1300
3959,2026-06-11,Tienda Sur,Bebida cola,Bebidas,1,1500,1500
3959,2026-06-11,Tienda Sur,Café,Café/Té,2,4000,8000
3959,2026-06-11,Tienda Sur,Galletas,Snacks,1,1000,1000
3959,2026-06-11,Tienda Sur,Pan molde,Panadería,1,1800,1800
3959,2026-06-11,Tienda Sur,Papas fritas,Snacks,1,1800,1800
3959,2026-06-11,Tienda Sur,Queso,Lácteos,2,4500,9000
3959,2026-06-11,Tienda Sur,Vino tinto,Alcohol,1,5000,5000
3960,2026-07-02,Tienda Centro,Bebida cola,Bebidas,1,1500,1500
3960,2026-07-02,Tienda Centro,Mantequilla,Lácteos,2,2500,5000
3960,2026-07-02,Tienda Centro,Pan hallulla,Panadería,1,1500,1500
3960,2026-07-02,Tienda Centro,Papas fritas,Snacks,1,1800,1800
3960,2026-07-02,Tienda Centro,Vino tinto,Alcohol,2,5000,10000
3961,2026-08-07,Tienda Sur,Azúcar,Café/Té,2,1300,2600
3961,2026-08-07,Tienda Sur,Croissant,Panadería,1,900,900
3961,2026-08-07,Tienda Sur,Toallitas húmedas,Bebé,1,2200,2200
3961,2026-08-07,Tienda Sur,Té,Café/Té,1,2500,2500
3962,2026-06-10,Tienda Centro,Agua mineral,Bebidas,1,900,900
3962,2026-06-10,Tienda Centro,Cerveza,Alcohol,1,3500,3500
3962,2026-06-10,Tienda Centro,Croissant,Panadería,1,900,900
3962,2026-06-10,Tienda Centro,Leche,Lácteos,2,1200,2400
3962,2026-06-10,Tienda Centro,Maní,Snacks,1,1200,1200
3962,2026-06-10,Tienda Centro,Papas fritas,Snacks,1,1800,1800
3963,2026-07-11,Tienda Sur,Yogurt,Lácteos,3,800,2400
3964,2026-07-08,Tienda Centro,Cerveza,Alcohol,2,3500,7000
3964,2026-07-08,Tienda Centro,Cloro,Limpieza,1,1400,1400
3964,2026-07-08,Tienda Centro,Detergente,Limpieza,1,5500,5500
3964,2026-07-08,Tienda Centro,Maní,Snacks,2,1200,2400
3965,2026-08-02,Tienda Sur,Agua mineral,Bebidas,2,900,1800
3966,2026-06-29,Tienda Mall,Maní,Snacks,1,1200,1200
3966,2026-06-29,Tienda Mall,Papas fritas,Snacks,2,1800,3600
3967,2026-07-28,Tienda Mall,Cerveza,Alcohol,1,3500,3500
3967,2026-07-28,Tienda Mall,Pan molde,Panadería,1,1800,1800
3968,2026-07-06,Tienda Sur,Azúcar,Café/Té,1,1300,1300
3968,2026-07-06,Tienda Sur,Galletas,Snacks,1,1000,1000
3968,2026-07-06,Tienda Sur,Queso,Lácteos,3,4500,13500
3968,2026-07-06,Tienda Sur,Té,Café/Té,2,2500,5000
3969,2026-07-05,Tienda Norte,Leche,Lácteos,1,1200,1200
3969,2026-07-05,Tienda Norte,Pan molde,Panadería,1,1800,1800
3969,2026-07-05,Tienda Norte,Queso,Lácteos,1,4500,4500
3970,2026-06-02,Tienda Sur,Esponjas,Limpieza,3,1200,3600
3970,2026-06-02,Tienda Sur,Maní,Snacks,1,1200,1200
3970,2026-06-02,Tienda Sur,Pan hallulla,Panadería,1,1500,1500
3971,2026-06-06,Tienda Centro,Bebida cola,Bebidas,1,1500,1500
3971,2026-06-06,Tienda Centro,Detergente,Limpieza,2,5500,11000
3971,2026-06-06,Tienda Centro,Esponjas,Limpieza,1,1200,1200
3971,2026-06-06,Tienda Centro,Queso,Lácteos,1,4500,4500
3972,2026-07-20,Tienda Mall,Galletas,Snacks,2,1000,2000
3972,2026-07-20,Tienda Mall,Pan molde,Panadería,1,1800,1800
3972,2026-07-20,Tienda Mall,Queso,Lácteos,3,4500,13500
3972,2026-07-20,Tienda Mall,Yogurt,Lácteos,1,800,800
3973,2026-07-12,Tienda Mall,Cloro,Limpieza,1,1400,1400
3973,2026-07-12,Tienda Mall,Detergente,Limpieza,1,5500,5500
3974,2026-06-30,Tienda Mall,Cerveza,Alcohol,1,3500,3500
3974,2026-06-30,Tienda Mall,Maní,Snacks,2,1200,2400
3974,2026-06-30,Tienda Mall,Pañales,Bebé,1,8000,8000
3974,2026-06-30,Tienda Mall,Queso,Lácteos,1,4500,4500
3974,2026-06-30,Tienda Mall,Toallitas húmedas,Bebé,1,2200,2200
3975,2026-08-04,Tienda Centro,Agua mineral,Bebidas,1,900,900
3975,2026-08-04,Tienda Centro,Cerveza,Alcohol,1,3500,3500
3976,2026-06-19,Tienda Centro,Azúcar,Café/Té,2,1300,2600
3976,2026-06-19,Tienda Centro,Maní,Snacks,1,1200,1200
3976,2026-06-19,Tienda Centro,Té,Café/Té,3,2500,7500
3977,2026-06-06,Tienda Norte,Mantequilla,Lácteos,1,2500,2500
3977,2026-06-06,Tienda Norte,Maní,Snacks,3,1200,3600
3978,2026-07-24,Tienda Centro,Azúcar,Café/Té,1,1300,1300
3978,2026-07-24,Tienda Centro,Cerveza,Alcohol,2,3500,7000
3978,2026-07-24,Tienda Centro,Maní,Snacks,2,1200,2400
3978,2026-07-24,Tienda Centro,Papas fritas,Snacks,1,1800,1800
3978,2026-07-24,Tienda Centro,Pañales,Bebé,1,8000,8000
3978,2026-07-24,Tienda Centro,Toallitas húmedas,Bebé,2,2200,4400
3978,2026-07-24,Tienda Centro,Té,Café/Té,1,2500,2500
3979,2026-05-24,Tienda Mall,Cerveza,Alcohol,1,3500,3500
3979,2026-05-24,Tienda Mall,Maní,Snacks,1,1200,1200
3979,2026-05-24,Tienda Mall,Papas fritas,Snacks,1,1800,1800
3979,2026-05-24,Tienda Mall,Té,Café/Té,1,2500,2500
3980,2026-07-10,Tienda Norte,Azúcar,Café/Té,3,1300,3900
3980,2026-07-10,Tienda Norte,Detergente,Limpieza,1,5500,5500
3980,2026-07-10,Tienda Norte,Esponjas,Limpieza,1,1200,1200
3980,2026-07-10,Tienda Norte,Mantequilla,Lácteos,1,2500,2500
3980,2026-07-10,Tienda Norte,Pan hallulla,Panadería,1,1500,1500
3981,2026-05-21,Tienda Sur,Azúcar,Café/Té,1,1300,1300
3981,2026-05-21,Tienda Sur,Cloro,Limpieza,1,1400,1400
3982,2026-06-11,Tienda Sur,Cerveza,Alcohol,1,3500,3500
3982,2026-06-11,Tienda Sur,Croissant,Panadería,1,900,900
3982,2026-06-11,Tienda Sur,Leche,Lácteos,2,1200,2400
3982,2026-06-11,Tienda Sur,Pañales,Bebé,1,8000,8000
3982,2026-06-11,Tienda Sur,Toallitas húmedas,Bebé,1,2200,2200
3983,2026-08-01,Tienda Sur,Yogurt,Lácteos,1,800,800
3984,2026-07-16,Tienda Centro,Azúcar,Café/Té,1,1300,1300
3984,2026-07-16,Tienda Centro,Bebida cola,Bebidas,1,1500,1500
3984,2026-07-16,Tienda Centro,Mantequilla,Lácteos,1,2500,2500
3985,2026-07-14,Tienda Centro,Papas fritas,Snacks,2,1800,3600
3985,2026-07-14,Tienda Centro,Pañales,Bebé,2,8000,16000
3985,2026-07-14,Tienda Centro,Té,Café/Té,2,2500,5000
3985,2026-07-14,Tienda Centro,Yogurt,Lácteos,1,800,800
3986,2026-06-16,Tienda Mall,Azúcar,Café/Té,1,1300,1300
3986,2026-06-16,Tienda Mall,Galletas,Snacks,1,1000,1000
3987,2026-08-11,Tienda Norte,Leche,Lácteos,1,1200,1200
3988,2026-07-11,Tienda Norte,Pañales,Bebé,2,8000,16000
3988,2026-07-11,Tienda Norte,Toallitas húmedas,Bebé,2,2200,4400
3989,2026-05-21,Tienda Norte,Bebida cola,Bebidas,2,1500,3000
3989,2026-05-21,Tienda Norte,Papas fritas,Snacks,1,1800,1800
3990,2026-07-03,Tienda Sur,Azúcar,Café/Té,2,1300,2600
3990,2026-07-03,Tienda Sur,Cerveza,Alcohol,1,3500,3500
3990,2026-07-03,Tienda Sur,Maní,Snacks,1,1200,1200
3990,2026-07-03,Tienda Sur,Papas fritas,Snacks,1,1800,1800
3991,2026-07-02,Tienda Mall,Azúcar,Café/Té,2,1300,2600
3991,2026-07-02,Tienda Mall,Café,Café/Té,2,4000,8000
3991,2026-07-02,Tienda Mall,Galletas,Snacks,1,1000,1000
3991,2026-07-02,Tienda Mall,Papas fritas,Snacks,1,1800,1800
3992,2026-06-06,Tienda Centro,Azúcar,Café/Té,1,1300,1300
3992,2026-06-06,Tienda Centro,Mantequilla,Lácteos,1,2500,2500
3992,2026-06-06,Tienda Centro,Pan hallulla,Panadería,1,1500,1500
3992,2026-06-06,Tienda Centro,Té,Café/Té,2,2500,5000
3993,2026-06-12,Tienda Norte,Mantequilla,Lácteos,1,2500,2500
3993,2026-06-12,Tienda Norte,Maní,Snacks,1,1200,1200
3993,2026-06-12,Tienda Norte,Pan molde,Panadería,2,1800,3600
3993,2026-06-12,Tienda Norte,Queso,Lácteos,1,4500,4500
3994,2026-08-04,Tienda Mall,Cerveza,Alcohol,1,3500,3500
3994,2026-08-04,Tienda Mall,Papas fritas,Snacks,3,1800,5400
3994,2026-08-04,Tienda Mall,Yogurt,Lácteos,1,800,800
3995,2026-07-12,Tienda Mall,Esponjas,Limpieza,1,1200,1200
3995,2026-07-12,Tienda Mall,Jugo naranja,Bebidas,2,1600,3200
3995,2026-07-12,Tienda Mall,Leche,Lácteos,1,1200,1200
3995,2026-07-12,Tienda Mall,Queso,Lácteos,2,4500,9000
3995,2026-07-12,Tienda Mall,Vino tinto,Alcohol,3,5000,15000
3996,2026-06-27,Tienda Norte,Cerveza,Alcohol,2,3500,7000
3996,2026-06-27,Tienda Norte,Detergente,Limpieza,1,5500,5500
3996,2026-06-27,Tienda Norte,Mantequilla,Lácteos,1,2500,2500
3996,2026-06-27,Tienda Norte,Maní,Snacks,3,1200,3600
3997,2026-06-03,Tienda Sur,Azúcar,Café/Té,1,1300,1300
3997,2026-06-03,Tienda Sur,Bebida cola,Bebidas,1,1500,1500
3997,2026-06-03,Tienda Sur,Café,Café/Té,3,4000,12000
3997,2026-06-03,Tienda Sur,Galletas,Snacks,1,1000,1000
3998,2026-05-27,Tienda Mall,Azúcar,Café/Té,1,1300,1300
3998,2026-05-27,Tienda Mall,Mantequilla,Lácteos,1,2500,2500
3998,2026-05-27,Tienda Mall,Pan molde,Panadería,1,1800,1800
3998,2026-05-27,Tienda Mall,Toallitas húmedas,Bebé,1,2200,2200
3999,2026-06-30,Tienda Centro,Azúcar,Café/Té,1,1300,1300
3999,2026-06-30,Tienda Centro,Café,Café/Té,3,4000,12000
4000,2026-06-27,Tienda Sur,Bebida cola,Bebidas,2,1500,3000
4000,2026-06-27,Tienda Sur,Esponjas,Limpieza,1,1200,1200
4001,2026-06-20,Tienda Sur,Agua mineral,Bebidas,1,900,900
4001,2026-06-20,Tienda Sur,Mantequilla,Lácteos,1,2500,2500
4001,2026-06-20,Tienda Sur,Vino tinto,Alcohol,1,5000,5000
4002,2026-07-02,Tienda Mall,Cloro,Limpieza,2,1400,2800
4002,2026-07-02,Tienda Mall,Detergente,Limpieza,1,5500,5500
4002,2026-07-02,Tienda Mall,Mantequilla,Lácteos,1,2500,2500
4002,2026-07-02,Tienda Mall,Papas fritas,Snacks,1,1800,1800
4003,2026-08-14,Tienda Norte,Leche,Lácteos,1,1200,1200
4003,2026-08-14,Tienda Norte,Papas fritas,Snacks,2,1800,3600
4004,2026-07-08,Tienda Norte,Cloro,Limpieza,1,1400,1400
4004,2026-07-08,Tienda Norte,Detergente,Limpieza,1,5500,5500
4004,2026-07-08,Tienda Norte,Esponjas,Limpieza,2,1200,2400
4004,2026-07-08,Tienda Norte,Té,Café/Té,3,2500,7500
4005,2026-06-16,Tienda Mall,Cloro,Limpieza,1,1400,1400
4006,2026-08-11,Tienda Sur,Esponjas,Limpieza,1,1200,1200
4006,2026-08-11,Tienda Sur,Galletas,Snacks,1,1000,1000
4007,2026-08-01,Tienda Norte,Cerveza,Alcohol,2,3500,7000
4007,2026-08-01,Tienda Norte,Mantequilla,Lácteos,3,2500,7500
4007,2026-08-01,Tienda Norte,Pañales,Bebé,3,8000,24000
4007,2026-08-01,Tienda Norte,Toallitas húmedas,Bebé,2,2200,4400
4007,2026-08-01,Tienda Norte,Yogurt,Lácteos,1,800,800
4008,2026-08-17,Tienda Centro,Papas fritas,Snacks,1,1800,1800
4008,2026-08-17,Tienda Centro,Queso,Lácteos,2,4500,9000
4008,2026-08-17,Tienda Centro,Vino tinto,Alcohol,1,5000,5000
4008,2026-08-17,Tienda Centro,Yogurt,Lácteos,1,800,800
4009,2026-06-24,Tienda Sur,Azúcar,Café/Té,1,1300,1300
4009,2026-06-24,Tienda Sur,Croissant,Panadería,1,900,900
4010,2026-07-26,Tienda Norte,Mantequilla,Lácteos,1,2500,2500
4010,2026-07-26,Tienda Norte,Pan molde,Panadería,1,1800,1800
4010,2026-07-26,Tienda Norte,Queso,Lácteos,2,4500,9000
4011,2026-06-09,Tienda Norte,Cerveza,Alcohol,1,3500,3500
4011,2026-06-09,Tienda Norte,Queso,Lácteos,3,4500,13500
4012,2026-08-02,Tienda Mall,Leche,Lácteos,2,1200,2400
4012,2026-08-02,Tienda Mall,Maní,Snacks,1,1200,1200
4013,2026-07-14,Tienda Norte,Mantequilla,Lácteos,2,2500,5000
4014,2026-07-05,Tienda Centro,Azúcar,Café/Té,1,1300,1300
4014,2026-07-05,Tienda Centro,Yogurt,Lácteos,1,800,800
4015,2026-07-08,Tienda Sur,Galletas,Snacks,1,1000,1000
4015,2026-07-08,Tienda Sur,Jugo naranja,Bebidas,1,1600,1600
4015,2026-07-08,Tienda Sur,Papas fritas,Snacks,2,1800,3600
4015,2026-07-08,Tienda Sur,Queso,Lácteos,3,4500,13500
4016,2026-06-11,Tienda Norte,Yogurt,Lácteos,2,800,1600
4017,2026-07-28,Tienda Mall,Toallitas húmedas,Bebé,2,2200,4400
4018,2026-08-09,Tienda Sur,Cloro,Limpieza,1,1400,1400
4018,2026-08-09,Tienda Sur,Queso,Lácteos,1,4500,4500
4019,2026-06-14,Tienda Norte,Azúcar,Café/Té,1,1300,1300
4020,2026-05-25,Tienda Centro,Mantequilla,Lácteos,1,2500,2500
4020,2026-05-25,Tienda Centro,Papas fritas,Snacks,1,1800,1800
4021,2026-06-15,Tienda Mall,Pan hallulla,Panadería,1,1500,1500
4021,2026-06-15,Tienda Mall,Queso,Lácteos,1,4500,4500
4021,2026-06-15,Tienda Mall,Té,Café/Té,1,2500,2500
4022,2026-07-14,Tienda Norte,Cloro,Limpieza,1,1400,1400
4022,2026-07-14,Tienda Norte,Detergente,Limpieza,3,5500,16500
4022,2026-07-14,Tienda Norte,Esponjas,Limpieza,1,1200,1200
4023,2026-08-16,Tienda Centro,Bebida cola,Bebidas,3,1500,4500
4023,2026-08-16,Tienda Centro,Papas fritas,Snacks,3,1800,5400
4024,2026-07-26,Tienda Sur,Cerveza,Alcohol,1,3500,3500
4024,2026-07-26,Tienda Sur,Jugo naranja,Bebidas,1,1600,1600
4024,2026-07-26,Tienda Sur,Papas fritas,Snacks,1,1800,1800
4025,2026-07-07,Tienda Norte,Pañales,Bebé,1,8000,8000
4025,2026-07-07,Tienda Norte,Toallitas húmedas,Bebé,1,2200,2200
4026,2026-06-28,Tienda Mall,Papas fritas,Snacks,2,1800,3600
4027,2026-07-12,Tienda Centro,Pan hallulla,Panadería,1,1500,1500
4027,2026-07-12,Tienda Centro,Papas fritas,Snacks,1,1800,1800
4027,2026-07-12,Tienda Centro,Queso,Lácteos,1,4500,4500
4027,2026-07-12,Tienda Centro,Yogurt,Lácteos,1,800,800
4028,2026-07-01,Tienda Norte,Cloro,Limpieza,1,1400,1400
4028,2026-07-01,Tienda Norte,Detergente,Limpieza,2,5500,11000
4028,2026-07-01,Tienda Norte,Toallitas húmedas,Bebé,2,2200,4400
4029,2026-06-24,Tienda Centro,Café,Café/Té,1,4000,4000
4029,2026-06-24,Tienda Centro,Detergente,Limpieza,2,5500,11000
4029,2026-06-24,Tienda Centro,Esponjas,Limpieza,2,1200,2400
4029,2026-06-24,Tienda Centro,Maní,Snacks,1,1200,1200
4029,2026-06-24,Tienda Centro,Papas fritas,Snacks,1,1800,1800
4030,2026-06-11,Tienda Sur,Queso,Lácteos,2,4500,9000
4031,2026-08-01,Tienda Norte,Agua mineral,Bebidas,1,900,900
4031,2026-08-01,Tienda Norte,Mantequilla,Lácteos,1,2500,2500
4031,2026-08-01,Tienda Norte,Pan molde,Panadería,1,1800,1800
4032,2026-06-10,Tienda Sur,Bebida cola,Bebidas,1,1500,1500
4033,2026-07-03,Tienda Centro,Galletas,Snacks,1,1000,1000
4033,2026-07-03,Tienda Centro,Leche,Lácteos,1,1200,1200
4033,2026-07-03,Tienda Centro,Maní,Snacks,3,1200,3600
4034,2026-08-12,Tienda Norte,Agua mineral,Bebidas,1,900,900
4034,2026-08-12,Tienda Norte,Azúcar,Café/Té,2,1300,2600
4034,2026-08-12,Tienda Norte,Café,Café/Té,1,4000,4000
4034,2026-08-12,Tienda Norte,Croissant,Panadería,1,900,900
4035,2026-07-29,Tienda Norte,Pañales,Bebé,1,8000,8000
4035,2026-07-29,Tienda Norte,Toallitas húmedas,Bebé,3,2200,6600
4035,2026-07-29,Tienda Norte,Yogurt,Lácteos,2,800,1600
4036,2026-05-29,Tienda Sur,Azúcar,Café/Té,1,1300,1300
4036,2026-05-29,Tienda Sur,Pan hallulla,Panadería,1,1500,1500
4036,2026-05-29,Tienda Sur,Té,Café/Té,1,2500,2500
4036,2026-05-29,Tienda Sur,Yogurt,Lácteos,1,800,800
4037,2026-06-09,Tienda Mall,Cerveza,Alcohol,2,3500,7000
4037,2026-06-09,Tienda Mall,Maní,Snacks,1,1200,1200
4037,2026-06-09,Tienda Mall,Pan hallulla,Panadería,2,1500,3000
4037,2026-06-09,Tienda Mall,Papas fritas,Snacks,1,1800,1800
4037,2026-06-09,Tienda Mall,Yogurt,Lácteos,2,800,1600
4038,2026-06-26,Tienda Norte,Esponjas,Limpieza,2,1200,2400
4039,2026-07-05,Tienda Centro,Agua mineral,Bebidas,2,900,1800
4039,2026-07-05,Tienda Centro,Azúcar,Café/Té,1,1300,1300
4039,2026-07-05,Tienda Centro,Café,Café/Té,1,4000,4000
4039,2026-07-05,Tienda Centro,Yogurt,Lácteos,3,800,2400
4040,2026-06-26,Tienda Centro,Azúcar,Café/Té,1,1300,1300
4040,2026-06-26,Tienda Centro,Bebida cola,Bebidas,1,1500,1500
4040,2026-06-26,Tienda Centro,Café,Café/Té,2,4000,8000
4040,2026-06-26,Tienda Centro,Cloro,Limpieza,1,1400,1400
4040,2026-06-26,Tienda Centro,Papas fritas,Snacks,1,1800,1800
4041,2026-07-26,Tienda Centro,Mantequilla,Lácteos,2,2500,5000
4041,2026-07-26,Tienda Centro,Pan molde,Panadería,1,1800,1800
4042,2026-07-11,Tienda Norte,Cloro,Limpieza,1,1400,1400
4042,2026-07-11,Tienda Norte,Detergente,Limpieza,1,5500,5500
4042,2026-07-11,Tienda Norte,Esponjas,Limpieza,1,1200,1200
4042,2026-07-11,Tienda Norte,Pan hallulla,Panadería,1,1500,1500
4042,2026-07-11,Tienda Norte,Pañales,Bebé,2,8000,16000
4042,2026-07-11,Tienda Norte,Toallitas húmedas,Bebé,1,2200,2200
4043,2026-06-05,Tienda Norte,Leche,Lácteos,1,1200,1200
4043,2026-06-05,Tienda Norte,Yogurt,Lácteos,1,800,800
4044,2026-06-21,Tienda Sur,Cerveza,Alcohol,1,3500,3500
4044,2026-06-21,Tienda Sur,Esponjas,Limpieza,1,1200,1200
4044,2026-06-21,Tienda Sur,Pañales,Bebé,3,8000,24000
4044,2026-06-21,Tienda Sur,Toallitas húmedas,Bebé,2,2200,4400
4045,2026-05-21,Tienda Centro,Agua mineral,Bebidas,1,900,900
4045,2026-05-21,Tienda Centro,Queso,Lácteos,1,4500,4500
4045,2026-05-21,Tienda Centro,Vino tinto,Alcohol,1,5000,5000
4046,2026-07-26,Tienda Mall,Azúcar,Café/Té,1,1300,1300
4046,2026-07-26,Tienda Mall,Café,Café/Té,1,4000,4000
4046,2026-07-26,Tienda Mall,Queso,Lácteos,3,4500,13500
4047,2026-07-15,Tienda Norte,Pan hallulla,Panadería,2,1500,3000
4047,2026-07-15,Tienda Norte,Papas fritas,Snacks,1,1800,1800
4048,2026-06-07,Tienda Centro,Azúcar,Café/Té,1,1300,1300
4048,2026-06-07,Tienda Centro,Mantequilla,Lácteos,1,2500,2500
4048,2026-06-07,Tienda Centro,Pan molde,Panadería,1,1800,1800
4049,2026-06-05,Tienda Sur,Queso,Lácteos,1,4500,4500
4050,2026-07-05,Tienda Centro,Mantequilla,Lácteos,1,2500,2500
4050,2026-07-05,Tienda Centro,Papas fritas,Snacks,2,1800,3600
4051,2026-07-20,Tienda Mall,Esponjas,Limpieza,1,1200,1200
4051,2026-07-20,Tienda Mall,Maní,Snacks,1,1200,1200
4052,2026-07-30,Tienda Centro,Leche,Lácteos,1,1200,1200
4052,2026-07-30,Tienda Centro,Maní,Snacks,1,1200,1200
4053,2026-05-28,Tienda Mall,Agua mineral,Bebidas,1,900,900
4053,2026-05-28,Tienda Mall,Detergente,Limpieza,1,5500,5500
4053,2026-05-28,Tienda Mall,Esponjas,Limpieza,1,1200,1200
4054,2026-08-06,Tienda Norte,Bebida cola,Bebidas,1,1500,1500
4054,2026-08-06,Tienda Norte,Pan molde,Panadería,1,1800,1800
4054,2026-08-06,Tienda Norte,Queso,Lácteos,1,4500,4500
4055,2026-07-09,Tienda Centro,Azúcar,Café/Té,1,1300,1300
4055,2026-07-09,Tienda Centro,Queso,Lácteos,1,4500,4500
4055,2026-07-09,Tienda Centro,Vino tinto,Alcohol,1,5000,5000
4056,2026-06-19,Tienda Sur,Agua mineral,Bebidas,2,900,1800
4056,2026-06-19,Tienda Sur,Croissant,Panadería,1,900,900
4056,2026-06-19,Tienda Sur,Pan molde,Panadería,3,1800,5400
4057,2026-06-23,Tienda Mall,Detergente,Limpieza,2,5500,11000
4057,2026-06-23,Tienda Mall,Esponjas,Limpieza,3,1200,3600
4057,2026-06-23,Tienda Mall,Galletas,Snacks,1,1000,1000
4058,2026-07-12,Tienda Mall,Jugo naranja,Bebidas,1,1600,1600
4058,2026-07-12,Tienda Mall,Toallitas húmedas,Bebé,2,2200,4400
4059,2026-07-02,Tienda Mall,Bebida cola,Bebidas,1,1500,1500
4059,2026-07-02,Tienda Mall,Leche,Lácteos,1,1200,1200
4059,2026-07-02,Tienda Mall,Papas fritas,Snacks,1,1800,1800
4059,2026-07-02,Tienda Mall,Toallitas húmedas,Bebé,1,2200,2200
4060,2026-07-19,Tienda Norte,Azúcar,Café/Té,2,1300,2600
4060,2026-07-19,Tienda Norte,Leche,Lácteos,1,1200,1200
4060,2026-07-19,Tienda Norte,Papas fritas,Snacks,1,1800,1800
4060,2026-07-19,Tienda Norte,Pañales,Bebé,1,8000,8000
4061,2026-06-29,Tienda Mall,Agua mineral,Bebidas,1,900,900
4061,2026-06-29,Tienda Mall,Mantequilla,Lácteos,1,2500,2500
4061,2026-06-29,Tienda Mall,Pan hallulla,Panadería,1,1500,1500
4061,2026-06-29,Tienda Mall,Queso,Lácteos,1,4500,4500
4062,2026-07-23,Tienda Mall,Cloro,Limpieza,3,1400,4200
4062,2026-07-23,Tienda Mall,Croissant,Panadería,1,900,900
4062,2026-07-23,Tienda Mall,Maní,Snacks,1,1200,1200
4063,2026-06-29,Tienda Mall,Maní,Snacks,1,1200,1200
4064,2026-05-28,Tienda Centro,Azúcar,Café/Té,2,1300,2600
4065,2026-07-15,Tienda Mall,Leche,Lácteos,1,1200,1200
4065,2026-07-15,Tienda Mall,Mantequilla,Lácteos,2,2500,5000
4066,2026-08-16,Tienda Norte,Azúcar,Café/Té,3,1300,3900
4066,2026-08-16,Tienda Norte,Croissant,Panadería,2,900,1800
4067,2026-08-03,Tienda Centro,Café,Café/Té,2,4000,8000
4068,2026-07-24,Tienda Sur,Agua mineral,Bebidas,1,900,900
4068,2026-07-24,Tienda Sur,Cloro,Limpieza,1,1400,1400
4068,2026-07-24,Tienda Sur,Pañales,Bebé,1,8000,8000
4068,2026-07-24,Tienda Sur,Toallitas húmedas,Bebé,2,2200,4400
4068,2026-07-24,Tienda Sur,Yogurt,Lácteos,1,800,800
4069,2026-07-30,Tienda Sur,Esponjas,Limpieza,1,1200,1200
4069,2026-07-30,Tienda Sur,Galletas,Snacks,2,1000,2000
4069,2026-07-30,Tienda Sur,Queso,Lácteos,1,4500,4500
4070,2026-07-17,Tienda Mall,Azúcar,Café/Té,1,1300,1300
4070,2026-07-17,Tienda Mall,Cerveza,Alcohol,1,3500,3500
4070,2026-07-17,Tienda Mall,Maní,Snacks,2,1200,2400
4070,2026-07-17,Tienda Mall,Papas fritas,Snacks,2,1800,3600
4070,2026-07-17,Tienda Mall,Té,Café/Té,1,2500,2500
4071,2026-06-01,Tienda Sur,Agua mineral,Bebidas,2,900,1800
4071,2026-06-01,Tienda Sur,Mantequilla,Lácteos,3,2500,7500
4071,2026-06-01,Tienda Sur,Pan hallulla,Panadería,1,1500,1500
4071,2026-06-01,Tienda Sur,Pan molde,Panadería,1,1800,1800
4071,2026-06-01,Tienda Sur,Queso,Lácteos,3,4500,13500
4072,2026-05-25,Tienda Mall,Azúcar,Café/Té,1,1300,1300
4072,2026-05-25,Tienda Mall,Café,Café/Té,2,4000,8000
4072,2026-05-25,Tienda Mall,Toallitas húmedas,Bebé,1,2200,2200
4072,2026-05-25,Tienda Mall,Yogurt,Lácteos,2,800,1600
4073,2026-06-28,Tienda Norte,Agua mineral,Bebidas,1,900,900
4073,2026-06-28,Tienda Norte,Queso,Lácteos,1,4500,4500
4074,2026-07-21,Tienda Norte,Detergente,Limpieza,1,5500,5500
4074,2026-07-21,Tienda Norte,Leche,Lácteos,1,1200,1200
4074,2026-07-21,Tienda Norte,Queso,Lácteos,2,4500,9000
4074,2026-07-21,Tienda Norte,Vino tinto,Alcohol,3,5000,15000
4075,2026-07-16,Tienda Sur,Azúcar,Café/Té,2,1300,2600
4075,2026-07-16,Tienda Sur,Galletas,Snacks,3,1000,3000
4076,2026-06-20,Tienda Mall,Cerveza,Alcohol,1,3500,3500
4076,2026-06-20,Tienda Mall,Esponjas,Limpieza,2,1200,2400
4076,2026-06-20,Tienda Mall,Pan hallulla,Panadería,1,1500,1500
4076,2026-06-20,Tienda Mall,Papas fritas,Snacks,1,1800,1800
4076,2026-06-20,Tienda Mall,Queso,Lácteos,1,4500,4500
4077,2026-06-30,Tienda Norte,Detergente,Limpieza,3,5500,16500
4077,2026-06-30,Tienda Norte,Leche,Lácteos,1,1200,1200
4077,2026-06-30,Tienda Norte,Pan molde,Panadería,1,1800,1800
4077,2026-06-30,Tienda Norte,Queso,Lácteos,2,4500,9000
4078,2026-05-25,Tienda Sur,Leche,Lácteos,1,1200,1200
4079,2026-07-09,Tienda Mall,Café,Café/Té,1,4000,4000
4079,2026-07-09,Tienda Mall,Galletas,Snacks,1,1000,1000
4079,2026-07-09,Tienda Mall,Mantequilla,Lácteos,1,2500,2500
4080,2026-08-16,Tienda Mall,Maní,Snacks,1,1200,1200
4081,2026-06-30,Tienda Centro,Jugo naranja,Bebidas,3,1600,4800
4081,2026-06-30,Tienda Centro,Yogurt,Lácteos,1,800,800
4082,2026-07-31,Tienda Centro,Azúcar,Café/Té,1,1300,1300
4082,2026-07-31,Tienda Centro,Queso,Lácteos,2,4500,9000
4082,2026-07-31,Tienda Centro,Té,Café/Té,1,2500,2500
4083,2026-06-06,Tienda Norte,Galletas,Snacks,3,1000,3000
4083,2026-06-06,Tienda Norte,Mantequilla,Lácteos,1,2500,2500
4083,2026-06-06,Tienda Norte,Pan hallulla,Panadería,3,1500,4500
4084,2026-06-18,Tienda Centro,Jugo naranja,Bebidas,1,1600,1600
4084,2026-06-18,Tienda Centro,Maní,Snacks,1,1200,1200
4085,2026-07-01,Tienda Mall,Jugo naranja,Bebidas,1,1600,1600
4086,2026-07-18,Tienda Norte,Cloro,Limpieza,2,1400,2800
4086,2026-07-18,Tienda Norte,Maní,Snacks,1,1200,1200
4086,2026-07-18,Tienda Norte,Pan hallulla,Panadería,2,1500,3000
4086,2026-07-18,Tienda Norte,Queso,Lácteos,1,4500,4500
4087,2026-08-12,Tienda Norte,Bebida cola,Bebidas,2,1500,3000
4087,2026-08-12,Tienda Norte,Croissant,Panadería,2,900,1800
4087,2026-08-12,Tienda Norte,Papas fritas,Snacks,1,1800,1800
4088,2026-05-31,Tienda Norte,Cloro,Limpieza,1,1400,1400
4089,2026-07-14,Tienda Mall,Cerveza,Alcohol,1,3500,3500
4089,2026-07-14,Tienda Mall,Maní,Snacks,1,1200,1200
4089,2026-07-14,Tienda Mall,Papas fritas,Snacks,1,1800,1800
4090,2026-08-08,Tienda Centro,Agua mineral,Bebidas,1,900,900
4090,2026-08-08,Tienda Centro,Cerveza,Alcohol,3,3500,10500
4090,2026-08-08,Tienda Centro,Maní,Snacks,2,1200,2400
4090,2026-08-08,Tienda Centro,Pañales,Bebé,2,8000,16000
4090,2026-08-08,Tienda Centro,Toallitas húmedas,Bebé,1,2200,2200
4091,2026-08-13,Tienda Centro,Bebida cola,Bebidas,1,1500,1500
4091,2026-08-13,Tienda Centro,Croissant,Panadería,3,900,2700
4092,2026-07-16,Tienda Norte,Bebida cola,Bebidas,2,1500,3000
4093,2026-07-30,Tienda Mall,Cerveza,Alcohol,1,3500,3500
4093,2026-07-30,Tienda Mall,Maní,Snacks,3,1200,3600
4093,2026-07-30,Tienda Mall,Papas fritas,Snacks,1,1800,1800
4093,2026-07-30,Tienda Mall,Queso,Lácteos,1,4500,4500
4093,2026-07-30,Tienda Mall,Vino tinto,Alcohol,1,5000,5000
4094,2026-07-05,Tienda Norte,Azúcar,Café/Té,1,1300,1300
4094,2026-07-05,Tienda Norte,Mantequilla,Lácteos,1,2500,2500
4094,2026-07-05,Tienda Norte,Pan hallulla,Panadería,1,1500,1500
4094,2026-07-05,Tienda Norte,Vino tinto,Alcohol,3,5000,15000
4095,2026-08-03,Tienda Mall,Azúcar,Café/Té,1,1300,1300
4095,2026-08-03,Tienda Mall,Cerveza,Alcohol,1,3500,3500
4095,2026-08-03,Tienda Mall,Papas fritas,Snacks,1,1800,1800
4096,2026-08-10,Tienda Norte,Croissant,Panadería,1,900,900
4096,2026-08-10,Tienda Norte,Queso,Lácteos,2,4500,9000
4096,2026-08-10,Tienda Norte,Vino tinto,Alcohol,1,5000,5000
4097,2026-07-16,Tienda Sur,Pañales,Bebé,1,8000,8000
4097,2026-07-16,Tienda Sur,Toallitas húmedas,Bebé,1,2200,2200
4098,2026-05-28,Tienda Norte,Agua mineral,Bebidas,2,900,1800
4098,2026-05-28,Tienda Norte,Queso,Lácteos,1,4500,4500
4099,2026-07-01,Tienda Centro,Café,Café/Té,3,4000,12000
4099,2026-07-01,Tienda Centro,Galletas,Snacks,1,1000,1000
4099,2026-07-01,Tienda Centro,Maní,Snacks,1,1200,1200
4099,2026-07-01,Tienda Centro,Toallitas húmedas,Bebé,1,2200,2200
4100,2026-07-07,Tienda Centro,Esponjas,Limpieza,2,1200,2400
4100,2026-07-07,Tienda Centro,Maní,Snacks,1,1200,1200
4101,2026-06-07,Tienda Norte,Agua mineral,Bebidas,3,900,2700
4101,2026-06-07,Tienda Norte,Galletas,Snacks,1,1000,1000
4101,2026-06-07,Tienda Norte,Pan hallulla,Panadería,1,1500,1500
4102,2026-08-16,Tienda Centro,Galletas,Snacks,1,1000,1000
4103,2026-07-30,Tienda Sur,Azúcar,Café/Té,1,1300,1300
4104,2026-08-12,Tienda Sur,Azúcar,Café/Té,1,1300,1300
4104,2026-08-12,Tienda Sur,Jugo naranja,Bebidas,2,1600,3200
4105,2026-08-10,Tienda Centro,Azúcar,Café/Té,3,1300,3900
4105,2026-08-10,Tienda Centro,Leche,Lácteos,1,1200,1200
4105,2026-08-10,Tienda Centro,Papas fritas,Snacks,2,1800,3600
4105,2026-08-10,Tienda Centro,Té,Café/Té,1,2500,2500
4106,2026-05-22,Tienda Sur,Pañales,Bebé,1,8000,8000
4106,2026-05-22,Tienda Sur,Toallitas húmedas,Bebé,3,2200,6600
4107,2026-05-25,Tienda Centro,Jugo naranja,Bebidas,2,1600,3200
4107,2026-05-25,Tienda Centro,Queso,Lácteos,1,4500,4500
4108,2026-05-24,Tienda Centro,Cerveza,Alcohol,2,3500,7000
4108,2026-05-24,Tienda Centro,Pan hallulla,Panadería,1,1500,1500
4108,2026-05-24,Tienda Centro,Papas fritas,Snacks,2,1800,3600
4109,2026-08-03,Tienda Centro,Bebida cola,Bebidas,2,1500,3000
4109,2026-08-03,Tienda Centro,Croissant,Panadería,1,900,900
4109,2026-08-03,Tienda Centro,Leche,Lácteos,1,1200,1200
4109,2026-08-03,Tienda Centro,Papas fritas,Snacks,2,1800,3600
4110,2026-08-09,Tienda Centro,Jugo naranja,Bebidas,2,1600,3200
4111,2026-07-16,Tienda Mall,Azúcar,Café/Té,1,1300,1300
4111,2026-07-16,Tienda Mall,Leche,Lácteos,2,1200,2400
4111,2026-07-16,Tienda Mall,Mantequilla,Lácteos,1,2500,2500
4111,2026-07-16,Tienda Mall,Té,Café/Té,2,2500,5000
4112,2026-07-09,Tienda Norte,Agua mineral,Bebidas,1,900,900
4113,2026-07-30,Tienda Sur,Cerveza,Alcohol,1,3500,3500
4113,2026-07-30,Tienda Sur,Esponjas,Limpieza,2,1200,2400
4113,2026-07-30,Tienda Sur,Papas fritas,Snacks,1,1800,1800
4114,2026-06-20,Tienda Norte,Agua mineral,Bebidas,2,900,1800
4115,2026-07-06,Tienda Mall,Azúcar,Café/Té,2,1300,2600
4115,2026-07-06,Tienda Mall,Café,Café/Té,1,4000,4000
4115,2026-07-06,Tienda Mall,Esponjas,Limpieza,1,1200,1200
4115,2026-07-06,Tienda Mall,Leche,Lácteos,1,1200,1200
4115,2026-07-06,Tienda Mall,Vino tinto,Alcohol,3,5000,15000
4116,2026-08-07,Tienda Sur,Bebida cola,Bebidas,1,1500,1500
4116,2026-08-07,Tienda Sur,Jugo naranja,Bebidas,1,1600,1600
4116,2026-08-07,Tienda Sur,Té,Café/Té,1,2500,2500
4117,2026-05-25,Tienda Mall,Esponjas,Limpieza,3,1200,3600
4118,2026-06-30,Tienda Norte,Bebida cola,Bebidas,2,1500,3000
4118,2026-06-30,Tienda Norte,Mantequilla,Lácteos,3,2500,7500
4118,2026-06-30,Tienda Norte,Pan molde,Panadería,2,1800,3600
4118,2026-06-30,Tienda Norte,Queso,Lácteos,1,4500,4500
4119,2026-06-01,Tienda Norte,Cloro,Limpieza,2,1400,2800
4119,2026-06-01,Tienda Norte,Queso,Lácteos,1,4500,4500
4120,2026-07-05,Tienda Mall,Azúcar,Café/Té,1,1300,1300
4120,2026-07-05,Tienda Mall,Papas fritas,Snacks,2,1800,3600
4121,2026-08-16,Tienda Sur,Bebida cola,Bebidas,1,1500,1500
4121,2026-08-16,Tienda Sur,Pañales,Bebé,1,8000,8000
4121,2026-08-16,Tienda Sur,Queso,Lácteos,3,4500,13500
4121,2026-08-16,Tienda Sur,Toallitas húmedas,Bebé,2,2200,4400
4122,2026-08-14,Tienda Mall,Pañales,Bebé,1,8000,8000
4122,2026-08-14,Tienda Mall,Toallitas húmedas,Bebé,1,2200,2200
4122,2026-08-14,Tienda Mall,Vino tinto,Alcohol,1,5000,5000
4123,2026-08-06,Tienda Norte,Cloro,Limpieza,2,1400,2800
4124,2026-07-12,Tienda Norte,Esponjas,Limpieza,1,1200,1200
4124,2026-07-12,Tienda Norte,Mantequilla,Lácteos,1,2500,2500
4124,2026-07-12,Tienda Norte,Maní,Snacks,1,1200,1200
4124,2026-07-12,Tienda Norte,Yogurt,Lácteos,1,800,800
4125,2026-07-02,Tienda Norte,Azúcar,Café/Té,2,1300,2600
4125,2026-07-02,Tienda Norte,Leche,Lácteos,2,1200,2400
4125,2026-07-02,Tienda Norte,Queso,Lácteos,3,4500,13500
4125,2026-07-02,Tienda Norte,Toallitas húmedas,Bebé,3,2200,6600
4126,2026-08-09,Tienda Mall,Mantequilla,Lácteos,2,2500,5000
4126,2026-08-09,Tienda Mall,Pan hallulla,Panadería,1,1500,1500
4126,2026-08-09,Tienda Mall,Queso,Lácteos,1,4500,4500
4126,2026-08-09,Tienda Mall,Yogurt,Lácteos,1,800,800
4127,2026-06-05,Tienda Sur,Mantequilla,Lácteos,1,2500,2500
4127,2026-06-05,Tienda Sur,Pan molde,Panadería,1,1800,1800
4128,2026-06-17,Tienda Sur,Agua mineral,Bebidas,1,900,900
4128,2026-06-17,Tienda Sur,Cloro,Limpieza,2,1400,2800
4128,2026-06-17,Tienda Sur,Detergente,Limpieza,1,5500,5500
4128,2026-06-17,Tienda Sur,Esponjas,Limpieza,1,1200,1200
4128,2026-06-17,Tienda Sur,Leche,Lácteos,2,1200,2400
4129,2026-07-26,Tienda Mall,Galletas,Snacks,1,1000,1000
4129,2026-07-26,Tienda Mall,Maní,Snacks,1,1200,1200
4129,2026-07-26,Tienda Mall,Pañales,Bebé,2,8000,16000
4129,2026-07-26,Tienda Mall,Toallitas húmedas,Bebé,1,2200,2200
4130,2026-08-10,Tienda Norte,Croissant,Panadería,1,900,900
4130,2026-08-10,Tienda Norte,Esponjas,Limpieza,1,1200,1200
4130,2026-08-10,Tienda Norte,Leche,Lácteos,1,1200,1200
4131,2026-06-18,Tienda Sur,Azúcar,Café/Té,1,1300,1300
4131,2026-06-18,Tienda Sur,Galletas,Snacks,1,1000,1000
4132,2026-05-30,Tienda Mall,Café,Café/Té,1,4000,4000
4132,2026-05-30,Tienda Mall,Toallitas húmedas,Bebé,3,2200,6600
4133,2026-06-25,Tienda Norte,Queso,Lácteos,1,4500,4500
4134,2026-08-06,Tienda Norte,Mantequilla,Lácteos,1,2500,2500
4135,2026-07-22,Tienda Mall,Galletas,Snacks,1,1000,1000
4135,2026-07-22,Tienda Mall,Yogurt,Lácteos,1,800,800
4136,2026-08-14,Tienda Sur,Leche,Lácteos,1,1200,1200
4137,2026-07-25,Tienda Sur,Leche,Lácteos,3,1200,3600
4138,2026-06-25,Tienda Sur,Bebida cola,Bebidas,2,1500,3000
4138,2026-06-25,Tienda Sur,Pan hallulla,Panadería,2,1500,3000
4138,2026-06-25,Tienda Sur,Papas fritas,Snacks,1,1800,1800
4138,2026-06-25,Tienda Sur,Queso,Lácteos,1,4500,4500
4139,2026-07-23,Tienda Sur,Pan molde,Panadería,1,1800,1800
4140,2026-07-01,Tienda Norte,Azúcar,Café/Té,2,1300,2600
4140,2026-07-01,Tienda Norte,Toallitas húmedas,Bebé,1,2200,2200
4140,2026-07-01,Tienda Norte,Té,Café/Té,1,2500,2500
4141,2026-08-17,Tienda Norte,Azúcar,Café/Té,3,1300,3900
4141,2026-08-17,Tienda Norte,Cerveza,Alcohol,3,3500,10500
4141,2026-08-17,Tienda Norte,Papas fritas,Snacks,1,1800,1800
4141,2026-08-17,Tienda Norte,Té,Café/Té,1,2500,2500
4141,2026-08-17,Tienda Norte,Yogurt,Lácteos,1,800,800
4142,2026-08-13,Tienda Mall,Jugo naranja,Bebidas,2,1600,3200
4142,2026-08-13,Tienda Mall,Maní,Snacks,1,1200,1200
4143,2026-07-16,Tienda Centro,Azúcar,Café/Té,2,1300,2600
4143,2026-07-16,Tienda Centro,Cerveza,Alcohol,2,3500,7000
4143,2026-07-16,Tienda Centro,Pañales,Bebé,2,8000,16000
4143,2026-07-16,Tienda Centro,Té,Café/Té,1,2500,2500
4144,2026-06-26,Tienda Sur,Croissant,Panadería,2,900,1800
4144,2026-06-26,Tienda Sur,Esponjas,Limpieza,1,1200,1200
4144,2026-06-26,Tienda Sur,Mantequilla,Lácteos,3,2500,7500
4144,2026-06-26,Tienda Sur,Pañales,Bebé,1,8000,8000
4144,2026-06-26,Tienda Sur,Toallitas húmedas,Bebé,1,2200,2200
4145,2026-05-31,Tienda Sur,Azúcar,Café/Té,1,1300,1300
4145,2026-05-31,Tienda Sur,Café,Café/Té,2,4000,8000
4145,2026-05-31,Tienda Sur,Pañales,Bebé,1,8000,8000
4145,2026-05-31,Tienda Sur,Toallitas húmedas,Bebé,2,2200,4400
4146,2026-07-31,Tienda Mall,Croissant,Panadería,1,900,900
4146,2026-07-31,Tienda Mall,Esponjas,Limpieza,2,1200,2400
4146,2026-07-31,Tienda Mall,Pañales,Bebé,1,8000,8000
4146,2026-07-31,Tienda Mall,Toallitas húmedas,Bebé,1,2200,2200
4147,2026-08-10,Tienda Centro,Mantequilla,Lácteos,1,2500,2500
4147,2026-08-10,Tienda Centro,Pan molde,Panadería,1,1800,1800
4147,2026-08-10,Tienda Centro,Queso,Lácteos,1,4500,4500
4148,2026-05-27,Tienda Mall,Croissant,Panadería,1,900,900
4149,2026-06-30,Tienda Sur,Pañales,Bebé,1,8000,8000
4150,2026-07-09,Tienda Mall,Esponjas,Limpieza,2,1200,2400
4151,2026-05-21,Tienda Centro,Agua mineral,Bebidas,1,900,900
4152,2026-07-04,Tienda Mall,Agua mineral,Bebidas,1,900,900
4152,2026-07-04,Tienda Mall,Café,Café/Té,3,4000,12000
4152,2026-07-04,Tienda Mall,Cloro,Limpieza,1,1400,1400
4152,2026-07-04,Tienda Mall,Yogurt,Lácteos,3,800,2400
4153,2026-07-13,Tienda Sur,Jugo naranja,Bebidas,2,1600,3200
4153,2026-07-13,Tienda Sur,Mantequilla,Lácteos,1,2500,2500
4153,2026-07-13,Tienda Sur,Toallitas húmedas,Bebé,1,2200,2200
4154,2026-07-03,Tienda Centro,Galletas,Snacks,1,1000,1000
4154,2026-07-03,Tienda Centro,Pañales,Bebé,1,8000,8000
4154,2026-07-03,Tienda Centro,Toallitas húmedas,Bebé,2,2200,4400
4155,2026-06-15,Tienda Norte,Galletas,Snacks,1,1000,1000
4155,2026-06-15,Tienda Norte,Maní,Snacks,1,1200,1200
4156,2026-07-20,Tienda Mall,Agua mineral,Bebidas,1,900,900
4156,2026-07-20,Tienda Mall,Mantequilla,Lácteos,2,2500,5000
4157,2026-07-01,Tienda Mall,Cloro,Limpieza,1,1400,1400
4157,2026-07-01,Tienda Mall,Queso,Lácteos,1,4500,4500
4158,2026-08-10,Tienda Mall,Agua mineral,Bebidas,1,900,900
4158,2026-08-10,Tienda Mall,Mantequilla,Lácteos,1,2500,2500
4158,2026-08-10,Tienda Mall,Pan molde,Panadería,1,1800,1800
4159,2026-07-24,Tienda Centro,Cloro,Limpieza,1,1400,1400
4159,2026-07-24,Tienda Centro,Croissant,Panadería,1,900,900
4159,2026-07-24,Tienda Centro,Maní,Snacks,2,1200,2400
4159,2026-07-24,Tienda Centro,Pañales,Bebé,3,8000,24000
4159,2026-07-24,Tienda Centro,Toallitas húmedas,Bebé,1,2200,2200
4160,2026-07-22,Tienda Sur,Croissant,Panadería,1,900,900
4160,2026-07-22,Tienda Sur,Galletas,Snacks,3,1000,3000
4161,2026-06-26,Tienda Norte,Maní,Snacks,1,1200,1200
4161,2026-06-26,Tienda Norte,Té,Café/Té,3,2500,7500
4162,2026-05-26,Tienda Norte,Queso,Lácteos,1,4500,4500
4163,2026-08-01,Tienda Sur,Azúcar,Café/Té,1,1300,1300
4163,2026-08-01,Tienda Sur,Cerveza,Alcohol,2,3500,7000
4163,2026-08-01,Tienda Sur,Maní,Snacks,1,1200,1200
4163,2026-08-01,Tienda Sur,Queso,Lácteos,1,4500,4500
4163,2026-08-01,Tienda Sur,Vino tinto,Alcohol,1,5000,5000
4164,2026-05-27,Tienda Mall,Esponjas,Limpieza,1,1200,1200
4165,2026-08-04,Tienda Sur,Agua mineral,Bebidas,2,900,1800
4165,2026-08-04,Tienda Sur,Maní,Snacks,3,1200,3600
4165,2026-08-04,Tienda Sur,Papas fritas,Snacks,1,1800,1800
4166,2026-08-15,Tienda Mall,Toallitas húmedas,Bebé,1,2200,2200
4167,2026-08-05,Tienda Norte,Bebida cola,Bebidas,1,1500,1500
4167,2026-08-05,Tienda Norte,Cloro,Limpieza,2,1400,2800
4167,2026-08-05,Tienda Norte,Leche,Lácteos,2,1200,2400
4168,2026-07-01,Tienda Mall,Agua mineral,Bebidas,1,900,900
4168,2026-07-01,Tienda Mall,Bebida cola,Bebidas,2,1500,3000
4168,2026-07-01,Tienda Mall,Cerveza,Alcohol,1,3500,3500
4168,2026-07-01,Tienda Mall,Papas fritas,Snacks,3,1800,5400
4168,2026-07-01,Tienda Mall,Pañales,Bebé,1,8000,8000
4169,2026-05-22,Tienda Centro,Mantequilla,Lácteos,2,2500,5000
4169,2026-05-22,Tienda Centro,Papas fritas,Snacks,1,1800,1800
4169,2026-05-22,Tienda Centro,Queso,Lácteos,3,4500,13500
4170,2026-07-04,Tienda Centro,Galletas,Snacks,3,1000,3000
4170,2026-07-04,Tienda Centro,Pan hallulla,Panadería,2,1500,3000
4171,2026-08-10,Tienda Centro,Azúcar,Café/Té,1,1300,1300
4171,2026-08-10,Tienda Centro,Croissant,Panadería,2,900,1800
4171,2026-08-10,Tienda Centro,Leche,Lácteos,2,1200,2400
4171,2026-08-10,Tienda Centro,Té,Café/Té,1,2500,2500
4172,2026-08-16,Tienda Mall,Bebida cola,Bebidas,3,1500,4500
4172,2026-08-16,Tienda Mall,Cloro,Limpieza,2,1400,2800
4172,2026-08-16,Tienda Mall,Detergente,Limpieza,2,5500,11000
4172,2026-08-16,Tienda Mall,Papas fritas,Snacks,1,1800,1800
4173,2026-08-02,Tienda Mall,Azúcar,Café/Té,1,1300,1300
4173,2026-08-02,Tienda Mall,Café,Café/Té,1,4000,4000
4173,2026-08-02,Tienda Mall,Esponjas,Limpieza,2,1200,2400
4174,2026-07-19,Tienda Centro,Esponjas,Limpieza,1,1200,1200
4174,2026-07-19,Tienda Centro,Papas fritas,Snacks,1,1800,1800
4174,2026-07-19,Tienda Centro,Pañales,Bebé,1,8000,8000
4174,2026-07-19,Tienda Centro,Toallitas húmedas,Bebé,3,2200,6600
4175,2026-07-20,Tienda Centro,Mantequilla,Lácteos,1,2500,2500
4176,2026-06-16,Tienda Centro,Mantequilla,Lácteos,1,2500,2500
4176,2026-06-16,Tienda Centro,Papas fritas,Snacks,1,1800,1800
4177,2026-06-22,Tienda Mall,Croissant,Panadería,1,900,900
4178,2026-07-28,Tienda Sur,Azúcar,Café/Té,2,1300,2600
4178,2026-07-28,Tienda Sur,Café,Café/Té,3,4000,12000
4179,2026-07-26,Tienda Sur,Detergente,Limpieza,1,5500,5500
4179,2026-07-26,Tienda Sur,Esponjas,Limpieza,2,1200,2400
4180,2026-05-30,Tienda Mall,Cerveza,Alcohol,1,3500,3500
4180,2026-05-30,Tienda Mall,Maní,Snacks,2,1200,2400
4180,2026-05-30,Tienda Mall,Papas fritas,Snacks,1,1800,1800
4180,2026-05-30,Tienda Mall,Vino tinto,Alcohol,1,5000,5000
4181,2026-07-21,Tienda Centro,Maní,Snacks,1,1200,1200
4181,2026-07-21,Tienda Centro,Pan molde,Panadería,2,1800,3600
4181,2026-07-21,Tienda Centro,Queso,Lácteos,2,4500,9000
4182,2026-08-05,Tienda Norte,Azúcar,Café/Té,1,1300,1300
4182,2026-08-05,Tienda Norte,Mantequilla,Lácteos,1,2500,2500
4182,2026-08-05,Tienda Norte,Vino tinto,Alcohol,1,5000,5000
4183,2026-06-13,Tienda Sur,Cloro,Limpieza,1,1400,1400
4183,2026-06-13,Tienda Sur,Detergente,Limpieza,1,5500,5500
4183,2026-06-13,Tienda Sur,Maní,Snacks,2,1200,2400
4183,2026-06-13,Tienda Sur,Toallitas húmedas,Bebé,1,2200,2200
4184,2026-07-11,Tienda Sur,Cerveza,Alcohol,3,3500,10500
4184,2026-07-11,Tienda Sur,Galletas,Snacks,1,1000,1000
4184,2026-07-11,Tienda Sur,Pan hallulla,Panadería,1,1500,1500
4184,2026-07-11,Tienda Sur,Papas fritas,Snacks,1,1800,1800
4185,2026-08-15,Tienda Centro,Azúcar,Café/Té,1,1300,1300
4185,2026-08-15,Tienda Centro,Mantequilla,Lácteos,3,2500,7500
4185,2026-08-15,Tienda Centro,Pan hallulla,Panadería,1,1500,1500
4186,2026-05-23,Tienda Sur,Cloro,Limpieza,1,1400,1400
4186,2026-05-23,Tienda Sur,Detergente,Limpieza,1,5500,5500
4186,2026-05-23,Tienda Sur,Esponjas,Limpieza,1,1200,1200
4186,2026-05-23,Tienda Sur,Mantequilla,Lácteos,1,2500,2500
4186,2026-05-23,Tienda Sur,Pan molde,Panadería,2,1800,3600
4187,2026-06-22,Tienda Sur,Croissant,Panadería,2,900,1800
4187,2026-06-22,Tienda Sur,Pañales,Bebé,1,8000,8000
4187,2026-06-22,Tienda Sur,Toallitas húmedas,Bebé,1,2200,2200
4188,2026-06-13,Tienda Mall,Cerveza,Alcohol,1,3500,3500
4188,2026-06-13,Tienda Mall,Jugo naranja,Bebidas,1,1600,1600
4188,2026-06-13,Tienda Mall,Maní,Snacks,1,1200,1200
4188,2026-06-13,Tienda Mall,Papas fritas,Snacks,1,1800,1800
4189,2026-06-18,Tienda Norte,Cerveza,Alcohol,1,3500,3500
4189,2026-06-18,Tienda Norte,Esponjas,Limpieza,3,1200,3600
4189,2026-06-18,Tienda Norte,Mantequilla,Lácteos,1,2500,2500
4189,2026-06-18,Tienda Norte,Maní,Snacks,1,1200,1200
4189,2026-06-18,Tienda Norte,Pañales,Bebé,1,8000,8000
4190,2026-06-15,Tienda Mall,Cerveza,Alcohol,2,3500,7000
4190,2026-06-15,Tienda Mall,Mantequilla,Lácteos,1,2500,2500
4190,2026-06-15,Tienda Mall,Maní,Snacks,1,1200,1200
4190,2026-06-15,Tienda Mall,Pan hallulla,Panadería,2,1500,3000
4190,2026-06-15,Tienda Mall,Queso,Lácteos,1,4500,4500
4191,2026-07-20,Tienda Mall,Croissant,Panadería,1,900,900
4192,2026-08-03,Tienda Mall,Maní,Snacks,1,1200,1200
4192,2026-08-03,Tienda Mall,Papas fritas,Snacks,1,1800,1800
4193,2026-06-29,Tienda Centro,Croissant,Panadería,1,900,900
4193,2026-06-29,Tienda Centro,Galletas,Snacks,2,1000,2000
4193,2026-06-29,Tienda Centro,Jugo naranja,Bebidas,1,1600,1600
4194,2026-07-05,Tienda Norte,Detergente,Limpieza,1,5500,5500
4194,2026-07-05,Tienda Norte,Té,Café/Té,2,2500,5000
4194,2026-07-05,Tienda Norte,Vino tinto,Alcohol,2,5000,10000
4195,2026-07-16,Tienda Centro,Detergente,Limpieza,1,5500,5500
4195,2026-07-16,Tienda Centro,Toallitas húmedas,Bebé,2,2200,4400
4196,2026-08-04,Tienda Mall,Maní,Snacks,1,1200,1200
4197,2026-07-31,Tienda Sur,Azúcar,Café/Té,1,1300,1300
4197,2026-07-31,Tienda Sur,Café,Café/Té,1,4000,4000
4198,2026-06-09,Tienda Centro,Azúcar,Café/Té,1,1300,1300
4198,2026-06-09,Tienda Centro,Té,Café/Té,1,2500,2500
4199,2026-05-29,Tienda Centro,Café,Café/Té,1,4000,4000
4199,2026-05-29,Tienda Centro,Cerveza,Alcohol,2,3500,7000
4199,2026-05-29,Tienda Centro,Papas fritas,Snacks,2,1800,3600
4199,2026-05-29,Tienda Centro,Pañales,Bebé,1,8000,8000
4199,2026-05-29,Tienda Centro,Toallitas húmedas,Bebé,1,2200,2200
4199,2026-05-29,Tienda Centro,Té,Café/Té,1,2500,2500
4200,2026-06-03,Tienda Mall,Azúcar,Café/Té,2,1300,2600
4200,2026-06-03,Tienda Mall,Cerveza,Alcohol,1,3500,3500
4200,2026-06-03,Tienda Mall,Maní,Snacks,1,1200,1200
4200,2026-06-03,Tienda Mall,Papas fritas,Snacks,1,1800,1800
4201,2026-06-12,Tienda Sur,Azúcar,Café/Té,1,1300,1300
4201,2026-06-12,Tienda Sur,Café,Café/Té,1,4000,4000
4201,2026-06-12,Tienda Sur,Cloro,Limpieza,2,1400,2800
4201,2026-06-12,Tienda Sur,Galletas,Snacks,1,1000,1000
4202,2026-07-11,Tienda Sur,Queso,Lácteos,1,4500,4500
4202,2026-07-11,Tienda Sur,Vino tinto,Alcohol,3,5000,15000
4203,2026-06-29,Tienda Centro,Azúcar,Café/Té,2,1300,2600
4203,2026-06-29,Tienda Centro,Té,Café/Té,1,2500,2500
4203,2026-06-29,Tienda Centro,Yogurt,Lácteos,2,800,1600
4204,2026-07-26,Tienda Mall,Cerveza,Alcohol,2,3500,7000
4204,2026-07-26,Tienda Mall,Detergente,Limpieza,1,5500,5500
4204,2026-07-26,Tienda Mall,Maní,Snacks,1,1200,1200
4205,2026-07-13,Tienda Norte,Azúcar,Café/Té,2,1300,2600
4205,2026-07-13,Tienda Norte,Café,Café/Té,2,4000,8000
4206,2026-07-14,Tienda Mall,Azúcar,Café/Té,1,1300,1300
4206,2026-07-14,Tienda Mall,Café,Café/Té,1,4000,4000
4206,2026-07-14,Tienda Mall,Pañales,Bebé,2,8000,16000
4206,2026-07-14,Tienda Mall,Toallitas húmedas,Bebé,1,2200,2200
4207,2026-08-10,Tienda Sur,Cloro,Limpieza,2,1400,2800
4207,2026-08-10,Tienda Sur,Queso,Lácteos,1,4500,4500
4207,2026-08-10,Tienda Sur,Vino tinto,Alcohol,1,5000,5000
4208,2026-08-06,Tienda Centro,Galletas,Snacks,3,1000,3000
4208,2026-08-06,Tienda Centro,Mantequilla,Lácteos,1,2500,2500
4208,2026-08-06,Tienda Centro,Pan molde,Panadería,1,1800,1800
4208,2026-08-06,Tienda Centro,Queso,Lácteos,1,4500,4500
4208,2026-08-06,Tienda Centro,Toallitas húmedas,Bebé,1,2200,2200
4209,2026-07-08,Tienda Norte,Toallitas húmedas,Bebé,1,2200,2200
4210,2026-05-30,Tienda Sur,Croissant,Panadería,1,900,900
4210,2026-05-30,Tienda Sur,Leche,Lácteos,1,1200,1200
4211,2026-08-02,Tienda Mall,Cloro,Limpieza,2,1400,2800
4211,2026-08-02,Tienda Mall,Detergente,Limpieza,2,5500,11000
4211,2026-08-02,Tienda Mall,Esponjas,Limpieza,2,1200,2400
4212,2026-07-17,Tienda Centro,Azúcar,Café/Té,1,1300,1300
4212,2026-07-17,Tienda Centro,Cloro,Limpieza,2,1400,2800
4212,2026-07-17,Tienda Centro,Jugo naranja,Bebidas,1,1600,1600
4212,2026-07-17,Tienda Centro,Pan molde,Panadería,2,1800,3600
4212,2026-07-17,Tienda Centro,Té,Café/Té,1,2500,2500
4213,2026-08-08,Tienda Mall,Azúcar,Café/Té,1,1300,1300
4213,2026-08-08,Tienda Mall,Té,Café/Té,1,2500,2500
4214,2026-07-17,Tienda Centro,Mantequilla,Lácteos,1,2500,2500
4214,2026-07-17,Tienda Centro,Pan hallulla,Panadería,2,1500,3000
4214,2026-07-17,Tienda Centro,Queso,Lácteos,1,4500,4500
4215,2026-06-29,Tienda Mall,Azúcar,Café/Té,2,1300,2600
4215,2026-06-29,Tienda Mall,Galletas,Snacks,2,1000,2000
4216,2026-06-12,Tienda Mall,Azúcar,Café/Té,1,1300,1300
4216,2026-06-12,Tienda Mall,Bebida cola,Bebidas,3,1500,4500
4216,2026-06-12,Tienda Mall,Cerveza,Alcohol,1,3500,3500
4216,2026-06-12,Tienda Mall,Té,Café/Té,1,2500,2500
4217,2026-06-17,Tienda Mall,Bebida cola,Bebidas,2,1500,3000
4217,2026-06-17,Tienda Mall,Papas fritas,Snacks,1,1800,1800
4218,2026-07-31,Tienda Centro,Queso,Lácteos,1,4500,4500
4218,2026-07-31,Tienda Centro,Té,Café/Té,1,2500,2500
4218,2026-07-31,Tienda Centro,Vino tinto,Alcohol,3,5000,15000
4219,2026-07-13,Tienda Centro,Queso,Lácteos,1,4500,4500
4219,2026-07-13,Tienda Centro,Yogurt,Lácteos,1,800,800
4220,2026-08-13,Tienda Mall,Papas fritas,Snacks,1,1800,1800
4221,2026-07-06,Tienda Sur,Bebida cola,Bebidas,2,1500,3000
4221,2026-07-06,Tienda Sur,Galletas,Snacks,1,1000,1000
4222,2026-06-01,Tienda Centro,Cloro,Limpieza,1,1400,1400
4222,2026-06-01,Tienda Centro,Detergente,Limpieza,1,5500,5500
4223,2026-05-21,Tienda Sur,Cerveza,Alcohol,1,3500,3500
4224,2026-08-06,Tienda Centro,Azúcar,Café/Té,2,1300,2600
4225,2026-06-30,Tienda Mall,Cerveza,Alcohol,1,3500,3500
4225,2026-06-30,Tienda Mall,Maní,Snacks,1,1200,1200
4225,2026-06-30,Tienda Mall,Papas fritas,Snacks,1,1800,1800
4226,2026-07-26,Tienda Centro,Leche,Lácteos,1,1200,1200
4227,2026-06-25,Tienda Centro,Galletas,Snacks,1,1000,1000
4227,2026-06-25,Tienda Centro,Jugo naranja,Bebidas,1,1600,1600
4228,2026-07-07,Tienda Centro,Leche,Lácteos,2,1200,2400
4228,2026-07-07,Tienda Centro,Maní,Snacks,2,1200,2400
4229,2026-05-31,Tienda Sur,Cloro,Limpieza,1,1400,1400
4229,2026-05-31,Tienda Sur,Detergente,Limpieza,1,5500,5500
4229,2026-05-31,Tienda Sur,Maní,Snacks,1,1200,1200
4229,2026-05-31,Tienda Sur,Papas fritas,Snacks,1,1800,1800
4230,2026-05-25,Tienda Centro,Azúcar,Café/Té,1,1300,1300
4230,2026-05-25,Tienda Centro,Cerveza,Alcohol,1,3500,3500
4230,2026-05-25,Tienda Centro,Jugo naranja,Bebidas,1,1600,1600
4230,2026-05-25,Tienda Centro,Papas fritas,Snacks,1,1800,1800
4231,2026-08-01,Tienda Centro,Bebida cola,Bebidas,1,1500,1500
4231,2026-08-01,Tienda Centro,Jugo naranja,Bebidas,2,1600,3200
4231,2026-08-01,Tienda Centro,Papas fritas,Snacks,2,1800,3600
4231,2026-08-01,Tienda Centro,Toallitas húmedas,Bebé,1,2200,2200
4232,2026-07-23,Tienda Centro,Bebida cola,Bebidas,2,1500,3000
4232,2026-07-23,Tienda Centro,Detergente,Limpieza,1,5500,5500
4232,2026-07-23,Tienda Centro,Papas fritas,Snacks,1,1800,1800
4232,2026-07-23,Tienda Centro,Queso,Lácteos,1,4500,4500
4233,2026-06-01,Tienda Mall,Bebida cola,Bebidas,1,1500,1500
4233,2026-06-01,Tienda Mall,Papas fritas,Snacks,2,1800,3600
4234,2026-06-26,Tienda Norte,Detergente,Limpieza,1,5500,5500
4234,2026-06-26,Tienda Norte,Toallitas húmedas,Bebé,1,2200,2200
4235,2026-08-05,Tienda Centro,Agua mineral,Bebidas,1,900,900
4235,2026-08-05,Tienda Centro,Mantequilla,Lácteos,2,2500,5000
4235,2026-08-05,Tienda Centro,Pan hallulla,Panadería,2,1500,3000
4235,2026-08-05,Tienda Centro,Vino tinto,Alcohol,2,5000,10000
4236,2026-07-28,Tienda Mall,Cerveza,Alcohol,1,3500,3500
4236,2026-07-28,Tienda Mall,Maní,Snacks,1,1200,1200
4236,2026-07-28,Tienda Mall,Papas fritas,Snacks,1,1800,1800
4236,2026-07-28,Tienda Mall,Yogurt,Lácteos,1,800,800
4237,2026-07-23,Tienda Mall,Café,Café/Té,1,4000,4000
4237,2026-07-23,Tienda Mall,Mantequilla,Lácteos,1,2500,2500
4237,2026-07-23,Tienda Mall,Pan molde,Panadería,1,1800,1800
4238,2026-06-17,Tienda Centro,Azúcar,Café/Té,1,1300,1300
4238,2026-06-17,Tienda Centro,Cloro,Limpieza,1,1400,1400
4238,2026-06-17,Tienda Centro,Detergente,Limpieza,1,5500,5500
4239,2026-06-01,Tienda Mall,Agua mineral,Bebidas,1,900,900
4239,2026-06-01,Tienda Mall,Maní,Snacks,1,1200,1200
4240,2026-07-15,Tienda Norte,Queso,Lácteos,1,4500,4500
4240,2026-07-15,Tienda Norte,Vino tinto,Alcohol,1,5000,5000
4241,2026-08-03,Tienda Mall,Pañales,Bebé,2,8000,16000
4241,2026-08-03,Tienda Mall,Toallitas húmedas,Bebé,1,2200,2200
4241,2026-08-03,Tienda Mall,Yogurt,Lácteos,1,800,800
4242,2026-06-24,Tienda Sur,Pan hallulla,Panadería,1,1500,1500
4243,2026-07-16,Tienda Centro,Bebida cola,Bebidas,1,1500,1500
4243,2026-07-16,Tienda Centro,Cloro,Limpieza,1,1400,1400
4243,2026-07-16,Tienda Centro,Detergente,Limpieza,2,5500,11000
4244,2026-06-11,Tienda Mall,Agua mineral,Bebidas,1,900,900
4244,2026-06-11,Tienda Mall,Croissant,Panadería,2,900,1800
4244,2026-06-11,Tienda Mall,Galletas,Snacks,1,1000,1000
4244,2026-06-11,Tienda Mall,Maní,Snacks,1,1200,1200
4245,2026-06-12,Tienda Mall,Cloro,Limpieza,2,1400,2800
4245,2026-06-12,Tienda Mall,Vino tinto,Alcohol,1,5000,5000
4246,2026-07-12,Tienda Sur,Agua mineral,Bebidas,2,900,1800
4246,2026-07-12,Tienda Sur,Croissant,Panadería,2,900,1800
4246,2026-07-12,Tienda Sur,Vino tinto,Alcohol,1,5000,5000
4247,2026-06-17,Tienda Mall,Agua mineral,Bebidas,1,900,900
4247,2026-06-17,Tienda Mall,Toallitas húmedas,Bebé,2,2200,4400
4248,2026-06-06,Tienda Centro,Azúcar,Café/Té,1,1300,1300
4248,2026-06-06,Tienda Centro,Galletas,Snacks,1,1000,1000
4248,2026-06-06,Tienda Centro,Queso,Lácteos,1,4500,4500
4249,2026-06-10,Tienda Sur,Azúcar,Café/Té,1,1300,1300
4249,2026-06-10,Tienda Sur,Café,Café/Té,1,4000,4000
4249,2026-06-10,Tienda Sur,Cloro,Limpieza,1,1400,1400
4249,2026-06-10,Tienda Sur,Maní,Snacks,1,1200,1200
4250,2026-06-23,Tienda Centro,Esponjas,Limpieza,1,1200,1200
4250,2026-06-23,Tienda Centro,Leche,Lácteos,1,1200,1200
4250,2026-06-23,Tienda Centro,Maní,Snacks,1,1200,1200
4251,2026-07-04,Tienda Sur,Azúcar,Café/Té,1,1300,1300
4251,2026-07-04,Tienda Sur,Queso,Lácteos,3,4500,13500
4252,2026-06-08,Tienda Centro,Agua mineral,Bebidas,2,900,1800
4252,2026-06-08,Tienda Centro,Leche,Lácteos,1,1200,1200
4253,2026-05-29,Tienda Centro,Agua mineral,Bebidas,2,900,1800
4253,2026-05-29,Tienda Centro,Vino tinto,Alcohol,1,5000,5000
4254,2026-06-07,Tienda Mall,Papas fritas,Snacks,1,1800,1800
4254,2026-06-07,Tienda Mall,Vino tinto,Alcohol,1,5000,5000
4255,2026-06-24,Tienda Norte,Azúcar,Café/Té,1,1300,1300
4255,2026-06-24,Tienda Norte,Café,Café/Té,1,4000,4000
4255,2026-06-24,Tienda Norte,Galletas,Snacks,1,1000,1000
4255,2026-06-24,Tienda Norte,Yogurt,Lácteos,1,800,800
4256,2026-06-16,Tienda Mall,Bebida cola,Bebidas,1,1500,1500
4256,2026-06-16,Tienda Mall,Leche,Lácteos,1,1200,1200
4256,2026-06-16,Tienda Mall,Papas fritas,Snacks,1,1800,1800
4257,2026-07-11,Tienda Norte,Galletas,Snacks,1,1000,1000
4257,2026-07-11,Tienda Norte,Maní,Snacks,2,1200,2400
4258,2026-07-01,Tienda Centro,Jugo naranja,Bebidas,1,1600,1600
4258,2026-07-01,Tienda Centro,Papas fritas,Snacks,1,1800,1800
4259,2026-07-17,Tienda Sur,Mantequilla,Lácteos,1,2500,2500
4259,2026-07-17,Tienda Sur,Pañales,Bebé,1,8000,8000
4259,2026-07-17,Tienda Sur,Toallitas húmedas,Bebé,1,2200,2200
4260,2026-07-03,Tienda Mall,Papas fritas,Snacks,1,1800,1800
4261,2026-06-22,Tienda Centro,Bebida cola,Bebidas,1,1500,1500
4261,2026-06-22,Tienda Centro,Cerveza,Alcohol,1,3500,3500
4261,2026-06-22,Tienda Centro,Detergente,Limpieza,2,5500,11000
4261,2026-06-22,Tienda Centro,Maní,Snacks,2,1200,2400
4261,2026-06-22,Tienda Centro,Papas fritas,Snacks,2,1800,3600
4262,2026-07-20,Tienda Mall,Bebida cola,Bebidas,1,1500,1500
4262,2026-07-20,Tienda Mall,Cerveza,Alcohol,1,3500,3500
4262,2026-07-20,Tienda Mall,Papas fritas,Snacks,1,1800,1800
4263,2026-06-29,Tienda Centro,Leche,Lácteos,1,1200,1200
4263,2026-06-29,Tienda Centro,Papas fritas,Snacks,1,1800,1800
4264,2026-05-21,Tienda Norte,Azúcar,Café/Té,1,1300,1300
4264,2026-05-21,Tienda Norte,Mantequilla,Lácteos,1,2500,2500
4265,2026-08-04,Tienda Norte,Esponjas,Limpieza,1,1200,1200
4265,2026-08-04,Tienda Norte,Toallitas húmedas,Bebé,1,2200,2200
4266,2026-06-13,Tienda Centro,Agua mineral,Bebidas,2,900,1800
4267,2026-08-13,Tienda Norte,Azúcar,Café/Té,1,1300,1300
4267,2026-08-13,Tienda Norte,Leche,Lácteos,1,1200,1200
4268,2026-05-31,Tienda Sur,Croissant,Panadería,1,900,900
4268,2026-05-31,Tienda Sur,Pan molde,Panadería,1,1800,1800
4269,2026-06-12,Tienda Norte,Jugo naranja,Bebidas,3,1600,4800
4269,2026-06-12,Tienda Norte,Mantequilla,Lácteos,1,2500,2500
4269,2026-06-12,Tienda Norte,Pan hallulla,Panadería,1,1500,1500
4269,2026-06-12,Tienda Norte,Queso,Lácteos,2,4500,9000
4269,2026-06-12,Tienda Norte,Vino tinto,Alcohol,1,5000,5000
4270,2026-08-09,Tienda Norte,Cerveza,Alcohol,3,3500,10500
4270,2026-08-09,Tienda Norte,Papas fritas,Snacks,1,1800,1800
4271,2026-07-13,Tienda Centro,Bebida cola,Bebidas,2,1500,3000
4271,2026-07-13,Tienda Centro,Cerveza,Alcohol,2,3500,7000
4271,2026-07-13,Tienda Centro,Mantequilla,Lácteos,1,2500,2500
4271,2026-07-13,Tienda Centro,Maní,Snacks,1,1200,1200
4271,2026-07-13,Tienda Centro,Pan hallulla,Panadería,1,1500,1500
4271,2026-07-13,Tienda Centro,Papas fritas,Snacks,2,1800,3600
4271,2026-07-13,Tienda Centro,Queso,Lácteos,2,4500,9000
4272,2026-05-28,Tienda Centro,Azúcar,Café/Té,3,1300,3900
4272,2026-05-28,Tienda Centro,Café,Café/Té,1,4000,4000
4272,2026-05-28,Tienda Centro,Galletas,Snacks,1,1000,1000
4272,2026-05-28,Tienda Centro,Toallitas húmedas,Bebé,1,2200,2200
4273,2026-07-27,Tienda Norte,Croissant,Panadería,1,900,900
4273,2026-07-27,Tienda Norte,Papas fritas,Snacks,2,1800,3600
4274,2026-06-09,Tienda Centro,Bebida cola,Bebidas,1,1500,1500
4274,2026-06-09,Tienda Centro,Galletas,Snacks,1,1000,1000
4275,2026-07-17,Tienda Centro,Mantequilla,Lácteos,1,2500,2500
4275,2026-07-17,Tienda Centro,Pan molde,Panadería,2,1800,3600
4275,2026-07-17,Tienda Centro,Pañales,Bebé,1,8000,8000
4275,2026-07-17,Tienda Centro,Queso,Lácteos,1,4500,4500
4275,2026-07-17,Tienda Centro,Toallitas húmedas,Bebé,2,2200,4400
4276,2026-07-20,Tienda Centro,Café,Café/Té,1,4000,4000
4276,2026-07-20,Tienda Centro,Cloro,Limpieza,1,1400,1400
4276,2026-07-20,Tienda Centro,Detergente,Limpieza,1,5500,5500
4276,2026-07-20,Tienda Centro,Jugo naranja,Bebidas,1,1600,1600
4277,2026-06-18,Tienda Norte,Azúcar,Café/Té,2,1300,2600
4277,2026-06-18,Tienda Norte,Leche,Lácteos,3,1200,3600
4278,2026-06-08,Tienda Norte,Pañales,Bebé,3,8000,24000
4278,2026-06-08,Tienda Norte,Toallitas húmedas,Bebé,1,2200,2200
4279,2026-05-24,Tienda Centro,Bebida cola,Bebidas,3,1500,4500
4279,2026-05-24,Tienda Centro,Cloro,Limpieza,2,1400,2800
4280,2026-07-21,Tienda Sur,Croissant,Panadería,1,900,900
4280,2026-07-21,Tienda Sur,Detergente,Limpieza,1,5500,5500
4281,2026-07-17,Tienda Centro,Detergente,Limpieza,2,5500,11000
4282,2026-06-23,Tienda Mall,Maní,Snacks,2,1200,2400
4282,2026-06-23,Tienda Mall,Toallitas húmedas,Bebé,1,2200,2200
4283,2026-07-03,Tienda Sur,Agua mineral,Bebidas,2,900,1800
4283,2026-07-03,Tienda Sur,Detergente,Limpieza,1,5500,5500
4283,2026-07-03,Tienda Sur,Esponjas,Limpieza,1,1200,1200
4283,2026-07-03,Tienda Sur,Mantequilla,Lácteos,1,2500,2500
4283,2026-07-03,Tienda Sur,Pan molde,Panadería,1,1800,1800
4283,2026-07-03,Tienda Sur,Queso,Lácteos,2,4500,9000
4283,2026-07-03,Tienda Sur,Vino tinto,Alcohol,1,5000,5000
4284,2026-06-07,Tienda Centro,Bebida cola,Bebidas,1,1500,1500
4284,2026-06-07,Tienda Centro,Croissant,Panadería,1,900,900
4284,2026-06-07,Tienda Centro,Vino tinto,Alcohol,1,5000,5000
4285,2026-07-06,Tienda Mall,Agua mineral,Bebidas,1,900,900
4285,2026-07-06,Tienda Mall,Mantequilla,Lácteos,1,2500,2500
4285,2026-07-06,Tienda Mall,Pan molde,Panadería,1,1800,1800
4285,2026-07-06,Tienda Mall,Queso,Lácteos,1,4500,4500
4286,2026-06-15,Tienda Sur,Maní,Snacks,1,1200,1200
4287,2026-06-11,Tienda Mall,Pañales,Bebé,2,8000,16000
4287,2026-06-11,Tienda Mall,Toallitas húmedas,Bebé,1,2200,2200
4288,2026-07-08,Tienda Mall,Bebida cola,Bebidas,1,1500,1500
4288,2026-07-08,Tienda Mall,Leche,Lácteos,1,1200,1200
4288,2026-07-08,Tienda Mall,Papas fritas,Snacks,1,1800,1800
4289,2026-06-02,Tienda Centro,Croissant,Panadería,1,900,900
4290,2026-06-04,Tienda Sur,Agua mineral,Bebidas,1,900,900
4290,2026-06-04,Tienda Sur,Mantequilla,Lácteos,1,2500,2500
4290,2026-06-04,Tienda Sur,Pan hallulla,Panadería,1,1500,1500
4290,2026-06-04,Tienda Sur,Queso,Lácteos,1,4500,4500
4291,2026-05-21,Tienda Centro,Cerveza,Alcohol,1,3500,3500
4291,2026-05-21,Tienda Centro,Galletas,Snacks,2,1000,2000
4291,2026-05-21,Tienda Centro,Maní,Snacks,3,1200,3600
4292,2026-07-05,Tienda Sur,Maní,Snacks,1,1200,1200
4293,2026-06-12,Tienda Sur,Detergente,Limpieza,1,5500,5500
4293,2026-06-12,Tienda Sur,Esponjas,Limpieza,3,1200,3600
4294,2026-07-26,Tienda Mall,Leche,Lácteos,1,1200,1200
4294,2026-07-26,Tienda Mall,Mantequilla,Lácteos,1,2500,2500
4294,2026-07-26,Tienda Mall,Pan hallulla,Panadería,1,1500,1500
4295,2026-06-13,Tienda Sur,Croissant,Panadería,1,900,900
4295,2026-06-13,Tienda Sur,Galletas,Snacks,1,1000,1000
4295,2026-06-13,Tienda Sur,Jugo naranja,Bebidas,1,1600,1600
4296,2026-05-30,Tienda Mall,Esponjas,Limpieza,1,1200,1200
4296,2026-05-30,Tienda Mall,Mantequilla,Lácteos,1,2500,2500
4297,2026-08-07,Tienda Mall,Cloro,Limpieza,1,1400,1400
4297,2026-08-07,Tienda Mall,Queso,Lácteos,1,4500,4500
4297,2026-08-07,Tienda Mall,Vino tinto,Alcohol,3,5000,15000
4297,2026-08-07,Tienda Mall,Yogurt,Lácteos,1,800,800
4298,2026-07-26,Tienda Centro,Azúcar,Café/Té,3,1300,3900
4298,2026-07-26,Tienda Centro,Bebida cola,Bebidas,1,1500,1500
4298,2026-07-26,Tienda Centro,Papas fritas,Snacks,3,1800,5400
4299,2026-05-31,Tienda Centro,Agua mineral,Bebidas,1,900,900
4299,2026-05-31,Tienda Centro,Leche,Lácteos,2,1200,2400
4300,2026-07-23,Tienda Sur,Galletas,Snacks,1,1000,1000
4300,2026-07-23,Tienda Sur,Jugo naranja,Bebidas,1,1600,1600
4300,2026-07-23,Tienda Sur,Maní,Snacks,1,1200,1200
4300,2026-07-23,Tienda Sur,Queso,Lácteos,1,4500,4500
4301,2026-07-19,Tienda Sur,Pan molde,Panadería,1,1800,1800
4302,2026-06-29,Tienda Centro,Azúcar,Café/Té,1,1300,1300
4302,2026-06-29,Tienda Centro,Café,Café/Té,1,4000,4000
4302,2026-06-29,Tienda Centro,Galletas,Snacks,2,1000,2000
4302,2026-06-29,Tienda Centro,Mantequilla,Lácteos,1,2500,2500
4302,2026-06-29,Tienda Centro,Pan molde,Panadería,1,1800,1800
4303,2026-06-02,Tienda Norte,Cloro,Limpieza,1,1400,1400
4303,2026-06-02,Tienda Norte,Leche,Lácteos,1,1200,1200
4303,2026-06-02,Tienda Norte,Mantequilla,Lácteos,3,2500,7500
4303,2026-06-02,Tienda Norte,Pan hallulla,Panadería,1,1500,1500
4303,2026-06-02,Tienda Norte,Queso,Lácteos,1,4500,4500
4304,2026-07-17,Tienda Norte,Bebida cola,Bebidas,1,1500,1500
4305,2026-07-07,Tienda Sur,Agua mineral,Bebidas,2,900,1800
4305,2026-07-07,Tienda Sur,Croissant,Panadería,3,900,2700
4305,2026-07-07,Tienda Sur,Maní,Snacks,2,1200,2400
4305,2026-07-07,Tienda Sur,Pan molde,Panadería,1,1800,1800
4306,2026-06-05,Tienda Mall,Azúcar,Café/Té,2,1300,2600
4306,2026-06-05,Tienda Mall,Esponjas,Limpieza,1,1200,1200
4306,2026-06-05,Tienda Mall,Galletas,Snacks,1,1000,1000
4307,2026-06-04,Tienda Mall,Agua mineral,Bebidas,1,900,900
4307,2026-06-04,Tienda Mall,Esponjas,Limpieza,3,1200,3600
4307,2026-06-04,Tienda Mall,Queso,Lácteos,2,4500,9000
4308,2026-05-28,Tienda Centro,Café,Café/Té,2,4000,8000
4308,2026-05-28,Tienda Centro,Cerveza,Alcohol,1,3500,3500
4308,2026-05-28,Tienda Centro,Maní,Snacks,1,1200,1200
4309,2026-05-27,Tienda Mall,Croissant,Panadería,2,900,1800
4309,2026-05-27,Tienda Mall,Jugo naranja,Bebidas,1,1600,1600
4309,2026-05-27,Tienda Mall,Mantequilla,Lácteos,1,2500,2500
4310,2026-07-10,Tienda Centro,Queso,Lácteos,2,4500,9000
4310,2026-07-10,Tienda Centro,Toallitas húmedas,Bebé,1,2200,2200
4310,2026-07-10,Tienda Centro,Vino tinto,Alcohol,1,5000,5000
4311,2026-08-16,Tienda Mall,Croissant,Panadería,2,900,1800
4311,2026-08-16,Tienda Mall,Mantequilla,Lácteos,1,2500,2500
4312,2026-07-13,Tienda Sur,Bebida cola,Bebidas,2,1500,3000
4312,2026-07-13,Tienda Sur,Leche,Lácteos,1,1200,1200
4313,2026-06-29,Tienda Centro,Cerveza,Alcohol,3,3500,10500
4313,2026-06-29,Tienda Centro,Detergente,Limpieza,3,5500,16500
4313,2026-06-29,Tienda Centro,Esponjas,Limpieza,1,1200,1200
4313,2026-06-29,Tienda Centro,Maní,Snacks,1,1200,1200
4314,2026-08-14,Tienda Sur,Bebida cola,Bebidas,1,1500,1500
4314,2026-08-14,Tienda Sur,Detergente,Limpieza,1,5500,5500
4314,2026-08-14,Tienda Sur,Esponjas,Limpieza,1,1200,1200
4314,2026-08-14,Tienda Sur,Leche,Lácteos,1,1200,1200
4315,2026-08-01,Tienda Sur,Mantequilla,Lácteos,1,2500,2500
4315,2026-08-01,Tienda Sur,Pan hallulla,Panadería,3,1500,4500
4315,2026-08-01,Tienda Sur,Papas fritas,Snacks,1,1800,1800
4316,2026-08-17,Tienda Sur,Agua mineral,Bebidas,1,900,900
4316,2026-08-17,Tienda Sur,Detergente,Limpieza,1,5500,5500
4316,2026-08-17,Tienda Sur,Jugo naranja,Bebidas,1,1600,1600
4317,2026-08-11,Tienda Mall,Azúcar,Café/Té,1,1300,1300
4317,2026-08-11,Tienda Mall,Café,Café/Té,1,4000,4000
4317,2026-08-11,Tienda Mall,Toallitas húmedas,Bebé,2,2200,4400
4318,2026-07-05,Tienda Norte,Esponjas,Limpieza,1,1200,1200
4319,2026-06-29,Tienda Centro,Cerveza,Alcohol,1,3500,3500
4319,2026-06-29,Tienda Centro,Pan molde,Panadería,1,1800,1800
4319,2026-06-29,Tienda Centro,Pañales,Bebé,1,8000,8000
4319,2026-06-29,Tienda Centro,Queso,Lácteos,1,4500,4500
4319,2026-06-29,Tienda Centro,Toallitas húmedas,Bebé,1,2200,2200
4320,2026-08-07,Tienda Sur,Mantequilla,Lácteos,3,2500,7500
4320,2026-08-07,Tienda Sur,Pan molde,Panadería,1,1800,1800
4321,2026-07-03,Tienda Mall,Agua mineral,Bebidas,1,900,900
4321,2026-07-03,Tienda Mall,Azúcar,Café/Té,1,1300,1300
4321,2026-07-03,Tienda Mall,Croissant,Panadería,1,900,900
4321,2026-07-03,Tienda Mall,Mantequilla,Lácteos,3,2500,7500
4321,2026-07-03,Tienda Mall,Té,Café/Té,2,2500,5000
4322,2026-08-05,Tienda Norte,Cloro,Limpieza,2,1400,2800
4322,2026-08-05,Tienda Norte,Detergente,Limpieza,1,5500,5500
4322,2026-08-05,Tienda Norte,Maní,Snacks,1,1200,1200
4323,2026-08-09,Tienda Mall,Azúcar,Café/Té,1,1300,1300
4323,2026-08-09,Tienda Mall,Café,Café/Té,1,4000,4000
4324,2026-07-27,Tienda Centro,Croissant,Panadería,2,900,1800
4324,2026-07-27,Tienda Centro,Queso,Lácteos,1,4500,4500
4325,2026-08-13,Tienda Centro,Cerveza,Alcohol,1,3500,3500
4325,2026-08-13,Tienda Centro,Papas fritas,Snacks,1,1800,1800
4325,2026-08-13,Tienda Centro,Pañales,Bebé,1,8000,8000
4325,2026-08-13,Tienda Centro,Toallitas húmedas,Bebé,1,2200,2200
4326,2026-07-21,Tienda Mall,Pan molde,Panadería,1,1800,1800
4327,2026-07-03,Tienda Mall,Yogurt,Lácteos,1,800,800
4328,2026-08-17,Tienda Centro,Agua mineral,Bebidas,1,900,900
4328,2026-08-17,Tienda Centro,Croissant,Panadería,2,900,1800
4328,2026-08-17,Tienda Centro,Queso,Lácteos,1,4500,4500
4328,2026-08-17,Tienda Centro,Yogurt,Lácteos,1,800,800
4329,2026-08-11,Tienda Mall,Agua mineral,Bebidas,1,900,900
4329,2026-08-11,Tienda Mall,Azúcar,Café/Té,1,1300,1300
4329,2026-08-11,Tienda Mall,Café,Café/Té,1,4000,4000
4330,2026-08-05,Tienda Sur,Galletas,Snacks,1,1000,1000
4331,2026-07-20,Tienda Sur,Detergente,Limpieza,2,5500,11000
4331,2026-07-20,Tienda Sur,Esponjas,Limpieza,1,1200,1200
4332,2026-07-02,Tienda Centro,Cerveza,Alcohol,2,3500,7000
4332,2026-07-02,Tienda Centro,Cloro,Limpieza,2,1400,2800
4332,2026-07-02,Tienda Centro,Mantequilla,Lácteos,1,2500,2500
4332,2026-07-02,Tienda Centro,Papas fritas,Snacks,2,1800,3600
4332,2026-07-02,Tienda Centro,Pañales,Bebé,1,8000,8000
4332,2026-07-02,Tienda Centro,Toallitas húmedas,Bebé,1,2200,2200
4333,2026-08-15,Tienda Mall,Esponjas,Limpieza,1,1200,1200
4333,2026-08-15,Tienda Mall,Toallitas húmedas,Bebé,1,2200,2200
4334,2026-06-12,Tienda Mall,Cerveza,Alcohol,1,3500,3500
4334,2026-06-12,Tienda Mall,Pañales,Bebé,3,8000,24000
4334,2026-06-12,Tienda Mall,Toallitas húmedas,Bebé,2,2200,4400
4334,2026-06-12,Tienda Mall,Vino tinto,Alcohol,1,5000,5000
4335,2026-08-02,Tienda Norte,Cerveza,Alcohol,1,3500,3500
4335,2026-08-02,Tienda Norte,Papas fritas,Snacks,1,1800,1800
4336,2026-06-15,Tienda Centro,Azúcar,Café/Té,2,1300,2600
4336,2026-06-15,Tienda Centro,Café,Café/Té,1,4000,4000
4337,2026-06-22,Tienda Mall,Agua mineral,Bebidas,1,900,900
4337,2026-06-22,Tienda Mall,Esponjas,Limpieza,1,1200,1200
4337,2026-06-22,Tienda Mall,Jugo naranja,Bebidas,2,1600,3200
4337,2026-06-22,Tienda Mall,Té,Café/Té,1,2500,2500
4338,2026-06-18,Tienda Norte,Azúcar,Café/Té,3,1300,3900
4338,2026-06-18,Tienda Norte,Bebida cola,Bebidas,2,1500,3000
4338,2026-06-18,Tienda Norte,Café,Café/Té,2,4000,8000
4338,2026-06-18,Tienda Norte,Té,Café/Té,1,2500,2500
4339,2026-08-02,Tienda Centro,Azúcar,Café/Té,1,1300,1300
4339,2026-08-02,Tienda Centro,Pan molde,Panadería,1,1800,1800
4339,2026-08-02,Tienda Centro,Té,Café/Té,1,2500,2500
4340,2026-06-17,Tienda Centro,Azúcar,Café/Té,1,1300,1300
4340,2026-06-17,Tienda Centro,Yogurt,Lácteos,1,800,800
4341,2026-07-25,Tienda Centro,Galletas,Snacks,1,1000,1000
4341,2026-07-25,Tienda Centro,Queso,Lácteos,1,4500,4500
4341,2026-07-25,Tienda Centro,Toallitas húmedas,Bebé,1,2200,2200
4342,2026-07-16,Tienda Sur,Azúcar,Café/Té,1,1300,1300
4342,2026-07-16,Tienda Sur,Toallitas húmedas,Bebé,2,2200,4400
4343,2026-06-20,Tienda Centro,Cloro,Limpieza,2,1400,2800
4343,2026-06-20,Tienda Centro,Detergente,Limpieza,2,5500,11000
4344,2026-07-28,Tienda Centro,Queso,Lácteos,1,4500,4500
4345,2026-08-13,Tienda Sur,Papas fritas,Snacks,1,1800,1800
4345,2026-08-13,Tienda Sur,Yogurt,Lácteos,1,800,800
4346,2026-06-28,Tienda Centro,Azúcar,Café/Té,3,1300,3900
4346,2026-06-28,Tienda Centro,Café,Café/Té,1,4000,4000
4346,2026-06-28,Tienda Centro,Pan molde,Panadería,2,1800,3600
4346,2026-06-28,Tienda Centro,Queso,Lácteos,2,4500,9000
4347,2026-07-29,Tienda Centro,Cloro,Limpieza,1,1400,1400
4347,2026-07-29,Tienda Centro,Pan molde,Panadería,3,1800,5400
4347,2026-07-29,Tienda Centro,Queso,Lácteos,1,4500,4500
4347,2026-07-29,Tienda Centro,Té,Café/Té,3,2500,7500
4348,2026-07-27,Tienda Sur,Azúcar,Café/Té,1,1300,1300
4348,2026-07-27,Tienda Sur,Pañales,Bebé,2,8000,16000
4349,2026-06-17,Tienda Mall,Queso,Lácteos,1,4500,4500
4349,2026-06-17,Tienda Mall,Vino tinto,Alcohol,1,5000,5000
4350,2026-06-19,Tienda Norte,Galletas,Snacks,1,1000,1000
4350,2026-06-19,Tienda Norte,Mantequilla,Lácteos,1,2500,2500
4350,2026-06-19,Tienda Norte,Pan molde,Panadería,1,1800,1800
4350,2026-06-19,Tienda Norte,Papas fritas,Snacks,1,1800,1800
4351,2026-06-18,Tienda Centro,Croissant,Panadería,2,900,1800
4352,2026-08-17,Tienda Centro,Bebida cola,Bebidas,1,1500,1500
4352,2026-08-17,Tienda Centro,Cerveza,Alcohol,3,3500,10500
4352,2026-08-17,Tienda Centro,Mantequilla,Lácteos,1,2500,2500
4352,2026-08-17,Tienda Centro,Maní,Snacks,3,1200,3600
4352,2026-08-17,Tienda Centro,Pan molde,Panadería,1,1800,1800
4352,2026-08-17,Tienda Centro,Pañales,Bebé,1,8000,8000
4352,2026-08-17,Tienda Centro,Toallitas húmedas,Bebé,1,2200,2200
4353,2026-07-12,Tienda Centro,Mantequilla,Lácteos,1,2500,2500
4353,2026-07-12,Tienda Centro,Pan hallulla,Panadería,1,1500,1500
4353,2026-07-12,Tienda Centro,Pañales,Bebé,1,8000,8000
4354,2026-06-12,Tienda Sur,Esponjas,Limpieza,1,1200,1200
4354,2026-06-12,Tienda Sur,Jugo naranja,Bebidas,1,1600,1600
4355,2026-06-23,Tienda Mall,Cerveza,Alcohol,1,3500,3500
4355,2026-06-23,Tienda Mall,Maní,Snacks,1,1200,1200
4355,2026-06-23,Tienda Mall,Papas fritas,Snacks,1,1800,1800
4355,2026-06-23,Tienda Mall,Queso,Lácteos,2,4500,9000
4355,2026-06-23,Tienda Mall,Vino tinto,Alcohol,1,5000,5000
4356,2026-07-15,Tienda Centro,Galletas,Snacks,3,1000,3000
4357,2026-05-24,Tienda Sur,Cloro,Limpieza,1,1400,1400
4357,2026-05-24,Tienda Sur,Toallitas húmedas,Bebé,1,2200,2200
4358,2026-08-17,Tienda Sur,Azúcar,Café/Té,1,1300,1300
4359,2026-08-05,Tienda Mall,Agua mineral,Bebidas,1,900,900
4359,2026-08-05,Tienda Mall,Cerveza,Alcohol,3,3500,10500
4359,2026-08-05,Tienda Mall,Papas fritas,Snacks,1,1800,1800
4360,2026-07-27,Tienda Centro,Agua mineral,Bebidas,3,900,2700
4360,2026-07-27,Tienda Centro,Galletas,Snacks,1,1000,1000
4360,2026-07-27,Tienda Centro,Jugo naranja,Bebidas,1,1600,1600
4361,2026-05-27,Tienda Sur,Cerveza,Alcohol,1,3500,3500
4361,2026-05-27,Tienda Sur,Cloro,Limpieza,1,1400,1400
4361,2026-05-27,Tienda Sur,Esponjas,Limpieza,1,1200,1200
4361,2026-05-27,Tienda Sur,Maní,Snacks,1,1200,1200
4361,2026-05-27,Tienda Sur,Queso,Lácteos,1,4500,4500
4361,2026-05-27,Tienda Sur,Vino tinto,Alcohol,1,5000,5000
4362,2026-08-04,Tienda Norte,Mantequilla,Lácteos,2,2500,5000
4362,2026-08-04,Tienda Norte,Pan molde,Panadería,1,1800,1800
4363,2026-05-24,Tienda Sur,Azúcar,Café/Té,1,1300,1300
4363,2026-05-24,Tienda Sur,Pan hallulla,Panadería,1,1500,1500
4363,2026-05-24,Tienda Sur,Papas fritas,Snacks,2,1800,3600
4363,2026-05-24,Tienda Sur,Queso,Lácteos,3,4500,13500
4364,2026-07-04,Tienda Sur,Mantequilla,Lácteos,1,2500,2500
4364,2026-07-04,Tienda Sur,Pan hallulla,Panadería,2,1500,3000
4364,2026-07-04,Tienda Sur,Pan molde,Panadería,1,1800,1800
4364,2026-07-04,Tienda Sur,Queso,Lácteos,1,4500,4500
4365,2026-07-26,Tienda Norte,Azúcar,Café/Té,1,1300,1300
4365,2026-07-26,Tienda Norte,Galletas,Snacks,1,1000,1000
4366,2026-05-22,Tienda Sur,Azúcar,Café/Té,1,1300,1300
4366,2026-05-22,Tienda Sur,Mantequilla,Lácteos,1,2500,2500
4366,2026-05-22,Tienda Sur,Pañales,Bebé,1,8000,8000
4366,2026-05-22,Tienda Sur,Toallitas húmedas,Bebé,3,2200,6600
4367,2026-07-26,Tienda Centro,Cerveza,Alcohol,1,3500,3500
4367,2026-07-26,Tienda Centro,Croissant,Panadería,2,900,1800
4367,2026-07-26,Tienda Centro,Papas fritas,Snacks,2,1800,3600
4367,2026-07-26,Tienda Centro,Toallitas húmedas,Bebé,1,2200,2200
4368,2026-06-11,Tienda Sur,Cloro,Limpieza,1,1400,1400
4369,2026-07-31,Tienda Sur,Bebida cola,Bebidas,1,1500,1500
4369,2026-07-31,Tienda Sur,Jugo naranja,Bebidas,2,1600,3200
4369,2026-07-31,Tienda Sur,Leche,Lácteos,3,1200,3600
4369,2026-07-31,Tienda Sur,Papas fritas,Snacks,1,1800,1800
4370,2026-07-22,Tienda Sur,Maní,Snacks,1,1200,1200
4371,2026-07-20,Tienda Mall,Cloro,Limpieza,2,1400,2800
4371,2026-07-20,Tienda Mall,Papas fritas,Snacks,2,1800,3600
4371,2026-07-20,Tienda Mall,Queso,Lácteos,1,4500,4500
4372,2026-05-25,Tienda Norte,Bebida cola,Bebidas,1,1500,1500
4372,2026-05-25,Tienda Norte,Esponjas,Limpieza,1,1200,1200
4372,2026-05-25,Tienda Norte,Papas fritas,Snacks,1,1800,1800
4372,2026-05-25,Tienda Norte,Yogurt,Lácteos,1,800,800
4373,2026-07-07,Tienda Centro,Agua mineral,Bebidas,1,900,900
4373,2026-07-07,Tienda Centro,Jugo naranja,Bebidas,1,1600,1600
4374,2026-06-25,Tienda Sur,Detergente,Limpieza,1,5500,5500
4374,2026-06-25,Tienda Sur,Esponjas,Limpieza,1,1200,1200
4374,2026-06-25,Tienda Sur,Toallitas húmedas,Bebé,1,2200,2200
4374,2026-06-25,Tienda Sur,Té,Café/Té,1,2500,2500
4375,2026-05-28,Tienda Centro,Bebida cola,Bebidas,1,1500,1500
4375,2026-05-28,Tienda Centro,Cloro,Limpieza,1,1400,1400
4375,2026-05-28,Tienda Centro,Detergente,Limpieza,2,5500,11000
4375,2026-05-28,Tienda Centro,Galletas,Snacks,2,1000,2000
4376,2026-06-09,Tienda Mall,Cerveza,Alcohol,2,3500,7000
4376,2026-06-09,Tienda Mall,Croissant,Panadería,1,900,900
4376,2026-06-09,Tienda Mall,Pañales,Bebé,1,8000,8000
4377,2026-05-20,Tienda Sur,Agua mineral,Bebidas,2,900,1800
4377,2026-05-20,Tienda Sur,Azúcar,Café/Té,1,1300,1300
4378,2026-08-02,Tienda Norte,Azúcar,Café/Té,1,1300,1300
4378,2026-08-02,Tienda Norte,Jugo naranja,Bebidas,3,1600,4800
4378,2026-08-02,Tienda Norte,Té,Café/Té,2,2500,5000
4379,2026-07-20,Tienda Mall,Café,Café/Té,1,4000,4000
4379,2026-07-20,Tienda Mall,Cloro,Limpieza,1,1400,1400
4379,2026-07-20,Tienda Mall,Maní,Snacks,1,1200,1200
4380,2026-06-30,Tienda Norte,Mantequilla,Lácteos,1,2500,2500
4380,2026-06-30,Tienda Norte,Queso,Lácteos,1,4500,4500
4380,2026-06-30,Tienda Norte,Vino tinto,Alcohol,1,5000,5000
4381,2026-06-05,Tienda Mall,Galletas,Snacks,1,1000,1000
4381,2026-06-05,Tienda Mall,Maní,Snacks,1,1200,1200
4382,2026-07-10,Tienda Centro,Croissant,Panadería,1,900,900
4382,2026-07-10,Tienda Centro,Leche,Lácteos,2,1200,2400
4382,2026-07-10,Tienda Centro,Pañales,Bebé,1,8000,8000
4382,2026-07-10,Tienda Centro,Toallitas húmedas,Bebé,1,2200,2200
4383,2026-08-11,Tienda Norte,Maní,Snacks,2,1200,2400
4384,2026-07-22,Tienda Centro,Maní,Snacks,1,1200,1200
4384,2026-07-22,Tienda Centro,Vino tinto,Alcohol,1,5000,5000
4385,2026-05-23,Tienda Sur,Maní,Snacks,1,1200,1200
4385,2026-05-23,Tienda Sur,Pañales,Bebé,1,8000,8000
4385,2026-05-23,Tienda Sur,Queso,Lácteos,1,4500,4500
4385,2026-05-23,Tienda Sur,Toallitas húmedas,Bebé,1,2200,2200
4386,2026-07-16,Tienda Mall,Agua mineral,Bebidas,3,900,2700
4386,2026-07-16,Tienda Mall,Leche,Lácteos,1,1200,1200
4386,2026-07-16,Tienda Mall,Pan hallulla,Panadería,1,1500,1500
4386,2026-07-16,Tienda Mall,Queso,Lácteos,3,4500,13500
4386,2026-07-16,Tienda Mall,Vino tinto,Alcohol,1,5000,5000
4387,2026-05-30,Tienda Sur,Agua mineral,Bebidas,1,900,900
4387,2026-05-30,Tienda Sur,Jugo naranja,Bebidas,1,1600,1600
4388,2026-08-07,Tienda Sur,Cerveza,Alcohol,1,3500,3500
4388,2026-08-07,Tienda Sur,Mantequilla,Lácteos,1,2500,2500
4388,2026-08-07,Tienda Sur,Papas fritas,Snacks,2,1800,3600
4389,2026-07-29,Tienda Sur,Cerveza,Alcohol,3,3500,10500
4389,2026-07-29,Tienda Sur,Esponjas,Limpieza,3,1200,3600
4390,2026-08-14,Tienda Mall,Cerveza,Alcohol,2,3500,7000
4390,2026-08-14,Tienda Mall,Esponjas,Limpieza,3,1200,3600
4390,2026-08-14,Tienda Mall,Maní,Snacks,1,1200,1200
4390,2026-08-14,Tienda Mall,Papas fritas,Snacks,1,1800,1800
4391,2026-07-02,Tienda Norte,Cloro,Limpieza,1,1400,1400
4391,2026-07-02,Tienda Norte,Galletas,Snacks,2,1000,2000
4391,2026-07-02,Tienda Norte,Yogurt,Lácteos,1,800,800
4392,2026-08-08,Tienda Norte,Cerveza,Alcohol,1,3500,3500
4392,2026-08-08,Tienda Norte,Papas fritas,Snacks,3,1800,5400
4392,2026-08-08,Tienda Norte,Pañales,Bebé,2,8000,16000
4392,2026-08-08,Tienda Norte,Toallitas húmedas,Bebé,2,2200,4400
4393,2026-08-10,Tienda Mall,Bebida cola,Bebidas,2,1500,3000
4393,2026-08-10,Tienda Mall,Maní,Snacks,1,1200,1200
4393,2026-08-10,Tienda Mall,Pan molde,Panadería,1,1800,1800
4394,2026-08-15,Tienda Sur,Detergente,Limpieza,2,5500,11000
4394,2026-08-15,Tienda Sur,Yogurt,Lácteos,3,800,2400
4395,2026-06-14,Tienda Sur,Azúcar,Café/Té,1,1300,1300
4395,2026-06-14,Tienda Sur,Café,Café/Té,1,4000,4000
4396,2026-07-20,Tienda Mall,Azúcar,Café/Té,1,1300,1300
4396,2026-07-20,Tienda Mall,Cloro,Limpieza,1,1400,1400
4396,2026-07-20,Tienda Mall,Galletas,Snacks,3,1000,3000
4396,2026-07-20,Tienda Mall,Té,Café/Té,1,2500,2500
4397,2026-05-28,Tienda Centro,Cloro,Limpieza,1,1400,1400
4397,2026-05-28,Tienda Centro,Maní,Snacks,1,1200,1200
4398,2026-08-15,Tienda Mall,Cerveza,Alcohol,1,3500,3500
4398,2026-08-15,Tienda Mall,Maní,Snacks,1,1200,1200
4398,2026-08-15,Tienda Mall,Papas fritas,Snacks,1,1800,1800
4398,2026-08-15,Tienda Mall,Toallitas húmedas,Bebé,1,2200,2200
4398,2026-08-15,Tienda Mall,Yogurt,Lácteos,1,800,800
4399,2026-07-24,Tienda Norte,Azúcar,Café/Té,1,1300,1300
4399,2026-07-24,Tienda Norte,Café,Café/Té,2,4000,8000
4399,2026-07-24,Tienda Norte,Cloro,Limpieza,2,1400,2800
4400,2026-08-02,Tienda Centro,Azúcar,Café/Té,3,1300,3900
4400,2026-08-02,Tienda Centro,Café,Café/Té,1,4000,4000
4400,2026-08-02,Tienda Centro,Galletas,Snacks,2,1000,2000
4401,2026-06-24,Tienda Sur,Mantequilla,Lácteos,1,2500,2500
4401,2026-06-24,Tienda Sur,Pan molde,Panadería,1,1800,1800
4402,2026-08-06,Tienda Centro,Esponjas,Limpieza,1,1200,1200
4403,2026-06-27,Tienda Mall,Bebida cola,Bebidas,2,1500,3000
4403,2026-06-27,Tienda Mall,Croissant,Panadería,1,900,900
4403,2026-06-27,Tienda Mall,Leche,Lácteos,2,1200,2400
4403,2026-06-27,Tienda Mall,Pan hallulla,Panadería,1,1500,1500
4404,2026-06-01,Tienda Centro,Bebida cola,Bebidas,3,1500,4500
4404,2026-06-01,Tienda Centro,Pan molde,Panadería,1,1800,1800
4404,2026-06-01,Tienda Centro,Queso,Lácteos,1,4500,4500
4405,2026-07-14,Tienda Mall,Agua mineral,Bebidas,1,900,900
4405,2026-07-14,Tienda Mall,Mantequilla,Lácteos,3,2500,7500
4405,2026-07-14,Tienda Mall,Queso,Lácteos,2,4500,9000
4406,2026-07-30,Tienda Norte,Cloro,Limpieza,1,1400,1400
4406,2026-07-30,Tienda Norte,Jugo naranja,Bebidas,1,1600,1600
4406,2026-07-30,Tienda Norte,Vino tinto,Alcohol,1,5000,5000
4407,2026-07-20,Tienda Norte,Azúcar,Café/Té,1,1300,1300
4407,2026-07-20,Tienda Norte,Detergente,Limpieza,2,5500,11000
4407,2026-07-20,Tienda Norte,Esponjas,Limpieza,2,1200,2400
4408,2026-07-16,Tienda Mall,Cloro,Limpieza,1,1400,1400
4408,2026-07-16,Tienda Mall,Croissant,Panadería,2,900,1800
4408,2026-07-16,Tienda Mall,Galletas,Snacks,1,1000,1000
4409,2026-07-04,Tienda Centro,Cerveza,Alcohol,2,3500,7000
4409,2026-07-04,Tienda Centro,Maní,Snacks,1,1200,1200
4409,2026-07-04,Tienda Centro,Queso,Lácteos,1,4500,4500
4409,2026-07-04,Tienda Centro,Vino tinto,Alcohol,2,5000,10000
4409,2026-07-04,Tienda Centro,Yogurt,Lácteos,1,800,800
4410,2026-08-16,Tienda Mall,Azúcar,Café/Té,2,1300,2600
4411,2026-07-21,Tienda Norte,Azúcar,Café/Té,1,1300,1300
4411,2026-07-21,Tienda Norte,Cloro,Limpieza,1,1400,1400
4411,2026-07-21,Tienda Norte,Pañales,Bebé,1,8000,8000
4411,2026-07-21,Tienda Norte,Té,Café/Té,1,2500,2500
4412,2026-07-21,Tienda Mall,Azúcar,Café/Té,2,1300,2600
4412,2026-07-21,Tienda Mall,Papas fritas,Snacks,1,1800,1800
4413,2026-06-26,Tienda Centro,Esponjas,Limpieza,1,1200,1200
4413,2026-06-26,Tienda Centro,Yogurt,Lácteos,2,800,1600
4414,2026-07-07,Tienda Sur,Jugo naranja,Bebidas,1,1600,1600
4415,2026-06-29,Tienda Mall,Azúcar,Café/Té,1,1300,1300
4415,2026-06-29,Tienda Mall,Cloro,Limpieza,1,1400,1400
4415,2026-06-29,Tienda Mall,Té,Café/Té,1,2500,2500
4416,2026-05-21,Tienda Mall,Croissant,Panadería,1,900,900
4416,2026-05-21,Tienda Mall,Mantequilla,Lácteos,1,2500,2500
4416,2026-05-21,Tienda Mall,Pañales,Bebé,1,8000,8000
4416,2026-05-21,Tienda Mall,Toallitas húmedas,Bebé,3,2200,6600
4417,2026-06-12,Tienda Mall,Azúcar,Café/Té,1,1300,1300
4417,2026-06-12,Tienda Mall,Leche,Lácteos,2,1200,2400
4417,2026-06-12,Tienda Mall,Té,Café/Té,1,2500,2500
4418,2026-05-30,Tienda Norte,Cloro,Limpieza,1,1400,1400
4418,2026-05-30,Tienda Norte,Croissant,Panadería,2,900,1800
4419,2026-06-30,Tienda Sur,Bebida cola,Bebidas,1,1500,1500
4419,2026-06-30,Tienda Sur,Galletas,Snacks,1,1000,1000
4420,2026-05-27,Tienda Centro,Cloro,Limpieza,1,1400,1400
4420,2026-05-27,Tienda Centro,Croissant,Panadería,1,900,900
4420,2026-05-27,Tienda Centro,Esponjas,Limpieza,1,1200,1200
4421,2026-07-16,Tienda Sur,Café,Café/Té,2,4000,8000
4421,2026-07-16,Tienda Sur,Galletas,Snacks,3,1000,3000
4421,2026-07-16,Tienda Sur,Pan molde,Panadería,3,1800,5400
4422,2026-06-16,Tienda Mall,Café,Café/Té,1,4000,4000
4422,2026-06-16,Tienda Mall,Toallitas húmedas,Bebé,2,2200,4400
4423,2026-05-20,Tienda Centro,Cerveza,Alcohol,2,3500,7000
4423,2026-05-20,Tienda Centro,Jugo naranja,Bebidas,1,1600,1600
4423,2026-05-20,Tienda Centro,Pañales,Bebé,2,8000,16000
4423,2026-05-20,Tienda Centro,Toallitas húmedas,Bebé,2,2200,4400
4423,2026-05-20,Tienda Centro,Yogurt,Lácteos,1,800,800
4424,2026-08-14,Tienda Sur,Mantequilla,Lácteos,1,2500,2500
4424,2026-08-14,Tienda Sur,Pan molde,Panadería,1,1800,1800
4424,2026-08-14,Tienda Sur,Queso,Lácteos,1,4500,4500
4425,2026-07-13,Tienda Mall,Cloro,Limpieza,3,1400,4200
4425,2026-07-13,Tienda Mall,Detergente,Limpieza,1,5500,5500
4425,2026-07-13,Tienda Mall,Esponjas,Limpieza,1,1200,1200
4426,2026-05-25,Tienda Sur,Azúcar,Café/Té,2,1300,2600
4426,2026-05-25,Tienda Sur,Croissant,Panadería,3,900,2700
4426,2026-05-25,Tienda Sur,Esponjas,Limpieza,1,1200,1200
4427,2026-06-27,Tienda Sur,Cerveza,Alcohol,2,3500,7000
4428,2026-08-01,Tienda Sur,Detergente,Limpieza,2,5500,11000
4428,2026-08-01,Tienda Sur,Esponjas,Limpieza,2,1200,2400
4428,2026-08-01,Tienda Sur,Mantequilla,Lácteos,1,2500,2500
4428,2026-08-01,Tienda Sur,Maní,Snacks,3,1200,3600
4428,2026-08-01,Tienda Sur,Pan hallulla,Panadería,2,1500,3000
4429,2026-07-21,Tienda Mall,Agua mineral,Bebidas,1,900,900
4429,2026-07-21,Tienda Mall,Cerveza,Alcohol,1,3500,3500
4430,2026-07-19,Tienda Sur,Agua mineral,Bebidas,1,900,900
4431,2026-06-28,Tienda Mall,Pan hallulla,Panadería,1,1500,1500
4431,2026-06-28,Tienda Mall,Papas fritas,Snacks,2,1800,3600
4431,2026-06-28,Tienda Mall,Pañales,Bebé,1,8000,8000
4432,2026-06-22,Tienda Centro,Café,Café/Té,1,4000,4000
4432,2026-06-22,Tienda Centro,Leche,Lácteos,2,1200,2400
4432,2026-06-22,Tienda Centro,Yogurt,Lácteos,1,800,800
4433,2026-07-06,Tienda Centro,Azúcar,Café/Té,3,1300,3900
4433,2026-07-06,Tienda Centro,Café,Café/Té,2,4000,8000
4433,2026-07-06,Tienda Centro,Cerveza,Alcohol,1,3500,3500
4433,2026-07-06,Tienda Centro,Cloro,Limpieza,2,1400,2800
4433,2026-07-06,Tienda Centro,Maní,Snacks,1,1200,1200
4433,2026-07-06,Tienda Centro,Pañales,Bebé,1,8000,8000
4433,2026-07-06,Tienda Centro,Toallitas húmedas,Bebé,3,2200,6600
4434,2026-06-06,Tienda Sur,Café,Café/Té,1,4000,4000
4434,2026-06-06,Tienda Sur,Cloro,Limpieza,2,1400,2800
4434,2026-06-06,Tienda Sur,Detergente,Limpieza,1,5500,5500
4434,2026-06-06,Tienda Sur,Papas fritas,Snacks,1,1800,1800
4435,2026-08-12,Tienda Mall,Agua mineral,Bebidas,3,900,2700
4435,2026-08-12,Tienda Mall,Maní,Snacks,1,1200,1200
4435,2026-08-12,Tienda Mall,Té,Café/Té,1,2500,2500
4435,2026-08-12,Tienda Mall,Yogurt,Lácteos,1,800,800
4436,2026-07-11,Tienda Centro,Galletas,Snacks,1,1000,1000
4436,2026-07-11,Tienda Centro,Pan molde,Panadería,1,1800,1800
4437,2026-05-25,Tienda Mall,Agua mineral,Bebidas,1,900,900
4437,2026-05-25,Tienda Mall,Bebida cola,Bebidas,1,1500,1500
4438,2026-06-17,Tienda Mall,Cloro,Limpieza,1,1400,1400
4438,2026-06-17,Tienda Mall,Leche,Lácteos,1,1200,1200
4439,2026-07-17,Tienda Centro,Azúcar,Café/Té,2,1300,2600
4439,2026-07-17,Tienda Centro,Café,Café/Té,1,4000,4000
4439,2026-07-17,Tienda Centro,Galletas,Snacks,2,1000,2000
4439,2026-07-17,Tienda Centro,Pan molde,Panadería,2,1800,3600
4440,2026-05-20,Tienda Mall,Agua mineral,Bebidas,1,900,900
4440,2026-05-20,Tienda Mall,Azúcar,Café/Té,1,1300,1300
4440,2026-05-20,Tienda Mall,Té,Café/Té,1,2500,2500
4440,2026-05-20,Tienda Mall,Yogurt,Lácteos,1,800,800
4441,2026-07-20,Tienda Mall,Café,Café/Té,1,4000,4000
4441,2026-07-20,Tienda Mall,Mantequilla,Lácteos,2,2500,5000
4441,2026-07-20,Tienda Mall,Maní,Snacks,1,1200,1200
4442,2026-06-18,Tienda Sur,Agua mineral,Bebidas,1,900,900
4442,2026-06-18,Tienda Sur,Leche,Lácteos,3,1200,3600
4443,2026-08-03,Tienda Norte,Yogurt,Lácteos,1,800,800
4444,2026-06-11,Tienda Sur,Azúcar,Café/Té,2,1300,2600
4444,2026-06-11,Tienda Sur,Bebida cola,Bebidas,2,1500,3000
4444,2026-06-11,Tienda Sur,Queso,Lácteos,1,4500,4500
4445,2026-08-16,Tienda Centro,Cloro,Limpieza,1,1400,1400
4445,2026-08-16,Tienda Centro,Leche,Lácteos,1,1200,1200
4445,2026-08-16,Tienda Centro,Pañales,Bebé,1,8000,8000
4445,2026-08-16,Tienda Centro,Toallitas húmedas,Bebé,1,2200,2200
4446,2026-07-18,Tienda Mall,Azúcar,Café/Té,1,1300,1300
4446,2026-07-18,Tienda Mall,Mantequilla,Lácteos,2,2500,5000
4446,2026-07-18,Tienda Mall,Pan molde,Panadería,2,1800,3600
4447,2026-05-27,Tienda Norte,Azúcar,Café/Té,1,1300,1300
4447,2026-05-27,Tienda Norte,Mantequilla,Lácteos,1,2500,2500
4447,2026-05-27,Tienda Norte,Pan molde,Panadería,2,1800,3600
4447,2026-05-27,Tienda Norte,Queso,Lácteos,2,4500,9000
4448,2026-08-11,Tienda Norte,Cloro,Limpieza,2,1400,2800
4448,2026-08-11,Tienda Norte,Detergente,Limpieza,3,5500,16500
4448,2026-08-11,Tienda Norte,Esponjas,Limpieza,1,1200,1200
4448,2026-08-11,Tienda Norte,Papas fritas,Snacks,2,1800,3600
4449,2026-08-07,Tienda Centro,Galletas,Snacks,2,1000,2000
4449,2026-08-07,Tienda Centro,Papas fritas,Snacks,2,1800,3600
4450,2026-07-14,Tienda Mall,Pañales,Bebé,1,8000,8000
4450,2026-07-14,Tienda Mall,Toallitas húmedas,Bebé,2,2200,4400
4451,2026-06-13,Tienda Mall,Mantequilla,Lácteos,1,2500,2500
4451,2026-06-13,Tienda Mall,Pan hallulla,Panadería,1,1500,1500
4451,2026-06-13,Tienda Mall,Vino tinto,Alcohol,1,5000,5000
4452,2026-06-07,Tienda Norte,Agua mineral,Bebidas,1,900,900
4452,2026-06-07,Tienda Norte,Queso,Lácteos,3,4500,13500
4452,2026-06-07,Tienda Norte,Vino tinto,Alcohol,1,5000,5000
4453,2026-08-06,Tienda Sur,Galletas,Snacks,1,1000,1000
4454,2026-07-18,Tienda Norte,Azúcar,Café/Té,2,1300,2600
4454,2026-07-18,Tienda Norte,Café,Café/Té,2,4000,8000
4454,2026-07-18,Tienda Norte,Detergente,Limpieza,2,5500,11000
4454,2026-07-18,Tienda Norte,Galletas,Snacks,3,1000,3000
4455,2026-08-09,Tienda Centro,Azúcar,Café/Té,3,1300,3900
4455,2026-08-09,Tienda Centro,Cerveza,Alcohol,3,3500,10500
4455,2026-08-09,Tienda Centro,Maní,Snacks,2,1200,2400
4455,2026-08-09,Tienda Centro,Papas fritas,Snacks,2,1800,3600
4456,2026-07-31,Tienda Norte,Agua mineral,Bebidas,1,900,900
4456,2026-07-31,Tienda Norte,Mantequilla,Lácteos,1,2500,2500
4456,2026-07-31,Tienda Norte,Maní,Snacks,1,1200,1200
4456,2026-07-31,Tienda Norte,Pan hallulla,Panadería,3,1500,4500
4456,2026-07-31,Tienda Norte,Pan molde,Panadería,1,1800,1800
4457,2026-05-24,Tienda Mall,Bebida cola,Bebidas,1,1500,1500
4457,2026-05-24,Tienda Mall,Cloro,Limpieza,1,1400,1400
4458,2026-06-25,Tienda Mall,Cerveza,Alcohol,1,3500,3500
4458,2026-06-25,Tienda Mall,Detergente,Limpieza,1,5500,5500
4458,2026-06-25,Tienda Mall,Mantequilla,Lácteos,1,2500,2500
4458,2026-06-25,Tienda Mall,Pan hallulla,Panadería,1,1500,1500
4458,2026-06-25,Tienda Mall,Papas fritas,Snacks,1,1800,1800
4459,2026-06-13,Tienda Centro,Cerveza,Alcohol,1,3500,3500
4459,2026-06-13,Tienda Centro,Detergente,Limpieza,1,5500,5500
4459,2026-06-13,Tienda Centro,Mantequilla,Lácteos,1,2500,2500
4459,2026-06-13,Tienda Centro,Maní,Snacks,1,1200,1200
4459,2026-06-13,Tienda Centro,Pan hallulla,Panadería,2,1500,3000
4460,2026-07-28,Tienda Sur,Jugo naranja,Bebidas,1,1600,1600
4461,2026-06-09,Tienda Norte,Galletas,Snacks,1,1000,1000
4461,2026-06-09,Tienda Norte,Mantequilla,Lácteos,1,2500,2500
4461,2026-06-09,Tienda Norte,Pan molde,Panadería,1,1800,1800
4461,2026-06-09,Tienda Norte,Queso,Lácteos,1,4500,4500
4462,2026-05-29,Tienda Sur,Leche,Lácteos,1,1200,1200
4462,2026-05-29,Tienda Sur,Mantequilla,Lácteos,2,2500,5000
4462,2026-05-29,Tienda Sur,Pan hallulla,Panadería,1,1500,1500
4462,2026-05-29,Tienda Sur,Queso,Lácteos,1,4500,4500
4463,2026-07-03,Tienda Centro,Leche,Lácteos,2,1200,2400
4463,2026-07-03,Tienda Centro,Queso,Lácteos,1,4500,4500
4463,2026-07-03,Tienda Centro,Toallitas húmedas,Bebé,1,2200,2200
4464,2026-06-23,Tienda Centro,Croissant,Panadería,1,900,900
4464,2026-06-23,Tienda Centro,Vino tinto,Alcohol,1,5000,5000
4465,2026-05-20,Tienda Mall,Agua mineral,Bebidas,1,900,900
4465,2026-05-20,Tienda Mall,Pan hallulla,Panadería,1,1500,1500
4466,2026-06-16,Tienda Norte,Café,Café/Té,2,4000,8000
4466,2026-06-16,Tienda Norte,Galletas,Snacks,1,1000,1000
4466,2026-06-16,Tienda Norte,Mantequilla,Lácteos,2,2500,5000
4466,2026-06-16,Tienda Norte,Maní,Snacks,1,1200,1200
4467,2026-07-16,Tienda Norte,Queso,Lácteos,1,4500,4500
4467,2026-07-16,Tienda Norte,Toallitas húmedas,Bebé,3,2200,6600
4468,2026-08-14,Tienda Sur,Queso,Lácteos,1,4500,4500
4469,2026-07-07,Tienda Centro,Maní,Snacks,2,1200,2400
4469,2026-07-07,Tienda Centro,Queso,Lácteos,1,4500,4500
4470,2026-06-08,Tienda Sur,Azúcar,Café/Té,1,1300,1300
4470,2026-06-08,Tienda Sur,Café,Café/Té,1,4000,4000
4470,2026-06-08,Tienda Sur,Leche,Lácteos,1,1200,1200
4470,2026-06-08,Tienda Sur,Queso,Lácteos,3,4500,13500
4471,2026-05-28,Tienda Norte,Jugo naranja,Bebidas,1,1600,1600
4471,2026-05-28,Tienda Norte,Papas fritas,Snacks,1,1800,1800
4471,2026-05-28,Tienda Norte,Pañales,Bebé,1,8000,8000
4472,2026-06-13,Tienda Centro,Cerveza,Alcohol,3,3500,10500
4472,2026-06-13,Tienda Centro,Esponjas,Limpieza,1,1200,1200
4472,2026-06-13,Tienda Centro,Maní,Snacks,1,1200,1200
4472,2026-06-13,Tienda Centro,Toallitas húmedas,Bebé,1,2200,2200
4473,2026-07-28,Tienda Sur,Bebida cola,Bebidas,3,1500,4500
4473,2026-07-28,Tienda Sur,Esponjas,Limpieza,1,1200,1200
4473,2026-07-28,Tienda Sur,Jugo naranja,Bebidas,1,1600,1600
4473,2026-07-28,Tienda Sur,Papas fritas,Snacks,1,1800,1800
4474,2026-07-20,Tienda Mall,Bebida cola,Bebidas,2,1500,3000
4474,2026-07-20,Tienda Mall,Cloro,Limpieza,1,1400,1400
4474,2026-07-20,Tienda Mall,Mantequilla,Lácteos,1,2500,2500
4474,2026-07-20,Tienda Mall,Pan hallulla,Panadería,1,1500,1500
4474,2026-07-20,Tienda Mall,Papas fritas,Snacks,1,1800,1800
4474,2026-07-20,Tienda Mall,Queso,Lácteos,1,4500,4500
4475,2026-08-12,Tienda Mall,Mantequilla,Lácteos,1,2500,2500
4476,2026-08-06,Tienda Norte,Agua mineral,Bebidas,2,900,1800
4476,2026-08-06,Tienda Norte,Mantequilla,Lácteos,1,2500,2500
4476,2026-08-06,Tienda Norte,Pan molde,Panadería,1,1800,1800
4476,2026-08-06,Tienda Norte,Queso,Lácteos,1,4500,4500
4477,2026-07-24,Tienda Sur,Azúcar,Café/Té,2,1300,2600
4477,2026-07-24,Tienda Sur,Café,Café/Té,1,4000,4000
4477,2026-07-24,Tienda Sur,Cloro,Limpieza,3,1400,4200
4477,2026-07-24,Tienda Sur,Detergente,Limpieza,1,5500,5500
4477,2026-07-24,Tienda Sur,Esponjas,Limpieza,1,1200,1200
4478,2026-07-04,Tienda Norte,Azúcar,Café/Té,2,1300,2600
4478,2026-07-04,Tienda Norte,Café,Café/Té,1,4000,4000
4478,2026-07-04,Tienda Norte,Galletas,Snacks,1,1000,1000
4478,2026-07-04,Tienda Norte,Pan hallulla,Panadería,1,1500,1500
4478,2026-07-04,Tienda Norte,Queso,Lácteos,3,4500,13500
4478,2026-07-04,Tienda Norte,Té,Café/Té,1,2500,2500
4479,2026-06-26,Tienda Mall,Cloro,Limpieza,1,1400,1400
4479,2026-06-26,Tienda Mall,Detergente,Limpieza,1,5500,5500
4479,2026-06-26,Tienda Mall,Esponjas,Limpieza,1,1200,1200
4480,2026-07-31,Tienda Mall,Galletas,Snacks,1,1000,1000
4480,2026-07-31,Tienda Mall,Papas fritas,Snacks,1,1800,1800
4480,2026-07-31,Tienda Mall,Té,Café/Té,1,2500,2500
4481,2026-07-13,Tienda Mall,Papas fritas,Snacks,2,1800,3600
4482,2026-07-10,Tienda Centro,Azúcar,Café/Té,1,1300,1300
4482,2026-07-10,Tienda Centro,Café,Café/Té,1,4000,4000
4482,2026-07-10,Tienda Centro,Galletas,Snacks,1,1000,1000
4482,2026-07-10,Tienda Centro,Pañales,Bebé,1,8000,8000
4482,2026-07-10,Tienda Centro,Toallitas húmedas,Bebé,1,2200,2200
4482,2026-07-10,Tienda Centro,Yogurt,Lácteos,1,800,800
4483,2026-07-16,Tienda Norte,Jugo naranja,Bebidas,1,1600,1600
4484,2026-08-06,Tienda Mall,Galletas,Snacks,1,1000,1000
4484,2026-08-06,Tienda Mall,Leche,Lácteos,1,1200,1200
4484,2026-08-06,Tienda Mall,Mantequilla,Lácteos,1,2500,2500
4484,2026-08-06,Tienda Mall,Pan molde,Panadería,1,1800,1800
4484,2026-08-06,Tienda Mall,Queso,Lácteos,2,4500,9000
4485,2026-06-22,Tienda Sur,Azúcar,Café/Té,1,1300,1300
4485,2026-06-22,Tienda Sur,Galletas,Snacks,1,1000,1000
4485,2026-06-22,Tienda Sur,Pan hallulla,Panadería,2,1500,3000
4485,2026-06-22,Tienda Sur,Pañales,Bebé,1,8000,8000
4485,2026-06-22,Tienda Sur,Toallitas húmedas,Bebé,1,2200,2200
4486,2026-08-16,Tienda Mall,Cloro,Limpieza,1,1400,1400
4486,2026-08-16,Tienda Mall,Detergente,Limpieza,2,5500,11000
4486,2026-08-16,Tienda Mall,Esponjas,Limpieza,2,1200,2400
4486,2026-08-16,Tienda Mall,Mantequilla,Lácteos,1,2500,2500
4486,2026-08-16,Tienda Mall,Pan hallulla,Panadería,1,1500,1500
4486,2026-08-16,Tienda Mall,Papas fritas,Snacks,3,1800,5400
4487,2026-08-05,Tienda Mall,Bebida cola,Bebidas,2,1500,3000
4487,2026-08-05,Tienda Mall,Cloro,Limpieza,1,1400,1400
4487,2026-08-05,Tienda Mall,Detergente,Limpieza,1,5500,5500
4487,2026-08-05,Tienda Mall,Jugo naranja,Bebidas,3,1600,4800
4488,2026-08-10,Tienda Sur,Bebida cola,Bebidas,2,1500,3000
4488,2026-08-10,Tienda Sur,Galletas,Snacks,2,1000,2000
4488,2026-08-10,Tienda Sur,Leche,Lácteos,1,1200,1200
4488,2026-08-10,Tienda Sur,Papas fritas,Snacks,1,1800,1800
4489,2026-05-30,Tienda Sur,Azúcar,Café/Té,2,1300,2600
4489,2026-05-30,Tienda Sur,Café,Café/Té,1,4000,4000
4489,2026-05-30,Tienda Sur,Cerveza,Alcohol,1,3500,3500
4489,2026-05-30,Tienda Sur,Galletas,Snacks,3,1000,3000
4489,2026-05-30,Tienda Sur,Maní,Snacks,2,1200,2400
4490,2026-08-13,Tienda Sur,Agua mineral,Bebidas,1,900,900
4490,2026-08-13,Tienda Sur,Mantequilla,Lácteos,1,2500,2500
4491,2026-06-21,Tienda Norte,Leche,Lácteos,1,1200,1200
4492,2026-07-28,Tienda Norte,Pan hallulla,Panadería,1,1500,1500
4492,2026-07-28,Tienda Norte,Queso,Lácteos,1,4500,4500
4492,2026-07-28,Tienda Norte,Vino tinto,Alcohol,2,5000,10000
4493,2026-07-15,Tienda Sur,Agua mineral,Bebidas,1,900,900
4493,2026-07-15,Tienda Sur,Pan molde,Panadería,1,1800,1800
4493,2026-07-15,Tienda Sur,Papas fritas,Snacks,1,1800,1800
4493,2026-07-15,Tienda Sur,Queso,Lácteos,1,4500,4500
4494,2026-08-06,Tienda Mall,Cerveza,Alcohol,2,3500,7000
4494,2026-08-06,Tienda Mall,Maní,Snacks,1,1200,1200
4494,2026-08-06,Tienda Mall,Papas fritas,Snacks,1,1800,1800
4495,2026-06-22,Tienda Sur,Maní,Snacks,1,1200,1200
4495,2026-06-22,Tienda Sur,Papas fritas,Snacks,1,1800,1800
4496,2026-08-01,Tienda Centro,Esponjas,Limpieza,1,1200,1200
4496,2026-08-01,Tienda Centro,Mantequilla,Lácteos,1,2500,2500
4496,2026-08-01,Tienda Centro,Maní,Snacks,1,1200,1200
4496,2026-08-01,Tienda Centro,Yogurt,Lácteos,1,800,800
4497,2026-06-29,Tienda Sur,Azúcar,Café/Té,2,1300,2600
4497,2026-06-29,Tienda Sur,Té,Café/Té,3,2500,7500
4498,2026-07-30,Tienda Mall,Bebida cola,Bebidas,2,1500,3000
4498,2026-07-30,Tienda Mall,Queso,Lácteos,1,4500,4500
4498,2026-07-30,Tienda Mall,Té,Café/Té,1,2500,2500
4499,2026-07-08,Tienda Norte,Detergente,Limpieza,1,5500,5500
4500,2026-07-12,Tienda Norte,Croissant,Panadería,1,900,900
4500,2026-07-12,Tienda Norte,Maní,Snacks,1,1200,1200
4501,2026-07-06,Tienda Mall,Azúcar,Café/Té,1,1300,1300
4501,2026-07-06,Tienda Mall,Pan hallulla,Panadería,3,1500,4500
4502,2026-06-28,Tienda Norte,Azúcar,Café/Té,1,1300,1300
4502,2026-06-28,Tienda Norte,Bebida cola,Bebidas,1,1500,1500
4502,2026-06-28,Tienda Norte,Café,Café/Té,2,4000,8000
4502,2026-06-28,Tienda Norte,Galletas,Snacks,1,1000,1000
4503,2026-06-25,Tienda Mall,Mantequilla,Lácteos,1,2500,2500
4503,2026-06-25,Tienda Mall,Maní,Snacks,1,1200,1200
4503,2026-06-25,Tienda Mall,Pan hallulla,Panadería,1,1500,1500
4503,2026-06-25,Tienda Mall,Pañales,Bebé,1,8000,8000
4503,2026-06-25,Tienda Mall,Toallitas húmedas,Bebé,2,2200,4400
4504,2026-08-03,Tienda Sur,Bebida cola,Bebidas,1,1500,1500
4504,2026-08-03,Tienda Sur,Jugo naranja,Bebidas,2,1600,3200
4504,2026-08-03,Tienda Sur,Papas fritas,Snacks,2,1800,3600
4505,2026-07-10,Tienda Norte,Azúcar,Café/Té,1,1300,1300
4505,2026-07-10,Tienda Norte,Café,Café/Té,2,4000,8000
4505,2026-07-10,Tienda Norte,Detergente,Limpieza,1,5500,5500
4505,2026-07-10,Tienda Norte,Jugo naranja,Bebidas,1,1600,1600
4506,2026-08-01,Tienda Mall,Azúcar,Café/Té,1,1300,1300
4506,2026-08-01,Tienda Mall,Café,Café/Té,2,4000,8000
4506,2026-08-01,Tienda Mall,Pan hallulla,Panadería,1,1500,1500
4506,2026-08-01,Tienda Mall,Queso,Lácteos,2,4500,9000
4507,2026-05-25,Tienda Mall,Azúcar,Café/Té,1,1300,1300
4508,2026-07-10,Tienda Centro,Café,Café/Té,1,4000,4000
4508,2026-07-10,Tienda Centro,Croissant,Panadería,1,900,900
4508,2026-07-10,Tienda Centro,Galletas,Snacks,3,1000,3000
4508,2026-07-10,Tienda Centro,Queso,Lácteos,1,4500,4500
4509,2026-06-11,Tienda Norte,Agua mineral,Bebidas,1,900,900
4509,2026-06-11,Tienda Norte,Bebida cola,Bebidas,2,1500,3000
4509,2026-06-11,Tienda Norte,Jugo naranja,Bebidas,1,1600,1600
4509,2026-06-11,Tienda Norte,Maní,Snacks,1,1200,1200
4510,2026-07-14,Tienda Sur,Cerveza,Alcohol,2,3500,7000
4510,2026-07-14,Tienda Sur,Maní,Snacks,1,1200,1200
4511,2026-06-22,Tienda Centro,Maní,Snacks,1,1200,1200
4512,2026-07-24,Tienda Sur,Esponjas,Limpieza,2,1200,2400
4512,2026-07-24,Tienda Sur,Queso,Lácteos,1,4500,4500
4512,2026-07-24,Tienda Sur,Vino tinto,Alcohol,2,5000,10000
4513,2026-07-02,Tienda Sur,Azúcar,Café/Té,2,1300,2600
4513,2026-07-02,Tienda Sur,Café,Café/Té,1,4000,4000
4514,2026-05-28,Tienda Sur,Bebida cola,Bebidas,1,1500,1500
4514,2026-05-28,Tienda Sur,Papas fritas,Snacks,3,1800,5400
4514,2026-05-28,Tienda Sur,Té,Café/Té,2,2500,5000
4514,2026-05-28,Tienda Sur,Yogurt,Lácteos,1,800,800
4515,2026-08-12,Tienda Norte,Azúcar,Café/Té,1,1300,1300
4515,2026-08-12,Tienda Norte,Café,Café/Té,1,4000,4000
4515,2026-08-12,Tienda Norte,Galletas,Snacks,1,1000,1000
4515,2026-08-12,Tienda Norte,Mantequilla,Lácteos,2,2500,5000
4515,2026-08-12,Tienda Norte,Toallitas húmedas,Bebé,1,2200,2200
4516,2026-08-17,Tienda Sur,Azúcar,Café/Té,2,1300,2600
4516,2026-08-17,Tienda Sur,Galletas,Snacks,1,1000,1000
4516,2026-08-17,Tienda Sur,Té,Café/Té,1,2500,2500
4517,2026-06-25,Tienda Centro,Azúcar,Café/Té,2,1300,2600
4517,2026-06-25,Tienda Centro,Café,Café/Té,2,4000,8000
4517,2026-06-25,Tienda Centro,Galletas,Snacks,2,1000,2000
4518,2026-07-20,Tienda Norte,Cloro,Limpieza,1,1400,1400
4518,2026-07-20,Tienda Norte,Queso,Lácteos,2,4500,9000
4518,2026-07-20,Tienda Norte,Té,Café/Té,1,2500,2500
4519,2026-08-08,Tienda Centro,Toallitas húmedas,Bebé,1,2200,2200
4520,2026-07-30,Tienda Sur,Toallitas húmedas,Bebé,1,2200,2200
4520,2026-07-30,Tienda Sur,Yogurt,Lácteos,1,800,800
4521,2026-06-20,Tienda Centro,Agua mineral,Bebidas,1,900,900
4521,2026-06-20,Tienda Centro,Mantequilla,Lácteos,1,2500,2500
4522,2026-07-13,Tienda Sur,Café,Café/Té,2,4000,8000
4522,2026-07-13,Tienda Sur,Galletas,Snacks,2,1000,2000
4522,2026-07-13,Tienda Sur,Toallitas húmedas,Bebé,1,2200,2200
4523,2026-08-03,Tienda Centro,Cloro,Limpieza,1,1400,1400
4523,2026-08-03,Tienda Centro,Detergente,Limpieza,1,5500,5500
4524,2026-07-26,Tienda Sur,Cloro,Limpieza,1,1400,1400
4524,2026-07-26,Tienda Sur,Vino tinto,Alcohol,1,5000,5000
4525,2026-06-07,Tienda Norte,Agua mineral,Bebidas,1,900,900
4525,2026-06-07,Tienda Norte,Pan hallulla,Panadería,2,1500,3000
4526,2026-07-12,Tienda Norte,Bebida cola,Bebidas,1,1500,1500
4527,2026-06-26,Tienda Norte,Azúcar,Café/Té,2,1300,2600
4527,2026-06-26,Tienda Norte,Galletas,Snacks,1,1000,1000
4528,2026-06-23,Tienda Sur,Café,Café/Té,1,4000,4000
4528,2026-06-23,Tienda Sur,Esponjas,Limpieza,1,1200,1200
4528,2026-06-23,Tienda Sur,Galletas,Snacks,1,1000,1000
4528,2026-06-23,Tienda Sur,Queso,Lácteos,1,4500,4500
4529,2026-07-09,Tienda Sur,Azúcar,Café/Té,1,1300,1300
4529,2026-07-09,Tienda Sur,Cloro,Limpieza,2,1400,2800
4529,2026-07-09,Tienda Sur,Leche,Lácteos,3,1200,3600
4529,2026-07-09,Tienda Sur,Té,Café/Té,1,2500,2500
4530,2026-06-16,Tienda Mall,Azúcar,Café/Té,3,1300,3900
4530,2026-06-16,Tienda Mall,Café,Café/Té,2,4000,8000
4530,2026-06-16,Tienda Mall,Galletas,Snacks,1,1000,1000
4530,2026-06-16,Tienda Mall,Mantequilla,Lácteos,3,2500,7500
4530,2026-06-16,Tienda Mall,Pan hallulla,Panadería,1,1500,1500
4531,2026-06-16,Tienda Norte,Agua mineral,Bebidas,2,900,1800
4531,2026-06-16,Tienda Norte,Yogurt,Lácteos,2,800,1600
4532,2026-06-14,Tienda Norte,Galletas,Snacks,1,1000,1000
4532,2026-06-14,Tienda Norte,Mantequilla,Lácteos,2,2500,5000
4533,2026-08-05,Tienda Centro,Café,Café/Té,1,4000,4000
4533,2026-08-05,Tienda Centro,Mantequilla,Lácteos,1,2500,2500
4533,2026-08-05,Tienda Centro,Pan hallulla,Panadería,1,1500,1500
4534,2026-07-22,Tienda Sur,Cloro,Limpieza,1,1400,1400
4534,2026-07-22,Tienda Sur,Detergente,Limpieza,2,5500,11000
4535,2026-07-08,Tienda Centro,Agua mineral,Bebidas,2,900,1800
4535,2026-07-08,Tienda Centro,Jugo naranja,Bebidas,2,1600,3200
4535,2026-07-08,Tienda Centro,Queso,Lácteos,1,4500,4500
4535,2026-07-08,Tienda Centro,Vino tinto,Alcohol,1,5000,5000
4536,2026-07-23,Tienda Sur,Cerveza,Alcohol,2,3500,7000
4536,2026-07-23,Tienda Sur,Esponjas,Limpieza,2,1200,2400
4536,2026-07-23,Tienda Sur,Pañales,Bebé,1,8000,8000
4536,2026-07-23,Tienda Sur,Toallitas húmedas,Bebé,1,2200,2200
4537,2026-07-04,Tienda Centro,Cerveza,Alcohol,2,3500,7000
4537,2026-07-04,Tienda Centro,Papas fritas,Snacks,3,1800,5400
4537,2026-07-04,Tienda Centro,Pañales,Bebé,3,8000,24000
4537,2026-07-04,Tienda Centro,Toallitas húmedas,Bebé,1,2200,2200
4538,2026-07-01,Tienda Norte,Queso,Lácteos,1,4500,4500
4539,2026-08-10,Tienda Mall,Bebida cola,Bebidas,1,1500,1500
4539,2026-08-10,Tienda Mall,Croissant,Panadería,1,900,900
4540,2026-07-22,Tienda Sur,Croissant,Panadería,2,900,1800
4540,2026-07-22,Tienda Sur,Maní,Snacks,2,1200,2400
4540,2026-07-22,Tienda Sur,Toallitas húmedas,Bebé,1,2200,2200
4541,2026-08-08,Tienda Centro,Pan molde,Panadería,1,1800,1800
4542,2026-07-26,Tienda Mall,Pañales,Bebé,1,8000,8000
4542,2026-07-26,Tienda Mall,Toallitas húmedas,Bebé,2,2200,4400
4543,2026-07-18,Tienda Centro,Cloro,Limpieza,1,1400,1400
4543,2026-07-18,Tienda Centro,Detergente,Limpieza,2,5500,11000
4543,2026-07-18,Tienda Centro,Esponjas,Limpieza,2,1200,2400
4543,2026-07-18,Tienda Centro,Leche,Lácteos,1,1200,1200
4543,2026-07-18,Tienda Centro,Vino tinto,Alcohol,1,5000,5000
4544,2026-05-20,Tienda Sur,Azúcar,Café/Té,1,1300,1300
4544,2026-05-20,Tienda Sur,Café,Café/Té,2,4000,8000
4544,2026-05-20,Tienda Sur,Papas fritas,Snacks,1,1800,1800
4544,2026-05-20,Tienda Sur,Queso,Lácteos,2,4500,9000
4544,2026-05-20,Tienda Sur,Toallitas húmedas,Bebé,3,2200,6600
4545,2026-07-22,Tienda Sur,Papas fritas,Snacks,1,1800,1800
4545,2026-07-22,Tienda Sur,Té,Café/Té,1,2500,2500
4545,2026-07-22,Tienda Sur,Yogurt,Lácteos,1,800,800
4546,2026-07-03,Tienda Norte,Azúcar,Café/Té,1,1300,1300
4546,2026-07-03,Tienda Norte,Café,Café/Té,1,4000,4000
4546,2026-07-03,Tienda Norte,Queso,Lácteos,1,4500,4500
4547,2026-06-01,Tienda Sur,Agua mineral,Bebidas,2,900,1800
4547,2026-06-01,Tienda Sur,Detergente,Limpieza,1,5500,5500
4547,2026-06-01,Tienda Sur,Jugo naranja,Bebidas,1,1600,1600
4548,2026-08-12,Tienda Sur,Cloro,Limpieza,1,1400,1400
4548,2026-08-12,Tienda Sur,Pañales,Bebé,1,8000,8000
4549,2026-06-22,Tienda Norte,Mantequilla,Lácteos,3,2500,7500
4549,2026-06-22,Tienda Norte,Pan molde,Panadería,1,1800,1800
4549,2026-06-22,Tienda Norte,Pañales,Bebé,1,8000,8000
4550,2026-06-18,Tienda Mall,Detergente,Limpieza,1,5500,5500
4550,2026-06-18,Tienda Mall,Esponjas,Limpieza,1,1200,1200
4550,2026-06-18,Tienda Mall,Mantequilla,Lácteos,1,2500,2500
4550,2026-06-18,Tienda Mall,Pan molde,Panadería,1,1800,1800
4551,2026-06-13,Tienda Centro,Galletas,Snacks,3,1000,3000
4551,2026-06-13,Tienda Centro,Mantequilla,Lácteos,1,2500,2500
4551,2026-06-13,Tienda Centro,Maní,Snacks,1,1200,1200
4552,2026-06-24,Tienda Sur,Croissant,Panadería,2,900,1800
4552,2026-06-24,Tienda Sur,Maní,Snacks,2,1200,2400
4552,2026-06-24,Tienda Sur,Vino tinto,Alcohol,1,5000,5000
4553,2026-05-21,Tienda Centro,Agua mineral,Bebidas,2,900,1800
4553,2026-05-21,Tienda Centro,Esponjas,Limpieza,1,1200,1200
4553,2026-05-21,Tienda Centro,Mantequilla,Lácteos,1,2500,2500
4553,2026-05-21,Tienda Centro,Pan hallulla,Panadería,1,1500,1500
4554,2026-07-02,Tienda Mall,Galletas,Snacks,1,1000,1000
4554,2026-07-02,Tienda Mall,Jugo naranja,Bebidas,2,1600,3200
4555,2026-07-09,Tienda Sur,Mantequilla,Lácteos,1,2500,2500
4555,2026-07-09,Tienda Sur,Pañales,Bebé,2,8000,16000
4555,2026-07-09,Tienda Sur,Queso,Lácteos,1,4500,4500
4555,2026-07-09,Tienda Sur,Toallitas húmedas,Bebé,1,2200,2200
4556,2026-06-30,Tienda Centro,Bebida cola,Bebidas,2,1500,3000
4556,2026-06-30,Tienda Centro,Mantequilla,Lácteos,1,2500,2500
4556,2026-06-30,Tienda Centro,Pan hallulla,Panadería,1,1500,1500
4556,2026-06-30,Tienda Centro,Queso,Lácteos,1,4500,4500
4557,2026-05-22,Tienda Mall,Bebida cola,Bebidas,2,1500,3000
4557,2026-05-22,Tienda Mall,Cerveza,Alcohol,1,3500,3500
4557,2026-05-22,Tienda Mall,Maní,Snacks,1,1200,1200
4557,2026-05-22,Tienda Mall,Papas fritas,Snacks,2,1800,3600
4558,2026-06-26,Tienda Norte,Café,Café/Té,1,4000,4000
4558,2026-06-26,Tienda Norte,Galletas,Snacks,1,1000,1000
4558,2026-06-26,Tienda Norte,Pan molde,Panadería,1,1800,1800
4559,2026-08-11,Tienda Mall,Mantequilla,Lácteos,1,2500,2500
4559,2026-08-11,Tienda Mall,Pan hallulla,Panadería,1,1500,1500
4560,2026-07-09,Tienda Centro,Galletas,Snacks,1,1000,1000
4560,2026-07-09,Tienda Centro,Mantequilla,Lácteos,1,2500,2500
4560,2026-07-09,Tienda Centro,Pan hallulla,Panadería,2,1500,3000
4560,2026-07-09,Tienda Centro,Queso,Lácteos,1,4500,4500
4561,2026-08-15,Tienda Mall,Cloro,Limpieza,1,1400,1400
4561,2026-08-15,Tienda Mall,Maní,Snacks,1,1200,1200
4562,2026-06-25,Tienda Mall,Cerveza,Alcohol,1,3500,3500
4562,2026-06-25,Tienda Mall,Pañales,Bebé,1,8000,8000
4562,2026-06-25,Tienda Mall,Toallitas húmedas,Bebé,2,2200,4400
4563,2026-06-08,Tienda Norte,Azúcar,Café/Té,1,1300,1300
4563,2026-06-08,Tienda Norte,Bebida cola,Bebidas,2,1500,3000
4563,2026-06-08,Tienda Norte,Mantequilla,Lácteos,1,2500,2500
4563,2026-06-08,Tienda Norte,Pan molde,Panadería,2,1800,3600
4563,2026-06-08,Tienda Norte,Té,Café/Té,1,2500,2500
4564,2026-06-16,Tienda Mall,Papas fritas,Snacks,1,1800,1800
4564,2026-06-16,Tienda Mall,Té,Café/Té,1,2500,2500
4565,2026-06-11,Tienda Mall,Bebida cola,Bebidas,1,1500,1500
4565,2026-06-11,Tienda Mall,Esponjas,Limpieza,2,1200,2400
4565,2026-06-11,Tienda Mall,Papas fritas,Snacks,1,1800,1800
4565,2026-06-11,Tienda Mall,Té,Café/Té,1,2500,2500
4565,2026-06-11,Tienda Mall,Yogurt,Lácteos,1,800,800
4566,2026-07-01,Tienda Sur,Queso,Lácteos,2,4500,9000
4567,2026-06-16,Tienda Mall,Cloro,Limpieza,1,1400,1400
4567,2026-06-16,Tienda Mall,Mantequilla,Lácteos,2,2500,5000
4568,2026-07-07,Tienda Mall,Agua mineral,Bebidas,1,900,900
4568,2026-07-07,Tienda Mall,Azúcar,Café/Té,1,1300,1300
4568,2026-07-07,Tienda Mall,Croissant,Panadería,3,900,2700
4568,2026-07-07,Tienda Mall,Té,Café/Té,2,2500,5000
4569,2026-07-10,Tienda Sur,Bebida cola,Bebidas,1,1500,1500
4569,2026-07-10,Tienda Sur,Cloro,Limpieza,1,1400,1400
4569,2026-07-10,Tienda Sur,Detergente,Limpieza,1,5500,5500
4569,2026-07-10,Tienda Sur,Galletas,Snacks,2,1000,2000
4569,2026-07-10,Tienda Sur,Leche,Lácteos,1,1200,1200
4569,2026-07-10,Tienda Sur,Papas fritas,Snacks,1,1800,1800
4570,2026-07-31,Tienda Mall,Azúcar,Café/Té,1,1300,1300
4570,2026-07-31,Tienda Mall,Café,Café/Té,1,4000,4000
4570,2026-07-31,Tienda Mall,Croissant,Panadería,1,900,900
4570,2026-07-31,Tienda Mall,Galletas,Snacks,1,1000,1000
4571,2026-05-29,Tienda Norte,Pan molde,Panadería,2,1800,3600
4571,2026-05-29,Tienda Norte,Pañales,Bebé,1,8000,8000
4571,2026-05-29,Tienda Norte,Queso,Lácteos,1,4500,4500
4571,2026-05-29,Tienda Norte,Toallitas húmedas,Bebé,2,2200,4400
4572,2026-08-15,Tienda Centro,Bebida cola,Bebidas,2,1500,3000
4572,2026-08-15,Tienda Centro,Toallitas húmedas,Bebé,1,2200,2200
4573,2026-07-31,Tienda Centro,Croissant,Panadería,2,900,1800
4573,2026-07-31,Tienda Centro,Detergente,Limpieza,1,5500,5500
4573,2026-07-31,Tienda Centro,Esponjas,Limpieza,1,1200,1200
4573,2026-07-31,Tienda Centro,Toallitas húmedas,Bebé,1,2200,2200
4574,2026-07-13,Tienda Centro,Azúcar,Café/Té,1,1300,1300
4574,2026-07-13,Tienda Centro,Croissant,Panadería,2,900,1800
4574,2026-07-13,Tienda Centro,Jugo naranja,Bebidas,1,1600,1600
4574,2026-07-13,Tienda Centro,Té,Café/Té,2,2500,5000
4575,2026-06-01,Tienda Centro,Cloro,Limpieza,1,1400,1400
4575,2026-06-01,Tienda Centro,Galletas,Snacks,1,1000,1000
4576,2026-06-09,Tienda Centro,Café,Café/Té,1,4000,4000
4576,2026-06-09,Tienda Centro,Pan hallulla,Panadería,1,1500,1500
4576,2026-06-09,Tienda Centro,Queso,Lácteos,3,4500,13500
4577,2026-05-21,Tienda Sur,Azúcar,Café/Té,2,1300,2600
4577,2026-05-21,Tienda Sur,Café,Café/Té,1,4000,4000
4577,2026-05-21,Tienda Sur,Cloro,Limpieza,3,1400,4200
4577,2026-05-21,Tienda Sur,Esponjas,Limpieza,1,1200,1200
4578,2026-05-27,Tienda Norte,Croissant,Panadería,2,900,1800
4579,2026-07-25,Tienda Mall,Vino tinto,Alcohol,1,5000,5000
4580,2026-06-11,Tienda Norte,Detergente,Limpieza,1,5500,5500
4580,2026-06-11,Tienda Norte,Jugo naranja,Bebidas,1,1600,1600
4580,2026-06-11,Tienda Norte,Toallitas húmedas,Bebé,1,2200,2200
4581,2026-07-03,Tienda Norte,Queso,Lácteos,1,4500,4500
4581,2026-07-03,Tienda Norte,Vino tinto,Alcohol,1,5000,5000
4582,2026-06-06,Tienda Mall,Agua mineral,Bebidas,2,900,1800
4582,2026-06-06,Tienda Mall,Toallitas húmedas,Bebé,3,2200,6600
4583,2026-07-15,Tienda Mall,Azúcar,Café/Té,1,1300,1300
4583,2026-07-15,Tienda Mall,Café,Café/Té,1,4000,4000
4583,2026-07-15,Tienda Mall,Mantequilla,Lácteos,2,2500,5000
4583,2026-07-15,Tienda Mall,Pan hallulla,Panadería,2,1500,3000
4584,2026-06-22,Tienda Norte,Agua mineral,Bebidas,1,900,900
4584,2026-06-22,Tienda Norte,Azúcar,Café/Té,1,1300,1300
4584,2026-06-22,Tienda Norte,Yogurt,Lácteos,1,800,800
4585,2026-06-04,Tienda Sur,Azúcar,Café/Té,3,1300,3900
4585,2026-06-04,Tienda Sur,Café,Café/Té,1,4000,4000
4585,2026-06-04,Tienda Sur,Cerveza,Alcohol,1,3500,3500
4585,2026-06-04,Tienda Sur,Maní,Snacks,2,1200,2400
4585,2026-06-04,Tienda Sur,Papas fritas,Snacks,3,1800,5400
4586,2026-06-20,Tienda Norte,Azúcar,Café/Té,1,1300,1300
4586,2026-06-20,Tienda Norte,Café,Café/Té,1,4000,4000
4586,2026-06-20,Tienda Norte,Galletas,Snacks,1,1000,1000
4586,2026-06-20,Tienda Norte,Mantequilla,Lácteos,2,2500,5000
4586,2026-06-20,Tienda Norte,Pan molde,Panadería,1,1800,1800
4586,2026-06-20,Tienda Norte,Queso,Lácteos,1,4500,4500
4586,2026-06-20,Tienda Norte,Vino tinto,Alcohol,1,5000,5000
4587,2026-06-01,Tienda Norte,Azúcar,Café/Té,1,1300,1300
4587,2026-06-01,Tienda Norte,Café,Café/Té,2,4000,8000
4587,2026-06-01,Tienda Norte,Pañales,Bebé,1,8000,8000
4588,2026-05-21,Tienda Mall,Cerveza,Alcohol,1,3500,3500
4588,2026-05-21,Tienda Mall,Esponjas,Limpieza,2,1200,2400
4588,2026-05-21,Tienda Mall,Papas fritas,Snacks,1,1800,1800
4588,2026-05-21,Tienda Mall,Té,Café/Té,2,2500,5000
4589,2026-07-28,Tienda Norte,Vino tinto,Alcohol,1,5000,5000
4589,2026-07-28,Tienda Norte,Yogurt,Lácteos,2,800,1600
4590,2026-08-01,Tienda Norte,Galletas,Snacks,1,1000,1000
4590,2026-08-01,Tienda Norte,Maní,Snacks,2,1200,2400
4590,2026-08-01,Tienda Norte,Pan molde,Panadería,3,1800,5400
4590,2026-08-01,Tienda Norte,Queso,Lácteos,2,4500,9000
4591,2026-07-07,Tienda Centro,Azúcar,Café/Té,1,1300,1300
4591,2026-07-07,Tienda Centro,Queso,Lácteos,1,4500,4500
4591,2026-07-07,Tienda Centro,Vino tinto,Alcohol,2,5000,10000
4592,2026-08-13,Tienda Centro,Croissant,Panadería,3,900,2700
4592,2026-08-13,Tienda Centro,Galletas,Snacks,2,1000,2000
4592,2026-08-13,Tienda Centro,Mantequilla,Lácteos,3,2500,7500
4592,2026-08-13,Tienda Centro,Pan molde,Panadería,1,1800,1800
4592,2026-08-13,Tienda Centro,Queso,Lácteos,1,4500,4500
4592,2026-08-13,Tienda Centro,Vino tinto,Alcohol,1,5000,5000
4593,2026-06-25,Tienda Mall,Cerveza,Alcohol,1,3500,3500
4593,2026-06-25,Tienda Mall,Papas fritas,Snacks,1,1800,1800
4594,2026-07-21,Tienda Centro,Galletas,Snacks,1,1000,1000
4594,2026-07-21,Tienda Centro,Pañales,Bebé,2,8000,16000
4594,2026-07-21,Tienda Centro,Toallitas húmedas,Bebé,1,2200,2200
4595,2026-07-01,Tienda Norte,Azúcar,Café/Té,2,1300,2600
4595,2026-07-01,Tienda Norte,Pañales,Bebé,2,8000,16000
4595,2026-07-01,Tienda Norte,Toallitas húmedas,Bebé,1,2200,2200
4596,2026-06-17,Tienda Mall,Cerveza,Alcohol,2,3500,7000
4596,2026-06-17,Tienda Mall,Esponjas,Limpieza,1,1200,1200
4596,2026-06-17,Tienda Mall,Galletas,Snacks,2,1000,2000
4597,2026-06-23,Tienda Sur,Cloro,Limpieza,3,1400,4200
4597,2026-06-23,Tienda Sur,Detergente,Limpieza,1,5500,5500
4597,2026-06-23,Tienda Sur,Yogurt,Lácteos,1,800,800
4598,2026-08-12,Tienda Norte,Agua mineral,Bebidas,1,900,900
4598,2026-08-12,Tienda Norte,Cloro,Limpieza,3,1400,4200
4598,2026-08-12,Tienda Norte,Maní,Snacks,1,1200,1200
4599,2026-08-15,Tienda Mall,Azúcar,Café/Té,1,1300,1300
4599,2026-08-15,Tienda Mall,Té,Café/Té,1,2500,2500
4600,2026-07-07,Tienda Centro,Cloro,Limpieza,1,1400,1400
4600,2026-07-07,Tienda Centro,Detergente,Limpieza,1,5500,5500
4600,2026-07-07,Tienda Centro,Maní,Snacks,1,1200,1200
4600,2026-07-07,Tienda Centro,Pañales,Bebé,1,8000,8000
4600,2026-07-07,Tienda Centro,Queso,Lácteos,1,4500,4500
4600,2026-07-07,Tienda Centro,Toallitas húmedas,Bebé,1,2200,2200
4601,2026-08-02,Tienda Mall,Esponjas,Limpieza,1,1200,1200
4602,2026-07-23,Tienda Sur,Bebida cola,Bebidas,1,1500,1500
4602,2026-07-23,Tienda Sur,Leche,Lácteos,1,1200,1200
4602,2026-07-23,Tienda Sur,Mantequilla,Lácteos,3,2500,7500
4602,2026-07-23,Tienda Sur,Pan hallulla,Panadería,2,1500,3000
4602,2026-07-23,Tienda Sur,Papas fritas,Snacks,2,1800,3600
4602,2026-07-23,Tienda Sur,Queso,Lácteos,1,4500,4500
4603,2026-05-24,Tienda Mall,Croissant,Panadería,1,900,900
4603,2026-05-24,Tienda Mall,Mantequilla,Lácteos,1,2500,2500
4603,2026-05-24,Tienda Mall,Queso,Lácteos,1,4500,4500
4604,2026-08-02,Tienda Centro,Azúcar,Café/Té,1,1300,1300
4604,2026-08-02,Tienda Centro,Papas fritas,Snacks,1,1800,1800
4604,2026-08-02,Tienda Centro,Té,Café/Té,2,2500,5000
4605,2026-07-17,Tienda Centro,Queso,Lácteos,2,4500,9000
4605,2026-07-17,Tienda Centro,Yogurt,Lácteos,1,800,800
4606,2026-07-11,Tienda Centro,Azúcar,Café/Té,2,1300,2600
4606,2026-07-11,Tienda Centro,Cerveza,Alcohol,1,3500,3500
4606,2026-07-11,Tienda Centro,Maní,Snacks,2,1200,2400
4607,2026-07-21,Tienda Norte,Maní,Snacks,2,1200,2400
4607,2026-07-21,Tienda Norte,Queso,Lácteos,2,4500,9000
4607,2026-07-21,Tienda Norte,Yogurt,Lácteos,1,800,800
4608,2026-07-22,Tienda Mall,Azúcar,Café/Té,1,1300,1300
4608,2026-07-22,Tienda Mall,Bebida cola,Bebidas,1,1500,1500
4609,2026-08-15,Tienda Centro,Azúcar,Café/Té,1,1300,1300
4609,2026-08-15,Tienda Centro,Bebida cola,Bebidas,1,1500,1500
4609,2026-08-15,Tienda Centro,Jugo naranja,Bebidas,3,1600,4800
4609,2026-08-15,Tienda Centro,Té,Café/Té,1,2500,2500
4610,2026-07-07,Tienda Sur,Azúcar,Café/Té,1,1300,1300
4611,2026-05-24,Tienda Centro,Agua mineral,Bebidas,3,900,2700
4611,2026-05-24,Tienda Centro,Azúcar,Café/Té,2,1300,2600
4611,2026-05-24,Tienda Centro,Café,Café/Té,1,4000,4000
4611,2026-05-24,Tienda Centro,Galletas,Snacks,1,1000,1000
4612,2026-07-08,Tienda Sur,Galletas,Snacks,1,1000,1000
4612,2026-07-08,Tienda Sur,Jugo naranja,Bebidas,1,1600,1600
4612,2026-07-08,Tienda Sur,Papas fritas,Snacks,1,1800,1800
4613,2026-06-02,Tienda Norte,Azúcar,Café/Té,2,1300,2600
4613,2026-06-02,Tienda Norte,Té,Café/Té,1,2500,2500
4614,2026-06-11,Tienda Norte,Azúcar,Café/Té,1,1300,1300
4614,2026-06-11,Tienda Norte,Café,Café/Té,1,4000,4000
4614,2026-06-11,Tienda Norte,Cerveza,Alcohol,2,3500,7000
4614,2026-06-11,Tienda Norte,Galletas,Snacks,1,1000,1000
4614,2026-06-11,Tienda Norte,Maní,Snacks,1,1200,1200
4614,2026-06-11,Tienda Norte,Papas fritas,Snacks,2,1800,3600
4614,2026-06-11,Tienda Norte,Té,Café/Té,1,2500,2500
4615,2026-07-09,Tienda Centro,Leche,Lácteos,1,1200,1200
4615,2026-07-09,Tienda Centro,Pañales,Bebé,1,8000,8000
4615,2026-07-09,Tienda Centro,Toallitas húmedas,Bebé,3,2200,6600
4616,2026-05-28,Tienda Mall,Cerveza,Alcohol,1,3500,3500
4616,2026-05-28,Tienda Mall,Croissant,Panadería,1,900,900
4616,2026-05-28,Tienda Mall,Papas fritas,Snacks,1,1800,1800
4616,2026-05-28,Tienda Mall,Yogurt,Lácteos,1,800,800
4617,2026-08-12,Tienda Mall,Cloro,Limpieza,2,1400,2800
4617,2026-08-12,Tienda Mall,Detergente,Limpieza,1,5500,5500
4617,2026-08-12,Tienda Mall,Mantequilla,Lácteos,1,2500,2500
4617,2026-08-12,Tienda Mall,Pan molde,Panadería,2,1800,3600
4617,2026-08-12,Tienda Mall,Pañales,Bebé,1,8000,8000
4617,2026-08-12,Tienda Mall,Yogurt,Lácteos,1,800,800
4618,2026-07-18,Tienda Mall,Azúcar,Café/Té,1,1300,1300
4618,2026-07-18,Tienda Mall,Café,Café/Té,1,4000,4000
4619,2026-08-01,Tienda Centro,Esponjas,Limpieza,1,1200,1200
4619,2026-08-01,Tienda Centro,Queso,Lácteos,2,4500,9000
4620,2026-06-18,Tienda Norte,Leche,Lácteos,1,1200,1200
4620,2026-06-18,Tienda Norte,Mantequilla,Lácteos,1,2500,2500
4620,2026-06-18,Tienda Norte,Pan molde,Panadería,2,1800,3600
4620,2026-06-18,Tienda Norte,Papas fritas,Snacks,1,1800,1800
4620,2026-06-18,Tienda Norte,Queso,Lácteos,3,4500,13500
4620,2026-06-18,Tienda Norte,Vino tinto,Alcohol,1,5000,5000
4621,2026-05-24,Tienda Sur,Cerveza,Alcohol,1,3500,3500
4621,2026-05-24,Tienda Sur,Leche,Lácteos,1,1200,1200
4621,2026-05-24,Tienda Sur,Maní,Snacks,1,1200,1200
4621,2026-05-24,Tienda Sur,Papas fritas,Snacks,2,1800,3600
4621,2026-05-24,Tienda Sur,Queso,Lácteos,1,4500,4500
4622,2026-06-08,Tienda Sur,Azúcar,Café/Té,1,1300,1300
4622,2026-06-08,Tienda Sur,Café,Café/Té,1,4000,4000
4622,2026-06-08,Tienda Sur,Croissant,Panadería,1,900,900
4622,2026-06-08,Tienda Sur,Detergente,Limpieza,2,5500,11000
4622,2026-06-08,Tienda Sur,Esponjas,Limpieza,1,1200,1200
4622,2026-06-08,Tienda Sur,Jugo naranja,Bebidas,3,1600,4800
4623,2026-07-05,Tienda Mall,Bebida cola,Bebidas,1,1500,1500
4623,2026-07-05,Tienda Mall,Papas fritas,Snacks,1,1800,1800
4623,2026-07-05,Tienda Mall,Toallitas húmedas,Bebé,2,2200,4400
4624,2026-05-23,Tienda Sur,Mantequilla,Lácteos,1,2500,2500
4625,2026-07-21,Tienda Sur,Esponjas,Limpieza,1,1200,1200
4626,2026-07-25,Tienda Norte,Agua mineral,Bebidas,2,900,1800
4626,2026-07-25,Tienda Norte,Papas fritas,Snacks,1,1800,1800
4626,2026-07-25,Tienda Norte,Queso,Lácteos,1,4500,4500
4626,2026-07-25,Tienda Norte,Vino tinto,Alcohol,2,5000,10000
4627,2026-07-06,Tienda Sur,Cloro,Limpieza,3,1400,4200
4627,2026-07-06,Tienda Sur,Esponjas,Limpieza,1,1200,1200
4628,2026-06-25,Tienda Norte,Azúcar,Café/Té,1,1300,1300
4628,2026-06-25,Tienda Norte,Té,Café/Té,1,2500,2500
4629,2026-06-06,Tienda Norte,Leche,Lácteos,1,1200,1200
4630,2026-07-03,Tienda Centro,Azúcar,Café/Té,1,1300,1300
4630,2026-07-03,Tienda Centro,Mantequilla,Lácteos,2,2500,5000
4630,2026-07-03,Tienda Centro,Pan molde,Panadería,2,1800,3600
4630,2026-07-03,Tienda Centro,Queso,Lácteos,1,4500,4500
4630,2026-07-03,Tienda Centro,Toallitas húmedas,Bebé,3,2200,6600
4631,2026-06-04,Tienda Norte,Azúcar,Café/Té,1,1300,1300
4631,2026-06-04,Tienda Norte,Café,Café/Té,1,4000,4000
4631,2026-06-04,Tienda Norte,Galletas,Snacks,1,1000,1000
4632,2026-06-09,Tienda Norte,Detergente,Limpieza,1,5500,5500
4632,2026-06-09,Tienda Norte,Jugo naranja,Bebidas,1,1600,1600
4632,2026-06-09,Tienda Norte,Té,Café/Té,2,2500,5000
4633,2026-08-09,Tienda Mall,Mantequilla,Lácteos,3,2500,7500
4633,2026-08-09,Tienda Mall,Pan molde,Panadería,1,1800,1800
4633,2026-08-09,Tienda Mall,Queso,Lácteos,1,4500,4500
4633,2026-08-09,Tienda Mall,Yogurt,Lácteos,2,800,1600
4634,2026-06-18,Tienda Mall,Bebida cola,Bebidas,1,1500,1500
4634,2026-06-18,Tienda Mall,Cerveza,Alcohol,1,3500,3500
4634,2026-06-18,Tienda Mall,Jugo naranja,Bebidas,3,1600,4800
4634,2026-06-18,Tienda Mall,Maní,Snacks,2,1200,2400
4635,2026-07-19,Tienda Centro,Cerveza,Alcohol,1,3500,3500
4635,2026-07-19,Tienda Centro,Galletas,Snacks,1,1000,1000
4635,2026-07-19,Tienda Centro,Jugo naranja,Bebidas,1,1600,1600
4635,2026-07-19,Tienda Centro,Pañales,Bebé,3,8000,24000
4635,2026-07-19,Tienda Centro,Toallitas húmedas,Bebé,3,2200,6600
4636,2026-05-26,Tienda Norte,Maní,Snacks,2,1200,2400
4636,2026-05-26,Tienda Norte,Pan molde,Panadería,1,1800,1800
4636,2026-05-26,Tienda Norte,Pañales,Bebé,1,8000,8000
4636,2026-05-26,Tienda Norte,Toallitas húmedas,Bebé,1,2200,2200
4637,2026-06-21,Tienda Norte,Croissant,Panadería,1,900,900
4637,2026-06-21,Tienda Norte,Pan hallulla,Panadería,3,1500,4500
4638,2026-06-22,Tienda Sur,Azúcar,Café/Té,2,1300,2600
4638,2026-06-22,Tienda Sur,Té,Café/Té,1,2500,2500
4639,2026-07-15,Tienda Centro,Queso,Lácteos,1,4500,4500
4640,2026-07-15,Tienda Sur,Pan hallulla,Panadería,1,1500,1500
4640,2026-07-15,Tienda Sur,Queso,Lácteos,1,4500,4500
4641,2026-06-30,Tienda Norte,Agua mineral,Bebidas,2,900,1800
4641,2026-06-30,Tienda Norte,Croissant,Panadería,1,900,900
4641,2026-06-30,Tienda Norte,Queso,Lácteos,1,4500,4500
4642,2026-06-12,Tienda Centro,Café,Café/Té,1,4000,4000
4642,2026-06-12,Tienda Centro,Croissant,Panadería,3,900,2700
4642,2026-06-12,Tienda Centro,Galletas,Snacks,1,1000,1000
4642,2026-06-12,Tienda Centro,Jugo naranja,Bebidas,1,1600,1600
4642,2026-06-12,Tienda Centro,Queso,Lácteos,1,4500,4500
4642,2026-06-12,Tienda Centro,Vino tinto,Alcohol,1,5000,5000
4643,2026-07-29,Tienda Centro,Queso,Lácteos,1,4500,4500
4643,2026-07-29,Tienda Centro,Toallitas húmedas,Bebé,2,2200,4400
4644,2026-07-10,Tienda Centro,Azúcar,Café/Té,1,1300,1300
4645,2026-08-02,Tienda Mall,Leche,Lácteos,1,1200,1200
4645,2026-08-02,Tienda Mall,Maní,Snacks,2,1200,2400
4645,2026-08-02,Tienda Mall,Queso,Lácteos,1,4500,4500
4645,2026-08-02,Tienda Mall,Vino tinto,Alcohol,1,5000,5000
4646,2026-07-11,Tienda Mall,Azúcar,Café/Té,2,1300,2600
4646,2026-07-11,Tienda Mall,Galletas,Snacks,1,1000,1000
4647,2026-07-01,Tienda Centro,Pan hallulla,Panadería,2,1500,3000
4647,2026-07-01,Tienda Centro,Queso,Lácteos,1,4500,4500
4647,2026-07-01,Tienda Centro,Vino tinto,Alcohol,2,5000,10000
4648,2026-08-01,Tienda Norte,Cerveza,Alcohol,1,3500,3500
4648,2026-08-01,Tienda Norte,Mantequilla,Lácteos,1,2500,2500
4648,2026-08-01,Tienda Norte,Pan molde,Panadería,2,1800,3600
4648,2026-08-01,Tienda Norte,Pañales,Bebé,1,8000,8000
4648,2026-08-01,Tienda Norte,Queso,Lácteos,1,4500,4500
4648,2026-08-01,Tienda Norte,Toallitas húmedas,Bebé,1,2200,2200
4649,2026-06-08,Tienda Sur,Bebida cola,Bebidas,1,1500,1500
4649,2026-06-08,Tienda Sur,Mantequilla,Lácteos,1,2500,2500
4649,2026-06-08,Tienda Sur,Pan molde,Panadería,2,1800,3600
4649,2026-06-08,Tienda Sur,Papas fritas,Snacks,1,1800,1800
4650,2026-06-04,Tienda Centro,Queso,Lácteos,2,4500,9000
4650,2026-06-04,Tienda Centro,Té,Café/Té,2,2500,5000
4650,2026-06-04,Tienda Centro,Yogurt,Lácteos,2,800,1600
4651,2026-07-02,Tienda Norte,Maní,Snacks,1,1200,1200
4652,2026-05-21,Tienda Norte,Azúcar,Café/Té,1,1300,1300
4652,2026-05-21,Tienda Norte,Bebida cola,Bebidas,1,1500,1500
4652,2026-05-21,Tienda Norte,Papas fritas,Snacks,2,1800,3600
4652,2026-05-21,Tienda Norte,Té,Café/Té,1,2500,2500
4653,2026-08-17,Tienda Centro,Detergente,Limpieza,2,5500,11000
4653,2026-08-17,Tienda Centro,Esponjas,Limpieza,2,1200,2400
4653,2026-08-17,Tienda Centro,Leche,Lácteos,1,1200,1200
4654,2026-05-24,Tienda Sur,Agua mineral,Bebidas,1,900,900
4654,2026-05-24,Tienda Sur,Esponjas,Limpieza,3,1200,3600
4654,2026-05-24,Tienda Sur,Jugo naranja,Bebidas,3,1600,4800
4654,2026-05-24,Tienda Sur,Queso,Lácteos,2,4500,9000
4654,2026-05-24,Tienda Sur,Vino tinto,Alcohol,1,5000,5000
4655,2026-07-17,Tienda Mall,Azúcar,Café/Té,1,1300,1300
4655,2026-07-17,Tienda Mall,Cloro,Limpieza,1,1400,1400
4655,2026-07-17,Tienda Mall,Detergente,Limpieza,2,5500,11000
4655,2026-07-17,Tienda Mall,Esponjas,Limpieza,1,1200,1200
4656,2026-07-22,Tienda Mall,Galletas,Snacks,1,1000,1000
4656,2026-07-22,Tienda Mall,Toallitas húmedas,Bebé,1,2200,2200
4656,2026-07-22,Tienda Mall,Yogurt,Lácteos,1,800,800
4657,2026-06-10,Tienda Mall,Agua mineral,Bebidas,1,900,900
4657,2026-06-10,Tienda Mall,Bebida cola,Bebidas,1,1500,1500
4658,2026-08-09,Tienda Centro,Cerveza,Alcohol,3,3500,10500
4658,2026-08-09,Tienda Centro,Mantequilla,Lácteos,1,2500,2500
4658,2026-08-09,Tienda Centro,Pan hallulla,Panadería,1,1500,1500
4659,2026-06-28,Tienda Norte,Galletas,Snacks,1,1000,1000
4660,2026-08-11,Tienda Norte,Pañales,Bebé,2,8000,16000
4661,2026-07-29,Tienda Centro,Maní,Snacks,1,1200,1200
4661,2026-07-29,Tienda Centro,Pan hallulla,Panadería,1,1500,1500
4661,2026-07-29,Tienda Centro,Vino tinto,Alcohol,1,5000,5000
4662,2026-06-12,Tienda Norte,Bebida cola,Bebidas,1,1500,1500
4662,2026-06-12,Tienda Norte,Galletas,Snacks,1,1000,1000
4662,2026-06-12,Tienda Norte,Papas fritas,Snacks,1,1800,1800
4663,2026-05-28,Tienda Norte,Agua mineral,Bebidas,1,900,900
4663,2026-05-28,Tienda Norte,Azúcar,Café/Té,1,1300,1300
4663,2026-05-28,Tienda Norte,Jugo naranja,Bebidas,2,1600,3200
4663,2026-05-28,Tienda Norte,Queso,Lácteos,2,4500,9000
4663,2026-05-28,Tienda Norte,Té,Café/Té,2,2500,5000
4664,2026-06-07,Tienda Mall,Leche,Lácteos,2,1200,2400
4665,2026-06-25,Tienda Mall,Mantequilla,Lácteos,1,2500,2500
4665,2026-06-25,Tienda Mall,Pan molde,Panadería,2,1800,3600
4665,2026-06-25,Tienda Mall,Queso,Lácteos,2,4500,9000
4665,2026-06-25,Tienda Mall,Yogurt,Lácteos,2,800,1600
4666,2026-06-28,Tienda Centro,Cerveza,Alcohol,2,3500,7000
4666,2026-06-28,Tienda Centro,Maní,Snacks,3,1200,3600
4666,2026-06-28,Tienda Centro,Papas fritas,Snacks,1,1800,1800
4666,2026-06-28,Tienda Centro,Vino tinto,Alcohol,1,5000,5000
4667,2026-07-09,Tienda Sur,Bebida cola,Bebidas,2,1500,3000
4667,2026-07-09,Tienda Sur,Papas fritas,Snacks,1,1800,1800
4668,2026-08-10,Tienda Sur,Mantequilla,Lácteos,1,2500,2500
4668,2026-08-10,Tienda Sur,Pan hallulla,Panadería,1,1500,1500
4668,2026-08-10,Tienda Sur,Queso,Lácteos,3,4500,13500
4669,2026-06-02,Tienda Mall,Mantequilla,Lácteos,2,2500,5000
4669,2026-06-02,Tienda Mall,Maní,Snacks,2,1200,2400
4669,2026-06-02,Tienda Mall,Pan molde,Panadería,1,1800,1800
4670,2026-05-28,Tienda Centro,Cloro,Limpieza,1,1400,1400
4670,2026-05-28,Tienda Centro,Jugo naranja,Bebidas,1,1600,1600
4670,2026-05-28,Tienda Centro,Mantequilla,Lácteos,2,2500,5000
4671,2026-07-30,Tienda Norte,Galletas,Snacks,1,1000,1000
4671,2026-07-30,Tienda Norte,Queso,Lácteos,1,4500,4500
4672,2026-07-28,Tienda Mall,Maní,Snacks,1,1200,1200
4672,2026-07-28,Tienda Mall,Queso,Lácteos,1,4500,4500
4673,2026-08-16,Tienda Centro,Galletas,Snacks,2,1000,2000
4673,2026-08-16,Tienda Centro,Queso,Lácteos,2,4500,9000
4674,2026-08-03,Tienda Norte,Jugo naranja,Bebidas,1,1600,1600
4674,2026-08-03,Tienda Norte,Mantequilla,Lácteos,2,2500,5000
4674,2026-08-03,Tienda Norte,Pan molde,Panadería,1,1800,1800
4675,2026-06-18,Tienda Sur,Croissant,Panadería,1,900,900
4675,2026-06-18,Tienda Sur,Detergente,Limpieza,1,5500,5500
4676,2026-07-20,Tienda Norte,Azúcar,Café/Té,2,1300,2600
4676,2026-07-20,Tienda Norte,Maní,Snacks,1,1200,1200
4677,2026-06-18,Tienda Mall,Detergente,Limpieza,1,5500,5500
4677,2026-06-18,Tienda Mall,Esponjas,Limpieza,1,1200,1200
4677,2026-06-18,Tienda Mall,Yogurt,Lácteos,1,800,800
4678,2026-06-15,Tienda Norte,Azúcar,Café/Té,3,1300,3900
4678,2026-06-15,Tienda Norte,Té,Café/Té,1,2500,2500
4679,2026-07-09,Tienda Mall,Pan hallulla,Panadería,1,1500,1500
4679,2026-07-09,Tienda Mall,Queso,Lácteos,2,4500,9000
4680,2026-07-19,Tienda Mall,Azúcar,Café/Té,1,1300,1300
4680,2026-07-19,Tienda Mall,Mantequilla,Lácteos,1,2500,2500
4680,2026-07-19,Tienda Mall,Té,Café/Té,1,2500,2500
4681,2026-08-16,Tienda Sur,Croissant,Panadería,1,900,900
4681,2026-08-16,Tienda Sur,Mantequilla,Lácteos,1,2500,2500
4681,2026-08-16,Tienda Sur,Pan molde,Panadería,1,1800,1800
4681,2026-08-16,Tienda Sur,Queso,Lácteos,1,4500,4500
4682,2026-07-24,Tienda Norte,Bebida cola,Bebidas,1,1500,1500
4682,2026-07-24,Tienda Norte,Detergente,Limpieza,3,5500,16500
4683,2026-05-27,Tienda Norte,Azúcar,Café/Té,1,1300,1300
4683,2026-05-27,Tienda Norte,Cloro,Limpieza,1,1400,1400
4683,2026-05-27,Tienda Norte,Detergente,Limpieza,2,5500,11000
4683,2026-05-27,Tienda Norte,Galletas,Snacks,1,1000,1000
4683,2026-05-27,Tienda Norte,Té,Café/Té,2,2500,5000
4683,2026-05-27,Tienda Norte,Yogurt,Lácteos,1,800,800
4684,2026-06-11,Tienda Centro,Detergente,Limpieza,2,5500,11000
4684,2026-06-11,Tienda Centro,Jugo naranja,Bebidas,1,1600,1600
4685,2026-07-14,Tienda Norte,Esponjas,Limpieza,1,1200,1200
4685,2026-07-14,Tienda Norte,Mantequilla,Lácteos,1,2500,2500
4685,2026-07-14,Tienda Norte,Pan hallulla,Panadería,1,1500,1500
4686,2026-05-24,Tienda Centro,Croissant,Panadería,1,900,900
4686,2026-05-24,Tienda Centro,Mantequilla,Lácteos,3,2500,7500
4687,2026-06-21,Tienda Sur,Pan hallulla,Panadería,1,1500,1500
4687,2026-06-21,Tienda Sur,Queso,Lácteos,1,4500,4500
4687,2026-06-21,Tienda Sur,Yogurt,Lácteos,1,800,800
4688,2026-07-23,Tienda Sur,Galletas,Snacks,1,1000,1000
4688,2026-07-23,Tienda Sur,Queso,Lácteos,3,4500,13500
4689,2026-07-13,Tienda Centro,Bebida cola,Bebidas,1,1500,1500
4689,2026-07-13,Tienda Centro,Mantequilla,Lácteos,1,2500,2500
4690,2026-07-12,Tienda Norte,Cerveza,Alcohol,1,3500,3500
4690,2026-07-12,Tienda Norte,Cloro,Limpieza,1,1400,1400
4690,2026-07-12,Tienda Norte,Detergente,Limpieza,2,5500,11000
4690,2026-07-12,Tienda Norte,Papas fritas,Snacks,1,1800,1800
4691,2026-08-17,Tienda Mall,Agua mineral,Bebidas,1,900,900
4691,2026-08-17,Tienda Mall,Cloro,Limpieza,2,1400,2800
4691,2026-08-17,Tienda Mall,Detergente,Limpieza,1,5500,5500
4692,2026-07-19,Tienda Sur,Azúcar,Café/Té,1,1300,1300
4692,2026-07-19,Tienda Sur,Croissant,Panadería,1,900,900
4692,2026-07-19,Tienda Sur,Té,Café/Té,1,2500,2500
4693,2026-07-22,Tienda Sur,Esponjas,Limpieza,1,1200,1200
4693,2026-07-22,Tienda Sur,Toallitas húmedas,Bebé,1,2200,2200
4694,2026-06-18,Tienda Mall,Cloro,Limpieza,3,1400,4200
4695,2026-07-24,Tienda Norte,Azúcar,Café/Té,2,1300,2600
4695,2026-07-24,Tienda Norte,Jugo naranja,Bebidas,2,1600,3200
4696,2026-06-13,Tienda Mall,Mantequilla,Lácteos,1,2500,2500
4697,2026-06-30,Tienda Centro,Papas fritas,Snacks,1,1800,1800
4698,2026-05-27,Tienda Norte,Café,Café/Té,1,4000,4000
4698,2026-05-27,Tienda Norte,Galletas,Snacks,3,1000,3000
4699,2026-07-30,Tienda Centro,Bebida cola,Bebidas,1,1500,1500
4699,2026-07-30,Tienda Centro,Galletas,Snacks,1,1000,1000
4699,2026-07-30,Tienda Centro,Leche,Lácteos,2,1200,2400
4699,2026-07-30,Tienda Centro,Mantequilla,Lácteos,3,2500,7500
4699,2026-07-30,Tienda Centro,Pan molde,Panadería,2,1800,3600
4699,2026-07-30,Tienda Centro,Queso,Lácteos,1,4500,4500
4700,2026-06-16,Tienda Mall,Detergente,Limpieza,1,5500,5500
4700,2026-06-16,Tienda Mall,Yogurt,Lácteos,1,800,800
4701,2026-07-07,Tienda Sur,Leche,Lácteos,1,1200,1200
4701,2026-07-07,Tienda Sur,Mantequilla,Lácteos,2,2500,5000
4701,2026-07-07,Tienda Sur,Pan molde,Panadería,1,1800,1800
4702,2026-05-20,Tienda Mall,Queso,Lácteos,1,4500,4500
4702,2026-05-20,Tienda Mall,Toallitas húmedas,Bebé,1,2200,2200
4702,2026-05-20,Tienda Mall,Té,Café/Té,1,2500,2500
4703,2026-05-24,Tienda Norte,Jugo naranja,Bebidas,3,1600,4800
4703,2026-05-24,Tienda Norte,Pañales,Bebé,1,8000,8000
4703,2026-05-24,Tienda Norte,Queso,Lácteos,1,4500,4500
4703,2026-05-24,Tienda Norte,Toallitas húmedas,Bebé,1,2200,2200
4703,2026-05-24,Tienda Norte,Vino tinto,Alcohol,1,5000,5000
4704,2026-07-07,Tienda Norte,Azúcar,Café/Té,1,1300,1300
4704,2026-07-07,Tienda Norte,Croissant,Panadería,2,900,1800
4704,2026-07-07,Tienda Norte,Pan molde,Panadería,2,1800,3600
4705,2026-07-09,Tienda Centro,Azúcar,Café/Té,1,1300,1300
4705,2026-07-09,Tienda Centro,Café,Café/Té,1,4000,4000
4705,2026-07-09,Tienda Centro,Cerveza,Alcohol,2,3500,7000
4705,2026-07-09,Tienda Centro,Maní,Snacks,2,1200,2400
4705,2026-07-09,Tienda Centro,Queso,Lácteos,3,4500,13500
4706,2026-06-03,Tienda Mall,Cerveza,Alcohol,1,3500,3500
4706,2026-06-03,Tienda Mall,Cloro,Limpieza,1,1400,1400
4706,2026-06-03,Tienda Mall,Croissant,Panadería,1,900,900
4706,2026-06-03,Tienda Mall,Maní,Snacks,1,1200,1200
4706,2026-06-03,Tienda Mall,Papas fritas,Snacks,1,1800,1800
4707,2026-07-07,Tienda Mall,Azúcar,Café/Té,2,1300,2600
4707,2026-07-07,Tienda Mall,Croissant,Panadería,2,900,1800
4707,2026-07-07,Tienda Mall,Jugo naranja,Bebidas,2,1600,3200
4707,2026-07-07,Tienda Mall,Té,Café/Té,2,2500,5000
4708,2026-07-16,Tienda Sur,Agua mineral,Bebidas,1,900,900
4708,2026-07-16,Tienda Sur,Queso,Lácteos,1,4500,4500
4708,2026-07-16,Tienda Sur,Vino tinto,Alcohol,1,5000,5000
4709,2026-06-12,Tienda Mall,Queso,Lácteos,1,4500,4500
4710,2026-07-26,Tienda Norte,Esponjas,Limpieza,1,1200,1200
4710,2026-07-26,Tienda Norte,Jugo naranja,Bebidas,1,1600,1600
4710,2026-07-26,Tienda Norte,Toallitas húmedas,Bebé,1,2200,2200
4711,2026-05-26,Tienda Centro,Azúcar,Café/Té,1,1300,1300
4711,2026-05-26,Tienda Centro,Cerveza,Alcohol,1,3500,3500
4711,2026-05-26,Tienda Centro,Maní,Snacks,1,1200,1200
4711,2026-05-26,Tienda Centro,Papas fritas,Snacks,1,1800,1800
4711,2026-05-26,Tienda Centro,Té,Café/Té,1,2500,2500
4712,2026-07-01,Tienda Centro,Papas fritas,Snacks,1,1800,1800
4713,2026-07-31,Tienda Norte,Mantequilla,Lácteos,1,2500,2500
4713,2026-07-31,Tienda Norte,Pan hallulla,Panadería,2,1500,3000
4713,2026-07-31,Tienda Norte,Toallitas húmedas,Bebé,1,2200,2200
4713,2026-07-31,Tienda Norte,Yogurt,Lácteos,1,800,800
4714,2026-06-26,Tienda Norte,Cloro,Limpieza,1,1400,1400
4714,2026-06-26,Tienda Norte,Croissant,Panadería,2,900,1800
4714,2026-06-26,Tienda Norte,Queso,Lácteos,1,4500,4500
4714,2026-06-26,Tienda Norte,Yogurt,Lácteos,2,800,1600
4715,2026-08-05,Tienda Centro,Azúcar,Café/Té,3,1300,3900
4715,2026-08-05,Tienda Centro,Café,Café/Té,1,4000,4000
4715,2026-08-05,Tienda Centro,Cerveza,Alcohol,1,3500,3500
4715,2026-08-05,Tienda Centro,Papas fritas,Snacks,3,1800,5400
4715,2026-08-05,Tienda Centro,Yogurt,Lácteos,1,800,800
4716,2026-07-26,Tienda Norte,Croissant,Panadería,2,900,1800
4716,2026-07-26,Tienda Norte,Detergente,Limpieza,1,5500,5500
4716,2026-07-26,Tienda Norte,Esponjas,Limpieza,1,1200,1200
4717,2026-07-21,Tienda Mall,Azúcar,Café/Té,1,1300,1300
4717,2026-07-21,Tienda Mall,Café,Café/Té,1,4000,4000
4717,2026-07-21,Tienda Mall,Papas fritas,Snacks,2,1800,3600
4718,2026-06-05,Tienda Sur,Azúcar,Café/Té,1,1300,1300
4718,2026-06-05,Tienda Sur,Café,Café/Té,1,4000,4000
4718,2026-06-05,Tienda Sur,Papas fritas,Snacks,1,1800,1800
4718,2026-06-05,Tienda Sur,Queso,Lácteos,3,4500,13500
4719,2026-06-05,Tienda Centro,Agua mineral,Bebidas,1,900,900
4719,2026-06-05,Tienda Centro,Cerveza,Alcohol,1,3500,3500
4719,2026-06-05,Tienda Centro,Jugo naranja,Bebidas,1,1600,1600
4720,2026-06-27,Tienda Norte,Azúcar,Café/Té,1,1300,1300
4720,2026-06-27,Tienda Norte,Mantequilla,Lácteos,1,2500,2500
4720,2026-06-27,Tienda Norte,Té,Café/Té,1,2500,2500
4721,2026-06-04,Tienda Norte,Agua mineral,Bebidas,2,900,1800
4721,2026-06-04,Tienda Norte,Café,Café/Té,1,4000,4000
4721,2026-06-04,Tienda Norte,Papas fritas,Snacks,1,1800,1800
4722,2026-08-05,Tienda Centro,Azúcar,Café/Té,3,1300,3900
4722,2026-08-05,Tienda Centro,Café,Café/Té,1,4000,4000
4722,2026-08-05,Tienda Centro,Té,Café/Té,1,2500,2500
4723,2026-06-30,Tienda Centro,Jugo naranja,Bebidas,1,1600,1600
4723,2026-06-30,Tienda Centro,Pan hallulla,Panadería,1,1500,1500
4723,2026-06-30,Tienda Centro,Toallitas húmedas,Bebé,1,2200,2200
4724,2026-07-16,Tienda Norte,Agua mineral,Bebidas,1,900,900
4724,2026-07-16,Tienda Norte,Cerveza,Alcohol,1,3500,3500
4725,2026-07-01,Tienda Sur,Detergente,Limpieza,1,5500,5500
4725,2026-07-01,Tienda Sur,Esponjas,Limpieza,1,1200,1200
4725,2026-07-01,Tienda Sur,Yogurt,Lácteos,1,800,800
4726,2026-08-06,Tienda Norte,Agua mineral,Bebidas,3,900,2700
4726,2026-08-06,Tienda Norte,Mantequilla,Lácteos,3,2500,7500
4726,2026-08-06,Tienda Norte,Pan molde,Panadería,1,1800,1800
4726,2026-08-06,Tienda Norte,Papas fritas,Snacks,1,1800,1800
4727,2026-07-25,Tienda Centro,Azúcar,Café/Té,2,1300,2600
4727,2026-07-25,Tienda Centro,Detergente,Limpieza,1,5500,5500
4727,2026-07-25,Tienda Centro,Mantequilla,Lácteos,1,2500,2500
4727,2026-07-25,Tienda Centro,Pan molde,Panadería,1,1800,1800
4727,2026-07-25,Tienda Centro,Queso,Lácteos,1,4500,4500
4728,2026-06-16,Tienda Norte,Café,Café/Té,1,4000,4000
4728,2026-06-16,Tienda Norte,Galletas,Snacks,1,1000,1000
4728,2026-06-16,Tienda Norte,Papas fritas,Snacks,1,1800,1800
4728,2026-06-16,Tienda Norte,Toallitas húmedas,Bebé,2,2200,4400
4729,2026-07-20,Tienda Mall,Papas fritas,Snacks,1,1800,1800
4730,2026-07-11,Tienda Mall,Azúcar,Café/Té,1,1300,1300
4730,2026-07-11,Tienda Mall,Croissant,Panadería,1,900,900
4730,2026-07-11,Tienda Mall,Maní,Snacks,1,1200,1200
4730,2026-07-11,Tienda Mall,Té,Café/Té,1,2500,2500
4731,2026-07-27,Tienda Centro,Mantequilla,Lácteos,2,2500,5000
4731,2026-07-27,Tienda Centro,Queso,Lácteos,1,4500,4500
4732,2026-06-27,Tienda Mall,Agua mineral,Bebidas,1,900,900
4732,2026-06-27,Tienda Mall,Toallitas húmedas,Bebé,1,2200,2200
4733,2026-06-24,Tienda Mall,Bebida cola,Bebidas,1,1500,1500
4733,2026-06-24,Tienda Mall,Cerveza,Alcohol,1,3500,3500
4733,2026-06-24,Tienda Mall,Papas fritas,Snacks,1,1800,1800
4734,2026-07-02,Tienda Sur,Leche,Lácteos,1,1200,1200
4735,2026-07-07,Tienda Norte,Azúcar,Café/Té,1,1300,1300
4736,2026-05-29,Tienda Norte,Agua mineral,Bebidas,1,900,900
4736,2026-05-29,Tienda Norte,Bebida cola,Bebidas,1,1500,1500
4736,2026-05-29,Tienda Norte,Toallitas húmedas,Bebé,1,2200,2200
4737,2026-08-14,Tienda Norte,Bebida cola,Bebidas,1,1500,1500
4737,2026-08-14,Tienda Norte,Papas fritas,Snacks,1,1800,1800
4737,2026-08-14,Tienda Norte,Queso,Lácteos,1,4500,4500
4737,2026-08-14,Tienda Norte,Vino tinto,Alcohol,1,5000,5000
4738,2026-05-24,Tienda Centro,Cerveza,Alcohol,3,3500,10500
4738,2026-05-24,Tienda Centro,Croissant,Panadería,2,900,1800
4738,2026-05-24,Tienda Centro,Maní,Snacks,1,1200,1200
4738,2026-05-24,Tienda Centro,Papas fritas,Snacks,1,1800,1800
4738,2026-05-24,Tienda Centro,Queso,Lácteos,1,4500,4500
4739,2026-07-24,Tienda Sur,Galletas,Snacks,1,1000,1000
4739,2026-07-24,Tienda Sur,Mantequilla,Lácteos,3,2500,7500
4739,2026-07-24,Tienda Sur,Maní,Snacks,1,1200,1200
4740,2026-06-11,Tienda Mall,Cerveza,Alcohol,2,3500,7000
4740,2026-06-11,Tienda Mall,Pañales,Bebé,1,8000,8000
4740,2026-06-11,Tienda Mall,Queso,Lácteos,2,4500,9000
4741,2026-06-28,Tienda Norte,Azúcar,Café/Té,1,1300,1300
4742,2026-06-30,Tienda Mall,Croissant,Panadería,1,900,900
4742,2026-06-30,Tienda Mall,Papas fritas,Snacks,2,1800,3600
4743,2026-08-13,Tienda Norte,Esponjas,Limpieza,1,1200,1200
4743,2026-08-13,Tienda Norte,Pan hallulla,Panadería,1,1500,1500
4743,2026-08-13,Tienda Norte,Queso,Lácteos,1,4500,4500
4743,2026-08-13,Tienda Norte,Vino tinto,Alcohol,3,5000,15000
4744,2026-07-21,Tienda Norte,Detergente,Limpieza,1,5500,5500
4744,2026-07-21,Tienda Norte,Esponjas,Limpieza,2,1200,2400
4744,2026-07-21,Tienda Norte,Maní,Snacks,2,1200,2400
4744,2026-07-21,Tienda Norte,Vino tinto,Alcohol,1,5000,5000
4745,2026-05-28,Tienda Norte,Azúcar,Café/Té,1,1300,1300
4745,2026-05-28,Tienda Norte,Bebida cola,Bebidas,1,1500,1500
4745,2026-05-28,Tienda Norte,Mantequilla,Lácteos,1,2500,2500
4745,2026-05-28,Tienda Norte,Pan hallulla,Panadería,1,1500,1500
4746,2026-08-05,Tienda Norte,Leche,Lácteos,1,1200,1200
4746,2026-08-05,Tienda Norte,Toallitas húmedas,Bebé,2,2200,4400
4746,2026-08-05,Tienda Norte,Té,Café/Té,3,2500,7500
4747,2026-07-02,Tienda Sur,Cerveza,Alcohol,2,3500,7000
4747,2026-07-02,Tienda Sur,Detergente,Limpieza,2,5500,11000
4747,2026-07-02,Tienda Sur,Esponjas,Limpieza,1,1200,1200
4748,2026-07-22,Tienda Centro,Azúcar,Café/Té,1,1300,1300
4748,2026-07-22,Tienda Centro,Bebida cola,Bebidas,1,1500,1500
4748,2026-07-22,Tienda Centro,Jugo naranja,Bebidas,2,1600,3200
4748,2026-07-22,Tienda Centro,Té,Café/Té,1,2500,2500
4749,2026-05-25,Tienda Mall,Croissant,Panadería,1,900,900
4749,2026-05-25,Tienda Mall,Toallitas húmedas,Bebé,1,2200,2200
4749,2026-05-25,Tienda Mall,Té,Café/Té,2,2500,5000
4750,2026-06-06,Tienda Sur,Vino tinto,Alcohol,1,5000,5000
4751,2026-06-23,Tienda Mall,Croissant,Panadería,1,900,900
4751,2026-06-23,Tienda Mall,Mantequilla,Lácteos,1,2500,2500
4751,2026-06-23,Tienda Mall,Pan hallulla,Panadería,1,1500,1500
4751,2026-06-23,Tienda Mall,Queso,Lácteos,3,4500,13500
4752,2026-07-03,Tienda Mall,Galletas,Snacks,1,1000,1000
4752,2026-07-03,Tienda Mall,Mantequilla,Lácteos,2,2500,5000
4753,2026-06-18,Tienda Centro,Agua mineral,Bebidas,1,900,900
4753,2026-06-18,Tienda Centro,Papas fritas,Snacks,3,1800,5400
4754,2026-08-04,Tienda Sur,Azúcar,Café/Té,1,1300,1300
4754,2026-08-04,Tienda Sur,Mantequilla,Lácteos,1,2500,2500
4755,2026-08-14,Tienda Centro,Yogurt,Lácteos,2,800,1600
4756,2026-06-15,Tienda Centro,Café,Café/Té,1,4000,4000
4756,2026-06-15,Tienda Centro,Pan hallulla,Panadería,1,1500,1500
4756,2026-06-15,Tienda Centro,Queso,Lácteos,1,4500,4500
4757,2026-06-23,Tienda Norte,Mantequilla,Lácteos,1,2500,2500
4757,2026-06-23,Tienda Norte,Papas fritas,Snacks,1,1800,1800
4757,2026-06-23,Tienda Norte,Toallitas húmedas,Bebé,1,2200,2200
4757,2026-06-23,Tienda Norte,Yogurt,Lácteos,2,800,1600
4758,2026-07-03,Tienda Mall,Azúcar,Café/Té,1,1300,1300
4758,2026-07-03,Tienda Mall,Jugo naranja,Bebidas,1,1600,1600
4758,2026-07-03,Tienda Mall,Toallitas húmedas,Bebé,3,2200,6600
4758,2026-07-03,Tienda Mall,Té,Café/Té,1,2500,2500
4759,2026-06-17,Tienda Norte,Cerveza,Alcohol,1,3500,3500
4759,2026-06-17,Tienda Norte,Pañales,Bebé,1,8000,8000
4759,2026-06-17,Tienda Norte,Toallitas húmedas,Bebé,1,2200,2200
4760,2026-07-28,Tienda Sur,Azúcar,Café/Té,2,1300,2600
4760,2026-07-28,Tienda Sur,Galletas,Snacks,1,1000,1000
4760,2026-07-28,Tienda Sur,Té,Café/Té,2,2500,5000
4761,2026-08-14,Tienda Sur,Azúcar,Café/Té,1,1300,1300
4761,2026-08-14,Tienda Sur,Bebida cola,Bebidas,2,1500,3000
4761,2026-08-14,Tienda Sur,Té,Café/Té,1,2500,2500
4762,2026-07-30,Tienda Mall,Cloro,Limpieza,1,1400,1400
4762,2026-07-30,Tienda Mall,Detergente,Limpieza,1,5500,5500
4762,2026-07-30,Tienda Mall,Pañales,Bebé,1,8000,8000
4763,2026-07-12,Tienda Norte,Cloro,Limpieza,2,1400,2800
4763,2026-07-12,Tienda Norte,Detergente,Limpieza,1,5500,5500
4763,2026-07-12,Tienda Norte,Papas fritas,Snacks,3,1800,5400
4764,2026-08-09,Tienda Mall,Cerveza,Alcohol,2,3500,7000
4764,2026-08-09,Tienda Mall,Galletas,Snacks,1,1000,1000
4764,2026-08-09,Tienda Mall,Papas fritas,Snacks,1,1800,1800
4765,2026-07-02,Tienda Norte,Papas fritas,Snacks,2,1800,3600
4766,2026-08-02,Tienda Centro,Jugo naranja,Bebidas,1,1600,1600
4766,2026-08-02,Tienda Centro,Pañales,Bebé,1,8000,8000
4766,2026-08-02,Tienda Centro,Queso,Lácteos,1,4500,4500
4766,2026-08-02,Tienda Centro,Toallitas húmedas,Bebé,1,2200,2200
4767,2026-08-06,Tienda Norte,Jugo naranja,Bebidas,1,1600,1600
4768,2026-06-21,Tienda Sur,Azúcar,Café/Té,1,1300,1300
4768,2026-06-21,Tienda Sur,Café,Café/Té,2,4000,8000
4768,2026-06-21,Tienda Sur,Galletas,Snacks,1,1000,1000
4769,2026-08-14,Tienda Centro,Yogurt,Lácteos,1,800,800
4770,2026-06-14,Tienda Mall,Toallitas húmedas,Bebé,1,2200,2200
4770,2026-06-14,Tienda Mall,Yogurt,Lácteos,1,800,800
4771,2026-07-09,Tienda Sur,Croissant,Panadería,1,900,900
4771,2026-07-09,Tienda Sur,Detergente,Limpieza,3,5500,16500
4771,2026-07-09,Tienda Sur,Maní,Snacks,1,1200,1200
4771,2026-07-09,Tienda Sur,Papas fritas,Snacks,1,1800,1800
4772,2026-07-03,Tienda Norte,Maní,Snacks,2,1200,2400
4772,2026-07-03,Tienda Norte,Queso,Lácteos,1,4500,4500
4772,2026-07-03,Tienda Norte,Vino tinto,Alcohol,1,5000,5000
4773,2026-08-15,Tienda Norte,Mantequilla,Lácteos,1,2500,2500
4773,2026-08-15,Tienda Norte,Pan molde,Panadería,1,1800,1800
4774,2026-06-11,Tienda Centro,Mantequilla,Lácteos,1,2500,2500
4774,2026-06-11,Tienda Centro,Pan hallulla,Panadería,1,1500,1500
4774,2026-06-11,Tienda Centro,Pañales,Bebé,1,8000,8000
4774,2026-06-11,Tienda Centro,Toallitas húmedas,Bebé,1,2200,2200
4775,2026-05-24,Tienda Mall,Jugo naranja,Bebidas,1,1600,1600
4776,2026-08-12,Tienda Norte,Azúcar,Café/Té,3,1300,3900
4776,2026-08-12,Tienda Norte,Café,Café/Té,1,4000,4000
4776,2026-08-12,Tienda Norte,Galletas,Snacks,2,1000,2000
4777,2026-06-24,Tienda Mall,Papas fritas,Snacks,1,1800,1800
4778,2026-07-09,Tienda Centro,Bebida cola,Bebidas,1,1500,1500
4778,2026-07-09,Tienda Centro,Detergente,Limpieza,1,5500,5500
4779,2026-06-04,Tienda Centro,Galletas,Snacks,1,1000,1000
4780,2026-08-05,Tienda Centro,Agua mineral,Bebidas,1,900,900
4780,2026-08-05,Tienda Centro,Azúcar,Café/Té,1,1300,1300
4780,2026-08-05,Tienda Centro,Café,Café/Té,1,4000,4000
4781,2026-06-01,Tienda Mall,Vino tinto,Alcohol,1,5000,5000
4782,2026-08-09,Tienda Mall,Azúcar,Café/Té,2,1300,2600
4782,2026-08-09,Tienda Mall,Detergente,Limpieza,2,5500,11000
4782,2026-08-09,Tienda Mall,Vino tinto,Alcohol,1,5000,5000
4783,2026-08-08,Tienda Mall,Cerveza,Alcohol,1,3500,3500
4783,2026-08-08,Tienda Mall,Detergente,Limpieza,1,5500,5500
4783,2026-08-08,Tienda Mall,Pañales,Bebé,1,8000,8000
4784,2026-08-07,Tienda Norte,Azúcar,Café/Té,1,1300,1300
4784,2026-08-07,Tienda Norte,Café,Café/Té,1,4000,4000
4784,2026-08-07,Tienda Norte,Jugo naranja,Bebidas,1,1600,1600
4784,2026-08-07,Tienda Norte,Té,Café/Té,1,2500,2500
4785,2026-06-16,Tienda Norte,Mantequilla,Lácteos,1,2500,2500
4785,2026-06-16,Tienda Norte,Pan molde,Panadería,2,1800,3600
4785,2026-06-16,Tienda Norte,Queso,Lácteos,2,4500,9000
4786,2026-05-20,Tienda Centro,Galletas,Snacks,1,1000,1000
4787,2026-06-22,Tienda Mall,Esponjas,Limpieza,1,1200,1200
4787,2026-06-22,Tienda Mall,Toallitas húmedas,Bebé,1,2200,2200
4788,2026-05-31,Tienda Mall,Cerveza,Alcohol,2,3500,7000
4788,2026-05-31,Tienda Mall,Mantequilla,Lácteos,2,2500,5000
4788,2026-05-31,Tienda Mall,Papas fritas,Snacks,1,1800,1800
4789,2026-05-26,Tienda Norte,Queso,Lácteos,1,4500,4500
4789,2026-05-26,Tienda Norte,Té,Café/Té,1,2500,2500
4789,2026-05-26,Tienda Norte,Vino tinto,Alcohol,1,5000,5000
4789,2026-05-26,Tienda Norte,Yogurt,Lácteos,1,800,800
4790,2026-05-23,Tienda Centro,Agua mineral,Bebidas,2,900,1800
4790,2026-05-23,Tienda Centro,Azúcar,Café/Té,1,1300,1300
4790,2026-05-23,Tienda Centro,Detergente,Limpieza,1,5500,5500
4790,2026-05-23,Tienda Centro,Esponjas,Limpieza,1,1200,1200
4791,2026-06-02,Tienda Norte,Azúcar,Café/Té,3,1300,3900
4791,2026-06-02,Tienda Norte,Jugo naranja,Bebidas,1,1600,1600
4791,2026-06-02,Tienda Norte,Mantequilla,Lácteos,2,2500,5000
4791,2026-06-02,Tienda Norte,Pan molde,Panadería,3,1800,5400
4791,2026-06-02,Tienda Norte,Té,Café/Té,1,2500,2500
4792,2026-06-01,Tienda Norte,Esponjas,Limpieza,1,1200,1200
4792,2026-06-01,Tienda Norte,Papas fritas,Snacks,1,1800,1800
4793,2026-07-26,Tienda Centro,Bebida cola,Bebidas,1,1500,1500
4793,2026-07-26,Tienda Centro,Cloro,Limpieza,1,1400,1400
4793,2026-07-26,Tienda Centro,Galletas,Snacks,3,1000,3000
4793,2026-07-26,Tienda Centro,Maní,Snacks,1,1200,1200
4794,2026-08-11,Tienda Mall,Mantequilla,Lácteos,1,2500,2500
4794,2026-08-11,Tienda Mall,Pan molde,Panadería,1,1800,1800
4794,2026-08-11,Tienda Mall,Queso,Lácteos,1,4500,4500
4795,2026-06-24,Tienda Mall,Azúcar,Café/Té,1,1300,1300
4795,2026-06-24,Tienda Mall,Bebida cola,Bebidas,1,1500,1500
4795,2026-06-24,Tienda Mall,Café,Café/Té,1,4000,4000
4795,2026-06-24,Tienda Mall,Jugo naranja,Bebidas,1,1600,1600
4795,2026-06-24,Tienda Mall,Leche,Lácteos,1,1200,1200
4795,2026-06-24,Tienda Mall,Papas fritas,Snacks,1,1800,1800
4796,2026-07-17,Tienda Mall,Azúcar,Café/Té,1,1300,1300
4796,2026-07-17,Tienda Mall,Detergente,Limpieza,1,5500,5500
4796,2026-07-17,Tienda Mall,Esponjas,Limpieza,1,1200,1200
4796,2026-07-17,Tienda Mall,Pañales,Bebé,1,8000,8000
4796,2026-07-17,Tienda Mall,Toallitas húmedas,Bebé,1,2200,2200
4797,2026-06-09,Tienda Norte,Agua mineral,Bebidas,1,900,900
4797,2026-06-09,Tienda Norte,Leche,Lácteos,2,1200,2400
4797,2026-06-09,Tienda Norte,Pan molde,Panadería,3,1800,5400
4797,2026-06-09,Tienda Norte,Queso,Lácteos,1,4500,4500
4798,2026-08-10,Tienda Centro,Leche,Lácteos,1,1200,1200
4798,2026-08-10,Tienda Centro,Toallitas húmedas,Bebé,1,2200,2200
4799,2026-08-13,Tienda Norte,Pan hallulla,Panadería,1,1500,1500
4800,2026-07-02,Tienda Mall,Croissant,Panadería,1,900,900
4801,2026-08-10,Tienda Sur,Bebida cola,Bebidas,1,1500,1500
4801,2026-08-10,Tienda Sur,Detergente,Limpieza,1,5500,5500
4801,2026-08-10,Tienda Sur,Esponjas,Limpieza,3,1200,3600
4801,2026-08-10,Tienda Sur,Papas fritas,Snacks,2,1800,3600
4801,2026-08-10,Tienda Sur,Té,Café/Té,1,2500,2500
4802,2026-06-12,Tienda Centro,Esponjas,Limpieza,1,1200,1200
4802,2026-06-12,Tienda Centro,Maní,Snacks,1,1200,1200
4803,2026-06-13,Tienda Centro,Azúcar,Café/Té,1,1300,1300
4803,2026-06-13,Tienda Centro,Pan hallulla,Panadería,1,1500,1500
4803,2026-06-13,Tienda Centro,Pañales,Bebé,1,8000,8000
4803,2026-06-13,Tienda Centro,Queso,Lácteos,1,4500,4500
4803,2026-06-13,Tienda Centro,Toallitas húmedas,Bebé,1,2200,2200
4803,2026-06-13,Tienda Centro,Vino tinto,Alcohol,3,5000,15000
4804,2026-07-22,Tienda Mall,Bebida cola,Bebidas,2,1500,3000
4804,2026-07-22,Tienda Mall,Café,Café/Té,1,4000,4000
4804,2026-07-22,Tienda Mall,Galletas,Snacks,1,1000,1000
4804,2026-07-22,Tienda Mall,Jugo naranja,Bebidas,2,1600,3200
4804,2026-07-22,Tienda Mall,Papas fritas,Snacks,1,1800,1800
4805,2026-06-26,Tienda Norte,Maní,Snacks,1,1200,1200
4806,2026-06-27,Tienda Norte,Mantequilla,Lácteos,1,2500,2500
4806,2026-06-27,Tienda Norte,Papas fritas,Snacks,2,1800,3600
4806,2026-06-27,Tienda Norte,Queso,Lácteos,1,4500,4500
4807,2026-05-23,Tienda Norte,Cerveza,Alcohol,2,3500,7000
4807,2026-05-23,Tienda Norte,Leche,Lácteos,1,1200,1200
4807,2026-05-23,Tienda Norte,Maní,Snacks,1,1200,1200
4807,2026-05-23,Tienda Norte,Papas fritas,Snacks,1,1800,1800
4808,2026-06-08,Tienda Mall,Café,Café/Té,2,4000,8000
4808,2026-06-08,Tienda Mall,Galletas,Snacks,1,1000,1000
4809,2026-07-25,Tienda Centro,Azúcar,Café/Té,2,1300,2600
4810,2026-07-09,Tienda Mall,Agua mineral,Bebidas,3,900,2700
4810,2026-07-09,Tienda Mall,Pan molde,Panadería,2,1800,3600
4811,2026-06-22,Tienda Mall,Esponjas,Limpieza,2,1200,2400
4811,2026-06-22,Tienda Mall,Yogurt,Lácteos,1,800,800
4812,2026-07-10,Tienda Mall,Cerveza,Alcohol,1,3500,3500
4812,2026-07-10,Tienda Mall,Leche,Lácteos,1,1200,1200
4812,2026-07-10,Tienda Mall,Maní,Snacks,1,1200,1200
4812,2026-07-10,Tienda Mall,Papas fritas,Snacks,1,1800,1800
4813,2026-08-12,Tienda Norte,Agua mineral,Bebidas,1,900,900
4813,2026-08-12,Tienda Norte,Cerveza,Alcohol,1,3500,3500
4813,2026-08-12,Tienda Norte,Jugo naranja,Bebidas,1,1600,1600
4813,2026-08-12,Tienda Norte,Maní,Snacks,1,1200,1200
4814,2026-07-15,Tienda Sur,Azúcar,Café/Té,1,1300,1300
4814,2026-07-15,Tienda Sur,Esponjas,Limpieza,1,1200,1200
4814,2026-07-15,Tienda Sur,Mantequilla,Lácteos,1,2500,2500
4814,2026-07-15,Tienda Sur,Pan hallulla,Panadería,1,1500,1500
4814,2026-07-15,Tienda Sur,Té,Café/Té,1,2500,2500
4815,2026-07-14,Tienda Centro,Bebida cola,Bebidas,1,1500,1500
4815,2026-07-14,Tienda Centro,Queso,Lácteos,1,4500,4500
4816,2026-06-05,Tienda Sur,Azúcar,Café/Té,1,1300,1300
4816,2026-06-05,Tienda Sur,Jugo naranja,Bebidas,1,1600,1600
4817,2026-05-21,Tienda Norte,Bebida cola,Bebidas,2,1500,3000
4817,2026-05-21,Tienda Norte,Jugo naranja,Bebidas,1,1600,1600
4817,2026-05-21,Tienda Norte,Leche,Lácteos,1,1200,1200
4818,2026-06-22,Tienda Centro,Cerveza,Alcohol,1,3500,3500
4818,2026-06-22,Tienda Centro,Pañales,Bebé,1,8000,8000
4818,2026-06-22,Tienda Centro,Toallitas húmedas,Bebé,1,2200,2200
4819,2026-06-17,Tienda Centro,Detergente,Limpieza,2,5500,11000
4819,2026-06-17,Tienda Centro,Esponjas,Limpieza,1,1200,1200
4819,2026-06-17,Tienda Centro,Pañales,Bebé,1,8000,8000
4819,2026-06-17,Tienda Centro,Toallitas húmedas,Bebé,1,2200,2200
4819,2026-06-17,Tienda Centro,Té,Café/Té,1,2500,2500
4820,2026-07-15,Tienda Mall,Cerveza,Alcohol,2,3500,7000
4820,2026-07-15,Tienda Mall,Detergente,Limpieza,1,5500,5500
4820,2026-07-15,Tienda Mall,Esponjas,Limpieza,1,1200,1200
4820,2026-07-15,Tienda Mall,Papas fritas,Snacks,1,1800,1800
4821,2026-07-31,Tienda Sur,Azúcar,Café/Té,1,1300,1300
4821,2026-07-31,Tienda Sur,Té,Café/Té,2,2500,5000
4822,2026-07-27,Tienda Norte,Cloro,Limpieza,2,1400,2800
4822,2026-07-27,Tienda Norte,Detergente,Limpieza,1,5500,5500
4823,2026-07-08,Tienda Sur,Jugo naranja,Bebidas,1,1600,1600
4823,2026-07-08,Tienda Sur,Mantequilla,Lácteos,1,2500,2500
4823,2026-07-08,Tienda Sur,Pan hallulla,Panadería,1,1500,1500
4824,2026-07-12,Tienda Sur,Azúcar,Café/Té,1,1300,1300
4824,2026-07-12,Tienda Sur,Mantequilla,Lácteos,1,2500,2500
4824,2026-07-12,Tienda Sur,Té,Café/Té,1,2500,2500
4825,2026-07-12,Tienda Norte,Azúcar,Café/Té,1,1300,1300
4825,2026-07-12,Tienda Norte,Pan hallulla,Panadería,1,1500,1500
4825,2026-07-12,Tienda Norte,Pan molde,Panadería,1,1800,1800
4825,2026-07-12,Tienda Norte,Queso,Lácteos,1,4500,4500
4825,2026-07-12,Tienda Norte,Vino tinto,Alcohol,3,5000,15000
4826,2026-07-17,Tienda Norte,Papas fritas,Snacks,1,1800,1800
4826,2026-07-17,Tienda Norte,Té,Café/Té,2,2500,5000
4827,2026-08-11,Tienda Norte,Queso,Lácteos,1,4500,4500
4828,2026-05-29,Tienda Centro,Azúcar,Café/Té,1,1300,1300
4828,2026-05-29,Tienda Centro,Croissant,Panadería,2,900,1800
4828,2026-05-29,Tienda Centro,Maní,Snacks,1,1200,1200
4828,2026-05-29,Tienda Centro,Pañales,Bebé,3,8000,24000
4829,2026-07-09,Tienda Norte,Agua mineral,Bebidas,1,900,900
4830,2026-08-17,Tienda Centro,Azúcar,Café/Té,1,1300,1300
4830,2026-08-17,Tienda Centro,Galletas,Snacks,1,1000,1000
4830,2026-08-17,Tienda Centro,Mantequilla,Lácteos,2,2500,5000
4830,2026-08-17,Tienda Centro,Pan hallulla,Panadería,1,1500,1500
4830,2026-08-17,Tienda Centro,Pan molde,Panadería,2,1800,3600
4831,2026-06-08,Tienda Mall,Azúcar,Café/Té,1,1300,1300
4831,2026-06-08,Tienda Mall,Bebida cola,Bebidas,2,1500,3000
4831,2026-06-08,Tienda Mall,Papas fritas,Snacks,1,1800,1800
4832,2026-08-02,Tienda Mall,Agua mineral,Bebidas,1,900,900
4832,2026-08-02,Tienda Mall,Cerveza,Alcohol,2,3500,7000
4832,2026-08-02,Tienda Mall,Maní,Snacks,2,1200,2400
4832,2026-08-02,Tienda Mall,Papas fritas,Snacks,3,1800,5400
4832,2026-08-02,Tienda Mall,Toallitas húmedas,Bebé,1,2200,2200
4833,2026-07-26,Tienda Sur,Mantequilla,Lácteos,1,2500,2500
4833,2026-07-26,Tienda Sur,Té,Café/Té,1,2500,2500
4834,2026-08-10,Tienda Centro,Cloro,Limpieza,1,1400,1400
4834,2026-08-10,Tienda Centro,Croissant,Panadería,1,900,900
4834,2026-08-10,Tienda Centro,Toallitas húmedas,Bebé,2,2200,4400
4835,2026-07-21,Tienda Sur,Cloro,Limpieza,1,1400,1400
4835,2026-07-21,Tienda Sur,Detergente,Limpieza,1,5500,5500
4835,2026-07-21,Tienda Sur,Esponjas,Limpieza,1,1200,1200
4836,2026-05-27,Tienda Sur,Galletas,Snacks,1,1000,1000
4837,2026-08-08,Tienda Norte,Galletas,Snacks,2,1000,2000
4837,2026-08-08,Tienda Norte,Toallitas húmedas,Bebé,1,2200,2200
4837,2026-08-08,Tienda Norte,Yogurt,Lácteos,1,800,800
4838,2026-08-16,Tienda Centro,Agua mineral,Bebidas,1,900,900
4838,2026-08-16,Tienda Centro,Azúcar,Café/Té,1,1300,1300
4839,2026-08-06,Tienda Centro,Azúcar,Café/Té,2,1300,2600
4839,2026-08-06,Tienda Centro,Té,Café/Té,1,2500,2500
4839,2026-08-06,Tienda Centro,Yogurt,Lácteos,2,800,1600
4840,2026-06-23,Tienda Sur,Pan hallulla,Panadería,1,1500,1500
4840,2026-06-23,Tienda Sur,Queso,Lácteos,2,4500,9000
4841,2026-07-25,Tienda Mall,Azúcar,Café/Té,1,1300,1300
4841,2026-07-25,Tienda Mall,Pan molde,Panadería,1,1800,1800
4842,2026-05-27,Tienda Centro,Croissant,Panadería,2,900,1800
4842,2026-05-27,Tienda Centro,Pan molde,Panadería,3,1800,5400
4843,2026-08-12,Tienda Sur,Cloro,Limpieza,1,1400,1400
4843,2026-08-12,Tienda Sur,Mantequilla,Lácteos,1,2500,2500
4844,2026-07-01,Tienda Sur,Detergente,Limpieza,1,5500,5500
4844,2026-07-01,Tienda Sur,Esponjas,Limpieza,1,1200,1200
4844,2026-07-01,Tienda Sur,Maní,Snacks,1,1200,1200
4844,2026-07-01,Tienda Sur,Vino tinto,Alcohol,1,5000,5000
4845,2026-08-16,Tienda Centro,Queso,Lácteos,1,4500,4500
4846,2026-06-08,Tienda Sur,Detergente,Limpieza,1,5500,5500
4846,2026-06-08,Tienda Sur,Esponjas,Limpieza,1,1200,1200
4846,2026-06-08,Tienda Sur,Jugo naranja,Bebidas,1,1600,1600
4846,2026-06-08,Tienda Sur,Toallitas húmedas,Bebé,2,2200,4400
4847,2026-06-03,Tienda Centro,Detergente,Limpieza,1,5500,5500
4847,2026-06-03,Tienda Centro,Esponjas,Limpieza,1,1200,1200
4847,2026-06-03,Tienda Centro,Galletas,Snacks,1,1000,1000
4848,2026-07-05,Tienda Mall,Azúcar,Café/Té,1,1300,1300
4848,2026-07-05,Tienda Mall,Jugo naranja,Bebidas,1,1600,1600
4848,2026-07-05,Tienda Mall,Yogurt,Lácteos,1,800,800
4849,2026-05-26,Tienda Norte,Cloro,Limpieza,1,1400,1400
4849,2026-05-26,Tienda Norte,Mantequilla,Lácteos,1,2500,2500
4850,2026-08-07,Tienda Centro,Cloro,Limpieza,1,1400,1400
4850,2026-08-07,Tienda Centro,Esponjas,Limpieza,1,1200,1200
4850,2026-08-07,Tienda Centro,Pan hallulla,Panadería,1,1500,1500
4851,2026-08-14,Tienda Centro,Agua mineral,Bebidas,1,900,900
4851,2026-08-14,Tienda Centro,Mantequilla,Lácteos,1,2500,2500
4852,2026-06-13,Tienda Centro,Azúcar,Café/Té,1,1300,1300
4852,2026-06-13,Tienda Centro,Café,Café/Té,1,4000,4000
4852,2026-06-13,Tienda Centro,Pañales,Bebé,1,8000,8000
4853,2026-06-12,Tienda Mall,Galletas,Snacks,1,1000,1000
4853,2026-06-12,Tienda Mall,Vino tinto,Alcohol,1,5000,5000
4854,2026-07-11,Tienda Sur,Azúcar,Café/Té,1,1300,1300
4854,2026-07-11,Tienda Sur,Maní,Snacks,1,1200,1200
4854,2026-07-11,Tienda Sur,Pan molde,Panadería,1,1800,1800
4854,2026-07-11,Tienda Sur,Queso,Lácteos,2,4500,9000
4854,2026-07-11,Tienda Sur,Vino tinto,Alcohol,1,5000,5000
4855,2026-06-03,Tienda Norte,Mantequilla,Lácteos,1,2500,2500
4855,2026-06-03,Tienda Norte,Pan hallulla,Panadería,1,1500,1500
4856,2026-06-20,Tienda Norte,Azúcar,Café/Té,1,1300,1300
4856,2026-06-20,Tienda Norte,Toallitas húmedas,Bebé,1,2200,2200
4856,2026-06-20,Tienda Norte,Té,Café/Té,3,2500,7500
4857,2026-06-25,Tienda Sur,Jugo naranja,Bebidas,1,1600,1600
4857,2026-06-25,Tienda Sur,Leche,Lácteos,1,1200,1200
4858,2026-05-24,Tienda Sur,Azúcar,Café/Té,1,1300,1300
4858,2026-05-24,Tienda Sur,Café,Café/Té,1,4000,4000
4858,2026-05-24,Tienda Sur,Papas fritas,Snacks,1,1800,1800
4858,2026-05-24,Tienda Sur,Queso,Lácteos,1,4500,4500
4859,2026-07-09,Tienda Centro,Detergente,Limpieza,1,5500,5500
4860,2026-07-03,Tienda Sur,Cerveza,Alcohol,1,3500,3500
4860,2026-07-03,Tienda Sur,Pañales,Bebé,2,8000,16000
4860,2026-07-03,Tienda Sur,Toallitas húmedas,Bebé,1,2200,2200
4860,2026-07-03,Tienda Sur,Yogurt,Lácteos,1,800,800
4861,2026-08-06,Tienda Mall,Azúcar,Café/Té,1,1300,1300
4861,2026-08-06,Tienda Mall,Croissant,Panadería,1,900,900
4861,2026-08-06,Tienda Mall,Galletas,Snacks,1,1000,1000
4861,2026-08-06,Tienda Mall,Té,Café/Té,2,2500,5000
4862,2026-06-26,Tienda Norte,Agua mineral,Bebidas,1,900,900
4862,2026-06-26,Tienda Norte,Azúcar,Café/Té,1,1300,1300
4863,2026-08-03,Tienda Sur,Agua mineral,Bebidas,1,900,900
4863,2026-08-03,Tienda Sur,Galletas,Snacks,1,1000,1000
4863,2026-08-03,Tienda Sur,Leche,Lácteos,2,1200,2400
4864,2026-07-19,Tienda Sur,Azúcar,Café/Té,1,1300,1300
4864,2026-07-19,Tienda Sur,Café,Café/Té,1,4000,4000
4864,2026-07-19,Tienda Sur,Cloro,Limpieza,1,1400,1400
4864,2026-07-19,Tienda Sur,Detergente,Limpieza,1,5500,5500
4864,2026-07-19,Tienda Sur,Galletas,Snacks,3,1000,3000
4864,2026-07-19,Tienda Sur,Jugo naranja,Bebidas,1,1600,1600
4864,2026-07-19,Tienda Sur,Queso,Lácteos,2,4500,9000
4865,2026-07-08,Tienda Sur,Azúcar,Café/Té,2,1300,2600
4865,2026-07-08,Tienda Sur,Cerveza,Alcohol,2,3500,7000
4865,2026-07-08,Tienda Sur,Cloro,Limpieza,1,1400,1400
4865,2026-07-08,Tienda Sur,Maní,Snacks,1,1200,1200
4865,2026-07-08,Tienda Sur,Pan hallulla,Panadería,1,1500,1500
4865,2026-07-08,Tienda Sur,Queso,Lácteos,2,4500,9000
4865,2026-07-08,Tienda Sur,Té,Café/Té,2,2500,5000
4866,2026-06-13,Tienda Centro,Maní,Snacks,1,1200,1200
4867,2026-06-29,Tienda Mall,Detergente,Limpieza,3,5500,16500
4867,2026-06-29,Tienda Mall,Mantequilla,Lácteos,3,2500,7500
4868,2026-08-07,Tienda Sur,Galletas,Snacks,1,1000,1000
4868,2026-08-07,Tienda Sur,Maní,Snacks,1,1200,1200
4869,2026-06-01,Tienda Norte,Bebida cola,Bebidas,1,1500,1500
4869,2026-06-01,Tienda Norte,Croissant,Panadería,1,900,900
4869,2026-06-01,Tienda Norte,Papas fritas,Snacks,1,1800,1800
4870,2026-07-25,Tienda Norte,Jugo naranja,Bebidas,1,1600,1600
4870,2026-07-25,Tienda Norte,Leche,Lácteos,1,1200,1200
4871,2026-06-22,Tienda Sur,Queso,Lácteos,1,4500,4500
4871,2026-06-22,Tienda Sur,Yogurt,Lácteos,1,800,800
4872,2026-07-25,Tienda Centro,Cerveza,Alcohol,1,3500,3500
4872,2026-07-25,Tienda Centro,Jugo naranja,Bebidas,1,1600,1600
4872,2026-07-25,Tienda Centro,Maní,Snacks,1,1200,1200
4872,2026-07-25,Tienda Centro,Queso,Lácteos,1,4500,4500
4872,2026-07-25,Tienda Centro,Vino tinto,Alcohol,1,5000,5000
4872,2026-07-25,Tienda Centro,Yogurt,Lácteos,1,800,800
4873,2026-06-25,Tienda Norte,Maní,Snacks,1,1200,1200
4873,2026-06-25,Tienda Norte,Queso,Lácteos,2,4500,9000
4874,2026-06-08,Tienda Norte,Agua mineral,Bebidas,1,900,900
4875,2026-05-24,Tienda Norte,Croissant,Panadería,1,900,900
4875,2026-05-24,Tienda Norte,Pan hallulla,Panadería,1,1500,1500
4875,2026-05-24,Tienda Norte,Queso,Lácteos,1,4500,4500
4876,2026-06-26,Tienda Sur,Agua mineral,Bebidas,1,900,900
4876,2026-06-26,Tienda Sur,Cloro,Limpieza,1,1400,1400
4877,2026-07-07,Tienda Norte,Papas fritas,Snacks,2,1800,3600
4877,2026-07-07,Tienda Norte,Queso,Lácteos,1,4500,4500
4877,2026-07-07,Tienda Norte,Vino tinto,Alcohol,1,5000,5000
4878,2026-07-29,Tienda Mall,Yogurt,Lácteos,1,800,800
4879,2026-06-01,Tienda Sur,Agua mineral,Bebidas,1,900,900
4879,2026-06-01,Tienda Sur,Cloro,Limpieza,2,1400,2800
4879,2026-06-01,Tienda Sur,Croissant,Panadería,3,900,2700
4880,2026-06-01,Tienda Mall,Queso,Lácteos,1,4500,4500
4881,2026-07-23,Tienda Sur,Cloro,Limpieza,1,1400,1400
4882,2026-07-05,Tienda Norte,Detergente,Limpieza,1,5500,5500
4882,2026-07-05,Tienda Norte,Mantequilla,Lácteos,1,2500,2500
4883,2026-06-08,Tienda Norte,Cerveza,Alcohol,1,3500,3500
4883,2026-06-08,Tienda Norte,Maní,Snacks,1,1200,1200
4883,2026-06-08,Tienda Norte,Vino tinto,Alcohol,1,5000,5000
4884,2026-06-17,Tienda Centro,Vino tinto,Alcohol,2,5000,10000
4885,2026-06-06,Tienda Mall,Cloro,Limpieza,1,1400,1400
4885,2026-06-06,Tienda Mall,Detergente,Limpieza,2,5500,11000
4885,2026-06-06,Tienda Mall,Esponjas,Limpieza,1,1200,1200
4885,2026-06-06,Tienda Mall,Yogurt,Lácteos,2,800,1600
4886,2026-08-13,Tienda Norte,Papas fritas,Snacks,1,1800,1800
4886,2026-08-13,Tienda Norte,Queso,Lácteos,1,4500,4500
4886,2026-08-13,Tienda Norte,Vino tinto,Alcohol,1,5000,5000
4887,2026-06-08,Tienda Sur,Galletas,Snacks,1,1000,1000
4887,2026-06-08,Tienda Sur,Pañales,Bebé,1,8000,8000
4887,2026-06-08,Tienda Sur,Toallitas húmedas,Bebé,2,2200,4400
4888,2026-07-05,Tienda Mall,Mantequilla,Lácteos,1,2500,2500
4888,2026-07-05,Tienda Mall,Pan molde,Panadería,1,1800,1800
4888,2026-07-05,Tienda Mall,Queso,Lácteos,1,4500,4500
4888,2026-07-05,Tienda Mall,Té,Café/Té,1,2500,2500
4889,2026-06-27,Tienda Sur,Pan molde,Panadería,1,1800,1800
4889,2026-06-27,Tienda Sur,Queso,Lácteos,2,4500,9000
4889,2026-06-27,Tienda Sur,Vino tinto,Alcohol,1,5000,5000
4890,2026-06-30,Tienda Centro,Azúcar,Café/Té,2,1300,2600
4890,2026-06-30,Tienda Centro,Cerveza,Alcohol,2,3500,7000
4890,2026-06-30,Tienda Centro,Papas fritas,Snacks,1,1800,1800
4891,2026-06-14,Tienda Norte,Agua mineral,Bebidas,1,900,900
4891,2026-06-14,Tienda Norte,Mantequilla,Lácteos,1,2500,2500
4891,2026-06-14,Tienda Norte,Pan hallulla,Panadería,1,1500,1500
4891,2026-06-14,Tienda Norte,Queso,Lácteos,1,4500,4500
4892,2026-07-13,Tienda Mall,Bebida cola,Bebidas,1,1500,1500
4892,2026-07-13,Tienda Mall,Leche,Lácteos,1,1200,1200
4892,2026-07-13,Tienda Mall,Papas fritas,Snacks,1,1800,1800
4893,2026-05-31,Tienda Sur,Azúcar,Café/Té,1,1300,1300
4893,2026-05-31,Tienda Sur,Mantequilla,Lácteos,1,2500,2500
4893,2026-05-31,Tienda Sur,Pan hallulla,Panadería,1,1500,1500
4893,2026-05-31,Tienda Sur,Papas fritas,Snacks,2,1800,3600
4894,2026-06-04,Tienda Sur,Mantequilla,Lácteos,1,2500,2500
4895,2026-07-01,Tienda Sur,Agua mineral,Bebidas,2,900,1800
4896,2026-06-08,Tienda Norte,Mantequilla,Lácteos,2,2500,5000
4896,2026-06-08,Tienda Norte,Pan molde,Panadería,1,1800,1800
4896,2026-06-08,Tienda Norte,Queso,Lácteos,1,4500,4500
4897,2026-06-05,Tienda Mall,Toallitas húmedas,Bebé,1,2200,2200
4897,2026-06-05,Tienda Mall,Yogurt,Lácteos,1,800,800
4898,2026-06-22,Tienda Norte,Cerveza,Alcohol,1,3500,3500
4898,2026-06-22,Tienda Norte,Detergente,Limpieza,1,5500,5500
4898,2026-06-22,Tienda Norte,Pañales,Bebé,1,8000,8000
4899,2026-07-07,Tienda Centro,Azúcar,Café/Té,1,1300,1300
4899,2026-07-07,Tienda Centro,Café,Café/Té,1,4000,4000
4899,2026-07-07,Tienda Centro,Maní,Snacks,2,1200,2400
4899,2026-07-07,Tienda Centro,Yogurt,Lácteos,2,800,1600
4900,2026-06-25,Tienda Centro,Azúcar,Café/Té,1,1300,1300
4900,2026-06-25,Tienda Centro,Galletas,Snacks,3,1000,3000
4900,2026-06-25,Tienda Centro,Toallitas húmedas,Bebé,1,2200,2200
4901,2026-05-28,Tienda Sur,Queso,Lácteos,1,4500,4500
4902,2026-07-18,Tienda Centro,Bebida cola,Bebidas,1,1500,1500
4902,2026-07-18,Tienda Centro,Papas fritas,Snacks,1,1800,1800
4903,2026-07-21,Tienda Norte,Azúcar,Café/Té,1,1300,1300
4903,2026-07-21,Tienda Norte,Café,Café/Té,1,4000,4000
4903,2026-07-21,Tienda Norte,Cerveza,Alcohol,1,3500,3500
4903,2026-07-21,Tienda Norte,Maní,Snacks,2,1200,2400
4903,2026-07-21,Tienda Norte,Yogurt,Lácteos,1,800,800
4904,2026-08-01,Tienda Mall,Azúcar,Café/Té,2,1300,2600
4904,2026-08-01,Tienda Mall,Galletas,Snacks,1,1000,1000
4904,2026-08-01,Tienda Mall,Queso,Lácteos,1,4500,4500
4905,2026-07-23,Tienda Norte,Maní,Snacks,1,1200,1200
4906,2026-06-09,Tienda Norte,Yogurt,Lácteos,3,800,2400
4907,2026-06-17,Tienda Norte,Croissant,Panadería,1,900,900
4907,2026-06-17,Tienda Norte,Queso,Lácteos,3,4500,13500
4908,2026-06-11,Tienda Norte,Mantequilla,Lácteos,1,2500,2500
4908,2026-06-11,Tienda Norte,Pan molde,Panadería,1,1800,1800
4908,2026-06-11,Tienda Norte,Toallitas húmedas,Bebé,2,2200,4400
4909,2026-05-25,Tienda Centro,Cerveza,Alcohol,3,3500,10500
4909,2026-05-25,Tienda Centro,Croissant,Panadería,1,900,900
4909,2026-05-25,Tienda Centro,Jugo naranja,Bebidas,1,1600,1600
4909,2026-05-25,Tienda Centro,Maní,Snacks,1,1200,1200
4909,2026-05-25,Tienda Centro,Yogurt,Lácteos,1,800,800
4910,2026-08-13,Tienda Norte,Bebida cola,Bebidas,1,1500,1500
4910,2026-08-13,Tienda Norte,Esponjas,Limpieza,1,1200,1200
4911,2026-06-09,Tienda Norte,Galletas,Snacks,1,1000,1000
4912,2026-07-04,Tienda Norte,Azúcar,Café/Té,1,1300,1300
4912,2026-07-04,Tienda Norte,Bebida cola,Bebidas,1,1500,1500
4912,2026-07-04,Tienda Norte,Queso,Lácteos,1,4500,4500
4913,2026-08-07,Tienda Centro,Cerveza,Alcohol,1,3500,3500
4913,2026-08-07,Tienda Centro,Maní,Snacks,1,1200,1200
4913,2026-08-07,Tienda Centro,Pan molde,Panadería,1,1800,1800
4913,2026-08-07,Tienda Centro,Papas fritas,Snacks,1,1800,1800
4913,2026-08-07,Tienda Centro,Queso,Lácteos,3,4500,13500
4913,2026-08-07,Tienda Centro,Toallitas húmedas,Bebé,1,2200,2200
4914,2026-07-20,Tienda Norte,Cloro,Limpieza,1,1400,1400
4914,2026-07-20,Tienda Norte,Esponjas,Limpieza,1,1200,1200
4915,2026-05-20,Tienda Mall,Azúcar,Café/Té,1,1300,1300
4915,2026-05-20,Tienda Mall,Croissant,Panadería,1,900,900
4915,2026-05-20,Tienda Mall,Maní,Snacks,2,1200,2400
4916,2026-07-09,Tienda Mall,Cloro,Limpieza,1,1400,1400
4916,2026-07-09,Tienda Mall,Detergente,Limpieza,1,5500,5500
4916,2026-07-09,Tienda Mall,Queso,Lácteos,1,4500,4500
4916,2026-07-09,Tienda Mall,Vino tinto,Alcohol,2,5000,10000
4917,2026-05-25,Tienda Mall,Cloro,Limpieza,1,1400,1400
4917,2026-05-25,Tienda Mall,Mantequilla,Lácteos,3,2500,7500
4918,2026-08-12,Tienda Centro,Cerveza,Alcohol,1,3500,3500
4918,2026-08-12,Tienda Centro,Cloro,Limpieza,2,1400,2800
4918,2026-08-12,Tienda Centro,Mantequilla,Lácteos,2,2500,5000
4919,2026-06-02,Tienda Centro,Mantequilla,Lácteos,1,2500,2500
4919,2026-06-02,Tienda Centro,Maní,Snacks,1,1200,1200
4919,2026-06-02,Tienda Centro,Pan hallulla,Panadería,1,1500,1500
4919,2026-06-02,Tienda Centro,Queso,Lácteos,1,4500,4500
4919,2026-06-02,Tienda Centro,Vino tinto,Alcohol,1,5000,5000
4920,2026-08-10,Tienda Sur,Cerveza,Alcohol,2,3500,7000
4920,2026-08-10,Tienda Sur,Jugo naranja,Bebidas,2,1600,3200
4920,2026-08-10,Tienda Sur,Maní,Snacks,1,1200,1200
4920,2026-08-10,Tienda Sur,Papas fritas,Snacks,1,1800,1800
4920,2026-08-10,Tienda Sur,Pañales,Bebé,2,8000,16000
4920,2026-08-10,Tienda Sur,Toallitas húmedas,Bebé,1,2200,2200
4921,2026-06-29,Tienda Sur,Bebida cola,Bebidas,1,1500,1500
4921,2026-06-29,Tienda Sur,Mantequilla,Lácteos,1,2500,2500
4921,2026-06-29,Tienda Sur,Maní,Snacks,2,1200,2400
4922,2026-08-17,Tienda Norte,Mantequilla,Lácteos,2,2500,5000
4922,2026-08-17,Tienda Norte,Vino tinto,Alcohol,1,5000,5000
4923,2026-06-04,Tienda Centro,Cerveza,Alcohol,1,3500,3500
4923,2026-06-04,Tienda Centro,Cloro,Limpieza,2,1400,2800
4923,2026-06-04,Tienda Centro,Maní,Snacks,2,1200,2400
4923,2026-06-04,Tienda Centro,Papas fritas,Snacks,1,1800,1800
4924,2026-05-29,Tienda Norte,Queso,Lácteos,2,4500,9000
4924,2026-05-29,Tienda Norte,Vino tinto,Alcohol,1,5000,5000
4925,2026-08-03,Tienda Mall,Azúcar,Café/Té,1,1300,1300
4925,2026-08-03,Tienda Mall,Galletas,Snacks,1,1000,1000
4926,2026-08-08,Tienda Mall,Azúcar,Café/Té,3,1300,3900
4926,2026-08-08,Tienda Mall,Té,Café/Té,1,2500,2500
4926,2026-08-08,Tienda Mall,Yogurt,Lácteos,1,800,800
4927,2026-08-12,Tienda Centro,Croissant,Panadería,1,900,900
4927,2026-08-12,Tienda Centro,Pan hallulla,Panadería,1,1500,1500
4928,2026-06-26,Tienda Centro,Cloro,Limpieza,1,1400,1400
4928,2026-06-26,Tienda Centro,Detergente,Limpieza,1,5500,5500
4928,2026-06-26,Tienda Centro,Esponjas,Limpieza,1,1200,1200
4928,2026-06-26,Tienda Centro,Toallitas húmedas,Bebé,1,2200,2200
4929,2026-05-22,Tienda Centro,Croissant,Panadería,2,900,1800
4929,2026-05-22,Tienda Centro,Pañales,Bebé,1,8000,8000
4930,2026-06-10,Tienda Norte,Jugo naranja,Bebidas,1,1600,1600
4930,2026-06-10,Tienda Norte,Pañales,Bebé,1,8000,8000
4930,2026-06-10,Tienda Norte,Yogurt,Lácteos,3,800,2400
4931,2026-06-26,Tienda Centro,Croissant,Panadería,1,900,900
4931,2026-06-26,Tienda Centro,Mantequilla,Lácteos,3,2500,7500
4931,2026-06-26,Tienda Centro,Pan hallulla,Panadería,1,1500,1500
4932,2026-07-03,Tienda Sur,Croissant,Panadería,1,900,900
4932,2026-07-03,Tienda Sur,Queso,Lácteos,1,4500,4500
4932,2026-07-03,Tienda Sur,Vino tinto,Alcohol,1,5000,5000
4933,2026-07-12,Tienda Centro,Cloro,Limpieza,1,1400,1400
4933,2026-07-12,Tienda Centro,Detergente,Limpieza,1,5500,5500
4933,2026-07-12,Tienda Centro,Esponjas,Limpieza,1,1200,1200
4933,2026-07-12,Tienda Centro,Galletas,Snacks,1,1000,1000
4933,2026-07-12,Tienda Centro,Vino tinto,Alcohol,1,5000,5000
4934,2026-06-05,Tienda Mall,Cloro,Limpieza,1,1400,1400
4934,2026-06-05,Tienda Mall,Mantequilla,Lácteos,2,2500,5000
4935,2026-07-28,Tienda Mall,Cerveza,Alcohol,2,3500,7000
4935,2026-07-28,Tienda Mall,Maní,Snacks,1,1200,1200
4935,2026-07-28,Tienda Mall,Papas fritas,Snacks,2,1800,3600
4936,2026-06-01,Tienda Sur,Queso,Lácteos,1,4500,4500
4936,2026-06-01,Tienda Sur,Toallitas húmedas,Bebé,1,2200,2200
4936,2026-06-01,Tienda Sur,Vino tinto,Alcohol,1,5000,5000
4937,2026-07-12,Tienda Sur,Agua mineral,Bebidas,3,900,2700
4938,2026-07-22,Tienda Norte,Esponjas,Limpieza,1,1200,1200
4938,2026-07-22,Tienda Norte,Leche,Lácteos,2,1200,2400
4938,2026-07-22,Tienda Norte,Queso,Lácteos,1,4500,4500
4938,2026-07-22,Tienda Norte,Vino tinto,Alcohol,1,5000,5000
4939,2026-06-07,Tienda Sur,Azúcar,Café/Té,1,1300,1300
4939,2026-06-07,Tienda Sur,Cloro,Limpieza,3,1400,4200
4939,2026-06-07,Tienda Sur,Detergente,Limpieza,1,5500,5500
4939,2026-06-07,Tienda Sur,Jugo naranja,Bebidas,1,1600,1600
4940,2026-05-24,Tienda Mall,Bebida cola,Bebidas,1,1500,1500
4940,2026-05-24,Tienda Mall,Cerveza,Alcohol,3,3500,10500
4940,2026-05-24,Tienda Mall,Mantequilla,Lácteos,2,2500,5000
4940,2026-05-24,Tienda Mall,Maní,Snacks,1,1200,1200
4940,2026-05-24,Tienda Mall,Papas fritas,Snacks,1,1800,1800
4941,2026-05-29,Tienda Centro,Agua mineral,Bebidas,2,900,1800
4941,2026-05-29,Tienda Centro,Esponjas,Limpieza,1,1200,1200
4941,2026-05-29,Tienda Centro,Mantequilla,Lácteos,3,2500,7500
4941,2026-05-29,Tienda Centro,Pan hallulla,Panadería,1,1500,1500
4941,2026-05-29,Tienda Centro,Pan molde,Panadería,2,1800,3600
4941,2026-05-29,Tienda Centro,Queso,Lácteos,1,4500,4500
4942,2026-08-17,Tienda Norte,Galletas,Snacks,2,1000,2000
4942,2026-08-17,Tienda Norte,Jugo naranja,Bebidas,1,1600,1600
4943,2026-08-03,Tienda Sur,Agua mineral,Bebidas,1,900,900
4943,2026-08-03,Tienda Sur,Cloro,Limpieza,1,1400,1400
4943,2026-08-03,Tienda Sur,Detergente,Limpieza,1,5500,5500
4943,2026-08-03,Tienda Sur,Vino tinto,Alcohol,1,5000,5000
4944,2026-07-27,Tienda Mall,Agua mineral,Bebidas,1,900,900
4944,2026-07-27,Tienda Mall,Maní,Snacks,2,1200,2400
4944,2026-07-27,Tienda Mall,Papas fritas,Snacks,1,1800,1800
4945,2026-05-28,Tienda Norte,Esponjas,Limpieza,2,1200,2400
4945,2026-05-28,Tienda Norte,Mantequilla,Lácteos,1,2500,2500
4946,2026-06-23,Tienda Norte,Maní,Snacks,1,1200,1200
4947,2026-07-22,Tienda Norte,Azúcar,Café/Té,1,1300,1300
4947,2026-07-22,Tienda Norte,Croissant,Panadería,1,900,900
4947,2026-07-22,Tienda Norte,Galletas,Snacks,1,1000,1000
4947,2026-07-22,Tienda Norte,Té,Café/Té,3,2500,7500
4948,2026-07-23,Tienda Norte,Bebida cola,Bebidas,2,1500,3000
4948,2026-07-23,Tienda Norte,Croissant,Panadería,3,900,2700
4948,2026-07-23,Tienda Norte,Esponjas,Limpieza,1,1200,1200
4948,2026-07-23,Tienda Norte,Papas fritas,Snacks,1,1800,1800
4949,2026-07-30,Tienda Norte,Croissant,Panadería,2,900,1800
4949,2026-07-30,Tienda Norte,Maní,Snacks,1,1200,1200
4949,2026-07-30,Tienda Norte,Papas fritas,Snacks,1,1800,1800
4950,2026-05-30,Tienda Mall,Cerveza,Alcohol,1,3500,3500
4950,2026-05-30,Tienda Mall,Mantequilla,Lácteos,2,2500,5000
4950,2026-05-30,Tienda Mall,Papas fritas,Snacks,1,1800,1800
4950,2026-05-30,Tienda Mall,Pañales,Bebé,2,8000,16000
4951,2026-08-03,Tienda Mall,Azúcar,Café/Té,1,1300,1300
4951,2026-08-03,Tienda Mall,Croissant,Panadería,2,900,1800
4951,2026-08-03,Tienda Mall,Mantequilla,Lácteos,1,2500,2500
4951,2026-08-03,Tienda Mall,Pan molde,Panadería,1,1800,1800
4952,2026-07-20,Tienda Mall,Maní,Snacks,2,1200,2400
4952,2026-07-20,Tienda Mall,Pan molde,Panadería,1,1800,1800
4952,2026-07-20,Tienda Mall,Queso,Lácteos,2,4500,9000
4953,2026-08-04,Tienda Sur,Papas fritas,Snacks,2,1800,3600
4954,2026-08-10,Tienda Mall,Cerveza,Alcohol,1,3500,3500
4954,2026-08-10,Tienda Mall,Esponjas,Limpieza,1,1200,1200
4954,2026-08-10,Tienda Mall,Papas fritas,Snacks,2,1800,3600
4955,2026-05-26,Tienda Centro,Maní,Snacks,1,1200,1200
4955,2026-05-26,Tienda Centro,Pan hallulla,Panadería,2,1500,3000
4955,2026-05-26,Tienda Centro,Queso,Lácteos,2,4500,9000
4956,2026-05-24,Tienda Sur,Croissant,Panadería,2,900,1800
4956,2026-05-24,Tienda Sur,Jugo naranja,Bebidas,2,1600,3200
4956,2026-05-24,Tienda Sur,Maní,Snacks,2,1200,2400
4956,2026-05-24,Tienda Sur,Vino tinto,Alcohol,1,5000,5000
4957,2026-07-12,Tienda Centro,Pan molde,Panadería,1,1800,1800
4957,2026-07-12,Tienda Centro,Vino tinto,Alcohol,3,5000,15000
4958,2026-07-15,Tienda Mall,Leche,Lácteos,2,1200,2400
4959,2026-07-23,Tienda Centro,Azúcar,Café/Té,1,1300,1300
4959,2026-07-23,Tienda Centro,Jugo naranja,Bebidas,1,1600,1600
4959,2026-07-23,Tienda Centro,Toallitas húmedas,Bebé,1,2200,2200
4960,2026-05-21,Tienda Norte,Croissant,Panadería,1,900,900
4961,2026-06-24,Tienda Centro,Azúcar,Café/Té,1,1300,1300
4961,2026-06-24,Tienda Centro,Café,Café/Té,2,4000,8000
4961,2026-06-24,Tienda Centro,Cerveza,Alcohol,1,3500,3500
4961,2026-06-24,Tienda Centro,Galletas,Snacks,2,1000,2000
4961,2026-06-24,Tienda Centro,Maní,Snacks,2,1200,2400
4962,2026-06-02,Tienda Sur,Cloro,Limpieza,1,1400,1400
4962,2026-06-02,Tienda Sur,Detergente,Limpieza,1,5500,5500
4962,2026-06-02,Tienda Sur,Vino tinto,Alcohol,2,5000,10000
4963,2026-07-09,Tienda Centro,Mantequilla,Lácteos,1,2500,2500
4963,2026-07-09,Tienda Centro,Maní,Snacks,3,1200,3600
4963,2026-07-09,Tienda Centro,Pan hallulla,Panadería,2,1500,3000
4963,2026-07-09,Tienda Centro,Pañales,Bebé,2,8000,16000
4963,2026-07-09,Tienda Centro,Queso,Lácteos,1,4500,4500
4963,2026-07-09,Tienda Centro,Toallitas húmedas,Bebé,1,2200,2200
4964,2026-06-29,Tienda Norte,Azúcar,Café/Té,1,1300,1300
4964,2026-06-29,Tienda Norte,Café,Café/Té,1,4000,4000
4964,2026-06-29,Tienda Norte,Esponjas,Limpieza,1,1200,1200
4965,2026-05-27,Tienda Mall,Esponjas,Limpieza,2,1200,2400
4965,2026-05-27,Tienda Mall,Mantequilla,Lácteos,1,2500,2500
4965,2026-05-27,Tienda Mall,Pan molde,Panadería,1,1800,1800
4966,2026-06-07,Tienda Centro,Agua mineral,Bebidas,2,900,1800
4966,2026-06-07,Tienda Centro,Bebida cola,Bebidas,1,1500,1500
4967,2026-08-04,Tienda Centro,Azúcar,Café/Té,1,1300,1300
4967,2026-08-04,Tienda Centro,Café,Café/Té,1,4000,4000
4967,2026-08-04,Tienda Centro,Vino tinto,Alcohol,1,5000,5000
4968,2026-05-22,Tienda Mall,Agua mineral,Bebidas,1,900,900
4968,2026-05-22,Tienda Mall,Jugo naranja,Bebidas,1,1600,1600
4968,2026-05-22,Tienda Mall,Toallitas húmedas,Bebé,1,2200,2200
4969,2026-08-13,Tienda Mall,Cloro,Limpieza,1,1400,1400
4969,2026-08-13,Tienda Mall,Detergente,Limpieza,2,5500,11000
4969,2026-08-13,Tienda Mall,Esponjas,Limpieza,1,1200,1200
4969,2026-08-13,Tienda Mall,Mantequilla,Lácteos,1,2500,2500
4969,2026-08-13,Tienda Mall,Maní,Snacks,1,1200,1200
4970,2026-06-23,Tienda Centro,Papas fritas,Snacks,1,1800,1800
4971,2026-06-12,Tienda Sur,Cerveza,Alcohol,1,3500,3500
4971,2026-06-12,Tienda Sur,Maní,Snacks,1,1200,1200
4971,2026-06-12,Tienda Sur,Vino tinto,Alcohol,1,5000,5000
4972,2026-07-10,Tienda Sur,Pañales,Bebé,1,8000,8000
4972,2026-07-10,Tienda Sur,Queso,Lácteos,1,4500,4500
4972,2026-07-10,Tienda Sur,Toallitas húmedas,Bebé,1,2200,2200
4973,2026-08-05,Tienda Centro,Bebida cola,Bebidas,1,1500,1500
4973,2026-08-05,Tienda Centro,Yogurt,Lácteos,1,800,800
4974,2026-08-09,Tienda Sur,Bebida cola,Bebidas,1,1500,1500
4974,2026-08-09,Tienda Sur,Esponjas,Limpieza,2,1200,2400
4975,2026-06-18,Tienda Mall,Detergente,Limpieza,2,5500,11000
4975,2026-06-18,Tienda Mall,Esponjas,Limpieza,1,1200,1200
4975,2026-06-18,Tienda Mall,Mantequilla,Lácteos,1,2500,2500
4975,2026-06-18,Tienda Mall,Pan hallulla,Panadería,1,1500,1500
4975,2026-06-18,Tienda Mall,Toallitas húmedas,Bebé,1,2200,2200
4976,2026-07-26,Tienda Norte,Cerveza,Alcohol,3,3500,10500
4976,2026-07-26,Tienda Norte,Esponjas,Limpieza,1,1200,1200
4976,2026-07-26,Tienda Norte,Pañales,Bebé,1,8000,8000
4976,2026-07-26,Tienda Norte,Toallitas húmedas,Bebé,3,2200,6600
4976,2026-07-26,Tienda Norte,Yogurt,Lácteos,1,800,800
4977,2026-06-14,Tienda Sur,Cloro,Limpieza,1,1400,1400
4977,2026-06-14,Tienda Sur,Croissant,Panadería,2,900,1800
4978,2026-06-09,Tienda Centro,Café,Café/Té,3,4000,12000
4978,2026-06-09,Tienda Centro,Maní,Snacks,1,1200,1200
4978,2026-06-09,Tienda Centro,Papas fritas,Snacks,1,1800,1800
4979,2026-07-07,Tienda Mall,Azúcar,Café/Té,1,1300,1300
4979,2026-07-07,Tienda Mall,Galletas,Snacks,1,1000,1000
4979,2026-07-07,Tienda Mall,Toallitas húmedas,Bebé,2,2200,4400
4979,2026-07-07,Tienda Mall,Té,Café/Té,2,2500,5000
4980,2026-07-05,Tienda Norte,Azúcar,Café/Té,1,1300,1300
4980,2026-07-05,Tienda Norte,Cerveza,Alcohol,1,3500,3500
4980,2026-07-05,Tienda Norte,Papas fritas,Snacks,2,1800,3600
4980,2026-07-05,Tienda Norte,Queso,Lácteos,1,4500,4500
4981,2026-05-22,Tienda Norte,Azúcar,Café/Té,1,1300,1300
4981,2026-05-22,Tienda Norte,Papas fritas,Snacks,2,1800,3600
4981,2026-05-22,Tienda Norte,Queso,Lácteos,2,4500,9000
4982,2026-07-07,Tienda Mall,Azúcar,Café/Té,3,1300,3900
4982,2026-07-07,Tienda Mall,Leche,Lácteos,1,1200,1200
4982,2026-07-07,Tienda Mall,Pan molde,Panadería,2,1800,3600
4982,2026-07-07,Tienda Mall,Queso,Lácteos,2,4500,9000
4982,2026-07-07,Tienda Mall,Té,Café/Té,3,2500,7500
4983,2026-06-12,Tienda Norte,Cloro,Limpieza,1,1400,1400
4983,2026-06-12,Tienda Norte,Queso,Lácteos,2,4500,9000
4983,2026-06-12,Tienda Norte,Vino tinto,Alcohol,2,5000,10000
4984,2026-06-02,Tienda Centro,Azúcar,Café/Té,1,1300,1300
4984,2026-06-02,Tienda Centro,Café,Café/Té,2,4000,8000
4984,2026-06-02,Tienda Centro,Esponjas,Limpieza,1,1200,1200
4984,2026-06-02,Tienda Centro,Té,Café/Té,1,2500,2500
4985,2026-06-19,Tienda Sur,Croissant,Panadería,1,900,900
4985,2026-06-19,Tienda Sur,Toallitas húmedas,Bebé,1,2200,2200
4985,2026-06-19,Tienda Sur,Yogurt,Lácteos,1,800,800
4986,2026-06-21,Tienda Sur,Azúcar,Café/Té,2,1300,2600
4986,2026-06-21,Tienda Sur,Croissant,Panadería,1,900,900
4986,2026-06-21,Tienda Sur,Té,Café/Té,1,2500,2500
4987,2026-08-11,Tienda Mall,Esponjas,Limpieza,2,1200,2400
4987,2026-08-11,Tienda Mall,Jugo naranja,Bebidas,1,1600,1600
4987,2026-08-11,Tienda Mall,Mantequilla,Lácteos,2,2500,5000
4988,2026-06-28,Tienda Norte,Mantequilla,Lácteos,2,2500,5000
4988,2026-06-28,Tienda Norte,Pan hallulla,Panadería,1,1500,1500
4989,2026-05-27,Tienda Mall,Cerveza,Alcohol,1,3500,3500
4989,2026-05-27,Tienda Mall,Galletas,Snacks,3,1000,3000
4989,2026-05-27,Tienda Mall,Maní,Snacks,1,1200,1200
4989,2026-05-27,Tienda Mall,Papas fritas,Snacks,2,1800,3600
4990,2026-08-09,Tienda Mall,Bebida cola,Bebidas,1,1500,1500
4990,2026-08-09,Tienda Mall,Detergente,Limpieza,1,5500,5500
4990,2026-08-09,Tienda Mall,Esponjas,Limpieza,1,1200,1200
4990,2026-08-09,Tienda Mall,Papas fritas,Snacks,1,1800,1800
4991,2026-07-04,Tienda Centro,Bebida cola,Bebidas,1,1500,1500
4991,2026-07-04,Tienda Centro,Mantequilla,Lácteos,1,2500,2500
4991,2026-07-04,Tienda Centro,Papas fritas,Snacks,1,1800,1800
4991,2026-07-04,Tienda Centro,Toallitas húmedas,Bebé,2,2200,4400
4992,2026-08-16,Tienda Norte,Agua mineral,Bebidas,1,900,900
4992,2026-08-16,Tienda Norte,Bebida cola,Bebidas,1,1500,1500
4992,2026-08-16,Tienda Norte,Cloro,Limpieza,1,1400,1400
4992,2026-08-16,Tienda Norte,Detergente,Limpieza,1,5500,5500
4992,2026-08-16,Tienda Norte,Esponjas,Limpieza,1,1200,1200
4992,2026-08-16,Tienda Norte,Maní,Snacks,2,1200,2400
4993,2026-05-28,Tienda Sur,Croissant,Panadería,1,900,900
4993,2026-05-28,Tienda Sur,Mantequilla,Lácteos,1,2500,2500
4993,2026-05-28,Tienda Sur,Pan molde,Panadería,1,1800,1800
4993,2026-05-28,Tienda Sur,Papas fritas,Snacks,2,1800,3600
4993,2026-05-28,Tienda Sur,Queso,Lácteos,1,4500,4500
4994,2026-08-03,Tienda Norte,Cloro,Limpieza,2,1400,2800
4994,2026-08-03,Tienda Norte,Té,Café/Té,1,2500,2500
4995,2026-08-04,Tienda Mall,Bebida cola,Bebidas,1,1500,1500
4995,2026-08-04,Tienda Mall,Galletas,Snacks,1,1000,1000
4995,2026-08-04,Tienda Mall,Té,Café/Té,1,2500,2500
4996,2026-05-20,Tienda Norte,Azúcar,Café/Té,1,1300,1300
4996,2026-05-20,Tienda Norte,Café,Café/Té,1,4000,4000
4996,2026-05-20,Tienda Norte,Galletas,Snacks,2,1000,2000
4996,2026-05-20,Tienda Norte,Leche,Lácteos,2,1200,2400
4997,2026-07-27,Tienda Norte,Detergente,Limpieza,1,5500,5500
4997,2026-07-27,Tienda Norte,Queso,Lácteos,1,4500,4500
4997,2026-07-27,Tienda Norte,Vino tinto,Alcohol,1,5000,5000
4998,2026-07-08,Tienda Norte,Agua mineral,Bebidas,1,900,900
4998,2026-07-08,Tienda Norte,Cerveza,Alcohol,1,3500,3500
4998,2026-07-08,Tienda Norte,Maní,Snacks,1,1200,1200
4999,2026-07-24,Tienda Norte,Cerveza,Alcohol,1,3500,3500
4999,2026-07-24,Tienda Norte,Queso,Lácteos,1,4500,4500
4999,2026-07-24,Tienda Norte,Toallitas húmedas,Bebé,2,2200,4400
4999,2026-07-24,Tienda Norte,Vino tinto,Alcohol,1,5000,5000
5000,2026-05-24,Tienda Sur,Agua mineral,Bebidas,2,900,1800
5000,2026-05-24,Tienda Sur,Café,Café/Té,1,4000,4000
