fecha,hospital,servicio,turno,camillas_totales,camillas_ocupadas,tasa_ocupacion,pacientes_en_espera,tiempo_espera_min_prom
2026-05-20,Hospital Regional Norte,Urgencias,Mañana,40,31,0.775,0,13
2026-05-20,Hospital Regional Norte,Urgencias,Tarde,40,36,0.9,0,9
2026-05-20,Hospital Regional Norte,Urgencias,Noche,40,40,1.0,4,95
2026-05-20,Hospital Regional Norte,UCI,Mañana,15,11,0.733,0,11
2026-05-20,Hospital Regional Norte,UCI,Tarde,15,13,0.867,0,27
2026-05-20,Hospital Regional Norte,UCI,Noche,15,13,0.867,0,27
2026-05-20,Hospital Regional Norte,Medicina Interna,Mañana,57,47,0.825,0,13
2026-05-20,Hospital Regional Norte,Medicina Interna,Tarde,57,55,0.965,0,15
2026-05-20,Hospital Regional Norte,Medicina Interna,Noche,57,51,0.895,0,15
2026-05-20,Hospital Regional Norte,Cirugía,Mañana,41,28,0.683,0,15
2026-05-20,Hospital Regional Norte,Cirugía,Tarde,41,31,0.756,0,17
2026-05-20,Hospital Regional Norte,Cirugía,Noche,41,21,0.512,0,16
2026-05-20,Hospital Regional Norte,Pediatría,Mañana,30,27,0.9,0,19
2026-05-20,Hospital Regional Norte,Pediatría,Tarde,30,28,0.933,0,22
2026-05-20,Hospital Regional Norte,Pediatría,Noche,30,24,0.8,0,14
2026-05-20,Hospital Regional Norte,Maternidad,Mañana,26,19,0.731,0,16
2026-05-20,Hospital Regional Norte,Maternidad,Tarde,26,21,0.808,0,7
2026-05-20,Hospital Regional Norte,Maternidad,Noche,26,18,0.692,0,12
2026-05-20,Hospital Metropolitano Central,Urgencias,Mañana,42,42,1.0,0,13
2026-05-20,Hospital Metropolitano Central,Urgencias,Tarde,42,41,0.976,1,142
2026-05-20,Hospital Metropolitano Central,Urgencias,Noche,42,42,1.0,4,145
2026-05-20,Hospital Metropolitano Central,UCI,Mañana,17,15,0.882,0,15
2026-05-20,Hospital Metropolitano Central,UCI,Tarde,17,17,1.0,0,24
2026-05-20,Hospital Metropolitano Central,UCI,Noche,17,16,0.941,0,30
2026-05-20,Hospital Metropolitano Central,Medicina Interna,Mañana,61,52,0.852,0,15
2026-05-20,Hospital Metropolitano Central,Medicina Interna,Tarde,61,61,1.0,1,106
2026-05-20,Hospital Metropolitano Central,Medicina Interna,Noche,61,60,0.984,0,12
2026-05-20,Hospital Metropolitano Central,Cirugía,Mañana,41,35,0.854,0,15
2026-05-20,Hospital Metropolitano Central,Cirugía,Tarde,41,34,0.829,0,20
2026-05-20,Hospital Metropolitano Central,Cirugía,Noche,41,25,0.61,0,25
2026-05-20,Hospital Metropolitano Central,Pediatría,Mañana,29,25,0.862,0,12
2026-05-20,Hospital Metropolitano Central,Pediatría,Tarde,29,29,1.0,1,161
2026-05-20,Hospital Metropolitano Central,Pediatría,Noche,29,27,0.931,0,14
2026-05-20,Hospital Metropolitano Central,Maternidad,Mañana,24,17,0.708,0,6
2026-05-20,Hospital Metropolitano Central,Maternidad,Tarde,24,22,0.917,0,15
2026-05-20,Hospital Metropolitano Central,Maternidad,Noche,24,21,0.875,0,18
2026-05-20,Hospital del Valle,Urgencias,Mañana,40,26,0.65,0,24
2026-05-20,Hospital del Valle,Urgencias,Tarde,40,32,0.8,0,21
2026-05-20,Hospital del Valle,Urgencias,Noche,40,33,0.825,0,22
2026-05-20,Hospital del Valle,UCI,Mañana,17,9,0.529,0,8
2026-05-20,Hospital del Valle,UCI,Tarde,17,12,0.706,0,22
2026-05-20,Hospital del Valle,UCI,Noche,17,13,0.765,0,25
2026-05-20,Hospital del Valle,Medicina Interna,Mañana,56,34,0.607,0,10
2026-05-20,Hospital del Valle,Medicina Interna,Tarde,56,40,0.714,0,13
2026-05-20,Hospital del Valle,Medicina Interna,Noche,56,42,0.75,0,10
2026-05-20,Hospital del Valle,Cirugía,Mañana,44,23,0.523,0,25
2026-05-20,Hospital del Valle,Cirugía,Tarde,44,27,0.614,0,25
2026-05-20,Hospital del Valle,Cirugía,Noche,44,20,0.455,0,11
2026-05-20,Hospital del Valle,Pediatría,Mañana,27,19,0.704,0,22
2026-05-20,Hospital del Valle,Pediatría,Tarde,27,21,0.778,0,21
2026-05-20,Hospital del Valle,Pediatría,Noche,27,20,0.741,0,24
2026-05-20,Hospital del Valle,Maternidad,Mañana,23,11,0.478,0,16
2026-05-20,Hospital del Valle,Maternidad,Tarde,23,16,0.696,0,14
2026-05-20,Hospital del Valle,Maternidad,Noche,23,13,0.565,0,12
2026-05-20,Hospital Costa Poniente,Urgencias,Mañana,43,35,0.814,0,7
2026-05-20,Hospital Costa Poniente,Urgencias,Tarde,43,37,0.86,0,7
2026-05-20,Hospital Costa Poniente,Urgencias,Noche,43,43,1.0,1,81
2026-05-20,Hospital Costa Poniente,UCI,Mañana,16,13,0.812,0,10
2026-05-20,Hospital Costa Poniente,UCI,Tarde,16,12,0.75,0,24
2026-05-20,Hospital Costa Poniente,UCI,Noche,16,13,0.812,0,11
2026-05-20,Hospital Costa Poniente,Medicina Interna,Mañana,65,51,0.785,0,11
2026-05-20,Hospital Costa Poniente,Medicina Interna,Tarde,65,55,0.846,0,17
2026-05-20,Hospital Costa Poniente,Medicina Interna,Noche,65,56,0.862,0,25
2026-05-20,Hospital Costa Poniente,Cirugía,Mañana,42,30,0.714,0,19
2026-05-20,Hospital Costa Poniente,Cirugía,Tarde,42,28,0.667,0,12
2026-05-20,Hospital Costa Poniente,Cirugía,Noche,42,19,0.452,0,5
2026-05-20,Hospital Costa Poniente,Pediatría,Mañana,30,21,0.7,0,12
2026-05-20,Hospital Costa Poniente,Pediatría,Tarde,30,22,0.733,0,25
2026-05-20,Hospital Costa Poniente,Pediatría,Noche,30,21,0.7,0,7
2026-05-20,Hospital Costa Poniente,Maternidad,Mañana,27,19,0.704,0,7
2026-05-20,Hospital Costa Poniente,Maternidad,Tarde,27,19,0.704,0,13
2026-05-20,Hospital Costa Poniente,Maternidad,Noche,27,19,0.704,0,11
2026-05-21,Hospital Regional Norte,Urgencias,Mañana,39,34,0.872,0,23
2026-05-21,Hospital Regional Norte,Urgencias,Tarde,39,37,0.949,0,25
2026-05-21,Hospital Regional Norte,Urgencias,Noche,39,39,1.0,2,85
2026-05-21,Hospital Regional Norte,UCI,Mañana,15,12,0.8,0,19
2026-05-21,Hospital Regional Norte,UCI,Tarde,15,14,0.933,0,30
2026-05-21,Hospital Regional Norte,UCI,Noche,15,15,1.0,0,22
2026-05-21,Hospital Regional Norte,Medicina Interna,Mañana,62,54,0.871,0,8
2026-05-21,Hospital Regional Norte,Medicina Interna,Tarde,62,54,0.871,0,11
2026-05-21,Hospital Regional Norte,Medicina Interna,Noche,62,54,0.871,0,9
2026-05-21,Hospital Regional Norte,Cirugía,Mañana,43,30,0.698,0,12
2026-05-21,Hospital Regional Norte,Cirugía,Tarde,43,37,0.86,0,7
2026-05-21,Hospital Regional Norte,Cirugía,Noche,43,25,0.581,0,22
2026-05-21,Hospital Regional Norte,Pediatría,Mañana,26,22,0.846,0,22
2026-05-21,Hospital Regional Norte,Pediatría,Tarde,26,25,0.962,0,17
2026-05-21,Hospital Regional Norte,Pediatría,Noche,26,21,0.808,0,20
2026-05-21,Hospital Regional Norte,Maternidad,Mañana,24,19,0.792,0,6
2026-05-21,Hospital Regional Norte,Maternidad,Tarde,24,18,0.75,0,5
2026-05-21,Hospital Regional Norte,Maternidad,Noche,24,20,0.833,0,13
2026-05-21,Hospital Metropolitano Central,Urgencias,Mañana,43,41,0.953,0,27
2026-05-21,Hospital Metropolitano Central,Urgencias,Tarde,43,43,1.0,1,98
2026-05-21,Hospital Metropolitano Central,Urgencias,Noche,43,43,1.0,3,84
2026-05-21,Hospital Metropolitano Central,UCI,Mañana,15,12,0.8,0,20
2026-05-21,Hospital Metropolitano Central,UCI,Tarde,15,15,1.0,0,15
2026-05-21,Hospital Metropolitano Central,UCI,Noche,15,13,0.867,0,15
2026-05-21,Hospital Metropolitano Central,Medicina Interna,Mañana,52,43,0.827,0,12
2026-05-21,Hospital Metropolitano Central,Medicina Interna,Tarde,52,51,0.981,1,115
2026-05-21,Hospital Metropolitano Central,Medicina Interna,Noche,52,50,0.962,0,23
2026-05-21,Hospital Metropolitano Central,Cirugía,Mañana,46,37,0.804,0,15
2026-05-21,Hospital Metropolitano Central,Cirugía,Tarde,46,44,0.957,0,20
2026-05-21,Hospital Metropolitano Central,Cirugía,Noche,46,27,0.587,0,17
2026-05-21,Hospital Metropolitano Central,Pediatría,Mañana,26,24,0.923,0,12
2026-05-21,Hospital Metropolitano Central,Pediatría,Tarde,26,24,0.923,1,73
2026-05-21,Hospital Metropolitano Central,Pediatría,Noche,26,25,0.962,0,14
2026-05-21,Hospital Metropolitano Central,Maternidad,Mañana,27,23,0.852,0,12
2026-05-21,Hospital Metropolitano Central,Maternidad,Tarde,27,23,0.852,0,10
2026-05-21,Hospital Metropolitano Central,Maternidad,Noche,27,22,0.815,0,22
2026-05-21,Hospital del Valle,Urgencias,Mañana,41,28,0.683,0,25
2026-05-21,Hospital del Valle,Urgencias,Tarde,41,30,0.732,0,22
2026-05-21,Hospital del Valle,Urgencias,Noche,41,34,0.829,0,8
2026-05-21,Hospital del Valle,UCI,Mañana,17,10,0.588,0,8
2026-05-21,Hospital del Valle,UCI,Tarde,17,13,0.765,0,22
2026-05-21,Hospital del Valle,UCI,Noche,17,11,0.647,0,14
2026-05-21,Hospital del Valle,Medicina Interna,Mañana,60,41,0.683,0,11
2026-05-21,Hospital del Valle,Medicina Interna,Tarde,60,45,0.75,0,13
2026-05-21,Hospital del Valle,Medicina Interna,Noche,60,41,0.683,0,13
2026-05-21,Hospital del Valle,Cirugía,Mañana,48,30,0.625,0,7
2026-05-21,Hospital del Valle,Cirugía,Tarde,48,32,0.667,0,13
2026-05-21,Hospital del Valle,Cirugía,Noche,48,18,0.375,0,15
2026-05-21,Hospital del Valle,Pediatría,Mañana,31,21,0.677,0,13
2026-05-21,Hospital del Valle,Pediatría,Tarde,31,21,0.677,0,19
2026-05-21,Hospital del Valle,Pediatría,Noche,31,22,0.71,0,18
2026-05-21,Hospital del Valle,Maternidad,Mañana,25,13,0.52,0,9
2026-05-21,Hospital del Valle,Maternidad,Tarde,25,16,0.64,0,16
2026-05-21,Hospital del Valle,Maternidad,Noche,25,15,0.6,0,9
2026-05-21,Hospital Costa Poniente,Urgencias,Mañana,38,26,0.684,0,16
2026-05-21,Hospital Costa Poniente,Urgencias,Tarde,38,34,0.895,0,6
2026-05-21,Hospital Costa Poniente,Urgencias,Noche,38,38,1.0,1,116
2026-05-21,Hospital Costa Poniente,UCI,Mañana,14,11,0.786,0,18
2026-05-21,Hospital Costa Poniente,UCI,Tarde,14,12,0.857,0,17
2026-05-21,Hospital Costa Poniente,UCI,Noche,14,12,0.857,0,15
2026-05-21,Hospital Costa Poniente,Medicina Interna,Mañana,64,42,0.656,0,15
2026-05-21,Hospital Costa Poniente,Medicina Interna,Tarde,64,55,0.859,0,18
2026-05-21,Hospital Costa Poniente,Medicina Interna,Noche,64,53,0.828,0,12
2026-05-21,Hospital Costa Poniente,Cirugía,Mañana,41,29,0.707,0,8
2026-05-21,Hospital Costa Poniente,Cirugía,Tarde,41,29,0.707,0,6
2026-05-21,Hospital Costa Poniente,Cirugía,Noche,41,24,0.585,0,12
2026-05-21,Hospital Costa Poniente,Pediatría,Mañana,27,22,0.815,0,16
2026-05-21,Hospital Costa Poniente,Pediatría,Tarde,27,21,0.778,0,12
2026-05-21,Hospital Costa Poniente,Pediatría,Noche,27,20,0.741,0,11
2026-05-21,Hospital Costa Poniente,Maternidad,Mañana,24,15,0.625,0,7
2026-05-21,Hospital Costa Poniente,Maternidad,Tarde,24,19,0.792,0,13
2026-05-21,Hospital Costa Poniente,Maternidad,Noche,24,16,0.667,0,21
2026-05-22,Hospital Regional Norte,Urgencias,Mañana,38,35,0.921,0,22
2026-05-22,Hospital Regional Norte,Urgencias,Tarde,38,34,0.895,0,5
2026-05-22,Hospital Regional Norte,Urgencias,Noche,38,38,1.0,4,118
2026-05-22,Hospital Regional Norte,UCI,Mañana,17,13,0.765,0,8
2026-05-22,Hospital Regional Norte,UCI,Tarde,17,16,0.941,0,20
2026-05-22,Hospital Regional Norte,UCI,Noche,17,15,0.882,0,13
2026-05-22,Hospital Regional Norte,Medicina Interna,Mañana,57,48,0.842,0,13
2026-05-22,Hospital Regional Norte,Medicina Interna,Tarde,57,48,0.842,0,18
2026-05-22,Hospital Regional Norte,Medicina Interna,Noche,57,45,0.789,0,22
2026-05-22,Hospital Regional Norte,Cirugía,Mañana,46,37,0.804,0,11
2026-05-22,Hospital Regional Norte,Cirugía,Tarde,46,36,0.783,0,7
2026-05-22,Hospital Regional Norte,Cirugía,Noche,46,30,0.652,0,15
2026-05-22,Hospital Regional Norte,Pediatría,Mañana,30,26,0.867,0,8
2026-05-22,Hospital Regional Norte,Pediatría,Tarde,30,29,0.967,0,19
2026-05-22,Hospital Regional Norte,Pediatría,Noche,30,27,0.9,0,15
2026-05-22,Hospital Regional Norte,Maternidad,Mañana,24,16,0.667,0,9
2026-05-22,Hospital Regional Norte,Maternidad,Tarde,24,18,0.75,0,17
2026-05-22,Hospital Regional Norte,Maternidad,Noche,24,19,0.792,0,10
2026-05-22,Hospital Metropolitano Central,Urgencias,Mañana,40,35,0.875,0,22
2026-05-22,Hospital Metropolitano Central,Urgencias,Tarde,40,40,1.0,1,104
2026-05-22,Hospital Metropolitano Central,Urgencias,Noche,40,40,1.0,5,157
2026-05-22,Hospital Metropolitano Central,UCI,Mañana,15,14,0.933,0,15
2026-05-22,Hospital Metropolitano Central,UCI,Tarde,15,15,1.0,0,30
2026-05-22,Hospital Metropolitano Central,UCI,Noche,15,15,1.0,0,17
2026-05-22,Hospital Metropolitano Central,Medicina Interna,Mañana,61,52,0.852,0,11
2026-05-22,Hospital Metropolitano Central,Medicina Interna,Tarde,61,57,0.934,0,6
2026-05-22,Hospital Metropolitano Central,Medicina Interna,Noche,61,55,0.902,0,20
2026-05-22,Hospital Metropolitano Central,Cirugía,Mañana,45,38,0.844,0,19
2026-05-22,Hospital Metropolitano Central,Cirugía,Tarde,45,39,0.867,0,25
2026-05-22,Hospital Metropolitano Central,Cirugía,Noche,45,29,0.644,0,17
2026-05-22,Hospital Metropolitano Central,Pediatría,Mañana,29,25,0.862,0,25
2026-05-22,Hospital Metropolitano Central,Pediatría,Tarde,29,29,1.0,1,78
2026-05-22,Hospital Metropolitano Central,Pediatría,Noche,29,26,0.897,0,21
2026-05-22,Hospital Metropolitano Central,Maternidad,Mañana,24,19,0.792,0,8
2026-05-22,Hospital Metropolitano Central,Maternidad,Tarde,24,20,0.833,0,19
2026-05-22,Hospital Metropolitano Central,Maternidad,Noche,24,20,0.833,0,22
2026-05-22,Hospital del Valle,Urgencias,Mañana,40,29,0.725,0,19
2026-05-22,Hospital del Valle,Urgencias,Tarde,40,30,0.75,0,21
2026-05-22,Hospital del Valle,Urgencias,Noche,40,34,0.85,0,22
2026-05-22,Hospital del Valle,UCI,Mañana,15,9,0.6,0,20
2026-05-22,Hospital del Valle,UCI,Tarde,15,10,0.667,0,12
2026-05-22,Hospital del Valle,UCI,Noche,15,11,0.733,0,13
2026-05-22,Hospital del Valle,Medicina Interna,Mañana,62,40,0.645,0,25
2026-05-22,Hospital del Valle,Medicina Interna,Tarde,62,42,0.677,0,19
2026-05-22,Hospital del Valle,Medicina Interna,Noche,62,38,0.613,0,14
2026-05-22,Hospital del Valle,Cirugía,Mañana,41,23,0.561,0,22
2026-05-22,Hospital del Valle,Cirugía,Tarde,41,23,0.561,0,9
2026-05-22,Hospital del Valle,Cirugía,Noche,41,17,0.415,0,9
2026-05-22,Hospital del Valle,Pediatría,Mañana,31,18,0.581,0,18
2026-05-22,Hospital del Valle,Pediatría,Tarde,31,22,0.71,0,19
2026-05-22,Hospital del Valle,Pediatría,Noche,31,21,0.677,0,11
2026-05-22,Hospital del Valle,Maternidad,Mañana,26,14,0.538,0,23
2026-05-22,Hospital del Valle,Maternidad,Tarde,26,18,0.692,0,5
2026-05-22,Hospital del Valle,Maternidad,Noche,26,17,0.654,0,23
2026-05-22,Hospital Costa Poniente,Urgencias,Mañana,38,26,0.684,0,16
2026-05-22,Hospital Costa Poniente,Urgencias,Tarde,38,30,0.789,0,17
2026-05-22,Hospital Costa Poniente,Urgencias,Noche,38,38,1.0,1,159
2026-05-22,Hospital Costa Poniente,UCI,Mañana,17,12,0.706,0,24
2026-05-22,Hospital Costa Poniente,UCI,Tarde,17,15,0.882,0,18
2026-05-22,Hospital Costa Poniente,UCI,Noche,17,13,0.765,0,5
2026-05-22,Hospital Costa Poniente,Medicina Interna,Mañana,57,44,0.772,0,17
2026-05-22,Hospital Costa Poniente,Medicina Interna,Tarde,57,48,0.842,0,19
2026-05-22,Hospital Costa Poniente,Medicina Interna,Noche,57,48,0.842,0,24
2026-05-22,Hospital Costa Poniente,Cirugía,Mañana,44,32,0.727,0,23
2026-05-22,Hospital Costa Poniente,Cirugía,Tarde,44,32,0.727,0,5
2026-05-22,Hospital Costa Poniente,Cirugía,Noche,44,20,0.455,0,18
2026-05-22,Hospital Costa Poniente,Pediatría,Mañana,27,20,0.741,0,6
2026-05-22,Hospital Costa Poniente,Pediatría,Tarde,27,21,0.778,0,15
2026-05-22,Hospital Costa Poniente,Pediatría,Noche,27,20,0.741,0,15
2026-05-22,Hospital Costa Poniente,Maternidad,Mañana,23,16,0.696,0,13
2026-05-22,Hospital Costa Poniente,Maternidad,Tarde,23,17,0.739,0,18
2026-05-22,Hospital Costa Poniente,Maternidad,Noche,23,15,0.652,0,7
2026-05-23,Hospital Regional Norte,Urgencias,Mañana,39,39,1.0,0,21
2026-05-23,Hospital Regional Norte,Urgencias,Tarde,39,39,1.0,2,61
2026-05-23,Hospital Regional Norte,Urgencias,Noche,39,39,1.0,5,85
2026-05-23,Hospital Regional Norte,UCI,Mañana,14,10,0.714,0,8
2026-05-23,Hospital Regional Norte,UCI,Tarde,14,12,0.857,0,18
2026-05-23,Hospital Regional Norte,UCI,Noche,14,13,0.929,0,29
2026-05-23,Hospital Regional Norte,Medicina Interna,Mañana,65,53,0.815,0,10
2026-05-23,Hospital Regional Norte,Medicina Interna,Tarde,65,61,0.938,0,8
2026-05-23,Hospital Regional Norte,Medicina Interna,Noche,65,55,0.846,0,14
2026-05-23,Hospital Regional Norte,Cirugía,Mañana,45,34,0.756,0,17
2026-05-23,Hospital Regional Norte,Cirugía,Tarde,45,34,0.756,0,11
2026-05-23,Hospital Regional Norte,Cirugía,Noche,45,22,0.489,0,25
2026-05-23,Hospital Regional Norte,Pediatría,Mañana,27,22,0.815,0,14
2026-05-23,Hospital Regional Norte,Pediatría,Tarde,27,25,0.926,0,13
2026-05-23,Hospital Regional Norte,Pediatría,Noche,27,24,0.889,0,23
2026-05-23,Hospital Regional Norte,Maternidad,Mañana,26,17,0.654,0,18
2026-05-23,Hospital Regional Norte,Maternidad,Tarde,26,20,0.769,0,7
2026-05-23,Hospital Regional Norte,Maternidad,Noche,26,19,0.731,0,15
2026-05-23,Hospital Metropolitano Central,Urgencias,Mañana,34,34,1.0,2,165
2026-05-23,Hospital Metropolitano Central,Urgencias,Tarde,34,34,1.0,4,108
2026-05-23,Hospital Metropolitano Central,Urgencias,Noche,34,34,1.0,7,163
2026-05-23,Hospital Metropolitano Central,UCI,Mañana,17,14,0.824,0,20
2026-05-23,Hospital Metropolitano Central,UCI,Tarde,17,16,0.941,0,28
2026-05-23,Hospital Metropolitano Central,UCI,Noche,17,15,0.882,0,12
2026-05-23,Hospital Metropolitano Central,Medicina Interna,Mañana,55,46,0.836,0,19
2026-05-23,Hospital Metropolitano Central,Medicina Interna,Tarde,55,52,0.945,0,17
2026-05-23,Hospital Metropolitano Central,Medicina Interna,Noche,55,48,0.873,0,20
2026-05-23,Hospital Metropolitano Central,Cirugía,Mañana,48,34,0.708,0,11
2026-05-23,Hospital Metropolitano Central,Cirugía,Tarde,48,39,0.812,0,13
2026-05-23,Hospital Metropolitano Central,Cirugía,Noche,48,27,0.562,0,24
2026-05-23,Hospital Metropolitano Central,Pediatría,Mañana,31,25,0.806,0,5
2026-05-23,Hospital Metropolitano Central,Pediatría,Tarde,31,29,0.935,0,17
2026-05-23,Hospital Metropolitano Central,Pediatría,Noche,31,29,0.935,0,17
2026-05-23,Hospital Metropolitano Central,Maternidad,Mañana,26,20,0.769,0,20
2026-05-23,Hospital Metropolitano Central,Maternidad,Tarde,26,21,0.808,0,5
2026-05-23,Hospital Metropolitano Central,Maternidad,Noche,26,19,0.731,0,12
2026-05-23,Hospital del Valle,Urgencias,Mañana,38,27,0.711,0,23
2026-05-23,Hospital del Valle,Urgencias,Tarde,38,31,0.816,0,22
2026-05-23,Hospital del Valle,Urgencias,Noche,38,38,1.0,1,134
2026-05-23,Hospital del Valle,UCI,Mañana,16,9,0.562,0,13
2026-05-23,Hospital del Valle,UCI,Tarde,16,10,0.625,0,11
2026-05-23,Hospital del Valle,UCI,Noche,16,10,0.625,0,22
2026-05-23,Hospital del Valle,Medicina Interna,Mañana,65,42,0.646,0,11
2026-05-23,Hospital del Valle,Medicina Interna,Tarde,65,41,0.631,0,20
2026-05-23,Hospital del Valle,Medicina Interna,Noche,65,40,0.615,0,23
2026-05-23,Hospital del Valle,Cirugía,Mañana,49,27,0.551,0,14
2026-05-23,Hospital del Valle,Cirugía,Tarde,49,33,0.673,0,11
2026-05-23,Hospital del Valle,Cirugía,Noche,49,20,0.408,0,16
2026-05-23,Hospital del Valle,Pediatría,Mañana,27,15,0.556,0,22
2026-05-23,Hospital del Valle,Pediatría,Tarde,27,17,0.63,0,6
2026-05-23,Hospital del Valle,Pediatría,Noche,27,20,0.741,0,22
2026-05-23,Hospital del Valle,Maternidad,Mañana,23,14,0.609,0,25
2026-05-23,Hospital del Valle,Maternidad,Tarde,23,15,0.652,0,20
2026-05-23,Hospital del Valle,Maternidad,Noche,23,11,0.478,0,5
2026-05-23,Hospital Costa Poniente,Urgencias,Mañana,40,34,0.85,0,19
2026-05-23,Hospital Costa Poniente,Urgencias,Tarde,40,37,0.925,0,6
2026-05-23,Hospital Costa Poniente,Urgencias,Noche,40,40,1.0,5,89
2026-05-23,Hospital Costa Poniente,UCI,Mañana,15,9,0.6,0,25
2026-05-23,Hospital Costa Poniente,UCI,Tarde,15,12,0.8,0,9
2026-05-23,Hospital Costa Poniente,UCI,Noche,15,11,0.733,0,23
2026-05-23,Hospital Costa Poniente,Medicina Interna,Mañana,65,41,0.631,0,12
2026-05-23,Hospital Costa Poniente,Medicina Interna,Tarde,65,46,0.708,0,18
2026-05-23,Hospital Costa Poniente,Medicina Interna,Noche,65,49,0.754,0,24
2026-05-23,Hospital Costa Poniente,Cirugía,Mañana,41,26,0.634,0,19
2026-05-23,Hospital Costa Poniente,Cirugía,Tarde,41,31,0.756,0,14
2026-05-23,Hospital Costa Poniente,Cirugía,Noche,41,22,0.537,0,18
2026-05-23,Hospital Costa Poniente,Pediatría,Mañana,28,20,0.714,0,24
2026-05-23,Hospital Costa Poniente,Pediatría,Tarde,28,24,0.857,0,8
2026-05-23,Hospital Costa Poniente,Pediatría,Noche,28,23,0.821,0,11
2026-05-23,Hospital Costa Poniente,Maternidad,Mañana,25,14,0.56,0,7
2026-05-23,Hospital Costa Poniente,Maternidad,Tarde,25,15,0.6,0,10
2026-05-23,Hospital Costa Poniente,Maternidad,Noche,25,16,0.64,0,10
2026-05-24,Hospital Regional Norte,Urgencias,Mañana,34,33,0.971,0,19
2026-05-24,Hospital Regional Norte,Urgencias,Tarde,34,34,1.0,2,133
2026-05-24,Hospital Regional Norte,Urgencias,Noche,34,34,1.0,4,124
2026-05-24,Hospital Regional Norte,UCI,Mañana,17,13,0.765,0,11
2026-05-24,Hospital Regional Norte,UCI,Tarde,17,14,0.824,0,22
2026-05-24,Hospital Regional Norte,UCI,Noche,17,14,0.824,0,9
2026-05-24,Hospital Regional Norte,Medicina Interna,Mañana,65,54,0.831,0,7
2026-05-24,Hospital Regional Norte,Medicina Interna,Tarde,65,52,0.8,0,14
2026-05-24,Hospital Regional Norte,Medicina Interna,Noche,65,55,0.846,0,23
2026-05-24,Hospital Regional Norte,Cirugía,Mañana,49,34,0.694,0,19
2026-05-24,Hospital Regional Norte,Cirugía,Tarde,49,39,0.796,0,17
2026-05-24,Hospital Regional Norte,Cirugía,Noche,49,30,0.612,0,21
2026-05-24,Hospital Regional Norte,Pediatría,Mañana,30,23,0.767,0,24
2026-05-24,Hospital Regional Norte,Pediatría,Tarde,30,24,0.8,0,18
2026-05-24,Hospital Regional Norte,Pediatría,Noche,30,26,0.867,0,24
2026-05-24,Hospital Regional Norte,Maternidad,Mañana,23,14,0.609,0,23
2026-05-24,Hospital Regional Norte,Maternidad,Tarde,23,18,0.783,0,5
2026-05-24,Hospital Regional Norte,Maternidad,Noche,23,18,0.783,0,13
2026-05-24,Hospital Metropolitano Central,Urgencias,Mañana,40,40,1.0,1,185
2026-05-24,Hospital Metropolitano Central,Urgencias,Tarde,40,40,1.0,3,180
2026-05-24,Hospital Metropolitano Central,Urgencias,Noche,40,40,1.0,12,225
2026-05-24,Hospital Metropolitano Central,UCI,Mañana,15,12,0.8,0,8
2026-05-24,Hospital Metropolitano Central,UCI,Tarde,15,15,1.0,0,25
2026-05-24,Hospital Metropolitano Central,UCI,Noche,15,13,0.867,0,27
2026-05-24,Hospital Metropolitano Central,Medicina Interna,Mañana,52,41,0.788,0,13
2026-05-24,Hospital Metropolitano Central,Medicina Interna,Tarde,52,47,0.904,0,17
2026-05-24,Hospital Metropolitano Central,Medicina Interna,Noche,52,50,0.962,0,10
2026-05-24,Hospital Metropolitano Central,Cirugía,Mañana,46,35,0.761,0,18
2026-05-24,Hospital Metropolitano Central,Cirugía,Tarde,46,35,0.761,0,21
2026-05-24,Hospital Metropolitano Central,Cirugía,Noche,46,26,0.565,0,20
2026-05-24,Hospital Metropolitano Central,Pediatría,Mañana,30,27,0.9,0,11
2026-05-24,Hospital Metropolitano Central,Pediatría,Tarde,30,27,0.9,0,9
2026-05-24,Hospital Metropolitano Central,Pediatría,Noche,30,29,0.967,0,25
2026-05-24,Hospital Metropolitano Central,Maternidad,Mañana,22,18,0.818,0,24
2026-05-24,Hospital Metropolitano Central,Maternidad,Tarde,22,19,0.864,0,10
2026-05-24,Hospital Metropolitano Central,Maternidad,Noche,22,16,0.727,0,5
2026-05-24,Hospital del Valle,Urgencias,Mañana,40,28,0.7,0,8
2026-05-24,Hospital del Valle,Urgencias,Tarde,40,33,0.825,0,8
2026-05-24,Hospital del Valle,Urgencias,Noche,40,40,1.0,1,126
2026-05-24,Hospital del Valle,UCI,Mañana,16,9,0.562,0,20
2026-05-24,Hospital del Valle,UCI,Tarde,16,12,0.75,0,12
2026-05-24,Hospital del Valle,UCI,Noche,16,11,0.688,0,9
2026-05-24,Hospital del Valle,Medicina Interna,Mañana,57,39,0.684,0,21
2026-05-24,Hospital del Valle,Medicina Interna,Tarde,57,41,0.719,0,9
2026-05-24,Hospital del Valle,Medicina Interna,Noche,57,40,0.702,0,13
2026-05-24,Hospital del Valle,Cirugía,Mañana,47,28,0.596,0,15
2026-05-24,Hospital del Valle,Cirugía,Tarde,47,32,0.681,0,21
2026-05-24,Hospital del Valle,Cirugía,Noche,47,19,0.404,0,5
2026-05-24,Hospital del Valle,Pediatría,Mañana,28,16,0.571,0,23
2026-05-24,Hospital del Valle,Pediatría,Tarde,28,20,0.714,0,20
2026-05-24,Hospital del Valle,Pediatría,Noche,28,20,0.714,0,19
2026-05-24,Hospital del Valle,Maternidad,Mañana,25,13,0.52,0,22
2026-05-24,Hospital del Valle,Maternidad,Tarde,25,16,0.64,0,17
2026-05-24,Hospital del Valle,Maternidad,Noche,25,14,0.56,0,15
2026-05-24,Hospital Costa Poniente,Urgencias,Mañana,43,40,0.93,0,12
2026-05-24,Hospital Costa Poniente,Urgencias,Tarde,43,42,0.977,0,23
2026-05-24,Hospital Costa Poniente,Urgencias,Noche,43,43,1.0,5,172
2026-05-24,Hospital Costa Poniente,UCI,Mañana,18,13,0.722,0,25
2026-05-24,Hospital Costa Poniente,UCI,Tarde,18,15,0.833,0,20
2026-05-24,Hospital Costa Poniente,UCI,Noche,18,15,0.833,0,9
2026-05-24,Hospital Costa Poniente,Medicina Interna,Mañana,59,42,0.712,0,8
2026-05-24,Hospital Costa Poniente,Medicina Interna,Tarde,59,49,0.831,0,19
2026-05-24,Hospital Costa Poniente,Medicina Interna,Noche,59,40,0.678,0,19
2026-05-24,Hospital Costa Poniente,Cirugía,Mañana,38,21,0.553,0,25
2026-05-24,Hospital Costa Poniente,Cirugía,Tarde,38,29,0.763,0,7
2026-05-24,Hospital Costa Poniente,Cirugía,Noche,38,18,0.474,0,13
2026-05-24,Hospital Costa Poniente,Pediatría,Mañana,28,21,0.75,0,25
2026-05-24,Hospital Costa Poniente,Pediatría,Tarde,28,20,0.714,0,15
2026-05-24,Hospital Costa Poniente,Pediatría,Noche,28,22,0.786,0,22
2026-05-24,Hospital Costa Poniente,Maternidad,Mañana,24,14,0.583,0,20
2026-05-24,Hospital Costa Poniente,Maternidad,Tarde,24,18,0.75,0,6
2026-05-24,Hospital Costa Poniente,Maternidad,Noche,24,16,0.667,0,12
2026-05-25,Hospital Regional Norte,Urgencias,Mañana,40,36,0.9,0,12
2026-05-25,Hospital Regional Norte,Urgencias,Tarde,40,39,0.975,0,13
2026-05-25,Hospital Regional Norte,Urgencias,Noche,40,40,1.0,4,94
2026-05-25,Hospital Regional Norte,UCI,Mañana,14,11,0.786,0,5
2026-05-25,Hospital Regional Norte,UCI,Tarde,14,12,0.857,0,19
2026-05-25,Hospital Regional Norte,UCI,Noche,14,12,0.857,0,17
2026-05-25,Hospital Regional Norte,Medicina Interna,Mañana,59,49,0.831,0,10
2026-05-25,Hospital Regional Norte,Medicina Interna,Tarde,59,51,0.864,0,7
2026-05-25,Hospital Regional Norte,Medicina Interna,Noche,59,52,0.881,0,17
2026-05-25,Hospital Regional Norte,Cirugía,Mañana,45,31,0.689,0,23
2026-05-25,Hospital Regional Norte,Cirugía,Tarde,45,34,0.756,0,19
2026-05-25,Hospital Regional Norte,Cirugía,Noche,45,27,0.6,0,19
2026-05-25,Hospital Regional Norte,Pediatría,Mañana,27,20,0.741,0,19
2026-05-25,Hospital Regional Norte,Pediatría,Tarde,27,27,1.0,0,15
2026-05-25,Hospital Regional Norte,Pediatría,Noche,27,22,0.815,0,16
2026-05-25,Hospital Regional Norte,Maternidad,Mañana,27,19,0.704,0,18
2026-05-25,Hospital Regional Norte,Maternidad,Tarde,27,22,0.815,0,19
2026-05-25,Hospital Regional Norte,Maternidad,Noche,27,22,0.815,0,11
2026-05-25,Hospital Metropolitano Central,Urgencias,Mañana,44,43,0.977,0,22
2026-05-25,Hospital Metropolitano Central,Urgencias,Tarde,44,44,1.0,1,123
2026-05-25,Hospital Metropolitano Central,Urgencias,Noche,44,44,1.0,6,133
2026-05-25,Hospital Metropolitano Central,UCI,Mañana,16,15,0.938,0,11
2026-05-25,Hospital Metropolitano Central,UCI,Tarde,16,16,1.0,0,19
2026-05-25,Hospital Metropolitano Central,UCI,Noche,16,16,1.0,0,21
2026-05-25,Hospital Metropolitano Central,Medicina Interna,Mañana,54,46,0.852,0,13
2026-05-25,Hospital Metropolitano Central,Medicina Interna,Tarde,54,54,1.0,1,88
2026-05-25,Hospital Metropolitano Central,Medicina Interna,Noche,54,47,0.87,0,25
2026-05-25,Hospital Metropolitano Central,Cirugía,Mañana,46,35,0.761,0,19
2026-05-25,Hospital Metropolitano Central,Cirugía,Tarde,46,37,0.804,0,16
2026-05-25,Hospital Metropolitano Central,Cirugía,Noche,46,31,0.674,0,7
2026-05-25,Hospital Metropolitano Central,Pediatría,Mañana,32,28,0.875,0,18
2026-05-25,Hospital Metropolitano Central,Pediatría,Tarde,32,30,0.938,1,145
2026-05-25,Hospital Metropolitano Central,Pediatría,Noche,32,30,0.938,0,15
2026-05-25,Hospital Metropolitano Central,Maternidad,Mañana,23,19,0.826,0,20
2026-05-25,Hospital Metropolitano Central,Maternidad,Tarde,23,21,0.913,0,20
2026-05-25,Hospital Metropolitano Central,Maternidad,Noche,23,20,0.87,0,19
2026-05-25,Hospital del Valle,Urgencias,Mañana,44,27,0.614,0,12
2026-05-25,Hospital del Valle,Urgencias,Tarde,44,35,0.795,0,17
2026-05-25,Hospital del Valle,Urgencias,Noche,44,42,0.955,0,21
2026-05-25,Hospital del Valle,UCI,Mañana,14,9,0.643,0,13
2026-05-25,Hospital del Valle,UCI,Tarde,14,10,0.714,0,19
2026-05-25,Hospital del Valle,UCI,Noche,14,10,0.714,0,13
2026-05-25,Hospital del Valle,Medicina Interna,Mañana,60,42,0.7,0,16
2026-05-25,Hospital del Valle,Medicina Interna,Tarde,60,39,0.65,0,12
2026-05-25,Hospital del Valle,Medicina Interna,Noche,60,41,0.683,0,24
2026-05-25,Hospital del Valle,Cirugía,Mañana,48,28,0.583,0,24
2026-05-25,Hospital del Valle,Cirugía,Tarde,48,28,0.583,0,7
2026-05-25,Hospital del Valle,Cirugía,Noche,48,23,0.479,0,19
2026-05-25,Hospital del Valle,Pediatría,Mañana,32,20,0.625,0,18
2026-05-25,Hospital del Valle,Pediatría,Tarde,32,21,0.656,0,6
2026-05-25,Hospital del Valle,Pediatría,Noche,32,24,0.75,0,14
2026-05-25,Hospital del Valle,Maternidad,Mañana,27,14,0.519,0,12
2026-05-25,Hospital del Valle,Maternidad,Tarde,27,18,0.667,0,9
2026-05-25,Hospital del Valle,Maternidad,Noche,27,16,0.593,0,16
2026-05-25,Hospital Costa Poniente,Urgencias,Mañana,41,32,0.78,0,22
2026-05-25,Hospital Costa Poniente,Urgencias,Tarde,41,34,0.829,0,9
2026-05-25,Hospital Costa Poniente,Urgencias,Noche,41,41,1.0,1,177
2026-05-25,Hospital Costa Poniente,UCI,Mañana,15,12,0.8,0,6
2026-05-25,Hospital Costa Poniente,UCI,Tarde,15,12,0.8,0,11
2026-05-25,Hospital Costa Poniente,UCI,Noche,15,12,0.8,0,12
2026-05-25,Hospital Costa Poniente,Medicina Interna,Mañana,64,43,0.672,0,16
2026-05-25,Hospital Costa Poniente,Medicina Interna,Tarde,64,53,0.828,0,25
2026-05-25,Hospital Costa Poniente,Medicina Interna,Noche,64,48,0.75,0,17
2026-05-25,Hospital Costa Poniente,Cirugía,Mañana,41,30,0.732,0,19
2026-05-25,Hospital Costa Poniente,Cirugía,Tarde,41,27,0.659,0,11
2026-05-25,Hospital Costa Poniente,Cirugía,Noche,41,22,0.537,0,24
2026-05-25,Hospital Costa Poniente,Pediatría,Mañana,33,22,0.667,0,15
2026-05-25,Hospital Costa Poniente,Pediatría,Tarde,33,26,0.788,0,9
2026-05-25,Hospital Costa Poniente,Pediatría,Noche,33,27,0.818,0,11
2026-05-25,Hospital Costa Poniente,Maternidad,Mañana,22,15,0.682,0,11
2026-05-25,Hospital Costa Poniente,Maternidad,Tarde,22,16,0.727,0,12
2026-05-25,Hospital Costa Poniente,Maternidad,Noche,22,14,0.636,0,9
2026-05-26,Hospital Regional Norte,Urgencias,Mañana,42,36,0.857,0,13
2026-05-26,Hospital Regional Norte,Urgencias,Tarde,42,42,1.0,0,14
2026-05-26,Hospital Regional Norte,Urgencias,Noche,42,42,1.0,4,105
2026-05-26,Hospital Regional Norte,UCI,Mañana,17,13,0.765,0,16
2026-05-26,Hospital Regional Norte,UCI,Tarde,17,16,0.941,0,20
2026-05-26,Hospital Regional Norte,UCI,Noche,17,14,0.824,0,13
2026-05-26,Hospital Regional Norte,Medicina Interna,Mañana,52,45,0.865,0,21
2026-05-26,Hospital Regional Norte,Medicina Interna,Tarde,52,44,0.846,0,7
2026-05-26,Hospital Regional Norte,Medicina Interna,Noche,52,45,0.865,0,16
2026-05-26,Hospital Regional Norte,Cirugía,Mañana,44,30,0.682,0,21
2026-05-26,Hospital Regional Norte,Cirugía,Tarde,44,34,0.773,0,24
2026-05-26,Hospital Regional Norte,Cirugía,Noche,44,22,0.5,0,21
2026-05-26,Hospital Regional Norte,Pediatría,Mañana,28,24,0.857,0,5
2026-05-26,Hospital Regional Norte,Pediatría,Tarde,28,24,0.857,0,20
2026-05-26,Hospital Regional Norte,Pediatría,Noche,28,26,0.929,0,13
2026-05-26,Hospital Regional Norte,Maternidad,Mañana,24,19,0.792,0,7
2026-05-26,Hospital Regional Norte,Maternidad,Tarde,24,21,0.875,0,15
2026-05-26,Hospital Regional Norte,Maternidad,Noche,24,19,0.792,0,7
2026-05-26,Hospital Metropolitano Central,Urgencias,Mañana,35,33,0.943,0,20
2026-05-26,Hospital Metropolitano Central,Urgencias,Tarde,35,35,1.0,1,126
2026-05-26,Hospital Metropolitano Central,Urgencias,Noche,35,35,1.0,4,106
2026-05-26,Hospital Metropolitano Central,UCI,Mañana,16,15,0.938,0,16
2026-05-26,Hospital Metropolitano Central,UCI,Tarde,16,15,0.938,0,23
2026-05-26,Hospital Metropolitano Central,UCI,Noche,16,15,0.938,0,23
2026-05-26,Hospital Metropolitano Central,Medicina Interna,Mañana,62,54,0.871,0,15
2026-05-26,Hospital Metropolitano Central,Medicina Interna,Tarde,62,62,1.0,1,92
2026-05-26,Hospital Metropolitano Central,Medicina Interna,Noche,62,62,1.0,0,12
2026-05-26,Hospital Metropolitano Central,Cirugía,Mañana,39,28,0.718,0,16
2026-05-26,Hospital Metropolitano Central,Cirugía,Tarde,39,36,0.923,0,22
2026-05-26,Hospital Metropolitano Central,Cirugía,Noche,39,22,0.564,0,22
2026-05-26,Hospital Metropolitano Central,Pediatría,Mañana,30,28,0.933,0,23
2026-05-26,Hospital Metropolitano Central,Pediatría,Tarde,30,30,1.0,1,125
2026-05-26,Hospital Metropolitano Central,Pediatría,Noche,30,28,0.933,0,26
2026-05-26,Hospital Metropolitano Central,Maternidad,Mañana,23,18,0.783,0,12
2026-05-26,Hospital Metropolitano Central,Maternidad,Tarde,23,21,0.913,0,27
2026-05-26,Hospital Metropolitano Central,Maternidad,Noche,23,18,0.783,0,13
2026-05-26,Hospital del Valle,Urgencias,Mañana,40,28,0.7,0,22
2026-05-26,Hospital del Valle,Urgencias,Tarde,40,32,0.8,0,24
2026-05-26,Hospital del Valle,Urgencias,Noche,40,35,0.875,0,25
2026-05-26,Hospital del Valle,UCI,Mañana,16,10,0.625,0,13
2026-05-26,Hospital del Valle,UCI,Tarde,16,10,0.625,0,13
2026-05-26,Hospital del Valle,UCI,Noche,16,12,0.75,0,14
2026-05-26,Hospital del Valle,Medicina Interna,Mañana,65,41,0.631,0,10
2026-05-26,Hospital del Valle,Medicina Interna,Tarde,65,50,0.769,0,23
2026-05-26,Hospital del Valle,Medicina Interna,Noche,65,46,0.708,0,7
2026-05-26,Hospital del Valle,Cirugía,Mañana,40,24,0.6,0,5
2026-05-26,Hospital del Valle,Cirugía,Tarde,40,23,0.575,0,21
2026-05-26,Hospital del Valle,Cirugía,Noche,40,16,0.4,0,18
2026-05-26,Hospital del Valle,Pediatría,Mañana,29,17,0.586,0,14
2026-05-26,Hospital del Valle,Pediatría,Tarde,29,22,0.759,0,23
2026-05-26,Hospital del Valle,Pediatría,Noche,29,20,0.69,0,6
2026-05-26,Hospital del Valle,Maternidad,Mañana,22,13,0.591,0,6
2026-05-26,Hospital del Valle,Maternidad,Tarde,22,14,0.636,0,13
2026-05-26,Hospital del Valle,Maternidad,Noche,22,13,0.591,0,18
2026-05-26,Hospital Costa Poniente,Urgencias,Mañana,39,29,0.744,0,13
2026-05-26,Hospital Costa Poniente,Urgencias,Tarde,39,31,0.795,0,21
2026-05-26,Hospital Costa Poniente,Urgencias,Noche,39,36,0.923,0,18
2026-05-26,Hospital Costa Poniente,UCI,Mañana,14,11,0.786,0,23
2026-05-26,Hospital Costa Poniente,UCI,Tarde,14,11,0.786,0,14
2026-05-26,Hospital Costa Poniente,UCI,Noche,14,10,0.714,0,17
2026-05-26,Hospital Costa Poniente,Medicina Interna,Mañana,66,44,0.667,0,11
2026-05-26,Hospital Costa Poniente,Medicina Interna,Tarde,66,52,0.788,0,11
2026-05-26,Hospital Costa Poniente,Medicina Interna,Noche,66,54,0.818,0,13
2026-05-26,Hospital Costa Poniente,Cirugía,Mañana,42,25,0.595,0,20
2026-05-26,Hospital Costa Poniente,Cirugía,Tarde,42,32,0.762,0,10
2026-05-26,Hospital Costa Poniente,Cirugía,Noche,42,19,0.452,0,22
2026-05-26,Hospital Costa Poniente,Pediatría,Mañana,31,23,0.742,0,16
2026-05-26,Hospital Costa Poniente,Pediatría,Tarde,31,23,0.742,0,6
2026-05-26,Hospital Costa Poniente,Pediatría,Noche,31,24,0.774,0,19
2026-05-26,Hospital Costa Poniente,Maternidad,Mañana,27,19,0.704,0,23
2026-05-26,Hospital Costa Poniente,Maternidad,Tarde,27,19,0.704,0,17
2026-05-26,Hospital Costa Poniente,Maternidad,Noche,27,19,0.704,0,18
2026-05-27,Hospital Regional Norte,Urgencias,Mañana,37,31,0.838,0,15
2026-05-27,Hospital Regional Norte,Urgencias,Tarde,37,32,0.865,0,24
2026-05-27,Hospital Regional Norte,Urgencias,Noche,37,37,1.0,3,146
2026-05-27,Hospital Regional Norte,UCI,Mañana,15,11,0.733,0,18
2026-05-27,Hospital Regional Norte,UCI,Tarde,15,14,0.933,0,22
2026-05-27,Hospital Regional Norte,UCI,Noche,15,14,0.933,0,17
2026-05-27,Hospital Regional Norte,Medicina Interna,Mañana,56,43,0.768,0,21
2026-05-27,Hospital Regional Norte,Medicina Interna,Tarde,56,52,0.929,0,21
2026-05-27,Hospital Regional Norte,Medicina Interna,Noche,56,49,0.875,0,16
2026-05-27,Hospital Regional Norte,Cirugía,Mañana,42,34,0.81,0,25
2026-05-27,Hospital Regional Norte,Cirugía,Tarde,42,36,0.857,0,12
2026-05-27,Hospital Regional Norte,Cirugía,Noche,42,22,0.524,0,13
2026-05-27,Hospital Regional Norte,Pediatría,Mañana,27,23,0.852,0,25
2026-05-27,Hospital Regional Norte,Pediatría,Tarde,27,23,0.852,0,25
2026-05-27,Hospital Regional Norte,Pediatría,Noche,27,24,0.889,0,23
2026-05-27,Hospital Regional Norte,Maternidad,Mañana,26,18,0.692,0,23
2026-05-27,Hospital Regional Norte,Maternidad,Tarde,26,21,0.808,0,24
2026-05-27,Hospital Regional Norte,Maternidad,Noche,26,19,0.731,0,25
2026-05-27,Hospital Metropolitano Central,Urgencias,Mañana,37,33,0.892,0,20
2026-05-27,Hospital Metropolitano Central,Urgencias,Tarde,37,37,1.0,1,122
2026-05-27,Hospital Metropolitano Central,Urgencias,Noche,37,37,1.0,5,154
2026-05-27,Hospital Metropolitano Central,UCI,Mañana,15,12,0.8,0,14
2026-05-27,Hospital Metropolitano Central,UCI,Tarde,15,14,0.933,0,12
2026-05-27,Hospital Metropolitano Central,UCI,Noche,15,15,1.0,0,24
2026-05-27,Hospital Metropolitano Central,Medicina Interna,Mañana,60,58,0.967,0,11
2026-05-27,Hospital Metropolitano Central,Medicina Interna,Tarde,60,59,0.983,1,98
2026-05-27,Hospital Metropolitano Central,Medicina Interna,Noche,60,57,0.95,0,21
2026-05-27,Hospital Metropolitano Central,Cirugía,Mañana,40,29,0.725,0,8
2026-05-27,Hospital Metropolitano Central,Cirugía,Tarde,40,37,0.925,0,15
2026-05-27,Hospital Metropolitano Central,Cirugía,Noche,40,28,0.7,0,7
2026-05-27,Hospital Metropolitano Central,Pediatría,Mañana,29,25,0.862,0,12
2026-05-27,Hospital Metropolitano Central,Pediatría,Tarde,29,29,1.0,1,186
2026-05-27,Hospital Metropolitano Central,Pediatría,Noche,29,28,0.966,0,19
2026-05-27,Hospital Metropolitano Central,Maternidad,Mañana,24,20,0.833,0,24
2026-05-27,Hospital Metropolitano Central,Maternidad,Tarde,24,19,0.792,0,25
2026-05-27,Hospital Metropolitano Central,Maternidad,Noche,24,20,0.833,0,7
2026-05-27,Hospital del Valle,Urgencias,Mañana,37,25,0.676,0,17
2026-05-27,Hospital del Valle,Urgencias,Tarde,37,26,0.703,0,24
2026-05-27,Hospital del Valle,Urgencias,Noche,37,34,0.919,0,15
2026-05-27,Hospital del Valle,UCI,Mañana,14,9,0.643,0,16
2026-05-27,Hospital del Valle,UCI,Tarde,14,9,0.643,0,25
2026-05-27,Hospital del Valle,UCI,Noche,14,10,0.714,0,17
2026-05-27,Hospital del Valle,Medicina Interna,Mañana,53,36,0.679,0,7
2026-05-27,Hospital del Valle,Medicina Interna,Tarde,53,36,0.679,0,17
2026-05-27,Hospital del Valle,Medicina Interna,Noche,53,37,0.698,0,15
2026-05-27,Hospital del Valle,Cirugía,Mañana,47,28,0.596,0,21
2026-05-27,Hospital del Valle,Cirugía,Tarde,47,27,0.574,0,18
2026-05-27,Hospital del Valle,Cirugía,Noche,47,21,0.447,0,5
2026-05-27,Hospital del Valle,Pediatría,Mañana,28,17,0.607,0,11
2026-05-27,Hospital del Valle,Pediatría,Tarde,28,20,0.714,0,20
2026-05-27,Hospital del Valle,Pediatría,Noche,28,18,0.643,0,9
2026-05-27,Hospital del Valle,Maternidad,Mañana,22,12,0.545,0,8
2026-05-27,Hospital del Valle,Maternidad,Tarde,22,14,0.636,0,22
2026-05-27,Hospital del Valle,Maternidad,Noche,22,14,0.636,0,21
2026-05-27,Hospital Costa Poniente,Urgencias,Mañana,34,25,0.735,0,24
2026-05-27,Hospital Costa Poniente,Urgencias,Tarde,34,26,0.765,0,17
2026-05-27,Hospital Costa Poniente,Urgencias,Noche,34,32,0.941,0,29
2026-05-27,Hospital Costa Poniente,UCI,Mañana,17,11,0.647,0,19
2026-05-27,Hospital Costa Poniente,UCI,Tarde,17,12,0.706,0,16
2026-05-27,Hospital Costa Poniente,UCI,Noche,17,14,0.824,0,12
2026-05-27,Hospital Costa Poniente,Medicina Interna,Mañana,66,50,0.758,0,19
2026-05-27,Hospital Costa Poniente,Medicina Interna,Tarde,66,51,0.773,0,12
2026-05-27,Hospital Costa Poniente,Medicina Interna,Noche,66,49,0.742,0,20
2026-05-27,Hospital Costa Poniente,Cirugía,Mañana,48,29,0.604,0,23
2026-05-27,Hospital Costa Poniente,Cirugía,Tarde,48,38,0.792,0,19
2026-05-27,Hospital Costa Poniente,Cirugía,Noche,48,27,0.562,0,17
2026-05-27,Hospital Costa Poniente,Pediatría,Mañana,29,21,0.724,0,10
2026-05-27,Hospital Costa Poniente,Pediatría,Tarde,29,25,0.862,0,24
2026-05-27,Hospital Costa Poniente,Pediatría,Noche,29,21,0.724,0,13
2026-05-27,Hospital Costa Poniente,Maternidad,Mañana,22,14,0.636,0,16
2026-05-27,Hospital Costa Poniente,Maternidad,Tarde,22,16,0.727,0,8
2026-05-27,Hospital Costa Poniente,Maternidad,Noche,22,16,0.727,0,21
2026-05-28,Hospital Regional Norte,Urgencias,Mañana,43,35,0.814,0,10
2026-05-28,Hospital Regional Norte,Urgencias,Tarde,43,38,0.884,0,21
2026-05-28,Hospital Regional Norte,Urgencias,Noche,43,43,1.0,3,119
2026-05-28,Hospital Regional Norte,UCI,Mañana,17,15,0.882,0,22
2026-05-28,Hospital Regional Norte,UCI,Tarde,17,15,0.882,0,12
2026-05-28,Hospital Regional Norte,UCI,Noche,17,15,0.882,0,13
2026-05-28,Hospital Regional Norte,Medicina Interna,Mañana,64,54,0.844,0,9
2026-05-28,Hospital Regional Norte,Medicina Interna,Tarde,64,55,0.859,0,14
2026-05-28,Hospital Regional Norte,Medicina Interna,Noche,64,60,0.938,0,20
2026-05-28,Hospital Regional Norte,Cirugía,Mañana,46,31,0.674,0,20
2026-05-28,Hospital Regional Norte,Cirugía,Tarde,46,37,0.804,0,5
2026-05-28,Hospital Regional Norte,Cirugía,Noche,46,30,0.652,0,5
2026-05-28,Hospital Regional Norte,Pediatría,Mañana,27,24,0.889,0,22
2026-05-28,Hospital Regional Norte,Pediatría,Tarde,27,27,1.0,0,23
2026-05-28,Hospital Regional Norte,Pediatría,Noche,27,22,0.815,0,14
2026-05-28,Hospital Regional Norte,Maternidad,Mañana,23,15,0.652,0,12
2026-05-28,Hospital Regional Norte,Maternidad,Tarde,23,18,0.783,0,24
2026-05-28,Hospital Regional Norte,Maternidad,Noche,23,17,0.739,0,8
2026-05-28,Hospital Metropolitano Central,Urgencias,Mañana,42,38,0.905,0,22
2026-05-28,Hospital Metropolitano Central,Urgencias,Tarde,42,39,0.929,1,114
2026-05-28,Hospital Metropolitano Central,Urgencias,Noche,42,42,1.0,5,155
2026-05-28,Hospital Metropolitano Central,UCI,Mañana,16,13,0.812,0,7
2026-05-28,Hospital Metropolitano Central,UCI,Tarde,16,16,1.0,0,26
2026-05-28,Hospital Metropolitano Central,UCI,Noche,16,16,1.0,0,26
2026-05-28,Hospital Metropolitano Central,Medicina Interna,Mañana,59,52,0.881,0,20
2026-05-28,Hospital Metropolitano Central,Medicina Interna,Tarde,59,54,0.915,0,17
2026-05-28,Hospital Metropolitano Central,Medicina Interna,Noche,59,59,1.0,0,10
2026-05-28,Hospital Metropolitano Central,Cirugía,Mañana,42,30,0.714,0,12
2026-05-28,Hospital Metropolitano Central,Cirugía,Tarde,42,38,0.905,0,25
2026-05-28,Hospital Metropolitano Central,Cirugía,Noche,42,24,0.571,0,23
2026-05-28,Hospital Metropolitano Central,Pediatría,Mañana,31,27,0.871,0,6
2026-05-28,Hospital Metropolitano Central,Pediatría,Tarde,31,30,0.968,1,97
2026-05-28,Hospital Metropolitano Central,Pediatría,Noche,31,29,0.935,0,30
2026-05-28,Hospital Metropolitano Central,Maternidad,Mañana,22,16,0.727,0,19
2026-05-28,Hospital Metropolitano Central,Maternidad,Tarde,22,17,0.773,0,11
2026-05-28,Hospital Metropolitano Central,Maternidad,Noche,22,16,0.727,0,11
2026-05-28,Hospital del Valle,Urgencias,Mañana,43,27,0.628,0,14
2026-05-28,Hospital del Valle,Urgencias,Tarde,43,31,0.721,0,22
2026-05-28,Hospital del Valle,Urgencias,Noche,43,37,0.86,0,6
2026-05-28,Hospital del Valle,UCI,Mañana,17,10,0.588,0,16
2026-05-28,Hospital del Valle,UCI,Tarde,17,13,0.765,0,6
2026-05-28,Hospital del Valle,UCI,Noche,17,13,0.765,0,15
2026-05-28,Hospital del Valle,Medicina Interna,Mañana,55,38,0.691,0,18
2026-05-28,Hospital del Valle,Medicina Interna,Tarde,55,43,0.782,0,19
2026-05-28,Hospital del Valle,Medicina Interna,Noche,55,41,0.745,0,17
2026-05-28,Hospital del Valle,Cirugía,Mañana,42,22,0.524,0,20
2026-05-28,Hospital del Valle,Cirugía,Tarde,42,26,0.619,0,21
2026-05-28,Hospital del Valle,Cirugía,Noche,42,18,0.429,0,7
2026-05-28,Hospital del Valle,Pediatría,Mañana,31,18,0.581,0,24
2026-05-28,Hospital del Valle,Pediatría,Tarde,31,25,0.806,0,10
2026-05-28,Hospital del Valle,Pediatría,Noche,31,22,0.71,0,15
2026-05-28,Hospital del Valle,Maternidad,Mañana,22,12,0.545,0,14
2026-05-28,Hospital del Valle,Maternidad,Tarde,22,13,0.591,0,24
2026-05-28,Hospital del Valle,Maternidad,Noche,22,14,0.636,0,10
2026-05-28,Hospital Costa Poniente,Urgencias,Mañana,41,30,0.732,0,6
2026-05-28,Hospital Costa Poniente,Urgencias,Tarde,41,36,0.878,0,16
2026-05-28,Hospital Costa Poniente,Urgencias,Noche,41,41,1.0,1,62
2026-05-28,Hospital Costa Poniente,UCI,Mañana,16,11,0.688,0,21
2026-05-28,Hospital Costa Poniente,UCI,Tarde,16,14,0.875,0,10
2026-05-28,Hospital Costa Poniente,UCI,Noche,16,12,0.75,0,24
2026-05-28,Hospital Costa Poniente,Medicina Interna,Mañana,61,44,0.721,0,9
2026-05-28,Hospital Costa Poniente,Medicina Interna,Tarde,61,45,0.738,0,25
2026-05-28,Hospital Costa Poniente,Medicina Interna,Noche,61,46,0.754,0,17
2026-05-28,Hospital Costa Poniente,Cirugía,Mañana,49,28,0.571,0,9
2026-05-28,Hospital Costa Poniente,Cirugía,Tarde,49,37,0.755,0,16
2026-05-28,Hospital Costa Poniente,Cirugía,Noche,49,24,0.49,0,7
2026-05-28,Hospital Costa Poniente,Pediatría,Mañana,30,22,0.733,0,17
2026-05-28,Hospital Costa Poniente,Pediatría,Tarde,30,24,0.8,0,13
2026-05-28,Hospital Costa Poniente,Pediatría,Noche,30,22,0.733,0,8
2026-05-28,Hospital Costa Poniente,Maternidad,Mañana,21,12,0.571,0,21
2026-05-28,Hospital Costa Poniente,Maternidad,Tarde,21,14,0.667,0,22
2026-05-28,Hospital Costa Poniente,Maternidad,Noche,21,13,0.619,0,13
2026-05-29,Hospital Regional Norte,Urgencias,Mañana,41,33,0.805,0,24
2026-05-29,Hospital Regional Norte,Urgencias,Tarde,41,37,0.902,0,20
2026-05-29,Hospital Regional Norte,Urgencias,Noche,41,41,1.0,2,75
2026-05-29,Hospital Regional Norte,UCI,Mañana,14,12,0.857,0,20
2026-05-29,Hospital Regional Norte,UCI,Tarde,14,13,0.929,0,27
2026-05-29,Hospital Regional Norte,UCI,Noche,14,13,0.929,0,15
2026-05-29,Hospital Regional Norte,Medicina Interna,Mañana,62,55,0.887,0,25
2026-05-29,Hospital Regional Norte,Medicina Interna,Tarde,62,53,0.855,0,16
2026-05-29,Hospital Regional Norte,Medicina Interna,Noche,62,54,0.871,0,8
2026-05-29,Hospital Regional Norte,Cirugía,Mañana,49,38,0.776,0,12
2026-05-29,Hospital Regional Norte,Cirugía,Tarde,49,42,0.857,0,5
2026-05-29,Hospital Regional Norte,Cirugía,Noche,49,27,0.551,0,23
2026-05-29,Hospital Regional Norte,Pediatría,Mañana,28,25,0.893,0,22
2026-05-29,Hospital Regional Norte,Pediatría,Tarde,28,24,0.857,0,7
2026-05-29,Hospital Regional Norte,Pediatría,Noche,28,23,0.821,0,17
2026-05-29,Hospital Regional Norte,Maternidad,Mañana,27,20,0.741,0,21
2026-05-29,Hospital Regional Norte,Maternidad,Tarde,27,21,0.778,0,18
2026-05-29,Hospital Regional Norte,Maternidad,Noche,27,22,0.815,0,7
2026-05-29,Hospital Metropolitano Central,Urgencias,Mañana,35,31,0.886,0,7
2026-05-29,Hospital Metropolitano Central,Urgencias,Tarde,35,35,1.0,1,137
2026-05-29,Hospital Metropolitano Central,Urgencias,Noche,35,35,1.0,5,111
2026-05-29,Hospital Metropolitano Central,UCI,Mañana,15,14,0.933,0,13
2026-05-29,Hospital Metropolitano Central,UCI,Tarde,15,15,1.0,0,15
2026-05-29,Hospital Metropolitano Central,UCI,Noche,15,14,0.933,0,21
2026-05-29,Hospital Metropolitano Central,Medicina Interna,Mañana,65,58,0.892,0,14
2026-05-29,Hospital Metropolitano Central,Medicina Interna,Tarde,65,65,1.0,1,119
2026-05-29,Hospital Metropolitano Central,Medicina Interna,Noche,65,62,0.954,0,24
2026-05-29,Hospital Metropolitano Central,Cirugía,Mañana,44,35,0.795,0,10
2026-05-29,Hospital Metropolitano Central,Cirugía,Tarde,44,39,0.886,0,23
2026-05-29,Hospital Metropolitano Central,Cirugía,Noche,44,25,0.568,0,24
2026-05-29,Hospital Metropolitano Central,Pediatría,Mañana,31,28,0.903,0,23
2026-05-29,Hospital Metropolitano Central,Pediatría,Tarde,31,29,0.935,1,68
2026-05-29,Hospital Metropolitano Central,Pediatría,Noche,31,31,1.0,0,18
2026-05-29,Hospital Metropolitano Central,Maternidad,Mañana,25,20,0.8,0,18
2026-05-29,Hospital Metropolitano Central,Maternidad,Tarde,25,22,0.88,0,5
2026-05-29,Hospital Metropolitano Central,Maternidad,Noche,25,20,0.8,0,25
2026-05-29,Hospital del Valle,Urgencias,Mañana,39,27,0.692,0,14
2026-05-29,Hospital del Valle,Urgencias,Tarde,39,28,0.718,0,17
2026-05-29,Hospital del Valle,Urgencias,Noche,39,33,0.846,0,7
2026-05-29,Hospital del Valle,UCI,Mañana,16,9,0.562,0,18
2026-05-29,Hospital del Valle,UCI,Tarde,16,11,0.688,0,11
2026-05-29,Hospital del Valle,UCI,Noche,16,11,0.688,0,9
2026-05-29,Hospital del Valle,Medicina Interna,Mañana,56,38,0.679,0,16
2026-05-29,Hospital del Valle,Medicina Interna,Tarde,56,44,0.786,0,9
2026-05-29,Hospital del Valle,Medicina Interna,Noche,56,41,0.732,0,21
2026-05-29,Hospital del Valle,Cirugía,Mañana,45,25,0.556,0,19
2026-05-29,Hospital del Valle,Cirugía,Tarde,45,26,0.578,0,19
2026-05-29,Hospital del Valle,Cirugía,Noche,45,19,0.422,0,8
2026-05-29,Hospital del Valle,Pediatría,Mañana,26,19,0.731,0,24
2026-05-29,Hospital del Valle,Pediatría,Tarde,26,18,0.692,0,10
2026-05-29,Hospital del Valle,Pediatría,Noche,26,19,0.731,0,23
2026-05-29,Hospital del Valle,Maternidad,Mañana,26,13,0.5,0,10
2026-05-29,Hospital del Valle,Maternidad,Tarde,26,16,0.615,0,21
2026-05-29,Hospital del Valle,Maternidad,Noche,26,15,0.577,0,14
2026-05-29,Hospital Costa Poniente,Urgencias,Mañana,39,27,0.692,0,17
2026-05-29,Hospital Costa Poniente,Urgencias,Tarde,39,32,0.821,0,12
2026-05-29,Hospital Costa Poniente,Urgencias,Noche,39,37,0.949,1,62
2026-05-29,Hospital Costa Poniente,UCI,Mañana,16,13,0.812,0,25
2026-05-29,Hospital Costa Poniente,UCI,Tarde,16,13,0.812,0,14
2026-05-29,Hospital Costa Poniente,UCI,Noche,16,13,0.812,0,8
2026-05-29,Hospital Costa Poniente,Medicina Interna,Mañana,57,46,0.807,0,16
2026-05-29,Hospital Costa Poniente,Medicina Interna,Tarde,57,49,0.86,0,16
2026-05-29,Hospital Costa Poniente,Medicina Interna,Noche,57,40,0.702,0,6
2026-05-29,Hospital Costa Poniente,Cirugía,Mañana,45,27,0.6,0,22
2026-05-29,Hospital Costa Poniente,Cirugía,Tarde,45,31,0.689,0,17
2026-05-29,Hospital Costa Poniente,Cirugía,Noche,45,23,0.511,0,22
2026-05-29,Hospital Costa Poniente,Pediatría,Mañana,28,23,0.821,0,24
2026-05-29,Hospital Costa Poniente,Pediatría,Tarde,28,21,0.75,0,8
2026-05-29,Hospital Costa Poniente,Pediatría,Noche,28,21,0.75,0,15
2026-05-29,Hospital Costa Poniente,Maternidad,Mañana,25,15,0.6,0,9
2026-05-29,Hospital Costa Poniente,Maternidad,Tarde,25,17,0.68,0,21
2026-05-29,Hospital Costa Poniente,Maternidad,Noche,25,16,0.64,0,6
2026-05-30,Hospital Regional Norte,Urgencias,Mañana,34,31,0.912,0,15
2026-05-30,Hospital Regional Norte,Urgencias,Tarde,34,34,1.0,2,97
2026-05-30,Hospital Regional Norte,Urgencias,Noche,34,34,1.0,4,142
2026-05-30,Hospital Regional Norte,UCI,Mañana,15,12,0.8,0,14
2026-05-30,Hospital Regional Norte,UCI,Tarde,15,13,0.867,0,26
2026-05-30,Hospital Regional Norte,UCI,Noche,15,13,0.867,0,19
2026-05-30,Hospital Regional Norte,Medicina Interna,Mañana,58,41,0.707,0,15
2026-05-30,Hospital Regional Norte,Medicina Interna,Tarde,58,52,0.897,0,18
2026-05-30,Hospital Regional Norte,Medicina Interna,Noche,58,49,0.845,0,25
2026-05-30,Hospital Regional Norte,Cirugía,Mañana,39,27,0.692,0,25
2026-05-30,Hospital Regional Norte,Cirugía,Tarde,39,32,0.821,0,23
2026-05-30,Hospital Regional Norte,Cirugía,Noche,39,22,0.564,0,6
2026-05-30,Hospital Regional Norte,Pediatría,Mañana,30,22,0.733,0,25
2026-05-30,Hospital Regional Norte,Pediatría,Tarde,30,27,0.9,0,17
2026-05-30,Hospital Regional Norte,Pediatría,Noche,30,23,0.767,0,12
2026-05-30,Hospital Regional Norte,Maternidad,Mañana,21,16,0.762,0,8
2026-05-30,Hospital Regional Norte,Maternidad,Tarde,21,15,0.714,0,19
2026-05-30,Hospital Regional Norte,Maternidad,Noche,21,14,0.667,0,9
2026-05-30,Hospital Metropolitano Central,Urgencias,Mañana,38,38,1.0,2,181
2026-05-30,Hospital Metropolitano Central,Urgencias,Tarde,38,38,1.0,5,197
2026-05-30,Hospital Metropolitano Central,Urgencias,Noche,38,38,1.0,11,244
2026-05-30,Hospital Metropolitano Central,UCI,Mañana,15,14,0.933,0,27
2026-05-30,Hospital Metropolitano Central,UCI,Tarde,15,13,0.867,0,30
2026-05-30,Hospital Metropolitano Central,UCI,Noche,15,15,1.0,0,25
2026-05-30,Hospital Metropolitano Central,Medicina Interna,Mañana,54,44,0.815,0,22
2026-05-30,Hospital Metropolitano Central,Medicina Interna,Tarde,54,49,0.907,0,14
2026-05-30,Hospital Metropolitano Central,Medicina Interna,Noche,54,51,0.944,0,11
2026-05-30,Hospital Metropolitano Central,Cirugía,Mañana,46,35,0.761,0,20
2026-05-30,Hospital Metropolitano Central,Cirugía,Tarde,46,37,0.804,0,13
2026-05-30,Hospital Metropolitano Central,Cirugía,Noche,46,26,0.565,0,23
2026-05-30,Hospital Metropolitano Central,Pediatría,Mañana,31,26,0.839,0,17
2026-05-30,Hospital Metropolitano Central,Pediatría,Tarde,31,31,1.0,0,14
2026-05-30,Hospital Metropolitano Central,Pediatría,Noche,31,27,0.871,0,14
2026-05-30,Hospital Metropolitano Central,Maternidad,Mañana,27,18,0.667,0,19
2026-05-30,Hospital Metropolitano Central,Maternidad,Tarde,27,23,0.852,0,20
2026-05-30,Hospital Metropolitano Central,Maternidad,Noche,27,20,0.741,0,22
2026-05-30,Hospital del Valle,Urgencias,Mañana,37,28,0.757,0,13
2026-05-30,Hospital del Valle,Urgencias,Tarde,37,29,0.784,0,24
2026-05-30,Hospital del Valle,Urgencias,Noche,37,37,1.0,1,65
2026-05-30,Hospital del Valle,UCI,Mañana,17,10,0.588,0,12
2026-05-30,Hospital del Valle,UCI,Tarde,17,10,0.588,0,18
2026-05-30,Hospital del Valle,UCI,Noche,17,11,0.647,0,20
2026-05-30,Hospital del Valle,Medicina Interna,Mañana,53,35,0.66,0,5
2026-05-30,Hospital del Valle,Medicina Interna,Tarde,53,40,0.755,0,10
2026-05-30,Hospital del Valle,Medicina Interna,Noche,53,34,0.642,0,20
2026-05-30,Hospital del Valle,Cirugía,Mañana,44,22,0.5,0,14
2026-05-30,Hospital del Valle,Cirugía,Tarde,44,25,0.568,0,25
2026-05-30,Hospital del Valle,Cirugía,Noche,44,16,0.364,0,7
2026-05-30,Hospital del Valle,Pediatría,Mañana,30,17,0.567,0,6
2026-05-30,Hospital del Valle,Pediatría,Tarde,30,23,0.767,0,10
2026-05-30,Hospital del Valle,Pediatría,Noche,30,19,0.633,0,10
2026-05-30,Hospital del Valle,Maternidad,Mañana,27,12,0.444,0,17
2026-05-30,Hospital del Valle,Maternidad,Tarde,27,17,0.63,0,10
2026-05-30,Hospital del Valle,Maternidad,Noche,27,17,0.63,0,14
2026-05-30,Hospital Costa Poniente,Urgencias,Mañana,43,34,0.791,0,23
2026-05-30,Hospital Costa Poniente,Urgencias,Tarde,43,42,0.977,0,20
2026-05-30,Hospital Costa Poniente,Urgencias,Noche,43,43,1.0,6,215
2026-05-30,Hospital Costa Poniente,UCI,Mañana,17,11,0.647,0,21
2026-05-30,Hospital Costa Poniente,UCI,Tarde,17,13,0.765,0,11
2026-05-30,Hospital Costa Poniente,UCI,Noche,17,14,0.824,0,15
2026-05-30,Hospital Costa Poniente,Medicina Interna,Mañana,53,37,0.698,0,13
2026-05-30,Hospital Costa Poniente,Medicina Interna,Tarde,53,43,0.811,0,5
2026-05-30,Hospital Costa Poniente,Medicina Interna,Noche,53,41,0.774,0,14
2026-05-30,Hospital Costa Poniente,Cirugía,Mañana,45,30,0.667,0,10
2026-05-30,Hospital Costa Poniente,Cirugía,Tarde,45,32,0.711,0,25
2026-05-30,Hospital Costa Poniente,Cirugía,Noche,45,25,0.556,0,18
2026-05-30,Hospital Costa Poniente,Pediatría,Mañana,29,19,0.655,0,8
2026-05-30,Hospital Costa Poniente,Pediatría,Tarde,29,21,0.724,0,9
2026-05-30,Hospital Costa Poniente,Pediatría,Noche,29,21,0.724,0,12
2026-05-30,Hospital Costa Poniente,Maternidad,Mañana,21,12,0.571,0,19
2026-05-30,Hospital Costa Poniente,Maternidad,Tarde,21,15,0.714,0,15
2026-05-30,Hospital Costa Poniente,Maternidad,Noche,21,13,0.619,0,23
2026-05-31,Hospital Regional Norte,Urgencias,Mañana,34,34,1.0,0,11
2026-05-31,Hospital Regional Norte,Urgencias,Tarde,34,34,1.0,2,97
2026-05-31,Hospital Regional Norte,Urgencias,Noche,34,34,1.0,7,180
2026-05-31,Hospital Regional Norte,UCI,Mañana,14,12,0.857,0,29
2026-05-31,Hospital Regional Norte,UCI,Tarde,14,11,0.786,0,9
2026-05-31,Hospital Regional Norte,UCI,Noche,14,12,0.857,0,29
2026-05-31,Hospital Regional Norte,Medicina Interna,Mañana,57,47,0.825,0,20
2026-05-31,Hospital Regional Norte,Medicina Interna,Tarde,57,52,0.912,0,11
2026-05-31,Hospital Regional Norte,Medicina Interna,Noche,57,50,0.877,0,24
2026-05-31,Hospital Regional Norte,Cirugía,Mañana,48,30,0.625,0,19
2026-05-31,Hospital Regional Norte,Cirugía,Tarde,48,37,0.771,0,16
2026-05-31,Hospital Regional Norte,Cirugía,Noche,48,23,0.479,0,23
2026-05-31,Hospital Regional Norte,Pediatría,Mañana,26,22,0.846,0,21
2026-05-31,Hospital Regional Norte,Pediatría,Tarde,26,22,0.846,0,22
2026-05-31,Hospital Regional Norte,Pediatría,Noche,26,20,0.769,0,15
2026-05-31,Hospital Regional Norte,Maternidad,Mañana,27,18,0.667,0,11
2026-05-31,Hospital Regional Norte,Maternidad,Tarde,27,21,0.778,0,20
2026-05-31,Hospital Regional Norte,Maternidad,Noche,27,18,0.667,0,21
2026-05-31,Hospital Metropolitano Central,Urgencias,Mañana,38,37,0.974,1,157
2026-05-31,Hospital Metropolitano Central,Urgencias,Tarde,38,38,1.0,4,155
2026-05-31,Hospital Metropolitano Central,Urgencias,Noche,38,38,1.0,7,101
2026-05-31,Hospital Metropolitano Central,UCI,Mañana,14,11,0.786,0,18
2026-05-31,Hospital Metropolitano Central,UCI,Tarde,14,13,0.929,0,11
2026-05-31,Hospital Metropolitano Central,UCI,Noche,14,14,1.0,0,25
2026-05-31,Hospital Metropolitano Central,Medicina Interna,Mañana,51,43,0.843,0,9
2026-05-31,Hospital Metropolitano Central,Medicina Interna,Tarde,51,50,0.98,0,30
2026-05-31,Hospital Metropolitano Central,Medicina Interna,Noche,51,49,0.961,0,22
2026-05-31,Hospital Metropolitano Central,Cirugía,Mañana,43,35,0.814,0,17
2026-05-31,Hospital Metropolitano Central,Cirugía,Tarde,43,35,0.814,0,22
2026-05-31,Hospital Metropolitano Central,Cirugía,Noche,43,23,0.535,0,16
2026-05-31,Hospital Metropolitano Central,Pediatría,Mañana,26,24,0.923,0,14
2026-05-31,Hospital Metropolitano Central,Pediatría,Tarde,26,26,1.0,0,10
2026-05-31,Hospital Metropolitano Central,Pediatría,Noche,26,25,0.962,0,24
2026-05-31,Hospital Metropolitano Central,Maternidad,Mañana,25,19,0.76,0,22
2026-05-31,Hospital Metropolitano Central,Maternidad,Tarde,25,20,0.8,0,12
2026-05-31,Hospital Metropolitano Central,Maternidad,Noche,25,18,0.72,0,16
2026-05-31,Hospital del Valle,Urgencias,Mañana,36,26,0.722,0,8
2026-05-31,Hospital del Valle,Urgencias,Tarde,36,28,0.778,0,18
2026-05-31,Hospital del Valle,Urgencias,Noche,36,36,1.0,1,53
2026-05-31,Hospital del Valle,UCI,Mañana,14,8,0.571,0,6
2026-05-31,Hospital del Valle,UCI,Tarde,14,9,0.643,0,6
2026-05-31,Hospital del Valle,UCI,Noche,14,9,0.643,0,6
2026-05-31,Hospital del Valle,Medicina Interna,Mañana,57,33,0.579,0,11
2026-05-31,Hospital del Valle,Medicina Interna,Tarde,57,41,0.719,0,6
2026-05-31,Hospital del Valle,Medicina Interna,Noche,57,34,0.596,0,14
2026-05-31,Hospital del Valle,Cirugía,Mañana,41,25,0.61,0,23
2026-05-31,Hospital del Valle,Cirugía,Tarde,41,24,0.585,0,24
2026-05-31,Hospital del Valle,Cirugía,Noche,41,19,0.463,0,15
2026-05-31,Hospital del Valle,Pediatría,Mañana,27,18,0.667,0,21
2026-05-31,Hospital del Valle,Pediatría,Tarde,27,17,0.63,0,14
2026-05-31,Hospital del Valle,Pediatría,Noche,27,17,0.63,0,22
2026-05-31,Hospital del Valle,Maternidad,Mañana,27,16,0.593,0,10
2026-05-31,Hospital del Valle,Maternidad,Tarde,27,17,0.63,0,18
2026-05-31,Hospital del Valle,Maternidad,Noche,27,15,0.556,0,6
2026-05-31,Hospital Costa Poniente,Urgencias,Mañana,44,41,0.932,0,17
2026-05-31,Hospital Costa Poniente,Urgencias,Tarde,44,44,1.0,0,23
2026-05-31,Hospital Costa Poniente,Urgencias,Noche,44,44,1.0,3,113
2026-05-31,Hospital Costa Poniente,UCI,Mañana,15,11,0.733,0,14
2026-05-31,Hospital Costa Poniente,UCI,Tarde,15,12,0.8,0,9
2026-05-31,Hospital Costa Poniente,UCI,Noche,15,12,0.8,0,6
2026-05-31,Hospital Costa Poniente,Medicina Interna,Mañana,59,46,0.78,0,22
2026-05-31,Hospital Costa Poniente,Medicina Interna,Tarde,59,46,0.78,0,17
2026-05-31,Hospital Costa Poniente,Medicina Interna,Noche,59,41,0.695,0,11
2026-05-31,Hospital Costa Poniente,Cirugía,Mañana,42,23,0.548,0,19
2026-05-31,Hospital Costa Poniente,Cirugía,Tarde,42,31,0.738,0,7
2026-05-31,Hospital Costa Poniente,Cirugía,Noche,42,21,0.5,0,11
2026-05-31,Hospital Costa Poniente,Pediatría,Mañana,26,18,0.692,0,24
2026-05-31,Hospital Costa Poniente,Pediatría,Tarde,26,21,0.808,0,7
2026-05-31,Hospital Costa Poniente,Pediatría,Noche,26,18,0.692,0,23
2026-05-31,Hospital Costa Poniente,Maternidad,Mañana,26,16,0.615,0,20
2026-05-31,Hospital Costa Poniente,Maternidad,Tarde,26,16,0.615,0,15
2026-05-31,Hospital Costa Poniente,Maternidad,Noche,26,16,0.615,0,5
2026-06-01,Hospital Regional Norte,Urgencias,Mañana,36,29,0.806,0,8
2026-06-01,Hospital Regional Norte,Urgencias,Tarde,36,35,0.972,0,17
2026-06-01,Hospital Regional Norte,Urgencias,Noche,36,36,1.0,3,158
2026-06-01,Hospital Regional Norte,UCI,Mañana,16,14,0.875,0,27
2026-06-01,Hospital Regional Norte,UCI,Tarde,16,15,0.938,0,21
2026-06-01,Hospital Regional Norte,UCI,Noche,16,14,0.875,0,13
2026-06-01,Hospital Regional Norte,Medicina Interna,Mañana,63,54,0.857,0,15
2026-06-01,Hospital Regional Norte,Medicina Interna,Tarde,63,62,0.984,0,23
2026-06-01,Hospital Regional Norte,Medicina Interna,Noche,63,50,0.794,0,12
2026-06-01,Hospital Regional Norte,Cirugía,Mañana,47,31,0.66,0,22
2026-06-01,Hospital Regional Norte,Cirugía,Tarde,47,41,0.872,0,23
2026-06-01,Hospital Regional Norte,Cirugía,Noche,47,29,0.617,0,14
2026-06-01,Hospital Regional Norte,Pediatría,Mañana,27,22,0.815,0,17
2026-06-01,Hospital Regional Norte,Pediatría,Tarde,27,25,0.926,0,27
2026-06-01,Hospital Regional Norte,Pediatría,Noche,27,24,0.889,0,15
2026-06-01,Hospital Regional Norte,Maternidad,Mañana,23,18,0.783,0,25
2026-06-01,Hospital Regional Norte,Maternidad,Tarde,23,19,0.826,0,19
2026-06-01,Hospital Regional Norte,Maternidad,Noche,23,16,0.696,0,16
2026-06-01,Hospital Metropolitano Central,Urgencias,Mañana,36,34,0.944,0,27
2026-06-01,Hospital Metropolitano Central,Urgencias,Tarde,36,36,1.0,1,182
2026-06-01,Hospital Metropolitano Central,Urgencias,Noche,36,36,1.0,3,66
2026-06-01,Hospital Metropolitano Central,UCI,Mañana,15,14,0.933,0,14
2026-06-01,Hospital Metropolitano Central,UCI,Tarde,15,13,0.867,0,21
2026-06-01,Hospital Metropolitano Central,UCI,Noche,15,13,0.867,0,29
2026-06-01,Hospital Metropolitano Central,Medicina Interna,Mañana,65,60,0.923,0,5
2026-06-01,Hospital Metropolitano Central,Medicina Interna,Tarde,65,59,0.908,0,22
2026-06-01,Hospital Metropolitano Central,Medicina Interna,Noche,65,60,0.923,0,5
2026-06-01,Hospital Metropolitano Central,Cirugía,Mañana,44,33,0.75,0,14
2026-06-01,Hospital Metropolitano Central,Cirugía,Tarde,44,35,0.795,0,18
2026-06-01,Hospital Metropolitano Central,Cirugía,Noche,44,30,0.682,0,10
2026-06-01,Hospital Metropolitano Central,Pediatría,Mañana,26,22,0.846,0,9
2026-06-01,Hospital Metropolitano Central,Pediatría,Tarde,26,25,0.962,1,114
2026-06-01,Hospital Metropolitano Central,Pediatría,Noche,26,24,0.923,0,21
2026-06-01,Hospital Metropolitano Central,Maternidad,Mañana,27,21,0.778,0,12
2026-06-01,Hospital Metropolitano Central,Maternidad,Tarde,27,25,0.926,0,12
2026-06-01,Hospital Metropolitano Central,Maternidad,Noche,27,23,0.852,0,25
2026-06-01,Hospital del Valle,Urgencias,Mañana,42,25,0.595,0,17
2026-06-01,Hospital del Valle,Urgencias,Tarde,42,30,0.714,0,20
2026-06-01,Hospital del Valle,Urgencias,Noche,42,33,0.786,0,5
2026-06-01,Hospital del Valle,UCI,Mañana,16,9,0.562,0,18
2026-06-01,Hospital del Valle,UCI,Tarde,16,12,0.75,0,15
2026-06-01,Hospital del Valle,UCI,Noche,16,11,0.688,0,8
2026-06-01,Hospital del Valle,Medicina Interna,Mañana,64,46,0.719,0,12
2026-06-01,Hospital del Valle,Medicina Interna,Tarde,64,43,0.672,0,23
2026-06-01,Hospital del Valle,Medicina Interna,Noche,64,43,0.672,0,6
2026-06-01,Hospital del Valle,Cirugía,Mañana,49,30,0.612,0,13
2026-06-01,Hospital del Valle,Cirugía,Tarde,49,34,0.694,0,23
2026-06-01,Hospital del Valle,Cirugía,Noche,49,23,0.469,0,10
2026-06-01,Hospital del Valle,Pediatría,Mañana,32,20,0.625,0,11
2026-06-01,Hospital del Valle,Pediatría,Tarde,32,24,0.75,0,17
2026-06-01,Hospital del Valle,Pediatría,Noche,32,24,0.75,0,14
2026-06-01,Hospital del Valle,Maternidad,Mañana,22,11,0.5,0,17
2026-06-01,Hospital del Valle,Maternidad,Tarde,22,14,0.636,0,22
2026-06-01,Hospital del Valle,Maternidad,Noche,22,12,0.545,0,9
2026-06-01,Hospital Costa Poniente,Urgencias,Mañana,42,33,0.786,0,7
2026-06-01,Hospital Costa Poniente,Urgencias,Tarde,42,35,0.833,0,16
2026-06-01,Hospital Costa Poniente,Urgencias,Noche,42,39,0.929,0,18
2026-06-01,Hospital Costa Poniente,UCI,Mañana,15,10,0.667,0,24
2026-06-01,Hospital Costa Poniente,UCI,Tarde,15,13,0.867,0,22
2026-06-01,Hospital Costa Poniente,UCI,Noche,15,13,0.867,0,30
2026-06-01,Hospital Costa Poniente,Medicina Interna,Mañana,55,45,0.818,0,20
2026-06-01,Hospital Costa Poniente,Medicina Interna,Tarde,55,42,0.764,0,22
2026-06-01,Hospital Costa Poniente,Medicina Interna,Noche,55,47,0.855,0,18
2026-06-01,Hospital Costa Poniente,Cirugía,Mañana,40,27,0.675,0,17
2026-06-01,Hospital Costa Poniente,Cirugía,Tarde,40,26,0.65,0,24
2026-06-01,Hospital Costa Poniente,Cirugía,Noche,40,19,0.475,0,12
2026-06-01,Hospital Costa Poniente,Pediatría,Mañana,31,21,0.677,0,9
2026-06-01,Hospital Costa Poniente,Pediatría,Tarde,31,25,0.806,0,25
2026-06-01,Hospital Costa Poniente,Pediatría,Noche,31,23,0.742,0,17
2026-06-01,Hospital Costa Poniente,Maternidad,Mañana,23,13,0.565,0,5
2026-06-01,Hospital Costa Poniente,Maternidad,Tarde,23,18,0.783,0,19
2026-06-01,Hospital Costa Poniente,Maternidad,Noche,23,15,0.652,0,13
2026-06-02,Hospital Regional Norte,Urgencias,Mañana,35,27,0.771,0,18
2026-06-02,Hospital Regional Norte,Urgencias,Tarde,35,32,0.914,0,22
2026-06-02,Hospital Regional Norte,Urgencias,Noche,35,35,1.0,2,77
2026-06-02,Hospital Regional Norte,UCI,Mañana,16,13,0.812,0,15
2026-06-02,Hospital Regional Norte,UCI,Tarde,16,15,0.938,0,23
2026-06-02,Hospital Regional Norte,UCI,Noche,16,14,0.875,0,27
2026-06-02,Hospital Regional Norte,Medicina Interna,Mañana,65,59,0.908,0,23
2026-06-02,Hospital Regional Norte,Medicina Interna,Tarde,65,60,0.923,0,17
2026-06-02,Hospital Regional Norte,Medicina Interna,Noche,65,53,0.815,0,13
2026-06-02,Hospital Regional Norte,Cirugía,Mañana,42,31,0.738,0,7
2026-06-02,Hospital Regional Norte,Cirugía,Tarde,42,32,0.762,0,13
2026-06-02,Hospital Regional Norte,Cirugía,Noche,42,24,0.571,0,20
2026-06-02,Hospital Regional Norte,Pediatría,Mañana,31,25,0.806,0,12
2026-06-02,Hospital Regional Norte,Pediatría,Tarde,31,30,0.968,0,29
2026-06-02,Hospital Regional Norte,Pediatría,Noche,31,26,0.839,0,8
2026-06-02,Hospital Regional Norte,Maternidad,Mañana,22,14,0.636,0,17
2026-06-02,Hospital Regional Norte,Maternidad,Tarde,22,17,0.773,0,24
2026-06-02,Hospital Regional Norte,Maternidad,Noche,22,16,0.727,0,15
2026-06-02,Hospital Metropolitano Central,Urgencias,Mañana,38,34,0.895,0,25
2026-06-02,Hospital Metropolitano Central,Urgencias,Tarde,38,38,1.0,1,134
2026-06-02,Hospital Metropolitano Central,Urgencias,Noche,38,38,1.0,4,141
2026-06-02,Hospital Metropolitano Central,UCI,Mañana,17,16,0.941,0,30
2026-06-02,Hospital Metropolitano Central,UCI,Tarde,17,16,0.941,0,17
2026-06-02,Hospital Metropolitano Central,UCI,Noche,17,16,0.941,0,22
2026-06-02,Hospital Metropolitano Central,Medicina Interna,Mañana,56,54,0.964,0,27
2026-06-02,Hospital Metropolitano Central,Medicina Interna,Tarde,56,52,0.929,0,22
2026-06-02,Hospital Metropolitano Central,Medicina Interna,Noche,56,48,0.857,0,19
2026-06-02,Hospital Metropolitano Central,Cirugía,Mañana,49,37,0.755,0,14
2026-06-02,Hospital Metropolitano Central,Cirugía,Tarde,49,46,0.939,0,7
2026-06-02,Hospital Metropolitano Central,Cirugía,Noche,49,33,0.673,0,18
2026-06-02,Hospital Metropolitano Central,Pediatría,Mañana,31,26,0.839,0,14
2026-06-02,Hospital Metropolitano Central,Pediatría,Tarde,31,30,0.968,1,159
2026-06-02,Hospital Metropolitano Central,Pediatría,Noche,31,27,0.871,0,24
2026-06-02,Hospital Metropolitano Central,Maternidad,Mañana,24,18,0.75,0,21
2026-06-02,Hospital Metropolitano Central,Maternidad,Tarde,24,22,0.917,0,23
2026-06-02,Hospital Metropolitano Central,Maternidad,Noche,24,20,0.833,0,16
2026-06-02,Hospital del Valle,Urgencias,Mañana,41,29,0.707,0,24
2026-06-02,Hospital del Valle,Urgencias,Tarde,41,31,0.756,0,7
2026-06-02,Hospital del Valle,Urgencias,Noche,41,33,0.805,0,12
2026-06-02,Hospital del Valle,UCI,Mañana,16,10,0.625,0,25
2026-06-02,Hospital del Valle,UCI,Tarde,16,12,0.75,0,23
2026-06-02,Hospital del Valle,UCI,Noche,16,12,0.75,0,25
2026-06-02,Hospital del Valle,Medicina Interna,Mañana,57,39,0.684,0,18
2026-06-02,Hospital del Valle,Medicina Interna,Tarde,57,37,0.649,0,8
2026-06-02,Hospital del Valle,Medicina Interna,Noche,57,37,0.649,0,21
2026-06-02,Hospital del Valle,Cirugía,Mañana,47,27,0.574,0,23
2026-06-02,Hospital del Valle,Cirugía,Tarde,47,28,0.596,0,16
2026-06-02,Hospital del Valle,Cirugía,Noche,47,21,0.447,0,23
2026-06-02,Hospital del Valle,Pediatría,Mañana,31,19,0.613,0,5
2026-06-02,Hospital del Valle,Pediatría,Tarde,31,22,0.71,0,14
2026-06-02,Hospital del Valle,Pediatría,Noche,31,21,0.677,0,7
2026-06-02,Hospital del Valle,Maternidad,Mañana,22,14,0.636,0,9
2026-06-02,Hospital del Valle,Maternidad,Tarde,22,13,0.591,0,15
2026-06-02,Hospital del Valle,Maternidad,Noche,22,13,0.591,0,11
2026-06-02,Hospital Costa Poniente,Urgencias,Mañana,39,28,0.718,0,8
2026-06-02,Hospital Costa Poniente,Urgencias,Tarde,39,32,0.821,0,19
2026-06-02,Hospital Costa Poniente,Urgencias,Noche,39,37,0.949,1,77
2026-06-02,Hospital Costa Poniente,UCI,Mañana,17,13,0.765,0,10
2026-06-02,Hospital Costa Poniente,UCI,Tarde,17,15,0.882,0,26
2026-06-02,Hospital Costa Poniente,UCI,Noche,17,13,0.765,0,10
2026-06-02,Hospital Costa Poniente,Medicina Interna,Mañana,56,41,0.732,0,19
2026-06-02,Hospital Costa Poniente,Medicina Interna,Tarde,56,43,0.768,0,17
2026-06-02,Hospital Costa Poniente,Medicina Interna,Noche,56,45,0.804,0,10
2026-06-02,Hospital Costa Poniente,Cirugía,Mañana,45,29,0.644,0,5
2026-06-02,Hospital Costa Poniente,Cirugía,Tarde,45,34,0.756,0,11
2026-06-02,Hospital Costa Poniente,Cirugía,Noche,45,23,0.511,0,18
2026-06-02,Hospital Costa Poniente,Pediatría,Mañana,28,22,0.786,0,11
2026-06-02,Hospital Costa Poniente,Pediatría,Tarde,28,22,0.786,0,7
2026-06-02,Hospital Costa Poniente,Pediatría,Noche,28,22,0.786,0,22
2026-06-02,Hospital Costa Poniente,Maternidad,Mañana,22,13,0.591,0,19
2026-06-02,Hospital Costa Poniente,Maternidad,Tarde,22,14,0.636,0,20
2026-06-02,Hospital Costa Poniente,Maternidad,Noche,22,15,0.682,0,25
2026-06-03,Hospital Regional Norte,Urgencias,Mañana,37,31,0.838,0,17
2026-06-03,Hospital Regional Norte,Urgencias,Tarde,37,35,0.946,0,24
2026-06-03,Hospital Regional Norte,Urgencias,Noche,37,37,1.0,4,149
2026-06-03,Hospital Regional Norte,UCI,Mañana,16,13,0.812,0,15
2026-06-03,Hospital Regional Norte,UCI,Tarde,16,13,0.812,0,14
2026-06-03,Hospital Regional Norte,UCI,Noche,16,13,0.812,0,16
2026-06-03,Hospital Regional Norte,Medicina Interna,Mañana,61,51,0.836,0,18
2026-06-03,Hospital Regional Norte,Medicina Interna,Tarde,61,57,0.934,0,23
2026-06-03,Hospital Regional Norte,Medicina Interna,Noche,61,52,0.852,0,10
2026-06-03,Hospital Regional Norte,Cirugía,Mañana,44,33,0.75,0,25
2026-06-03,Hospital Regional Norte,Cirugía,Tarde,44,39,0.886,0,10
2026-06-03,Hospital Regional Norte,Cirugía,Noche,44,26,0.591,0,20
2026-06-03,Hospital Regional Norte,Pediatría,Mañana,28,22,0.786,0,19
2026-06-03,Hospital Regional Norte,Pediatría,Tarde,28,26,0.929,0,10
2026-06-03,Hospital Regional Norte,Pediatría,Noche,28,25,0.893,0,11
2026-06-03,Hospital Regional Norte,Maternidad,Mañana,26,21,0.808,0,21
2026-06-03,Hospital Regional Norte,Maternidad,Tarde,26,21,0.808,0,18
2026-06-03,Hospital Regional Norte,Maternidad,Noche,26,20,0.769,0,18
2026-06-03,Hospital Metropolitano Central,Urgencias,Mañana,41,37,0.902,0,10
2026-06-03,Hospital Metropolitano Central,Urgencias,Tarde,41,39,0.951,1,106
2026-06-03,Hospital Metropolitano Central,Urgencias,Noche,41,41,1.0,4,134
2026-06-03,Hospital Metropolitano Central,UCI,Mañana,17,15,0.882,0,25
2026-06-03,Hospital Metropolitano Central,UCI,Tarde,17,17,1.0,0,13
2026-06-03,Hospital Metropolitano Central,UCI,Noche,17,16,0.941,0,21
2026-06-03,Hospital Metropolitano Central,Medicina Interna,Mañana,59,55,0.932,0,19
2026-06-03,Hospital Metropolitano Central,Medicina Interna,Tarde,59,59,1.0,2,87
2026-06-03,Hospital Metropolitano Central,Medicina Interna,Noche,59,59,1.0,0,19
2026-06-03,Hospital Metropolitano Central,Cirugía,Mañana,48,34,0.708,0,13
2026-06-03,Hospital Metropolitano Central,Cirugía,Tarde,48,41,0.854,0,7
2026-06-03,Hospital Metropolitano Central,Cirugía,Noche,48,30,0.625,0,8
2026-06-03,Hospital Metropolitano Central,Pediatría,Mañana,31,27,0.871,0,23
2026-06-03,Hospital Metropolitano Central,Pediatría,Tarde,31,31,1.0,1,158
2026-06-03,Hospital Metropolitano Central,Pediatría,Noche,31,30,0.968,0,16
2026-06-03,Hospital Metropolitano Central,Maternidad,Mañana,26,20,0.769,0,22
2026-06-03,Hospital Metropolitano Central,Maternidad,Tarde,26,21,0.808,0,22
2026-06-03,Hospital Metropolitano Central,Maternidad,Noche,26,20,0.769,0,14
2026-06-03,Hospital del Valle,Urgencias,Mañana,37,23,0.622,0,21
2026-06-03,Hospital del Valle,Urgencias,Tarde,37,30,0.811,0,8
2026-06-03,Hospital del Valle,Urgencias,Noche,37,30,0.811,0,18
2026-06-03,Hospital del Valle,UCI,Mañana,17,12,0.706,0,25
2026-06-03,Hospital del Valle,UCI,Tarde,17,11,0.647,0,9
2026-06-03,Hospital del Valle,UCI,Noche,17,11,0.647,0,15
2026-06-03,Hospital del Valle,Medicina Interna,Mañana,63,43,0.683,0,17
2026-06-03,Hospital del Valle,Medicina Interna,Tarde,63,45,0.714,0,23
2026-06-03,Hospital del Valle,Medicina Interna,Noche,63,44,0.698,0,25
2026-06-03,Hospital del Valle,Cirugía,Mañana,43,24,0.558,0,25
2026-06-03,Hospital del Valle,Cirugía,Tarde,43,29,0.674,0,7
2026-06-03,Hospital del Valle,Cirugía,Noche,43,19,0.442,0,13
2026-06-03,Hospital del Valle,Pediatría,Mañana,31,22,0.71,0,19
2026-06-03,Hospital del Valle,Pediatría,Tarde,31,25,0.806,0,15
2026-06-03,Hospital del Valle,Pediatría,Noche,31,22,0.71,0,7
2026-06-03,Hospital del Valle,Maternidad,Mañana,26,14,0.538,0,16
2026-06-03,Hospital del Valle,Maternidad,Tarde,26,18,0.692,0,22
2026-06-03,Hospital del Valle,Maternidad,Noche,26,15,0.577,0,18
2026-06-03,Hospital Costa Poniente,Urgencias,Mañana,42,32,0.762,0,15
2026-06-03,Hospital Costa Poniente,Urgencias,Tarde,42,37,0.881,0,15
2026-06-03,Hospital Costa Poniente,Urgencias,Noche,42,42,1.0,1,174
2026-06-03,Hospital Costa Poniente,UCI,Mañana,17,13,0.765,0,6
2026-06-03,Hospital Costa Poniente,UCI,Tarde,17,13,0.765,0,19
2026-06-03,Hospital Costa Poniente,UCI,Noche,17,12,0.706,0,10
2026-06-03,Hospital Costa Poniente,Medicina Interna,Mañana,58,38,0.655,0,18
2026-06-03,Hospital Costa Poniente,Medicina Interna,Tarde,58,45,0.776,0,9
2026-06-03,Hospital Costa Poniente,Medicina Interna,Noche,58,49,0.845,0,14
2026-06-03,Hospital Costa Poniente,Cirugía,Mañana,40,29,0.725,0,13
2026-06-03,Hospital Costa Poniente,Cirugía,Tarde,40,26,0.65,0,16
2026-06-03,Hospital Costa Poniente,Cirugía,Noche,40,19,0.475,0,16
2026-06-03,Hospital Costa Poniente,Pediatría,Mañana,30,23,0.767,0,6
2026-06-03,Hospital Costa Poniente,Pediatría,Tarde,30,24,0.8,0,14
2026-06-03,Hospital Costa Poniente,Pediatría,Noche,30,25,0.833,0,12
2026-06-03,Hospital Costa Poniente,Maternidad,Mañana,24,14,0.583,0,8
2026-06-03,Hospital Costa Poniente,Maternidad,Tarde,24,15,0.625,0,20
2026-06-03,Hospital Costa Poniente,Maternidad,Noche,24,15,0.625,0,23
2026-06-04,Hospital Regional Norte,Urgencias,Mañana,36,31,0.861,0,5
2026-06-04,Hospital Regional Norte,Urgencias,Tarde,36,31,0.861,0,15
2026-06-04,Hospital Regional Norte,Urgencias,Noche,36,36,1.0,4,185
2026-06-04,Hospital Regional Norte,UCI,Mañana,14,10,0.714,0,17
2026-06-04,Hospital Regional Norte,UCI,Tarde,14,12,0.857,0,13
2026-06-04,Hospital Regional Norte,UCI,Noche,14,12,0.857,0,14
2026-06-04,Hospital Regional Norte,Medicina Interna,Mañana,57,50,0.877,0,9
2026-06-04,Hospital Regional Norte,Medicina Interna,Tarde,57,53,0.93,0,9
2026-06-04,Hospital Regional Norte,Medicina Interna,Noche,57,46,0.807,0,23
2026-06-04,Hospital Regional Norte,Cirugía,Mañana,38,29,0.763,0,19
2026-06-04,Hospital Regional Norte,Cirugía,Tarde,38,30,0.789,0,11
2026-06-04,Hospital Regional Norte,Cirugía,Noche,38,23,0.605,0,9
2026-06-04,Hospital Regional Norte,Pediatría,Mañana,32,27,0.844,0,19
2026-06-04,Hospital Regional Norte,Pediatría,Tarde,32,31,0.969,0,13
2026-06-04,Hospital Regional Norte,Pediatría,Noche,32,26,0.812,0,8
2026-06-04,Hospital Regional Norte,Maternidad,Mañana,25,17,0.68,0,18
2026-06-04,Hospital Regional Norte,Maternidad,Tarde,25,19,0.76,0,9
2026-06-04,Hospital Regional Norte,Maternidad,Noche,25,18,0.72,0,25
2026-06-04,Hospital Metropolitano Central,Urgencias,Mañana,35,32,0.914,0,24
2026-06-04,Hospital Metropolitano Central,Urgencias,Tarde,35,35,1.0,1,59
2026-06-04,Hospital Metropolitano Central,Urgencias,Noche,35,35,1.0,3,187
2026-06-04,Hospital Metropolitano Central,UCI,Mañana,17,14,0.824,0,6
2026-06-04,Hospital Metropolitano Central,UCI,Tarde,17,17,1.0,0,17
2026-06-04,Hospital Metropolitano Central,UCI,Noche,17,16,0.941,0,25
2026-06-04,Hospital Metropolitano Central,Medicina Interna,Mañana,61,50,0.82,0,5
2026-06-04,Hospital Metropolitano Central,Medicina Interna,Tarde,61,61,1.0,2,90
2026-06-04,Hospital Metropolitano Central,Medicina Interna,Noche,61,61,1.0,0,21
2026-06-04,Hospital Metropolitano Central,Cirugía,Mañana,44,33,0.75,0,20
2026-06-04,Hospital Metropolitano Central,Cirugía,Tarde,44,42,0.955,0,10
2026-06-04,Hospital Metropolitano Central,Cirugía,Noche,44,28,0.636,0,5
2026-06-04,Hospital Metropolitano Central,Pediatría,Mañana,27,22,0.815,0,6
2026-06-04,Hospital Metropolitano Central,Pediatría,Tarde,27,27,1.0,1,126
2026-06-04,Hospital Metropolitano Central,Pediatría,Noche,27,27,1.0,0,23
2026-06-04,Hospital Metropolitano Central,Maternidad,Mañana,26,18,0.692,0,22
2026-06-04,Hospital Metropolitano Central,Maternidad,Tarde,26,22,0.846,0,9
2026-06-04,Hospital Metropolitano Central,Maternidad,Noche,26,20,0.769,0,14
2026-06-04,Hospital del Valle,Urgencias,Mañana,35,25,0.714,0,9
2026-06-04,Hospital del Valle,Urgencias,Tarde,35,26,0.743,0,17
2026-06-04,Hospital del Valle,Urgencias,Noche,35,31,0.886,0,25
2026-06-04,Hospital del Valle,UCI,Mañana,16,9,0.562,0,18
2026-06-04,Hospital del Valle,UCI,Tarde,16,12,0.75,0,12
2026-06-04,Hospital del Valle,UCI,Noche,16,10,0.625,0,7
2026-06-04,Hospital del Valle,Medicina Interna,Mañana,65,38,0.585,0,24
2026-06-04,Hospital del Valle,Medicina Interna,Tarde,65,48,0.738,0,14
2026-06-04,Hospital del Valle,Medicina Interna,Noche,65,46,0.708,0,10
2026-06-04,Hospital del Valle,Cirugía,Mañana,40,24,0.6,0,5
2026-06-04,Hospital del Valle,Cirugía,Tarde,40,23,0.575,0,16
2026-06-04,Hospital del Valle,Cirugía,Noche,40,18,0.45,0,13
2026-06-04,Hospital del Valle,Pediatría,Mañana,27,16,0.593,0,13
2026-06-04,Hospital del Valle,Pediatría,Tarde,27,21,0.778,0,8
2026-06-04,Hospital del Valle,Pediatría,Noche,27,20,0.741,0,5
2026-06-04,Hospital del Valle,Maternidad,Mañana,23,13,0.565,0,21
2026-06-04,Hospital del Valle,Maternidad,Tarde,23,13,0.565,0,23
2026-06-04,Hospital del Valle,Maternidad,Noche,23,14,0.609,0,20
2026-06-04,Hospital Costa Poniente,Urgencias,Mañana,39,28,0.718,0,20
2026-06-04,Hospital Costa Poniente,Urgencias,Tarde,39,35,0.897,0,10
2026-06-04,Hospital Costa Poniente,Urgencias,Noche,39,38,0.974,1,78
2026-06-04,Hospital Costa Poniente,UCI,Mañana,16,11,0.688,0,21
2026-06-04,Hospital Costa Poniente,UCI,Tarde,16,12,0.75,0,5
2026-06-04,Hospital Costa Poniente,UCI,Noche,16,12,0.75,0,20
2026-06-04,Hospital Costa Poniente,Medicina Interna,Mañana,56,45,0.804,0,10
2026-06-04,Hospital Costa Poniente,Medicina Interna,Tarde,56,50,0.893,0,6
2026-06-04,Hospital Costa Poniente,Medicina Interna,Noche,56,44,0.786,0,25
2026-06-04,Hospital Costa Poniente,Cirugía,Mañana,43,27,0.628,0,18
2026-06-04,Hospital Costa Poniente,Cirugía,Tarde,43,34,0.791,0,15
2026-06-04,Hospital Costa Poniente,Cirugía,Noche,43,21,0.488,0,7
2026-06-04,Hospital Costa Poniente,Pediatría,Mañana,30,21,0.7,0,6
2026-06-04,Hospital Costa Poniente,Pediatría,Tarde,30,23,0.767,0,21
2026-06-04,Hospital Costa Poniente,Pediatría,Noche,30,26,0.867,0,17
2026-06-04,Hospital Costa Poniente,Maternidad,Mañana,22,14,0.636,0,14
2026-06-04,Hospital Costa Poniente,Maternidad,Tarde,22,17,0.773,0,14
2026-06-04,Hospital Costa Poniente,Maternidad,Noche,22,14,0.636,0,22
2026-06-05,Hospital Regional Norte,Urgencias,Mañana,39,32,0.821,0,14
2026-06-05,Hospital Regional Norte,Urgencias,Tarde,39,37,0.949,0,29
2026-06-05,Hospital Regional Norte,Urgencias,Noche,39,39,1.0,3,183
2026-06-05,Hospital Regional Norte,UCI,Mañana,17,14,0.824,0,12
2026-06-05,Hospital Regional Norte,UCI,Tarde,17,14,0.824,0,18
2026-06-05,Hospital Regional Norte,UCI,Noche,17,14,0.824,0,22
2026-06-05,Hospital Regional Norte,Medicina Interna,Mañana,56,49,0.875,0,5
2026-06-05,Hospital Regional Norte,Medicina Interna,Tarde,56,55,0.982,0,22
2026-06-05,Hospital Regional Norte,Medicina Interna,Noche,56,52,0.929,0,14
2026-06-05,Hospital Regional Norte,Cirugía,Mañana,39,29,0.744,0,12
2026-06-05,Hospital Regional Norte,Cirugía,Tarde,39,31,0.795,0,6
2026-06-05,Hospital Regional Norte,Cirugía,Noche,39,26,0.667,0,9
2026-06-05,Hospital Regional Norte,Pediatría,Mañana,31,24,0.774,0,12
2026-06-05,Hospital Regional Norte,Pediatría,Tarde,31,31,1.0,0,21
2026-06-05,Hospital Regional Norte,Pediatría,Noche,31,27,0.871,0,7
2026-06-05,Hospital Regional Norte,Maternidad,Mañana,25,18,0.72,0,25
2026-06-05,Hospital Regional Norte,Maternidad,Tarde,25,21,0.84,0,7
2026-06-05,Hospital Regional Norte,Maternidad,Noche,25,19,0.76,0,6
2026-06-05,Hospital Metropolitano Central,Urgencias,Mañana,38,37,0.974,0,18
2026-06-05,Hospital Metropolitano Central,Urgencias,Tarde,38,38,1.0,1,153
2026-06-05,Hospital Metropolitano Central,Urgencias,Noche,38,38,1.0,4,180
2026-06-05,Hospital Metropolitano Central,UCI,Mañana,15,14,0.933,0,28
2026-06-05,Hospital Metropolitano Central,UCI,Tarde,15,14,0.933,0,24
2026-06-05,Hospital Metropolitano Central,UCI,Noche,15,14,0.933,0,27
2026-06-05,Hospital Metropolitano Central,Medicina Interna,Mañana,56,52,0.929,0,19
2026-06-05,Hospital Metropolitano Central,Medicina Interna,Tarde,56,54,0.964,1,78
2026-06-05,Hospital Metropolitano Central,Medicina Interna,Noche,56,50,0.893,0,14
2026-06-05,Hospital Metropolitano Central,Cirugía,Mañana,48,40,0.833,0,6
2026-06-05,Hospital Metropolitano Central,Cirugía,Tarde,48,40,0.833,0,15
2026-06-05,Hospital Metropolitano Central,Cirugía,Noche,48,27,0.562,0,12
2026-06-05,Hospital Metropolitano Central,Pediatría,Mañana,33,29,0.879,0,6
2026-06-05,Hospital Metropolitano Central,Pediatría,Tarde,33,33,1.0,1,92
2026-06-05,Hospital Metropolitano Central,Pediatría,Noche,33,33,1.0,0,27
2026-06-05,Hospital Metropolitano Central,Maternidad,Mañana,26,19,0.731,0,19
2026-06-05,Hospital Metropolitano Central,Maternidad,Tarde,26,21,0.808,0,9
2026-06-05,Hospital Metropolitano Central,Maternidad,Noche,26,20,0.769,0,6
2026-06-05,Hospital del Valle,Urgencias,Mañana,42,31,0.738,0,9
2026-06-05,Hospital del Valle,Urgencias,Tarde,42,29,0.69,0,17
2026-06-05,Hospital del Valle,Urgencias,Noche,42,36,0.857,0,25
2026-06-05,Hospital del Valle,UCI,Mañana,17,10,0.588,0,23
2026-06-05,Hospital del Valle,UCI,Tarde,17,11,0.647,0,7
2026-06-05,Hospital del Valle,UCI,Noche,17,11,0.647,0,7
2026-06-05,Hospital del Valle,Medicina Interna,Mañana,54,36,0.667,0,9
2026-06-05,Hospital del Valle,Medicina Interna,Tarde,54,35,0.648,0,15
2026-06-05,Hospital del Valle,Medicina Interna,Noche,54,34,0.63,0,19
2026-06-05,Hospital del Valle,Cirugía,Mañana,39,25,0.641,0,18
2026-06-05,Hospital del Valle,Cirugía,Tarde,39,27,0.692,0,17
2026-06-05,Hospital del Valle,Cirugía,Noche,39,18,0.462,0,17
2026-06-05,Hospital del Valle,Pediatría,Mañana,31,19,0.613,0,11
2026-06-05,Hospital del Valle,Pediatría,Tarde,31,24,0.774,0,13
2026-06-05,Hospital del Valle,Pediatría,Noche,31,20,0.645,0,9
2026-06-05,Hospital del Valle,Maternidad,Mañana,21,12,0.571,0,12
2026-06-05,Hospital del Valle,Maternidad,Tarde,21,14,0.667,0,20
2026-06-05,Hospital del Valle,Maternidad,Noche,21,12,0.571,0,22
2026-06-05,Hospital Costa Poniente,Urgencias,Mañana,39,27,0.692,0,17
2026-06-05,Hospital Costa Poniente,Urgencias,Tarde,39,30,0.769,0,11
2026-06-05,Hospital Costa Poniente,Urgencias,Noche,39,39,1.0,1,116
2026-06-05,Hospital Costa Poniente,UCI,Mañana,18,13,0.722,0,5
2026-06-05,Hospital Costa Poniente,UCI,Tarde,18,16,0.889,0,21
2026-06-05,Hospital Costa Poniente,UCI,Noche,18,14,0.778,0,20
2026-06-05,Hospital Costa Poniente,Medicina Interna,Mañana,56,42,0.75,0,15
2026-06-05,Hospital Costa Poniente,Medicina Interna,Tarde,56,45,0.804,0,10
2026-06-05,Hospital Costa Poniente,Medicina Interna,Noche,56,39,0.696,0,24
2026-06-05,Hospital Costa Poniente,Cirugía,Mañana,41,29,0.707,0,13
2026-06-05,Hospital Costa Poniente,Cirugía,Tarde,41,27,0.659,0,20
2026-06-05,Hospital Costa Poniente,Cirugía,Noche,41,21,0.512,0,23
2026-06-05,Hospital Costa Poniente,Pediatría,Mañana,33,27,0.818,0,8
2026-06-05,Hospital Costa Poniente,Pediatría,Tarde,33,26,0.788,0,12
2026-06-05,Hospital Costa Poniente,Pediatría,Noche,33,25,0.758,0,6
2026-06-05,Hospital Costa Poniente,Maternidad,Mañana,26,19,0.731,0,23
2026-06-05,Hospital Costa Poniente,Maternidad,Tarde,26,20,0.769,0,17
2026-06-05,Hospital Costa Poniente,Maternidad,Noche,26,17,0.654,0,10
2026-06-06,Hospital Regional Norte,Urgencias,Mañana,36,35,0.972,0,21
2026-06-06,Hospital Regional Norte,Urgencias,Tarde,36,36,1.0,1,142
2026-06-06,Hospital Regional Norte,Urgencias,Noche,36,36,1.0,6,129
2026-06-06,Hospital Regional Norte,UCI,Mañana,16,12,0.75,0,6
2026-06-06,Hospital Regional Norte,UCI,Tarde,16,13,0.812,0,12
2026-06-06,Hospital Regional Norte,UCI,Noche,16,14,0.875,0,25
2026-06-06,Hospital Regional Norte,Medicina Interna,Mañana,51,43,0.843,0,11
2026-06-06,Hospital Regional Norte,Medicina Interna,Tarde,51,47,0.922,0,15
2026-06-06,Hospital Regional Norte,Medicina Interna,Noche,51,44,0.863,0,15
2026-06-06,Hospital Regional Norte,Cirugía,Mañana,39,25,0.641,0,9
2026-06-06,Hospital Regional Norte,Cirugía,Tarde,39,32,0.821,0,21
2026-06-06,Hospital Regional Norte,Cirugía,Noche,39,24,0.615,0,7
2026-06-06,Hospital Regional Norte,Pediatría,Mañana,28,24,0.857,0,17
2026-06-06,Hospital Regional Norte,Pediatría,Tarde,28,25,0.893,0,15
2026-06-06,Hospital Regional Norte,Pediatría,Noche,28,22,0.786,0,9
2026-06-06,Hospital Regional Norte,Maternidad,Mañana,27,19,0.704,0,18
2026-06-06,Hospital Regional Norte,Maternidad,Tarde,27,22,0.815,0,20
2026-06-06,Hospital Regional Norte,Maternidad,Noche,27,20,0.741,0,10
2026-06-06,Hospital Metropolitano Central,Urgencias,Mañana,41,41,1.0,3,148
2026-06-06,Hospital Metropolitano Central,Urgencias,Tarde,41,41,1.0,5,166
2026-06-06,Hospital Metropolitano Central,Urgencias,Noche,41,41,1.0,7,146
2026-06-06,Hospital Metropolitano Central,UCI,Mañana,14,12,0.857,0,28
2026-06-06,Hospital Metropolitano Central,UCI,Tarde,14,12,0.857,0,29
2026-06-06,Hospital Metropolitano Central,UCI,Noche,14,12,0.857,0,25
2026-06-06,Hospital Metropolitano Central,Medicina Interna,Mañana,53,47,0.887,0,12
2026-06-06,Hospital Metropolitano Central,Medicina Interna,Tarde,53,48,0.906,0,15
2026-06-06,Hospital Metropolitano Central,Medicina Interna,Noche,53,45,0.849,0,7
2026-06-06,Hospital Metropolitano Central,Cirugía,Mañana,47,37,0.787,0,15
2026-06-06,Hospital Metropolitano Central,Cirugía,Tarde,47,39,0.83,0,13
2026-06-06,Hospital Metropolitano Central,Cirugía,Noche,47,26,0.553,0,7
2026-06-06,Hospital Metropolitano Central,Pediatría,Mañana,28,25,0.893,0,5
2026-06-06,Hospital Metropolitano Central,Pediatría,Tarde,28,24,0.857,0,19
2026-06-06,Hospital Metropolitano Central,Pediatría,Noche,28,26,0.929,0,23
2026-06-06,Hospital Metropolitano Central,Maternidad,Mañana,24,17,0.708,0,22
2026-06-06,Hospital Metropolitano Central,Maternidad,Tarde,24,19,0.792,0,20
2026-06-06,Hospital Metropolitano Central,Maternidad,Noche,24,20,0.833,0,23
2026-06-06,Hospital del Valle,Urgencias,Mañana,41,32,0.78,0,10
2026-06-06,Hospital del Valle,Urgencias,Tarde,41,34,0.829,0,6
2026-06-06,Hospital del Valle,Urgencias,Noche,41,40,0.976,1,74
2026-06-06,Hospital del Valle,UCI,Mañana,15,10,0.667,0,10
2026-06-06,Hospital del Valle,UCI,Tarde,15,11,0.733,0,22
2026-06-06,Hospital del Valle,UCI,Noche,15,11,0.733,0,7
2026-06-06,Hospital del Valle,Medicina Interna,Mañana,56,39,0.696,0,20
2026-06-06,Hospital del Valle,Medicina Interna,Tarde,56,40,0.714,0,18
2026-06-06,Hospital del Valle,Medicina Interna,Noche,56,40,0.714,0,10
2026-06-06,Hospital del Valle,Cirugía,Mañana,45,24,0.533,0,6
2026-06-06,Hospital del Valle,Cirugía,Tarde,45,24,0.533,0,11
2026-06-06,Hospital del Valle,Cirugía,Noche,45,23,0.511,0,18
2026-06-06,Hospital del Valle,Pediatría,Mañana,31,20,0.645,0,22
2026-06-06,Hospital del Valle,Pediatría,Tarde,31,20,0.645,0,14
2026-06-06,Hospital del Valle,Pediatría,Noche,31,19,0.613,0,8
2026-06-06,Hospital del Valle,Maternidad,Mañana,22,12,0.545,0,20
2026-06-06,Hospital del Valle,Maternidad,Tarde,22,12,0.545,0,16
2026-06-06,Hospital del Valle,Maternidad,Noche,22,11,0.5,0,7
2026-06-06,Hospital Costa Poniente,Urgencias,Mañana,37,33,0.892,0,24
2026-06-06,Hospital Costa Poniente,Urgencias,Tarde,37,35,0.946,0,16
2026-06-06,Hospital Costa Poniente,Urgencias,Noche,37,37,1.0,3,83
2026-06-06,Hospital Costa Poniente,UCI,Mañana,17,11,0.647,0,17
2026-06-06,Hospital Costa Poniente,UCI,Tarde,17,13,0.765,0,13
2026-06-06,Hospital Costa Poniente,UCI,Noche,17,12,0.706,0,22
2026-06-06,Hospital Costa Poniente,Medicina Interna,Mañana,57,39,0.684,0,17
2026-06-06,Hospital Costa Poniente,Medicina Interna,Tarde,57,43,0.754,0,19
2026-06-06,Hospital Costa Poniente,Medicina Interna,Noche,57,38,0.667,0,19
2026-06-06,Hospital Costa Poniente,Cirugía,Mañana,43,25,0.581,0,13
2026-06-06,Hospital Costa Poniente,Cirugía,Tarde,43,30,0.698,0,9
2026-06-06,Hospital Costa Poniente,Cirugía,Noche,43,23,0.535,0,8
2026-06-06,Hospital Costa Poniente,Pediatría,Mañana,26,18,0.692,0,22
2026-06-06,Hospital Costa Poniente,Pediatría,Tarde,26,20,0.769,0,23
2026-06-06,Hospital Costa Poniente,Pediatría,Noche,26,18,0.692,0,6
2026-06-06,Hospital Costa Poniente,Maternidad,Mañana,27,18,0.667,0,18
2026-06-06,Hospital Costa Poniente,Maternidad,Tarde,27,20,0.741,0,20
2026-06-06,Hospital Costa Poniente,Maternidad,Noche,27,18,0.667,0,12
2026-06-07,Hospital Regional Norte,Urgencias,Mañana,39,35,0.897,0,6
2026-06-07,Hospital Regional Norte,Urgencias,Tarde,39,39,1.0,3,91
2026-06-07,Hospital Regional Norte,Urgencias,Noche,39,39,1.0,6,111
2026-06-07,Hospital Regional Norte,UCI,Mañana,17,12,0.706,0,18
2026-06-07,Hospital Regional Norte,UCI,Tarde,17,13,0.765,0,18
2026-06-07,Hospital Regional Norte,UCI,Noche,17,14,0.824,0,25
2026-06-07,Hospital Regional Norte,Medicina Interna,Mañana,53,42,0.792,0,15
2026-06-07,Hospital Regional Norte,Medicina Interna,Tarde,53,49,0.925,0,7
2026-06-07,Hospital Regional Norte,Medicina Interna,Noche,53,40,0.755,0,22
2026-06-07,Hospital Regional Norte,Cirugía,Mañana,43,29,0.674,0,13
2026-06-07,Hospital Regional Norte,Cirugía,Tarde,43,33,0.767,0,5
2026-06-07,Hospital Regional Norte,Cirugía,Noche,43,26,0.605,0,24
2026-06-07,Hospital Regional Norte,Pediatría,Mañana,30,25,0.833,0,8
2026-06-07,Hospital Regional Norte,Pediatría,Tarde,30,26,0.867,0,9
2026-06-07,Hospital Regional Norte,Pediatría,Noche,30,25,0.833,0,23
2026-06-07,Hospital Regional Norte,Maternidad,Mañana,26,20,0.769,0,8
2026-06-07,Hospital Regional Norte,Maternidad,Tarde,26,20,0.769,0,8
2026-06-07,Hospital Regional Norte,Maternidad,Noche,26,20,0.769,0,22
2026-06-07,Hospital Metropolitano Central,Urgencias,Mañana,43,43,1.0,2,183
2026-06-07,Hospital Metropolitano Central,Urgencias,Tarde,43,43,1.0,3,133
2026-06-07,Hospital Metropolitano Central,Urgencias,Noche,43,43,1.0,10,177
2026-06-07,Hospital Metropolitano Central,UCI,Mañana,15,13,0.867,0,11
2026-06-07,Hospital Metropolitano Central,UCI,Tarde,15,14,0.933,0,21
2026-06-07,Hospital Metropolitano Central,UCI,Noche,15,13,0.867,0,19
2026-06-07,Hospital Metropolitano Central,Medicina Interna,Mañana,56,51,0.911,0,8
2026-06-07,Hospital Metropolitano Central,Medicina Interna,Tarde,56,56,1.0,0,19
2026-06-07,Hospital Metropolitano Central,Medicina Interna,Noche,56,54,0.964,0,20
2026-06-07,Hospital Metropolitano Central,Cirugía,Mañana,41,30,0.732,0,25
2026-06-07,Hospital Metropolitano Central,Cirugía,Tarde,41,31,0.756,0,19
2026-06-07,Hospital Metropolitano Central,Cirugía,Noche,41,23,0.561,0,18
2026-06-07,Hospital Metropolitano Central,Pediatría,Mañana,31,28,0.903,0,16
2026-06-07,Hospital Metropolitano Central,Pediatría,Tarde,31,31,1.0,0,15
2026-06-07,Hospital Metropolitano Central,Pediatría,Noche,31,26,0.839,0,21
2026-06-07,Hospital Metropolitano Central,Maternidad,Mañana,24,19,0.792,0,21
2026-06-07,Hospital Metropolitano Central,Maternidad,Tarde,24,21,0.875,0,5
2026-06-07,Hospital Metropolitano Central,Maternidad,Noche,24,17,0.708,0,11
2026-06-07,Hospital del Valle,Urgencias,Mañana,42,30,0.714,0,19
2026-06-07,Hospital del Valle,Urgencias,Tarde,42,32,0.762,0,16
2026-06-07,Hospital del Valle,Urgencias,Noche,42,42,1.0,1,170
2026-06-07,Hospital del Valle,UCI,Mañana,15,10,0.667,0,5
2026-06-07,Hospital del Valle,UCI,Tarde,15,9,0.6,0,20
2026-06-07,Hospital del Valle,UCI,Noche,15,10,0.667,0,10
2026-06-07,Hospital del Valle,Medicina Interna,Mañana,65,40,0.615,0,22
2026-06-07,Hospital del Valle,Medicina Interna,Tarde,65,43,0.662,0,10
2026-06-07,Hospital del Valle,Medicina Interna,Noche,65,46,0.708,0,13
2026-06-07,Hospital del Valle,Cirugía,Mañana,47,27,0.574,0,14
2026-06-07,Hospital del Valle,Cirugía,Tarde,47,25,0.532,0,6
2026-06-07,Hospital del Valle,Cirugía,Noche,47,18,0.383,0,23
2026-06-07,Hospital del Valle,Pediatría,Mañana,31,18,0.581,0,12
2026-06-07,Hospital del Valle,Pediatría,Tarde,31,22,0.71,0,11
2026-06-07,Hospital del Valle,Pediatría,Noche,31,19,0.613,0,18
2026-06-07,Hospital del Valle,Maternidad,Mañana,24,14,0.583,0,5
2026-06-07,Hospital del Valle,Maternidad,Tarde,24,14,0.583,0,9
2026-06-07,Hospital del Valle,Maternidad,Noche,24,14,0.583,0,24
2026-06-07,Hospital Costa Poniente,Urgencias,Mañana,42,34,0.81,0,24
2026-06-07,Hospital Costa Poniente,Urgencias,Tarde,42,42,1.0,0,30
2026-06-07,Hospital Costa Poniente,Urgencias,Noche,42,42,1.0,5,164
2026-06-07,Hospital Costa Poniente,UCI,Mañana,15,10,0.667,0,21
2026-06-07,Hospital Costa Poniente,UCI,Tarde,15,12,0.8,0,17
2026-06-07,Hospital Costa Poniente,UCI,Noche,15,12,0.8,0,5
2026-06-07,Hospital Costa Poniente,Medicina Interna,Mañana,59,43,0.729,0,16
2026-06-07,Hospital Costa Poniente,Medicina Interna,Tarde,59,46,0.78,0,24
2026-06-07,Hospital Costa Poniente,Medicina Interna,Noche,59,45,0.763,0,14
2026-06-07,Hospital Costa Poniente,Cirugía,Mañana,46,28,0.609,0,15
2026-06-07,Hospital Costa Poniente,Cirugía,Tarde,46,35,0.761,0,25
2026-06-07,Hospital Costa Poniente,Cirugía,Noche,46,21,0.457,0,13
2026-06-07,Hospital Costa Poniente,Pediatría,Mañana,27,20,0.741,0,25
2026-06-07,Hospital Costa Poniente,Pediatría,Tarde,27,20,0.741,0,9
2026-06-07,Hospital Costa Poniente,Pediatría,Noche,27,20,0.741,0,12
2026-06-07,Hospital Costa Poniente,Maternidad,Mañana,27,18,0.667,0,24
2026-06-07,Hospital Costa Poniente,Maternidad,Tarde,27,18,0.667,0,15
2026-06-07,Hospital Costa Poniente,Maternidad,Noche,27,18,0.667,0,5
2026-06-08,Hospital Regional Norte,Urgencias,Mañana,41,38,0.927,0,13
2026-06-08,Hospital Regional Norte,Urgencias,Tarde,41,41,1.0,0,11
2026-06-08,Hospital Regional Norte,Urgencias,Noche,41,41,1.0,5,118
2026-06-08,Hospital Regional Norte,UCI,Mañana,17,13,0.765,0,22
2026-06-08,Hospital Regional Norte,UCI,Tarde,17,16,0.941,0,21
2026-06-08,Hospital Regional Norte,UCI,Noche,17,15,0.882,0,27
2026-06-08,Hospital Regional Norte,Medicina Interna,Mañana,54,41,0.759,0,9
2026-06-08,Hospital Regional Norte,Medicina Interna,Tarde,54,51,0.944,0,22
2026-06-08,Hospital Regional Norte,Medicina Interna,Noche,54,49,0.907,0,10
2026-06-08,Hospital Regional Norte,Cirugía,Mañana,49,39,0.796,0,25
2026-06-08,Hospital Regional Norte,Cirugía,Tarde,49,37,0.755,0,16
2026-06-08,Hospital Regional Norte,Cirugía,Noche,49,26,0.531,0,14
2026-06-08,Hospital Regional Norte,Pediatría,Mañana,29,26,0.897,0,16
2026-06-08,Hospital Regional Norte,Pediatría,Tarde,29,26,0.897,0,14
2026-06-08,Hospital Regional Norte,Pediatría,Noche,29,25,0.862,0,8
2026-06-08,Hospital Regional Norte,Maternidad,Mañana,24,19,0.792,0,23
2026-06-08,Hospital Regional Norte,Maternidad,Tarde,24,19,0.792,0,24
2026-06-08,Hospital Regional Norte,Maternidad,Noche,24,17,0.708,0,11
2026-06-08,Hospital Metropolitano Central,Urgencias,Mañana,39,38,0.974,0,19
2026-06-08,Hospital Metropolitano Central,Urgencias,Tarde,39,39,1.0,1,87
2026-06-08,Hospital Metropolitano Central,Urgencias,Noche,39,39,1.0,4,178
2026-06-08,Hospital Metropolitano Central,UCI,Mañana,15,14,0.933,0,25
2026-06-08,Hospital Metropolitano Central,UCI,Tarde,15,14,0.933,0,20
2026-06-08,Hospital Metropolitano Central,UCI,Noche,15,15,1.0,0,18
2026-06-08,Hospital Metropolitano Central,Medicina Interna,Mañana,54,51,0.944,0,23
2026-06-08,Hospital Metropolitano Central,Medicina Interna,Tarde,54,54,1.0,1,71
2026-06-08,Hospital Metropolitano Central,Medicina Interna,Noche,54,52,0.963,0,22
2026-06-08,Hospital Metropolitano Central,Cirugía,Mañana,43,34,0.791,0,5
2026-06-08,Hospital Metropolitano Central,Cirugía,Tarde,43,35,0.814,0,11
2026-06-08,Hospital Metropolitano Central,Cirugía,Noche,43,29,0.674,0,5
2026-06-08,Hospital Metropolitano Central,Pediatría,Mañana,32,30,0.938,0,10
2026-06-08,Hospital Metropolitano Central,Pediatría,Tarde,32,32,1.0,1,112
2026-06-08,Hospital Metropolitano Central,Pediatría,Noche,32,31,0.969,0,14
2026-06-08,Hospital Metropolitano Central,Maternidad,Mañana,22,17,0.773,0,14
2026-06-08,Hospital Metropolitano Central,Maternidad,Tarde,22,18,0.818,0,6
2026-06-08,Hospital Metropolitano Central,Maternidad,Noche,22,17,0.773,0,14
2026-06-08,Hospital del Valle,Urgencias,Mañana,39,26,0.667,0,21
2026-06-08,Hospital del Valle,Urgencias,Tarde,39,27,0.692,0,9
2026-06-08,Hospital del Valle,Urgencias,Noche,39,33,0.846,0,20
2026-06-08,Hospital del Valle,UCI,Mañana,15,9,0.6,0,17
2026-06-08,Hospital del Valle,UCI,Tarde,15,9,0.6,0,12
2026-06-08,Hospital del Valle,UCI,Noche,15,11,0.733,0,9
2026-06-08,Hospital del Valle,Medicina Interna,Mañana,54,31,0.574,0,21
2026-06-08,Hospital del Valle,Medicina Interna,Tarde,54,36,0.667,0,16
2026-06-08,Hospital del Valle,Medicina Interna,Noche,54,39,0.722,0,6
2026-06-08,Hospital del Valle,Cirugía,Mañana,42,25,0.595,0,22
2026-06-08,Hospital del Valle,Cirugía,Tarde,42,28,0.667,0,24
2026-06-08,Hospital del Valle,Cirugía,Noche,42,22,0.524,0,8
2026-06-08,Hospital del Valle,Pediatría,Mañana,30,17,0.567,0,8
2026-06-08,Hospital del Valle,Pediatría,Tarde,30,21,0.7,0,17
2026-06-08,Hospital del Valle,Pediatría,Noche,30,19,0.633,0,13
2026-06-08,Hospital del Valle,Maternidad,Mañana,24,12,0.5,0,25
2026-06-08,Hospital del Valle,Maternidad,Tarde,24,13,0.542,0,18
2026-06-08,Hospital del Valle,Maternidad,Noche,24,15,0.625,0,21
2026-06-08,Hospital Costa Poniente,Urgencias,Mañana,37,28,0.757,0,9
2026-06-08,Hospital Costa Poniente,Urgencias,Tarde,37,30,0.811,0,8
2026-06-08,Hospital Costa Poniente,Urgencias,Noche,37,37,1.0,1,120
2026-06-08,Hospital Costa Poniente,UCI,Mañana,17,12,0.706,0,24
2026-06-08,Hospital Costa Poniente,UCI,Tarde,17,13,0.765,0,13
2026-06-08,Hospital Costa Poniente,UCI,Noche,17,14,0.824,0,11
2026-06-08,Hospital Costa Poniente,Medicina Interna,Mañana,56,40,0.714,0,10
2026-06-08,Hospital Costa Poniente,Medicina Interna,Tarde,56,42,0.75,0,20
2026-06-08,Hospital Costa Poniente,Medicina Interna,Noche,56,47,0.839,0,20
2026-06-08,Hospital Costa Poniente,Cirugía,Mañana,42,24,0.571,0,7
2026-06-08,Hospital Costa Poniente,Cirugía,Tarde,42,33,0.786,0,23
2026-06-08,Hospital Costa Poniente,Cirugía,Noche,42,23,0.548,0,9
2026-06-08,Hospital Costa Poniente,Pediatría,Mañana,33,26,0.788,0,7
2026-06-08,Hospital Costa Poniente,Pediatría,Tarde,33,28,0.848,0,8
2026-06-08,Hospital Costa Poniente,Pediatría,Noche,33,28,0.848,0,25
2026-06-08,Hospital Costa Poniente,Maternidad,Mañana,23,17,0.739,0,14
2026-06-08,Hospital Costa Poniente,Maternidad,Tarde,23,15,0.652,0,6
2026-06-08,Hospital Costa Poniente,Maternidad,Noche,23,14,0.609,0,10
2026-06-09,Hospital Regional Norte,Urgencias,Mañana,43,39,0.907,0,16
2026-06-09,Hospital Regional Norte,Urgencias,Tarde,43,42,0.977,0,13
2026-06-09,Hospital Regional Norte,Urgencias,Noche,43,43,1.0,4,68
2026-06-09,Hospital Regional Norte,UCI,Mañana,17,14,0.824,0,10
2026-06-09,Hospital Regional Norte,UCI,Tarde,17,15,0.882,0,29
2026-06-09,Hospital Regional Norte,UCI,Noche,17,15,0.882,0,21
2026-06-09,Hospital Regional Norte,Medicina Interna,Mañana,63,49,0.778,0,17
2026-06-09,Hospital Regional Norte,Medicina Interna,Tarde,63,57,0.905,0,19
2026-06-09,Hospital Regional Norte,Medicina Interna,Noche,63,53,0.841,0,17
2026-06-09,Hospital Regional Norte,Cirugía,Mañana,46,34,0.739,0,18
2026-06-09,Hospital Regional Norte,Cirugía,Tarde,46,38,0.826,0,10
2026-06-09,Hospital Regional Norte,Cirugía,Noche,46,24,0.522,0,6
2026-06-09,Hospital Regional Norte,Pediatría,Mañana,33,29,0.879,0,8
2026-06-09,Hospital Regional Norte,Pediatría,Tarde,33,30,0.909,0,23
2026-06-09,Hospital Regional Norte,Pediatría,Noche,33,29,0.879,0,23
2026-06-09,Hospital Regional Norte,Maternidad,Mañana,25,17,0.68,0,17
2026-06-09,Hospital Regional Norte,Maternidad,Tarde,25,21,0.84,0,24
2026-06-09,Hospital Regional Norte,Maternidad,Noche,25,17,0.68,0,9
2026-06-09,Hospital Metropolitano Central,Urgencias,Mañana,39,35,0.897,0,18
2026-06-09,Hospital Metropolitano Central,Urgencias,Tarde,39,39,1.0,1,128
2026-06-09,Hospital Metropolitano Central,Urgencias,Noche,39,39,1.0,6,150
2026-06-09,Hospital Metropolitano Central,UCI,Mañana,17,15,0.882,0,29
2026-06-09,Hospital Metropolitano Central,UCI,Tarde,17,15,0.882,0,17
2026-06-09,Hospital Metropolitano Central,UCI,Noche,17,16,0.941,0,30
2026-06-09,Hospital Metropolitano Central,Medicina Interna,Mañana,57,54,0.947,0,22
2026-06-09,Hospital Metropolitano Central,Medicina Interna,Tarde,57,57,1.0,1,55
2026-06-09,Hospital Metropolitano Central,Medicina Interna,Noche,57,57,1.0,0,25
2026-06-09,Hospital Metropolitano Central,Cirugía,Mañana,48,41,0.854,0,7
2026-06-09,Hospital Metropolitano Central,Cirugía,Tarde,48,44,0.917,0,15
2026-06-09,Hospital Metropolitano Central,Cirugía,Noche,48,28,0.583,0,13
2026-06-09,Hospital Metropolitano Central,Pediatría,Mañana,26,22,0.846,0,25
2026-06-09,Hospital Metropolitano Central,Pediatría,Tarde,26,25,0.962,1,71
2026-06-09,Hospital Metropolitano Central,Pediatría,Noche,26,24,0.923,0,12
2026-06-09,Hospital Metropolitano Central,Maternidad,Mañana,27,21,0.778,0,8
2026-06-09,Hospital Metropolitano Central,Maternidad,Tarde,27,25,0.926,0,10
2026-06-09,Hospital Metropolitano Central,Maternidad,Noche,27,20,0.741,0,18
2026-06-09,Hospital del Valle,Urgencias,Mañana,34,23,0.676,0,7
2026-06-09,Hospital del Valle,Urgencias,Tarde,34,26,0.765,0,24
2026-06-09,Hospital del Valle,Urgencias,Noche,34,30,0.882,0,21
2026-06-09,Hospital del Valle,UCI,Mañana,16,11,0.688,0,19
2026-06-09,Hospital del Valle,UCI,Tarde,16,12,0.75,0,16
2026-06-09,Hospital del Valle,UCI,Noche,16,12,0.75,0,12
2026-06-09,Hospital del Valle,Medicina Interna,Mañana,64,40,0.625,0,24
2026-06-09,Hospital del Valle,Medicina Interna,Tarde,64,47,0.734,0,16
2026-06-09,Hospital del Valle,Medicina Interna,Noche,64,46,0.719,0,8
2026-06-09,Hospital del Valle,Cirugía,Mañana,39,23,0.59,0,5
2026-06-09,Hospital del Valle,Cirugía,Tarde,39,24,0.615,0,25
2026-06-09,Hospital del Valle,Cirugía,Noche,39,21,0.538,0,14
2026-06-09,Hospital del Valle,Pediatría,Mañana,30,19,0.633,0,8
2026-06-09,Hospital del Valle,Pediatría,Tarde,30,20,0.667,0,10
2026-06-09,Hospital del Valle,Pediatría,Noche,30,21,0.7,0,18
2026-06-09,Hospital del Valle,Maternidad,Mañana,22,13,0.591,0,11
2026-06-09,Hospital del Valle,Maternidad,Tarde,22,12,0.545,0,17
2026-06-09,Hospital del Valle,Maternidad,Noche,22,12,0.545,0,11
2026-06-09,Hospital Costa Poniente,Urgencias,Mañana,41,28,0.683,0,18
2026-06-09,Hospital Costa Poniente,Urgencias,Tarde,41,31,0.756,0,25
2026-06-09,Hospital Costa Poniente,Urgencias,Noche,41,41,1.0,1,166
2026-06-09,Hospital Costa Poniente,UCI,Mañana,16,13,0.812,0,9
2026-06-09,Hospital Costa Poniente,UCI,Tarde,16,14,0.875,0,11
2026-06-09,Hospital Costa Poniente,UCI,Noche,16,13,0.812,0,18
2026-06-09,Hospital Costa Poniente,Medicina Interna,Mañana,64,47,0.734,0,21
2026-06-09,Hospital Costa Poniente,Medicina Interna,Tarde,64,55,0.859,0,10
2026-06-09,Hospital Costa Poniente,Medicina Interna,Noche,64,52,0.812,0,10
2026-06-09,Hospital Costa Poniente,Cirugía,Mañana,46,27,0.587,0,17
2026-06-09,Hospital Costa Poniente,Cirugía,Tarde,46,34,0.739,0,24
2026-06-09,Hospital Costa Poniente,Cirugía,Noche,46,27,0.587,0,21
2026-06-09,Hospital Costa Poniente,Pediatría,Mañana,32,23,0.719,0,24
2026-06-09,Hospital Costa Poniente,Pediatría,Tarde,32,28,0.875,0,12
2026-06-09,Hospital Costa Poniente,Pediatría,Noche,32,24,0.75,0,15
2026-06-09,Hospital Costa Poniente,Maternidad,Mañana,27,17,0.63,0,9
2026-06-09,Hospital Costa Poniente,Maternidad,Tarde,27,18,0.667,0,24
2026-06-09,Hospital Costa Poniente,Maternidad,Noche,27,19,0.704,0,21
2026-06-10,Hospital Regional Norte,Urgencias,Mañana,37,32,0.865,0,15
2026-06-10,Hospital Regional Norte,Urgencias,Tarde,37,36,0.973,0,30
2026-06-10,Hospital Regional Norte,Urgencias,Noche,37,37,1.0,2,135
2026-06-10,Hospital Regional Norte,UCI,Mañana,15,13,0.867,0,30
2026-06-10,Hospital Regional Norte,UCI,Tarde,15,15,1.0,0,27
2026-06-10,Hospital Regional Norte,UCI,Noche,15,14,0.933,0,13
2026-06-10,Hospital Regional Norte,Medicina Interna,Mañana,62,52,0.839,0,23
2026-06-10,Hospital Regional Norte,Medicina Interna,Tarde,62,57,0.919,0,18
2026-06-10,Hospital Regional Norte,Medicina Interna,Noche,62,56,0.903,0,22
2026-06-10,Hospital Regional Norte,Cirugía,Mañana,41,32,0.78,0,5
2026-06-10,Hospital Regional Norte,Cirugía,Tarde,41,33,0.805,0,5
2026-06-10,Hospital Regional Norte,Cirugía,Noche,41,23,0.561,0,6
2026-06-10,Hospital Regional Norte,Pediatría,Mañana,31,24,0.774,0,10
2026-06-10,Hospital Regional Norte,Pediatría,Tarde,31,31,1.0,0,14
2026-06-10,Hospital Regional Norte,Pediatría,Noche,31,29,0.935,0,19
2026-06-10,Hospital Regional Norte,Maternidad,Mañana,23,17,0.739,0,16
2026-06-10,Hospital Regional Norte,Maternidad,Tarde,23,19,0.826,0,8
2026-06-10,Hospital Regional Norte,Maternidad,Noche,23,18,0.783,0,22
2026-06-10,Hospital Metropolitano Central,Urgencias,Mañana,43,41,0.953,0,17
2026-06-10,Hospital Metropolitano Central,Urgencias,Tarde,43,43,1.0,1,126
2026-06-10,Hospital Metropolitano Central,Urgencias,Noche,43,43,1.0,7,186
2026-06-10,Hospital Metropolitano Central,UCI,Mañana,17,16,0.941,0,27
2026-06-10,Hospital Metropolitano Central,UCI,Tarde,17,15,0.882,0,16
2026-06-10,Hospital Metropolitano Central,UCI,Noche,17,17,1.0,0,24
2026-06-10,Hospital Metropolitano Central,Medicina Interna,Mañana,63,60,0.952,0,25
2026-06-10,Hospital Metropolitano Central,Medicina Interna,Tarde,63,61,0.968,1,103
2026-06-10,Hospital Metropolitano Central,Medicina Interna,Noche,63,63,1.0,0,15
2026-06-10,Hospital Metropolitano Central,Cirugía,Mañana,49,36,0.735,0,10
2026-06-10,Hospital Metropolitano Central,Cirugía,Tarde,49,45,0.918,0,8
2026-06-10,Hospital Metropolitano Central,Cirugía,Noche,49,30,0.612,0,18
2026-06-10,Hospital Metropolitano Central,Pediatría,Mañana,28,24,0.857,0,10
2026-06-10,Hospital Metropolitano Central,Pediatría,Tarde,28,28,1.0,1,135
2026-06-10,Hospital Metropolitano Central,Pediatría,Noche,28,28,1.0,0,14
2026-06-10,Hospital Metropolitano Central,Maternidad,Mañana,27,21,0.778,0,25
2026-06-10,Hospital Metropolitano Central,Maternidad,Tarde,27,24,0.889,0,14
2026-06-10,Hospital Metropolitano Central,Maternidad,Noche,27,22,0.815,0,23
2026-06-10,Hospital del Valle,Urgencias,Mañana,40,24,0.6,0,15
2026-06-10,Hospital del Valle,Urgencias,Tarde,40,29,0.725,0,10
2026-06-10,Hospital del Valle,Urgencias,Noche,40,35,0.875,0,21
2026-06-10,Hospital del Valle,UCI,Mañana,14,9,0.643,0,17
2026-06-10,Hospital del Valle,UCI,Tarde,14,9,0.643,0,12
2026-06-10,Hospital del Valle,UCI,Noche,14,11,0.786,0,15
2026-06-10,Hospital del Valle,Medicina Interna,Mañana,56,34,0.607,0,24
2026-06-10,Hospital del Valle,Medicina Interna,Tarde,56,40,0.714,0,22
2026-06-10,Hospital del Valle,Medicina Interna,Noche,56,41,0.732,0,25
2026-06-10,Hospital del Valle,Cirugía,Mañana,38,23,0.605,0,19
2026-06-10,Hospital del Valle,Cirugía,Tarde,38,23,0.605,0,25
2026-06-10,Hospital del Valle,Cirugía,Noche,38,18,0.474,0,24
2026-06-10,Hospital del Valle,Pediatría,Mañana,27,16,0.593,0,15
2026-06-10,Hospital del Valle,Pediatría,Tarde,27,19,0.704,0,8
2026-06-10,Hospital del Valle,Pediatría,Noche,27,18,0.667,0,22
2026-06-10,Hospital del Valle,Maternidad,Mañana,26,13,0.5,0,21
2026-06-10,Hospital del Valle,Maternidad,Tarde,26,18,0.692,0,16
2026-06-10,Hospital del Valle,Maternidad,Noche,26,15,0.577,0,21
2026-06-10,Hospital Costa Poniente,Urgencias,Mañana,38,26,0.684,0,25
2026-06-10,Hospital Costa Poniente,Urgencias,Tarde,38,30,0.789,0,21
2026-06-10,Hospital Costa Poniente,Urgencias,Noche,38,35,0.921,0,8
2026-06-10,Hospital Costa Poniente,UCI,Mañana,14,11,0.786,0,22
2026-06-10,Hospital Costa Poniente,UCI,Tarde,14,11,0.786,0,25
2026-06-10,Hospital Costa Poniente,UCI,Noche,14,10,0.714,0,25
2026-06-10,Hospital Costa Poniente,Medicina Interna,Mañana,63,50,0.794,0,18
2026-06-10,Hospital Costa Poniente,Medicina Interna,Tarde,63,55,0.873,0,11
2026-06-10,Hospital Costa Poniente,Medicina Interna,Noche,63,49,0.778,0,18
2026-06-10,Hospital Costa Poniente,Cirugía,Mañana,46,33,0.717,0,9
2026-06-10,Hospital Costa Poniente,Cirugía,Tarde,46,30,0.652,0,15
2026-06-10,Hospital Costa Poniente,Cirugía,Noche,46,20,0.435,0,7
2026-06-10,Hospital Costa Poniente,Pediatría,Mañana,26,21,0.808,0,22
2026-06-10,Hospital Costa Poniente,Pediatría,Tarde,26,20,0.769,0,12
2026-06-10,Hospital Costa Poniente,Pediatría,Noche,26,22,0.846,0,18
2026-06-10,Hospital Costa Poniente,Maternidad,Mañana,24,16,0.667,0,18
2026-06-10,Hospital Costa Poniente,Maternidad,Tarde,24,16,0.667,0,17
2026-06-10,Hospital Costa Poniente,Maternidad,Noche,24,17,0.708,0,22
2026-06-11,Hospital Regional Norte,Urgencias,Mañana,34,30,0.882,0,7
2026-06-11,Hospital Regional Norte,Urgencias,Tarde,34,33,0.971,0,12
2026-06-11,Hospital Regional Norte,Urgencias,Noche,34,34,1.0,3,143
2026-06-11,Hospital Regional Norte,UCI,Mañana,15,11,0.733,0,19
2026-06-11,Hospital Regional Norte,UCI,Tarde,15,13,0.867,0,10
2026-06-11,Hospital Regional Norte,UCI,Noche,15,13,0.867,0,14
2026-06-11,Hospital Regional Norte,Medicina Interna,Mañana,62,54,0.871,0,22
2026-06-11,Hospital Regional Norte,Medicina Interna,Tarde,62,55,0.887,0,25
2026-06-11,Hospital Regional Norte,Medicina Interna,Noche,62,50,0.806,0,25
2026-06-11,Hospital Regional Norte,Cirugía,Mañana,42,34,0.81,0,22
2026-06-11,Hospital Regional Norte,Cirugía,Tarde,42,37,0.881,0,9
2026-06-11,Hospital Regional Norte,Cirugía,Noche,42,22,0.524,0,5
2026-06-11,Hospital Regional Norte,Pediatría,Mañana,30,25,0.833,0,22
2026-06-11,Hospital Regional Norte,Pediatría,Tarde,30,30,1.0,0,21
2026-06-11,Hospital Regional Norte,Pediatría,Noche,30,25,0.833,0,25
2026-06-11,Hospital Regional Norte,Maternidad,Mañana,27,18,0.667,0,10
2026-06-11,Hospital Regional Norte,Maternidad,Tarde,27,20,0.741,0,13
2026-06-11,Hospital Regional Norte,Maternidad,Noche,27,19,0.704,0,10
2026-06-11,Hospital Metropolitano Central,Urgencias,Mañana,41,38,0.927,0,6
2026-06-11,Hospital Metropolitano Central,Urgencias,Tarde,41,41,1.0,2,179
2026-06-11,Hospital Metropolitano Central,Urgencias,Noche,41,41,1.0,4,82
2026-06-11,Hospital Metropolitano Central,UCI,Mañana,14,13,0.929,0,20
2026-06-11,Hospital Metropolitano Central,UCI,Tarde,14,13,0.929,0,17
2026-06-11,Hospital Metropolitano Central,UCI,Noche,14,13,0.929,0,16
2026-06-11,Hospital Metropolitano Central,Medicina Interna,Mañana,56,50,0.893,0,24
2026-06-11,Hospital Metropolitano Central,Medicina Interna,Tarde,56,56,1.0,1,91
2026-06-11,Hospital Metropolitano Central,Medicina Interna,Noche,56,53,0.946,0,15
2026-06-11,Hospital Metropolitano Central,Cirugía,Mañana,49,36,0.735,0,15
2026-06-11,Hospital Metropolitano Central,Cirugía,Tarde,49,41,0.837,0,12
2026-06-11,Hospital Metropolitano Central,Cirugía,Noche,49,32,0.653,0,25
2026-06-11,Hospital Metropolitano Central,Pediatría,Mañana,29,28,0.966,0,20
2026-06-11,Hospital Metropolitano Central,Pediatría,Tarde,29,29,1.0,1,141
2026-06-11,Hospital Metropolitano Central,Pediatría,Noche,29,27,0.931,0,30
2026-06-11,Hospital Metropolitano Central,Maternidad,Mañana,25,21,0.84,0,9
2026-06-11,Hospital Metropolitano Central,Maternidad,Tarde,25,23,0.92,0,30
2026-06-11,Hospital Metropolitano Central,Maternidad,Noche,25,19,0.76,0,7
2026-06-11,Hospital del Valle,Urgencias,Mañana,43,31,0.721,0,25
2026-06-11,Hospital del Valle,Urgencias,Tarde,43,28,0.651,0,23
2026-06-11,Hospital del Valle,Urgencias,Noche,43,38,0.884,0,23
2026-06-11,Hospital del Valle,UCI,Mañana,14,8,0.571,0,13
2026-06-11,Hospital del Valle,UCI,Tarde,14,10,0.714,0,22
2026-06-11,Hospital del Valle,UCI,Noche,14,10,0.714,0,9
2026-06-11,Hospital del Valle,Medicina Interna,Mañana,56,34,0.607,0,23
2026-06-11,Hospital del Valle,Medicina Interna,Tarde,56,42,0.75,0,14
2026-06-11,Hospital del Valle,Medicina Interna,Noche,56,35,0.625,0,21
2026-06-11,Hospital del Valle,Cirugía,Mañana,44,25,0.568,0,21
2026-06-11,Hospital del Valle,Cirugía,Tarde,44,25,0.568,0,12
2026-06-11,Hospital del Valle,Cirugía,Noche,44,22,0.5,0,24
2026-06-11,Hospital del Valle,Pediatría,Mañana,31,22,0.71,0,9
2026-06-11,Hospital del Valle,Pediatría,Tarde,31,22,0.71,0,10
2026-06-11,Hospital del Valle,Pediatría,Noche,31,22,0.71,0,23
2026-06-11,Hospital del Valle,Maternidad,Mañana,25,16,0.64,0,20
2026-06-11,Hospital del Valle,Maternidad,Tarde,25,17,0.68,0,6
2026-06-11,Hospital del Valle,Maternidad,Noche,25,14,0.56,0,20
2026-06-11,Hospital Costa Poniente,Urgencias,Mañana,36,26,0.722,0,12
2026-06-11,Hospital Costa Poniente,Urgencias,Tarde,36,27,0.75,0,11
2026-06-11,Hospital Costa Poniente,Urgencias,Noche,36,36,1.0,1,150
2026-06-11,Hospital Costa Poniente,UCI,Mañana,17,13,0.765,0,6
2026-06-11,Hospital Costa Poniente,UCI,Tarde,17,15,0.882,0,26
2026-06-11,Hospital Costa Poniente,UCI,Noche,17,14,0.824,0,13
2026-06-11,Hospital Costa Poniente,Medicina Interna,Mañana,64,45,0.703,0,22
2026-06-11,Hospital Costa Poniente,Medicina Interna,Tarde,64,53,0.828,0,17
2026-06-11,Hospital Costa Poniente,Medicina Interna,Noche,64,51,0.797,0,16
2026-06-11,Hospital Costa Poniente,Cirugía,Mañana,45,32,0.711,0,7
2026-06-11,Hospital Costa Poniente,Cirugía,Tarde,45,33,0.733,0,17
2026-06-11,Hospital Costa Poniente,Cirugía,Noche,45,27,0.6,0,12
2026-06-11,Hospital Costa Poniente,Pediatría,Mañana,29,21,0.724,0,16
2026-06-11,Hospital Costa Poniente,Pediatría,Tarde,29,24,0.828,0,20
2026-06-11,Hospital Costa Poniente,Pediatría,Noche,29,25,0.862,0,5
2026-06-11,Hospital Costa Poniente,Maternidad,Mañana,24,14,0.583,0,10
2026-06-11,Hospital Costa Poniente,Maternidad,Tarde,24,16,0.667,0,21
2026-06-11,Hospital Costa Poniente,Maternidad,Noche,24,17,0.708,0,11
2026-06-12,Hospital Regional Norte,Urgencias,Mañana,36,28,0.778,0,24
2026-06-12,Hospital Regional Norte,Urgencias,Tarde,36,35,0.972,0,17
2026-06-12,Hospital Regional Norte,Urgencias,Noche,36,36,1.0,2,86
2026-06-12,Hospital Regional Norte,UCI,Mañana,16,13,0.812,0,23
2026-06-12,Hospital Regional Norte,UCI,Tarde,16,13,0.812,0,18
2026-06-12,Hospital Regional Norte,UCI,Noche,16,13,0.812,0,6
2026-06-12,Hospital Regional Norte,Medicina Interna,Mañana,53,45,0.849,0,9
2026-06-12,Hospital Regional Norte,Medicina Interna,Tarde,53,50,0.943,0,6
2026-06-12,Hospital Regional Norte,Medicina Interna,Noche,53,49,0.925,0,9
2026-06-12,Hospital Regional Norte,Cirugía,Mañana,39,27,0.692,0,10
2026-06-12,Hospital Regional Norte,Cirugía,Tarde,39,32,0.821,0,17
2026-06-12,Hospital Regional Norte,Cirugía,Noche,39,23,0.59,0,23
2026-06-12,Hospital Regional Norte,Pediatría,Mañana,30,27,0.9,0,14
2026-06-12,Hospital Regional Norte,Pediatría,Tarde,30,30,1.0,0,29
2026-06-12,Hospital Regional Norte,Pediatría,Noche,30,29,0.967,0,15
2026-06-12,Hospital Regional Norte,Maternidad,Mañana,23,16,0.696,0,9
2026-06-12,Hospital Regional Norte,Maternidad,Tarde,23,19,0.826,0,10
2026-06-12,Hospital Regional Norte,Maternidad,Noche,23,18,0.783,0,21
2026-06-12,Hospital Metropolitano Central,Urgencias,Mañana,37,35,0.946,0,24
2026-06-12,Hospital Metropolitano Central,Urgencias,Tarde,37,37,1.0,1,147
2026-06-12,Hospital Metropolitano Central,Urgencias,Noche,37,37,1.0,3,199
2026-06-12,Hospital Metropolitano Central,UCI,Mañana,16,15,0.938,0,15
2026-06-12,Hospital Metropolitano Central,UCI,Tarde,16,15,0.938,0,11
2026-06-12,Hospital Metropolitano Central,UCI,Noche,16,16,1.0,0,13
2026-06-12,Hospital Metropolitano Central,Medicina Interna,Mañana,52,48,0.923,0,24
2026-06-12,Hospital Metropolitano Central,Medicina Interna,Tarde,52,52,1.0,1,162
2026-06-12,Hospital Metropolitano Central,Medicina Interna,Noche,52,48,0.923,0,6
2026-06-12,Hospital Metropolitano Central,Cirugía,Mañana,46,36,0.783,0,20
2026-06-12,Hospital Metropolitano Central,Cirugía,Tarde,46,42,0.913,0,17
2026-06-12,Hospital Metropolitano Central,Cirugía,Noche,46,28,0.609,0,23
2026-06-12,Hospital Metropolitano Central,Pediatría,Mañana,26,22,0.846,0,20
2026-06-12,Hospital Metropolitano Central,Pediatría,Tarde,26,26,1.0,1,71
2026-06-12,Hospital Metropolitano Central,Pediatría,Noche,26,25,0.962,0,18
2026-06-12,Hospital Metropolitano Central,Maternidad,Mañana,22,18,0.818,0,5
2026-06-12,Hospital Metropolitano Central,Maternidad,Tarde,22,19,0.864,0,8
2026-06-12,Hospital Metropolitano Central,Maternidad,Noche,22,18,0.818,0,17
2026-06-12,Hospital del Valle,Urgencias,Mañana,41,28,0.683,0,15
2026-06-12,Hospital del Valle,Urgencias,Tarde,41,29,0.707,0,8
2026-06-12,Hospital del Valle,Urgencias,Noche,41,33,0.805,0,25
2026-06-12,Hospital del Valle,UCI,Mañana,16,10,0.625,0,22
2026-06-12,Hospital del Valle,UCI,Tarde,16,11,0.688,0,16
2026-06-12,Hospital del Valle,UCI,Noche,16,12,0.75,0,17
2026-06-12,Hospital del Valle,Medicina Interna,Mañana,62,39,0.629,0,22
2026-06-12,Hospital del Valle,Medicina Interna,Tarde,62,44,0.71,0,16
2026-06-12,Hospital del Valle,Medicina Interna,Noche,62,43,0.694,0,20
2026-06-12,Hospital del Valle,Cirugía,Mañana,41,22,0.537,0,16
2026-06-12,Hospital del Valle,Cirugía,Tarde,41,28,0.683,0,17
2026-06-12,Hospital del Valle,Cirugía,Noche,41,20,0.488,0,8
2026-06-12,Hospital del Valle,Pediatría,Mañana,31,20,0.645,0,10
2026-06-12,Hospital del Valle,Pediatría,Tarde,31,20,0.645,0,21
2026-06-12,Hospital del Valle,Pediatría,Noche,31,21,0.677,0,15
2026-06-12,Hospital del Valle,Maternidad,Mañana,26,15,0.577,0,6
2026-06-12,Hospital del Valle,Maternidad,Tarde,26,15,0.577,0,25
2026-06-12,Hospital del Valle,Maternidad,Noche,26,13,0.5,0,7
2026-06-12,Hospital Costa Poniente,Urgencias,Mañana,42,31,0.738,0,24
2026-06-12,Hospital Costa Poniente,Urgencias,Tarde,42,34,0.81,0,7
2026-06-12,Hospital Costa Poniente,Urgencias,Noche,42,40,0.952,1,62
2026-06-12,Hospital Costa Poniente,UCI,Mañana,15,12,0.8,0,24
2026-06-12,Hospital Costa Poniente,UCI,Tarde,15,12,0.8,0,14
2026-06-12,Hospital Costa Poniente,UCI,Noche,15,13,0.867,0,15
2026-06-12,Hospital Costa Poniente,Medicina Interna,Mañana,61,44,0.721,0,11
2026-06-12,Hospital Costa Poniente,Medicina Interna,Tarde,61,53,0.869,0,21
2026-06-12,Hospital Costa Poniente,Medicina Interna,Noche,61,45,0.738,0,6
2026-06-12,Hospital Costa Poniente,Cirugía,Mañana,47,31,0.66,0,12
2026-06-12,Hospital Costa Poniente,Cirugía,Tarde,47,35,0.745,0,6
2026-06-12,Hospital Costa Poniente,Cirugía,Noche,47,23,0.489,0,25
2026-06-12,Hospital Costa Poniente,Pediatría,Mañana,26,18,0.692,0,13
2026-06-12,Hospital Costa Poniente,Pediatría,Tarde,26,23,0.885,0,16
2026-06-12,Hospital Costa Poniente,Pediatría,Noche,26,21,0.808,0,17
2026-06-12,Hospital Costa Poniente,Maternidad,Mañana,25,16,0.64,0,7
2026-06-12,Hospital Costa Poniente,Maternidad,Tarde,25,19,0.76,0,22
2026-06-12,Hospital Costa Poniente,Maternidad,Noche,25,16,0.64,0,22
2026-06-13,Hospital Regional Norte,Urgencias,Mañana,43,41,0.953,1,119
2026-06-13,Hospital Regional Norte,Urgencias,Tarde,43,43,1.0,2,162
2026-06-13,Hospital Regional Norte,Urgencias,Noche,43,43,1.0,5,189
2026-06-13,Hospital Regional Norte,UCI,Mañana,16,12,0.75,0,15
2026-06-13,Hospital Regional Norte,UCI,Tarde,16,15,0.938,0,18
2026-06-13,Hospital Regional Norte,UCI,Noche,16,15,0.938,0,28
2026-06-13,Hospital Regional Norte,Medicina Interna,Mañana,55,43,0.782,0,17
2026-06-13,Hospital Regional Norte,Medicina Interna,Tarde,55,48,0.873,0,12
2026-06-13,Hospital Regional Norte,Medicina Interna,Noche,55,48,0.873,0,19
2026-06-13,Hospital Regional Norte,Cirugía,Mañana,46,35,0.761,0,5
2026-06-13,Hospital Regional Norte,Cirugía,Tarde,46,35,0.761,0,13
2026-06-13,Hospital Regional Norte,Cirugía,Noche,46,22,0.478,0,25
2026-06-13,Hospital Regional Norte,Pediatría,Mañana,31,23,0.742,0,12
2026-06-13,Hospital Regional Norte,Pediatría,Tarde,31,29,0.935,0,21
2026-06-13,Hospital Regional Norte,Pediatría,Noche,31,26,0.839,0,5
2026-06-13,Hospital Regional Norte,Maternidad,Mañana,26,17,0.654,0,14
2026-06-13,Hospital Regional Norte,Maternidad,Tarde,26,18,0.692,0,15
2026-06-13,Hospital Regional Norte,Maternidad,Noche,26,17,0.654,0,10
2026-06-13,Hospital Metropolitano Central,Urgencias,Mañana,39,39,1.0,2,121
2026-06-13,Hospital Metropolitano Central,Urgencias,Tarde,39,39,1.0,5,123
2026-06-13,Hospital Metropolitano Central,Urgencias,Noche,39,39,1.0,7,141
2026-06-13,Hospital Metropolitano Central,UCI,Mañana,14,11,0.786,0,12
2026-06-13,Hospital Metropolitano Central,UCI,Tarde,14,14,1.0,0,13
2026-06-13,Hospital Metropolitano Central,UCI,Noche,14,12,0.857,0,25
2026-06-13,Hospital Metropolitano Central,Medicina Interna,Mañana,60,53,0.883,0,22
2026-06-13,Hospital Metropolitano Central,Medicina Interna,Tarde,60,60,1.0,0,21
2026-06-13,Hospital Metropolitano Central,Medicina Interna,Noche,60,55,0.917,0,20
2026-06-13,Hospital Metropolitano Central,Cirugía,Mañana,48,39,0.812,0,23
2026-06-13,Hospital Metropolitano Central,Cirugía,Tarde,48,43,0.896,0,20
2026-06-13,Hospital Metropolitano Central,Cirugía,Noche,48,26,0.542,0,21
2026-06-13,Hospital Metropolitano Central,Pediatría,Mañana,28,23,0.821,0,23
2026-06-13,Hospital Metropolitano Central,Pediatría,Tarde,28,25,0.893,0,21
2026-06-13,Hospital Metropolitano Central,Pediatría,Noche,28,27,0.964,0,27
2026-06-13,Hospital Metropolitano Central,Maternidad,Mañana,21,15,0.714,0,10
2026-06-13,Hospital Metropolitano Central,Maternidad,Tarde,21,17,0.81,0,8
2026-06-13,Hospital Metropolitano Central,Maternidad,Noche,21,17,0.81,0,19
2026-06-13,Hospital del Valle,Urgencias,Mañana,37,25,0.676,0,11
2026-06-13,Hospital del Valle,Urgencias,Tarde,37,30,0.811,0,8
2026-06-13,Hospital del Valle,Urgencias,Noche,37,36,0.973,1,115
2026-06-13,Hospital del Valle,UCI,Mañana,16,9,0.562,0,20
2026-06-13,Hospital del Valle,UCI,Tarde,16,12,0.75,0,15
2026-06-13,Hospital del Valle,UCI,Noche,16,10,0.625,0,20
2026-06-13,Hospital del Valle,Medicina Interna,Mañana,57,34,0.596,0,16
2026-06-13,Hospital del Valle,Medicina Interna,Tarde,57,38,0.667,0,17
2026-06-13,Hospital del Valle,Medicina Interna,Noche,57,35,0.614,0,10
2026-06-13,Hospital del Valle,Cirugía,Mañana,45,28,0.622,0,12
2026-06-13,Hospital del Valle,Cirugía,Tarde,45,29,0.644,0,13
2026-06-13,Hospital del Valle,Cirugía,Noche,45,22,0.489,0,22
2026-06-13,Hospital del Valle,Pediatría,Mañana,29,17,0.586,0,9
2026-06-13,Hospital del Valle,Pediatría,Tarde,29,21,0.724,0,9
2026-06-13,Hospital del Valle,Pediatría,Noche,29,19,0.655,0,5
2026-06-13,Hospital del Valle,Maternidad,Mañana,22,12,0.545,0,25
2026-06-13,Hospital del Valle,Maternidad,Tarde,22,13,0.591,0,15
2026-06-13,Hospital del Valle,Maternidad,Noche,22,13,0.591,0,14
2026-06-13,Hospital Costa Poniente,Urgencias,Mañana,37,34,0.919,0,6
2026-06-13,Hospital Costa Poniente,Urgencias,Tarde,37,35,0.946,0,11
2026-06-13,Hospital Costa Poniente,Urgencias,Noche,37,37,1.0,3,87
2026-06-13,Hospital Costa Poniente,UCI,Mañana,17,11,0.647,0,16
2026-06-13,Hospital Costa Poniente,UCI,Tarde,17,13,0.765,0,13
2026-06-13,Hospital Costa Poniente,UCI,Noche,17,12,0.706,0,18
2026-06-13,Hospital Costa Poniente,Medicina Interna,Mañana,53,40,0.755,0,24
2026-06-13,Hospital Costa Poniente,Medicina Interna,Tarde,53,38,0.717,0,23
2026-06-13,Hospital Costa Poniente,Medicina Interna,Noche,53,40,0.755,0,22
2026-06-13,Hospital Costa Poniente,Cirugía,Mañana,40,27,0.675,0,16
2026-06-13,Hospital Costa Poniente,Cirugía,Tarde,40,26,0.65,0,21
2026-06-13,Hospital Costa Poniente,Cirugía,Noche,40,20,0.5,0,19
2026-06-13,Hospital Costa Poniente,Pediatría,Mañana,32,22,0.688,0,14
2026-06-13,Hospital Costa Poniente,Pediatría,Tarde,32,25,0.781,0,9
2026-06-13,Hospital Costa Poniente,Pediatría,Noche,32,26,0.812,0,25
2026-06-13,Hospital Costa Poniente,Maternidad,Mañana,26,15,0.577,0,25
2026-06-13,Hospital Costa Poniente,Maternidad,Tarde,26,18,0.692,0,17
2026-06-13,Hospital Costa Poniente,Maternidad,Noche,26,18,0.692,0,7
2026-06-14,Hospital Regional Norte,Urgencias,Mañana,35,33,0.943,0,30
2026-06-14,Hospital Regional Norte,Urgencias,Tarde,35,35,1.0,2,156
2026-06-14,Hospital Regional Norte,Urgencias,Noche,35,35,1.0,7,193
2026-06-14,Hospital Regional Norte,UCI,Mañana,16,14,0.875,0,15
2026-06-14,Hospital Regional Norte,UCI,Tarde,16,15,0.938,0,17
2026-06-14,Hospital Regional Norte,UCI,Noche,16,14,0.875,0,12
2026-06-14,Hospital Regional Norte,Medicina Interna,Mañana,54,42,0.778,0,8
2026-06-14,Hospital Regional Norte,Medicina Interna,Tarde,54,43,0.796,0,20
2026-06-14,Hospital Regional Norte,Medicina Interna,Noche,54,45,0.833,0,5
2026-06-14,Hospital Regional Norte,Cirugía,Mañana,47,33,0.702,0,7
2026-06-14,Hospital Regional Norte,Cirugía,Tarde,47,33,0.702,0,24
2026-06-14,Hospital Regional Norte,Cirugía,Noche,47,23,0.489,0,25
2026-06-14,Hospital Regional Norte,Pediatría,Mañana,32,25,0.781,0,12
2026-06-14,Hospital Regional Norte,Pediatría,Tarde,32,27,0.844,0,14
2026-06-14,Hospital Regional Norte,Pediatría,Noche,32,26,0.812,0,9
2026-06-14,Hospital Regional Norte,Maternidad,Mañana,22,16,0.727,0,5
2026-06-14,Hospital Regional Norte,Maternidad,Tarde,22,15,0.682,0,16
2026-06-14,Hospital Regional Norte,Maternidad,Noche,22,17,0.773,0,15
2026-06-14,Hospital Metropolitano Central,Urgencias,Mañana,43,43,1.0,3,135
2026-06-14,Hospital Metropolitano Central,Urgencias,Tarde,43,43,1.0,6,132
2026-06-14,Hospital Metropolitano Central,Urgencias,Noche,43,43,1.0,10,226
2026-06-14,Hospital Metropolitano Central,UCI,Mañana,16,13,0.812,0,16
2026-06-14,Hospital Metropolitano Central,UCI,Tarde,16,15,0.938,0,12
2026-06-14,Hospital Metropolitano Central,UCI,Noche,16,15,0.938,0,18
2026-06-14,Hospital Metropolitano Central,Medicina Interna,Mañana,53,41,0.774,0,21
2026-06-14,Hospital Metropolitano Central,Medicina Interna,Tarde,53,52,0.981,0,21
2026-06-14,Hospital Metropolitano Central,Medicina Interna,Noche,53,46,0.868,0,22
2026-06-14,Hospital Metropolitano Central,Cirugía,Mañana,38,31,0.816,0,20
2026-06-14,Hospital Metropolitano Central,Cirugía,Tarde,38,30,0.789,0,18
2026-06-14,Hospital Metropolitano Central,Cirugía,Noche,38,24,0.632,0,24
2026-06-14,Hospital Metropolitano Central,Pediatría,Mañana,27,21,0.778,0,16
2026-06-14,Hospital Metropolitano Central,Pediatría,Tarde,27,24,0.889,0,22
2026-06-14,Hospital Metropolitano Central,Pediatría,Noche,27,24,0.889,0,12
2026-06-14,Hospital Metropolitano Central,Maternidad,Mañana,22,17,0.773,0,17
2026-06-14,Hospital Metropolitano Central,Maternidad,Tarde,22,19,0.864,0,12
2026-06-14,Hospital Metropolitano Central,Maternidad,Noche,22,16,0.727,0,18
2026-06-14,Hospital del Valle,Urgencias,Mañana,40,30,0.75,0,24
2026-06-14,Hospital del Valle,Urgencias,Tarde,40,36,0.9,0,13
2026-06-14,Hospital del Valle,Urgencias,Noche,40,39,0.975,1,119
2026-06-14,Hospital del Valle,UCI,Mañana,14,7,0.5,0,9
2026-06-14,Hospital del Valle,UCI,Tarde,14,9,0.643,0,25
2026-06-14,Hospital del Valle,UCI,Noche,14,9,0.643,0,19
2026-06-14,Hospital del Valle,Medicina Interna,Mañana,55,35,0.636,0,11
2026-06-14,Hospital del Valle,Medicina Interna,Tarde,55,36,0.655,0,9
2026-06-14,Hospital del Valle,Medicina Interna,Noche,55,32,0.582,0,22
2026-06-14,Hospital del Valle,Cirugía,Mañana,38,24,0.632,0,14
2026-06-14,Hospital del Valle,Cirugía,Tarde,38,22,0.579,0,19
2026-06-14,Hospital del Valle,Cirugía,Noche,38,18,0.474,0,12
2026-06-14,Hospital del Valle,Pediatría,Mañana,26,14,0.538,0,11
2026-06-14,Hospital del Valle,Pediatría,Tarde,26,17,0.654,0,14
2026-06-14,Hospital del Valle,Pediatría,Noche,26,18,0.692,0,20
2026-06-14,Hospital del Valle,Maternidad,Mañana,27,14,0.519,0,6
2026-06-14,Hospital del Valle,Maternidad,Tarde,27,15,0.556,0,9
2026-06-14,Hospital del Valle,Maternidad,Noche,27,13,0.481,0,17
2026-06-14,Hospital Costa Poniente,Urgencias,Mañana,35,30,0.857,0,11
2026-06-14,Hospital Costa Poniente,Urgencias,Tarde,35,35,1.0,0,22
2026-06-14,Hospital Costa Poniente,Urgencias,Noche,35,35,1.0,2,120
2026-06-14,Hospital Costa Poniente,UCI,Mañana,17,12,0.706,0,6
2026-06-14,Hospital Costa Poniente,UCI,Tarde,17,12,0.706,0,8
2026-06-14,Hospital Costa Poniente,UCI,Noche,17,13,0.765,0,11
2026-06-14,Hospital Costa Poniente,Medicina Interna,Mañana,58,42,0.724,0,14
2026-06-14,Hospital Costa Poniente,Medicina Interna,Tarde,58,49,0.845,0,10
2026-06-14,Hospital Costa Poniente,Medicina Interna,Noche,58,44,0.759,0,6
2026-06-14,Hospital Costa Poniente,Cirugía,Mañana,47,30,0.638,0,8
2026-06-14,Hospital Costa Poniente,Cirugía,Tarde,47,30,0.638,0,25
2026-06-14,Hospital Costa Poniente,Cirugía,Noche,47,22,0.468,0,16
2026-06-14,Hospital Costa Poniente,Pediatría,Mañana,32,24,0.75,0,11
2026-06-14,Hospital Costa Poniente,Pediatría,Tarde,32,27,0.844,0,12
2026-06-14,Hospital Costa Poniente,Pediatría,Noche,32,24,0.75,0,15
2026-06-14,Hospital Costa Poniente,Maternidad,Mañana,21,14,0.667,0,23
2026-06-14,Hospital Costa Poniente,Maternidad,Tarde,21,13,0.619,0,12
2026-06-14,Hospital Costa Poniente,Maternidad,Noche,21,12,0.571,0,6
2026-06-15,Hospital Regional Norte,Urgencias,Mañana,40,35,0.875,0,24
2026-06-15,Hospital Regional Norte,Urgencias,Tarde,40,35,0.875,0,7
2026-06-15,Hospital Regional Norte,Urgencias,Noche,40,40,1.0,3,155
2026-06-15,Hospital Regional Norte,UCI,Mañana,14,11,0.786,0,9
2026-06-15,Hospital Regional Norte,UCI,Tarde,14,13,0.929,0,14
2026-06-15,Hospital Regional Norte,UCI,Noche,14,13,0.929,0,27
2026-06-15,Hospital Regional Norte,Medicina Interna,Mañana,63,55,0.873,0,19
2026-06-15,Hospital Regional Norte,Medicina Interna,Tarde,63,60,0.952,0,5
2026-06-15,Hospital Regional Norte,Medicina Interna,Noche,63,57,0.905,0,16
2026-06-15,Hospital Regional Norte,Cirugía,Mañana,46,32,0.696,0,6
2026-06-15,Hospital Regional Norte,Cirugía,Tarde,46,37,0.804,0,19
2026-06-15,Hospital Regional Norte,Cirugía,Noche,46,27,0.587,0,22
2026-06-15,Hospital Regional Norte,Pediatría,Mañana,31,24,0.774,0,10
2026-06-15,Hospital Regional Norte,Pediatría,Tarde,31,29,0.935,0,24
2026-06-15,Hospital Regional Norte,Pediatría,Noche,31,26,0.839,0,24
2026-06-15,Hospital Regional Norte,Maternidad,Mañana,27,20,0.741,0,7
2026-06-15,Hospital Regional Norte,Maternidad,Tarde,27,22,0.815,0,19
2026-06-15,Hospital Regional Norte,Maternidad,Noche,27,20,0.741,0,13
2026-06-15,Hospital Metropolitano Central,Urgencias,Mañana,39,35,0.897,0,25
2026-06-15,Hospital Metropolitano Central,Urgencias,Tarde,39,39,1.0,1,56
2026-06-15,Hospital Metropolitano Central,Urgencias,Noche,39,39,1.0,6,136
2026-06-15,Hospital Metropolitano Central,UCI,Mañana,16,14,0.875,0,22
2026-06-15,Hospital Metropolitano Central,UCI,Tarde,16,15,0.938,0,27
2026-06-15,Hospital Metropolitano Central,UCI,Noche,16,15,0.938,0,23
2026-06-15,Hospital Metropolitano Central,Medicina Interna,Mañana,61,51,0.836,0,21
2026-06-15,Hospital Metropolitano Central,Medicina Interna,Tarde,61,61,1.0,1,82
2026-06-15,Hospital Metropolitano Central,Medicina Interna,Noche,61,61,1.0,0,25
2026-06-15,Hospital Metropolitano Central,Cirugía,Mañana,40,29,0.725,0,25
2026-06-15,Hospital Metropolitano Central,Cirugía,Tarde,40,37,0.925,0,20
2026-06-15,Hospital Metropolitano Central,Cirugía,Noche,40,25,0.625,0,23
2026-06-15,Hospital Metropolitano Central,Pediatría,Mañana,27,24,0.889,0,24
2026-06-15,Hospital Metropolitano Central,Pediatría,Tarde,27,27,1.0,0,16
2026-06-15,Hospital Metropolitano Central,Pediatría,Noche,27,26,0.963,0,12
2026-06-15,Hospital Metropolitano Central,Maternidad,Mañana,24,19,0.792,0,16
2026-06-15,Hospital Metropolitano Central,Maternidad,Tarde,24,21,0.875,0,18
2026-06-15,Hospital Metropolitano Central,Maternidad,Noche,24,21,0.875,0,6
2026-06-15,Hospital del Valle,Urgencias,Mañana,42,26,0.619,0,6
2026-06-15,Hospital del Valle,Urgencias,Tarde,42,32,0.762,0,14
2026-06-15,Hospital del Valle,Urgencias,Noche,42,34,0.81,0,11
2026-06-15,Hospital del Valle,UCI,Mañana,17,10,0.588,0,12
2026-06-15,Hospital del Valle,UCI,Tarde,17,12,0.706,0,11
2026-06-15,Hospital del Valle,UCI,Noche,17,11,0.647,0,12
2026-06-15,Hospital del Valle,Medicina Interna,Mañana,60,43,0.717,0,22
2026-06-15,Hospital del Valle,Medicina Interna,Tarde,60,45,0.75,0,18
2026-06-15,Hospital del Valle,Medicina Interna,Noche,60,43,0.717,0,25
2026-06-15,Hospital del Valle,Cirugía,Mañana,45,27,0.6,0,18
2026-06-15,Hospital del Valle,Cirugía,Tarde,45,31,0.689,0,10
2026-06-15,Hospital del Valle,Cirugía,Noche,45,23,0.511,0,22
2026-06-15,Hospital del Valle,Pediatría,Mañana,29,18,0.621,0,10
2026-06-15,Hospital del Valle,Pediatría,Tarde,29,21,0.724,0,24
2026-06-15,Hospital del Valle,Pediatría,Noche,29,20,0.69,0,16
2026-06-15,Hospital del Valle,Maternidad,Mañana,27,15,0.556,0,15
2026-06-15,Hospital del Valle,Maternidad,Tarde,27,18,0.667,0,18
2026-06-15,Hospital del Valle,Maternidad,Noche,27,17,0.63,0,18
2026-06-15,Hospital Costa Poniente,Urgencias,Mañana,42,30,0.714,0,12
2026-06-15,Hospital Costa Poniente,Urgencias,Tarde,42,35,0.833,0,11
2026-06-15,Hospital Costa Poniente,Urgencias,Noche,42,41,0.976,1,115
2026-06-15,Hospital Costa Poniente,UCI,Mañana,17,12,0.706,0,17
2026-06-15,Hospital Costa Poniente,UCI,Tarde,17,12,0.706,0,6
2026-06-15,Hospital Costa Poniente,UCI,Noche,17,15,0.882,0,26
2026-06-15,Hospital Costa Poniente,Medicina Interna,Mañana,53,42,0.792,0,5
2026-06-15,Hospital Costa Poniente,Medicina Interna,Tarde,53,42,0.792,0,12
2026-06-15,Hospital Costa Poniente,Medicina Interna,Noche,53,39,0.736,0,15
2026-06-15,Hospital Costa Poniente,Cirugía,Mañana,38,27,0.711,0,13
2026-06-15,Hospital Costa Poniente,Cirugía,Tarde,38,30,0.789,0,21
2026-06-15,Hospital Costa Poniente,Cirugía,Noche,38,20,0.526,0,23
2026-06-15,Hospital Costa Poniente,Pediatría,Mañana,27,18,0.667,0,16
2026-06-15,Hospital Costa Poniente,Pediatría,Tarde,27,21,0.778,0,13
2026-06-15,Hospital Costa Poniente,Pediatría,Noche,27,21,0.778,0,23
2026-06-15,Hospital Costa Poniente,Maternidad,Mañana,23,14,0.609,0,14
2026-06-15,Hospital Costa Poniente,Maternidad,Tarde,23,15,0.652,0,17
2026-06-15,Hospital Costa Poniente,Maternidad,Noche,23,16,0.696,0,11
2026-06-16,Hospital Regional Norte,Urgencias,Mañana,41,36,0.878,0,20
2026-06-16,Hospital Regional Norte,Urgencias,Tarde,41,36,0.878,0,23
2026-06-16,Hospital Regional Norte,Urgencias,Noche,41,41,1.0,2,127
2026-06-16,Hospital Regional Norte,UCI,Mañana,17,14,0.824,0,7
2026-06-16,Hospital Regional Norte,UCI,Tarde,17,16,0.941,0,20
2026-06-16,Hospital Regional Norte,UCI,Noche,17,15,0.882,0,23
2026-06-16,Hospital Regional Norte,Medicina Interna,Mañana,65,50,0.769,0,12
2026-06-16,Hospital Regional Norte,Medicina Interna,Tarde,65,62,0.954,0,24
2026-06-16,Hospital Regional Norte,Medicina Interna,Noche,65,61,0.938,0,25
2026-06-16,Hospital Regional Norte,Cirugía,Mañana,47,34,0.723,0,14
2026-06-16,Hospital Regional Norte,Cirugía,Tarde,47,38,0.809,0,15
2026-06-16,Hospital Regional Norte,Cirugía,Noche,47,28,0.596,0,9
2026-06-16,Hospital Regional Norte,Pediatría,Mañana,28,24,0.857,0,9
2026-06-16,Hospital Regional Norte,Pediatría,Tarde,28,24,0.857,0,17
2026-06-16,Hospital Regional Norte,Pediatría,Noche,28,27,0.964,0,28
2026-06-16,Hospital Regional Norte,Maternidad,Mañana,24,16,0.667,0,14
2026-06-16,Hospital Regional Norte,Maternidad,Tarde,24,20,0.833,0,9
2026-06-16,Hospital Regional Norte,Maternidad,Noche,24,17,0.708,0,7
2026-06-16,Hospital Metropolitano Central,Urgencias,Mañana,39,37,0.949,0,18
2026-06-16,Hospital Metropolitano Central,Urgencias,Tarde,39,37,0.949,1,82
2026-06-16,Hospital Metropolitano Central,Urgencias,Noche,39,39,1.0,4,178
2026-06-16,Hospital Metropolitano Central,UCI,Mañana,16,14,0.875,0,26
2026-06-16,Hospital Metropolitano Central,UCI,Tarde,16,15,0.938,0,23
2026-06-16,Hospital Metropolitano Central,UCI,Noche,16,15,0.938,0,12
2026-06-16,Hospital Metropolitano Central,Medicina Interna,Mañana,53,47,0.887,0,16
2026-06-16,Hospital Metropolitano Central,Medicina Interna,Tarde,53,51,0.962,1,56
2026-06-16,Hospital Metropolitano Central,Medicina Interna,Noche,53,47,0.887,0,16
2026-06-16,Hospital Metropolitano Central,Cirugía,Mañana,45,39,0.867,0,19
2026-06-16,Hospital Metropolitano Central,Cirugía,Tarde,45,40,0.889,0,19
2026-06-16,Hospital Metropolitano Central,Cirugía,Noche,45,25,0.556,0,12
2026-06-16,Hospital Metropolitano Central,Pediatría,Mañana,27,24,0.889,0,7
2026-06-16,Hospital Metropolitano Central,Pediatría,Tarde,27,25,0.926,0,29
2026-06-16,Hospital Metropolitano Central,Pediatría,Noche,27,27,1.0,0,19
2026-06-16,Hospital Metropolitano Central,Maternidad,Mañana,21,17,0.81,0,8
2026-06-16,Hospital Metropolitano Central,Maternidad,Tarde,21,17,0.81,0,20
2026-06-16,Hospital Metropolitano Central,Maternidad,Noche,21,16,0.762,0,11
2026-06-16,Hospital del Valle,Urgencias,Mañana,41,25,0.61,0,22
2026-06-16,Hospital del Valle,Urgencias,Tarde,41,30,0.732,0,13
2026-06-16,Hospital del Valle,Urgencias,Noche,41,36,0.878,0,24
2026-06-16,Hospital del Valle,UCI,Mañana,17,10,0.588,0,5
2026-06-16,Hospital del Valle,UCI,Tarde,17,12,0.706,0,21
2026-06-16,Hospital del Valle,UCI,Noche,17,11,0.647,0,10
2026-06-16,Hospital del Valle,Medicina Interna,Mañana,52,31,0.596,0,24
2026-06-16,Hospital del Valle,Medicina Interna,Tarde,52,35,0.673,0,19
2026-06-16,Hospital del Valle,Medicina Interna,Noche,52,37,0.712,0,5
2026-06-16,Hospital del Valle,Cirugía,Mañana,39,23,0.59,0,16
2026-06-16,Hospital del Valle,Cirugía,Tarde,39,27,0.692,0,5
2026-06-16,Hospital del Valle,Cirugía,Noche,39,16,0.41,0,25
2026-06-16,Hospital del Valle,Pediatría,Mañana,28,20,0.714,0,21
2026-06-16,Hospital del Valle,Pediatría,Tarde,28,22,0.786,0,8
2026-06-16,Hospital del Valle,Pediatría,Noche,28,21,0.75,0,20
2026-06-16,Hospital del Valle,Maternidad,Mañana,27,15,0.556,0,10
2026-06-16,Hospital del Valle,Maternidad,Tarde,27,16,0.593,0,19
2026-06-16,Hospital del Valle,Maternidad,Noche,27,16,0.593,0,5
2026-06-16,Hospital Costa Poniente,Urgencias,Mañana,34,28,0.824,0,14
2026-06-16,Hospital Costa Poniente,Urgencias,Tarde,34,27,0.794,0,17
2026-06-16,Hospital Costa Poniente,Urgencias,Noche,34,34,1.0,0,21
2026-06-16,Hospital Costa Poniente,UCI,Mañana,15,10,0.667,0,21
2026-06-16,Hospital Costa Poniente,UCI,Tarde,15,11,0.733,0,6
2026-06-16,Hospital Costa Poniente,UCI,Noche,15,12,0.8,0,17
2026-06-16,Hospital Costa Poniente,Medicina Interna,Mañana,64,50,0.781,0,5
2026-06-16,Hospital Costa Poniente,Medicina Interna,Tarde,64,57,0.891,0,13
2026-06-16,Hospital Costa Poniente,Medicina Interna,Noche,64,47,0.734,0,15
2026-06-16,Hospital Costa Poniente,Cirugía,Mañana,48,33,0.688,0,7
2026-06-16,Hospital Costa Poniente,Cirugía,Tarde,48,36,0.75,0,21
2026-06-16,Hospital Costa Poniente,Cirugía,Noche,48,28,0.583,0,24
2026-06-16,Hospital Costa Poniente,Pediatría,Mañana,32,25,0.781,0,18
2026-06-16,Hospital Costa Poniente,Pediatría,Tarde,32,25,0.781,0,9
2026-06-16,Hospital Costa Poniente,Pediatría,Noche,32,25,0.781,0,14
2026-06-16,Hospital Costa Poniente,Maternidad,Mañana,27,17,0.63,0,22
2026-06-16,Hospital Costa Poniente,Maternidad,Tarde,27,18,0.667,0,25
2026-06-16,Hospital Costa Poniente,Maternidad,Noche,27,17,0.63,0,22
2026-06-17,Hospital Regional Norte,Urgencias,Mañana,41,33,0.805,0,9
2026-06-17,Hospital Regional Norte,Urgencias,Tarde,41,37,0.902,0,21
2026-06-17,Hospital Regional Norte,Urgencias,Noche,41,41,1.0,3,106
2026-06-17,Hospital Regional Norte,UCI,Mañana,17,15,0.882,0,27
2026-06-17,Hospital Regional Norte,UCI,Tarde,17,15,0.882,0,15
2026-06-17,Hospital Regional Norte,UCI,Noche,17,15,0.882,0,10
2026-06-17,Hospital Regional Norte,Medicina Interna,Mañana,62,55,0.887,0,18
2026-06-17,Hospital Regional Norte,Medicina Interna,Tarde,62,61,0.984,0,30
2026-06-17,Hospital Regional Norte,Medicina Interna,Noche,62,58,0.935,0,13
2026-06-17,Hospital Regional Norte,Cirugía,Mañana,40,27,0.675,0,9
2026-06-17,Hospital Regional Norte,Cirugía,Tarde,40,30,0.75,0,24
2026-06-17,Hospital Regional Norte,Cirugía,Noche,40,24,0.6,0,24
2026-06-17,Hospital Regional Norte,Pediatría,Mañana,30,24,0.8,0,12
2026-06-17,Hospital Regional Norte,Pediatría,Tarde,30,26,0.867,0,5
2026-06-17,Hospital Regional Norte,Pediatría,Noche,30,26,0.867,0,20
2026-06-17,Hospital Regional Norte,Maternidad,Mañana,22,17,0.773,0,20
2026-06-17,Hospital Regional Norte,Maternidad,Tarde,22,18,0.818,0,16
2026-06-17,Hospital Regional Norte,Maternidad,Noche,22,16,0.727,0,17
2026-06-17,Hospital Metropolitano Central,Urgencias,Mañana,39,33,0.846,0,11
2026-06-17,Hospital Metropolitano Central,Urgencias,Tarde,39,38,0.974,1,53
2026-06-17,Hospital Metropolitano Central,Urgencias,Noche,39,39,1.0,4,112
2026-06-17,Hospital Metropolitano Central,UCI,Mañana,14,13,0.929,0,29
2026-06-17,Hospital Metropolitano Central,UCI,Tarde,14,14,1.0,0,24
2026-06-17,Hospital Metropolitano Central,UCI,Noche,14,14,1.0,0,11
2026-06-17,Hospital Metropolitano Central,Medicina Interna,Mañana,60,57,0.95,0,15
2026-06-17,Hospital Metropolitano Central,Medicina Interna,Tarde,60,58,0.967,2,195
2026-06-17,Hospital Metropolitano Central,Medicina Interna,Noche,60,60,1.0,0,26
2026-06-17,Hospital Metropolitano Central,Cirugía,Mañana,39,31,0.795,0,6
2026-06-17,Hospital Metropolitano Central,Cirugía,Tarde,39,37,0.949,0,27
2026-06-17,Hospital Metropolitano Central,Cirugía,Noche,39,24,0.615,0,6
2026-06-17,Hospital Metropolitano Central,Pediatría,Mañana,30,27,0.9,0,25
2026-06-17,Hospital Metropolitano Central,Pediatría,Tarde,30,30,1.0,1,163
2026-06-17,Hospital Metropolitano Central,Pediatría,Noche,30,30,1.0,0,19
2026-06-17,Hospital Metropolitano Central,Maternidad,Mañana,24,18,0.75,0,24
2026-06-17,Hospital Metropolitano Central,Maternidad,Tarde,24,22,0.917,0,14
2026-06-17,Hospital Metropolitano Central,Maternidad,Noche,24,19,0.792,0,25
2026-06-17,Hospital del Valle,Urgencias,Mañana,39,27,0.692,0,8
2026-06-17,Hospital del Valle,Urgencias,Tarde,39,26,0.667,0,23
2026-06-17,Hospital del Valle,Urgencias,Noche,39,37,0.949,0,14
2026-06-17,Hospital del Valle,UCI,Mañana,15,9,0.6,0,5
2026-06-17,Hospital del Valle,UCI,Tarde,15,10,0.667,0,23
2026-06-17,Hospital del Valle,UCI,Noche,15,11,0.733,0,11
2026-06-17,Hospital del Valle,Medicina Interna,Mañana,64,37,0.578,0,15
2026-06-17,Hospital del Valle,Medicina Interna,Tarde,64,48,0.75,0,10
2026-06-17,Hospital del Valle,Medicina Interna,Noche,64,46,0.719,0,8
2026-06-17,Hospital del Valle,Cirugía,Mañana,39,24,0.615,0,25
2026-06-17,Hospital del Valle,Cirugía,Tarde,39,24,0.615,0,21
2026-06-17,Hospital del Valle,Cirugía,Noche,39,19,0.487,0,21
2026-06-17,Hospital del Valle,Pediatría,Mañana,30,18,0.6,0,22
2026-06-17,Hospital del Valle,Pediatría,Tarde,30,21,0.7,0,10
2026-06-17,Hospital del Valle,Pediatría,Noche,30,23,0.767,0,23
2026-06-17,Hospital del Valle,Maternidad,Mañana,27,17,0.63,0,10
2026-06-17,Hospital del Valle,Maternidad,Tarde,27,18,0.667,0,10
2026-06-17,Hospital del Valle,Maternidad,Noche,27,17,0.63,0,6
2026-06-17,Hospital Costa Poniente,Urgencias,Mañana,38,27,0.711,0,19
2026-06-17,Hospital Costa Poniente,Urgencias,Tarde,38,30,0.789,0,10
2026-06-17,Hospital Costa Poniente,Urgencias,Noche,38,35,0.921,0,9
2026-06-17,Hospital Costa Poniente,UCI,Mañana,17,11,0.647,0,13
2026-06-17,Hospital Costa Poniente,UCI,Tarde,17,12,0.706,0,20
2026-06-17,Hospital Costa Poniente,UCI,Noche,17,15,0.882,0,10
2026-06-17,Hospital Costa Poniente,Medicina Interna,Mañana,60,44,0.733,0,11
2026-06-17,Hospital Costa Poniente,Medicina Interna,Tarde,60,50,0.833,0,20
2026-06-17,Hospital Costa Poniente,Medicina Interna,Noche,60,46,0.767,0,19
2026-06-17,Hospital Costa Poniente,Cirugía,Mañana,39,26,0.667,0,12
2026-06-17,Hospital Costa Poniente,Cirugía,Tarde,39,31,0.795,0,13
2026-06-17,Hospital Costa Poniente,Cirugía,Noche,39,21,0.538,0,22
2026-06-17,Hospital Costa Poniente,Pediatría,Mañana,32,22,0.688,0,10
2026-06-17,Hospital Costa Poniente,Pediatría,Tarde,32,25,0.781,0,25
2026-06-17,Hospital Costa Poniente,Pediatría,Noche,32,24,0.75,0,9
2026-06-17,Hospital Costa Poniente,Maternidad,Mañana,27,18,0.667,0,24
2026-06-17,Hospital Costa Poniente,Maternidad,Tarde,27,18,0.667,0,7
2026-06-17,Hospital Costa Poniente,Maternidad,Noche,27,16,0.593,0,18
2026-06-18,Hospital Regional Norte,Urgencias,Mañana,44,35,0.795,0,14
2026-06-18,Hospital Regional Norte,Urgencias,Tarde,44,42,0.955,0,29
2026-06-18,Hospital Regional Norte,Urgencias,Noche,44,44,1.0,4,193
2026-06-18,Hospital Regional Norte,UCI,Mañana,16,14,0.875,0,19
2026-06-18,Hospital Regional Norte,UCI,Tarde,16,14,0.875,0,12
2026-06-18,Hospital Regional Norte,UCI,Noche,16,15,0.938,0,12
2026-06-18,Hospital Regional Norte,Medicina Interna,Mañana,55,42,0.764,0,13
2026-06-18,Hospital Regional Norte,Medicina Interna,Tarde,55,49,0.891,0,18
2026-06-18,Hospital Regional Norte,Medicina Interna,Noche,55,48,0.873,0,11
2026-06-18,Hospital Regional Norte,Cirugía,Mañana,45,30,0.667,0,25
2026-06-18,Hospital Regional Norte,Cirugía,Tarde,45,37,0.822,0,7
2026-06-18,Hospital Regional Norte,Cirugía,Noche,45,26,0.578,0,24
2026-06-18,Hospital Regional Norte,Pediatría,Mañana,33,30,0.909,0,14
2026-06-18,Hospital Regional Norte,Pediatría,Tarde,33,30,0.909,0,15
2026-06-18,Hospital Regional Norte,Pediatría,Noche,33,28,0.848,0,23
2026-06-18,Hospital Regional Norte,Maternidad,Mañana,27,19,0.704,0,9
2026-06-18,Hospital Regional Norte,Maternidad,Tarde,27,22,0.815,0,20
2026-06-18,Hospital Regional Norte,Maternidad,Noche,27,21,0.778,0,25
2026-06-18,Hospital Metropolitano Central,Urgencias,Mañana,39,37,0.949,0,17
2026-06-18,Hospital Metropolitano Central,Urgencias,Tarde,39,39,1.0,2,51
2026-06-18,Hospital Metropolitano Central,Urgencias,Noche,39,39,1.0,5,115
2026-06-18,Hospital Metropolitano Central,UCI,Mañana,17,16,0.941,0,23
2026-06-18,Hospital Metropolitano Central,UCI,Tarde,17,15,0.882,0,30
2026-06-18,Hospital Metropolitano Central,UCI,Noche,17,16,0.941,0,19
2026-06-18,Hospital Metropolitano Central,Medicina Interna,Mañana,55,45,0.818,0,14
2026-06-18,Hospital Metropolitano Central,Medicina Interna,Tarde,55,54,0.982,1,49
2026-06-18,Hospital Metropolitano Central,Medicina Interna,Noche,55,53,0.964,0,28
2026-06-18,Hospital Metropolitano Central,Cirugía,Mañana,45,32,0.711,0,10
2026-06-18,Hospital Metropolitano Central,Cirugía,Tarde,45,37,0.822,0,15
2026-06-18,Hospital Metropolitano Central,Cirugía,Noche,45,31,0.689,0,20
2026-06-18,Hospital Metropolitano Central,Pediatría,Mañana,32,30,0.938,0,25
2026-06-18,Hospital Metropolitano Central,Pediatría,Tarde,32,30,0.938,1,136
2026-06-18,Hospital Metropolitano Central,Pediatría,Noche,32,32,1.0,0,11
2026-06-18,Hospital Metropolitano Central,Maternidad,Mañana,26,19,0.731,0,15
2026-06-18,Hospital Metropolitano Central,Maternidad,Tarde,26,23,0.885,0,5
2026-06-18,Hospital Metropolitano Central,Maternidad,Noche,26,20,0.769,0,15
2026-06-18,Hospital del Valle,Urgencias,Mañana,42,30,0.714,0,16
2026-06-18,Hospital del Valle,Urgencias,Tarde,42,28,0.667,0,9
2026-06-18,Hospital del Valle,Urgencias,Noche,42,35,0.833,0,5
2026-06-18,Hospital del Valle,UCI,Mañana,15,9,0.6,0,22
2026-06-18,Hospital del Valle,UCI,Tarde,15,11,0.733,0,23
2026-06-18,Hospital del Valle,UCI,Noche,15,11,0.733,0,10
2026-06-18,Hospital del Valle,Medicina Interna,Mañana,60,42,0.7,0,14
2026-06-18,Hospital del Valle,Medicina Interna,Tarde,60,45,0.75,0,15
2026-06-18,Hospital del Valle,Medicina Interna,Noche,60,43,0.717,0,13
2026-06-18,Hospital del Valle,Cirugía,Mañana,43,25,0.581,0,12
2026-06-18,Hospital del Valle,Cirugía,Tarde,43,26,0.605,0,14
2026-06-18,Hospital del Valle,Cirugía,Noche,43,18,0.419,0,14
2026-06-18,Hospital del Valle,Pediatría,Mañana,27,17,0.63,0,6
2026-06-18,Hospital del Valle,Pediatría,Tarde,27,21,0.778,0,7
2026-06-18,Hospital del Valle,Pediatría,Noche,27,18,0.667,0,5
2026-06-18,Hospital del Valle,Maternidad,Mañana,26,16,0.615,0,9
2026-06-18,Hospital del Valle,Maternidad,Tarde,26,15,0.577,0,20
2026-06-18,Hospital del Valle,Maternidad,Noche,26,16,0.615,0,21
2026-06-18,Hospital Costa Poniente,Urgencias,Mañana,37,27,0.73,0,8
2026-06-18,Hospital Costa Poniente,Urgencias,Tarde,37,33,0.892,0,21
2026-06-18,Hospital Costa Poniente,Urgencias,Noche,37,37,1.0,1,60
2026-06-18,Hospital Costa Poniente,UCI,Mañana,15,12,0.8,0,8
2026-06-18,Hospital Costa Poniente,UCI,Tarde,15,11,0.733,0,6
2026-06-18,Hospital Costa Poniente,UCI,Noche,15,12,0.8,0,24
2026-06-18,Hospital Costa Poniente,Medicina Interna,Mañana,64,45,0.703,0,6
2026-06-18,Hospital Costa Poniente,Medicina Interna,Tarde,64,48,0.75,0,14
2026-06-18,Hospital Costa Poniente,Medicina Interna,Noche,64,45,0.703,0,14
2026-06-18,Hospital Costa Poniente,Cirugía,Mañana,45,27,0.6,0,11
2026-06-18,Hospital Costa Poniente,Cirugía,Tarde,45,30,0.667,0,13
2026-06-18,Hospital Costa Poniente,Cirugía,Noche,45,23,0.511,0,19
2026-06-18,Hospital Costa Poniente,Pediatría,Mañana,31,22,0.71,0,10
2026-06-18,Hospital Costa Poniente,Pediatría,Tarde,31,24,0.774,0,5
2026-06-18,Hospital Costa Poniente,Pediatría,Noche,31,27,0.871,0,22
2026-06-18,Hospital Costa Poniente,Maternidad,Mañana,24,14,0.583,0,16
2026-06-18,Hospital Costa Poniente,Maternidad,Tarde,24,17,0.708,0,13
2026-06-18,Hospital Costa Poniente,Maternidad,Noche,24,15,0.625,0,14
2026-06-19,Hospital Regional Norte,Urgencias,Mañana,40,32,0.8,0,14
2026-06-19,Hospital Regional Norte,Urgencias,Tarde,40,38,0.95,0,24
2026-06-19,Hospital Regional Norte,Urgencias,Noche,40,40,1.0,2,63
2026-06-19,Hospital Regional Norte,UCI,Mañana,15,11,0.733,0,17
2026-06-19,Hospital Regional Norte,UCI,Tarde,15,13,0.867,0,28
2026-06-19,Hospital Regional Norte,UCI,Noche,15,14,0.933,0,24
2026-06-19,Hospital Regional Norte,Medicina Interna,Mañana,60,48,0.8,0,11
2026-06-19,Hospital Regional Norte,Medicina Interna,Tarde,60,57,0.95,0,22
2026-06-19,Hospital Regional Norte,Medicina Interna,Noche,60,48,0.8,0,19
2026-06-19,Hospital Regional Norte,Cirugía,Mañana,45,30,0.667,0,19
2026-06-19,Hospital Regional Norte,Cirugía,Tarde,45,34,0.756,0,14
2026-06-19,Hospital Regional Norte,Cirugía,Noche,45,27,0.6,0,19
2026-06-19,Hospital Regional Norte,Pediatría,Mañana,29,26,0.897,0,9
2026-06-19,Hospital Regional Norte,Pediatría,Tarde,29,28,0.966,0,21
2026-06-19,Hospital Regional Norte,Pediatría,Noche,29,25,0.862,0,15
2026-06-19,Hospital Regional Norte,Maternidad,Mañana,26,20,0.769,0,19
2026-06-19,Hospital Regional Norte,Maternidad,Tarde,26,21,0.808,0,7
2026-06-19,Hospital Regional Norte,Maternidad,Noche,26,20,0.769,0,16
2026-06-19,Hospital Metropolitano Central,Urgencias,Mañana,39,38,0.974,0,21
2026-06-19,Hospital Metropolitano Central,Urgencias,Tarde,39,39,1.0,1,77
2026-06-19,Hospital Metropolitano Central,Urgencias,Noche,39,39,1.0,6,170
2026-06-19,Hospital Metropolitano Central,UCI,Mañana,16,15,0.938,0,22
2026-06-19,Hospital Metropolitano Central,UCI,Tarde,16,16,1.0,0,17
2026-06-19,Hospital Metropolitano Central,UCI,Noche,16,16,1.0,0,22
2026-06-19,Hospital Metropolitano Central,Medicina Interna,Mañana,52,44,0.846,0,23
2026-06-19,Hospital Metropolitano Central,Medicina Interna,Tarde,52,51,0.981,1,139
2026-06-19,Hospital Metropolitano Central,Medicina Interna,Noche,52,51,0.981,0,12
2026-06-19,Hospital Metropolitano Central,Cirugía,Mañana,47,39,0.83,0,20
2026-06-19,Hospital Metropolitano Central,Cirugía,Tarde,47,38,0.809,0,24
2026-06-19,Hospital Metropolitano Central,Cirugía,Noche,47,29,0.617,0,22
2026-06-19,Hospital Metropolitano Central,Pediatría,Mañana,26,23,0.885,0,14
2026-06-19,Hospital Metropolitano Central,Pediatría,Tarde,26,26,1.0,0,13
2026-06-19,Hospital Metropolitano Central,Pediatría,Noche,26,25,0.962,0,22
2026-06-19,Hospital Metropolitano Central,Maternidad,Mañana,23,18,0.783,0,6
2026-06-19,Hospital Metropolitano Central,Maternidad,Tarde,23,18,0.783,0,9
2026-06-19,Hospital Metropolitano Central,Maternidad,Noche,23,20,0.87,0,25
2026-06-19,Hospital del Valle,Urgencias,Mañana,42,29,0.69,0,9
2026-06-19,Hospital del Valle,Urgencias,Tarde,42,30,0.714,0,14
2026-06-19,Hospital del Valle,Urgencias,Noche,42,36,0.857,0,23
2026-06-19,Hospital del Valle,UCI,Mañana,15,9,0.6,0,15
2026-06-19,Hospital del Valle,UCI,Tarde,15,10,0.667,0,14
2026-06-19,Hospital del Valle,UCI,Noche,15,12,0.8,0,18
2026-06-19,Hospital del Valle,Medicina Interna,Mañana,62,44,0.71,0,7
2026-06-19,Hospital del Valle,Medicina Interna,Tarde,62,45,0.726,0,24
2026-06-19,Hospital del Valle,Medicina Interna,Noche,62,47,0.758,0,17
2026-06-19,Hospital del Valle,Cirugía,Mañana,48,30,0.625,0,6
2026-06-19,Hospital del Valle,Cirugía,Tarde,48,30,0.625,0,22
2026-06-19,Hospital del Valle,Cirugía,Noche,48,25,0.521,0,5
2026-06-19,Hospital del Valle,Pediatría,Mañana,31,22,0.71,0,16
2026-06-19,Hospital del Valle,Pediatría,Tarde,31,20,0.645,0,14
2026-06-19,Hospital del Valle,Pediatría,Noche,31,23,0.742,0,12
2026-06-19,Hospital del Valle,Maternidad,Mañana,24,14,0.583,0,25
2026-06-19,Hospital del Valle,Maternidad,Tarde,24,14,0.583,0,17
2026-06-19,Hospital del Valle,Maternidad,Noche,24,14,0.583,0,18
2026-06-19,Hospital Costa Poniente,Urgencias,Mañana,39,30,0.769,0,20
2026-06-19,Hospital Costa Poniente,Urgencias,Tarde,39,30,0.769,0,22
2026-06-19,Hospital Costa Poniente,Urgencias,Noche,39,38,0.974,1,155
2026-06-19,Hospital Costa Poniente,UCI,Mañana,15,12,0.8,0,9
2026-06-19,Hospital Costa Poniente,UCI,Tarde,15,11,0.733,0,7
2026-06-19,Hospital Costa Poniente,UCI,Noche,15,12,0.8,0,9
2026-06-19,Hospital Costa Poniente,Medicina Interna,Mañana,62,46,0.742,0,18
2026-06-19,Hospital Costa Poniente,Medicina Interna,Tarde,62,55,0.887,0,9
2026-06-19,Hospital Costa Poniente,Medicina Interna,Noche,62,44,0.71,0,25
2026-06-19,Hospital Costa Poniente,Cirugía,Mañana,47,33,0.702,0,24
2026-06-19,Hospital Costa Poniente,Cirugía,Tarde,47,37,0.787,0,24
2026-06-19,Hospital Costa Poniente,Cirugía,Noche,47,22,0.468,0,21
2026-06-19,Hospital Costa Poniente,Pediatría,Mañana,29,23,0.793,0,17
2026-06-19,Hospital Costa Poniente,Pediatría,Tarde,29,23,0.793,0,10
2026-06-19,Hospital Costa Poniente,Pediatría,Noche,29,22,0.759,0,5
2026-06-19,Hospital Costa Poniente,Maternidad,Mañana,25,17,0.68,0,12
2026-06-19,Hospital Costa Poniente,Maternidad,Tarde,25,19,0.76,0,13
2026-06-19,Hospital Costa Poniente,Maternidad,Noche,25,17,0.68,0,22
2026-06-20,Hospital Regional Norte,Urgencias,Mañana,40,36,0.9,0,6
2026-06-20,Hospital Regional Norte,Urgencias,Tarde,40,40,1.0,3,94
2026-06-20,Hospital Regional Norte,Urgencias,Noche,40,40,1.0,7,137
2026-06-20,Hospital Regional Norte,UCI,Mañana,17,14,0.824,0,13
2026-06-20,Hospital Regional Norte,UCI,Tarde,17,14,0.824,0,7
2026-06-20,Hospital Regional Norte,UCI,Noche,17,15,0.882,0,17
2026-06-20,Hospital Regional Norte,Medicina Interna,Mañana,58,48,0.828,0,7
2026-06-20,Hospital Regional Norte,Medicina Interna,Tarde,58,52,0.897,0,22
2026-06-20,Hospital Regional Norte,Medicina Interna,Noche,58,51,0.879,0,14
2026-06-20,Hospital Regional Norte,Cirugía,Mañana,45,34,0.756,0,22
2026-06-20,Hospital Regional Norte,Cirugía,Tarde,45,37,0.822,0,20
2026-06-20,Hospital Regional Norte,Cirugía,Noche,45,24,0.533,0,20
2026-06-20,Hospital Regional Norte,Pediatría,Mañana,30,23,0.767,0,16
2026-06-20,Hospital Regional Norte,Pediatría,Tarde,30,28,0.933,0,19
2026-06-20,Hospital Regional Norte,Pediatría,Noche,30,23,0.767,0,24
2026-06-20,Hospital Regional Norte,Maternidad,Mañana,26,19,0.731,0,23
2026-06-20,Hospital Regional Norte,Maternidad,Tarde,26,19,0.731,0,25
2026-06-20,Hospital Regional Norte,Maternidad,Noche,26,19,0.731,0,10
2026-06-20,Hospital Metropolitano Central,Urgencias,Mañana,40,40,1.0,2,61
2026-06-20,Hospital Metropolitano Central,Urgencias,Tarde,40,40,1.0,3,79
2026-06-20,Hospital Metropolitano Central,Urgencias,Noche,40,40,1.0,9,160
2026-06-20,Hospital Metropolitano Central,UCI,Mañana,14,11,0.786,0,10
2026-06-20,Hospital Metropolitano Central,UCI,Tarde,14,14,1.0,0,24
2026-06-20,Hospital Metropolitano Central,UCI,Noche,14,13,0.929,0,17
2026-06-20,Hospital Metropolitano Central,Medicina Interna,Mañana,58,52,0.897,0,6
2026-06-20,Hospital Metropolitano Central,Medicina Interna,Tarde,58,53,0.914,0,7
2026-06-20,Hospital Metropolitano Central,Medicina Interna,Noche,58,56,0.966,0,14
2026-06-20,Hospital Metropolitano Central,Cirugía,Mañana,48,38,0.792,0,18
2026-06-20,Hospital Metropolitano Central,Cirugía,Tarde,48,42,0.875,0,12
2026-06-20,Hospital Metropolitano Central,Cirugía,Noche,48,30,0.625,0,25
2026-06-20,Hospital Metropolitano Central,Pediatría,Mañana,27,23,0.852,0,16
2026-06-20,Hospital Metropolitano Central,Pediatría,Tarde,27,24,0.889,0,13
2026-06-20,Hospital Metropolitano Central,Pediatría,Noche,27,25,0.926,0,15
2026-06-20,Hospital Metropolitano Central,Maternidad,Mañana,24,18,0.75,0,20
2026-06-20,Hospital Metropolitano Central,Maternidad,Tarde,24,21,0.875,0,22
2026-06-20,Hospital Metropolitano Central,Maternidad,Noche,24,18,0.75,0,17
2026-06-20,Hospital del Valle,Urgencias,Mañana,39,27,0.692,0,18
2026-06-20,Hospital del Valle,Urgencias,Tarde,39,30,0.769,0,19
2026-06-20,Hospital del Valle,Urgencias,Noche,39,38,0.974,1,188
2026-06-20,Hospital del Valle,UCI,Mañana,17,9,0.529,0,22
2026-06-20,Hospital del Valle,UCI,Tarde,17,12,0.706,0,18
2026-06-20,Hospital del Valle,UCI,Noche,17,12,0.706,0,25
2026-06-20,Hospital del Valle,Medicina Interna,Mañana,64,38,0.594,0,13
2026-06-20,Hospital del Valle,Medicina Interna,Tarde,64,47,0.734,0,13
2026-06-20,Hospital del Valle,Medicina Interna,Noche,64,43,0.672,0,17
2026-06-20,Hospital del Valle,Cirugía,Mañana,43,25,0.581,0,12
2026-06-20,Hospital del Valle,Cirugía,Tarde,43,28,0.651,0,23
2026-06-20,Hospital del Valle,Cirugía,Noche,43,20,0.465,0,21
2026-06-20,Hospital del Valle,Pediatría,Mañana,28,18,0.643,0,10
2026-06-20,Hospital del Valle,Pediatría,Tarde,28,18,0.643,0,5
2026-06-20,Hospital del Valle,Pediatría,Noche,28,19,0.679,0,7
2026-06-20,Hospital del Valle,Maternidad,Mañana,21,10,0.476,0,8
2026-06-20,Hospital del Valle,Maternidad,Tarde,21,13,0.619,0,16
2026-06-20,Hospital del Valle,Maternidad,Noche,21,11,0.524,0,14
2026-06-20,Hospital Costa Poniente,Urgencias,Mañana,37,29,0.784,0,24
2026-06-20,Hospital Costa Poniente,Urgencias,Tarde,37,33,0.892,0,24
2026-06-20,Hospital Costa Poniente,Urgencias,Noche,37,37,1.0,4,108
2026-06-20,Hospital Costa Poniente,UCI,Mañana,17,11,0.647,0,24
2026-06-20,Hospital Costa Poniente,UCI,Tarde,17,12,0.706,0,25
2026-06-20,Hospital Costa Poniente,UCI,Noche,17,13,0.765,0,10
2026-06-20,Hospital Costa Poniente,Medicina Interna,Mañana,64,47,0.734,0,13
2026-06-20,Hospital Costa Poniente,Medicina Interna,Tarde,64,47,0.734,0,7
2026-06-20,Hospital Costa Poniente,Medicina Interna,Noche,64,49,0.766,0,13
2026-06-20,Hospital Costa Poniente,Cirugía,Mañana,47,31,0.66,0,15
2026-06-20,Hospital Costa Poniente,Cirugía,Tarde,47,30,0.638,0,7
2026-06-20,Hospital Costa Poniente,Cirugía,Noche,47,21,0.447,0,6
2026-06-20,Hospital Costa Poniente,Pediatría,Mañana,28,19,0.679,0,6
2026-06-20,Hospital Costa Poniente,Pediatría,Tarde,28,21,0.75,0,13
2026-06-20,Hospital Costa Poniente,Pediatría,Noche,28,19,0.679,0,7
2026-06-20,Hospital Costa Poniente,Maternidad,Mañana,24,16,0.667,0,24
2026-06-20,Hospital Costa Poniente,Maternidad,Tarde,24,16,0.667,0,25
2026-06-20,Hospital Costa Poniente,Maternidad,Noche,24,15,0.625,0,9
2026-06-21,Hospital Regional Norte,Urgencias,Mañana,39,37,0.949,0,13
2026-06-21,Hospital Regional Norte,Urgencias,Tarde,39,39,1.0,3,80
2026-06-21,Hospital Regional Norte,Urgencias,Noche,39,39,1.0,7,151
2026-06-21,Hospital Regional Norte,UCI,Mañana,14,11,0.786,0,25
2026-06-21,Hospital Regional Norte,UCI,Tarde,14,12,0.857,0,22
2026-06-21,Hospital Regional Norte,UCI,Noche,14,11,0.786,0,15
2026-06-21,Hospital Regional Norte,Medicina Interna,Mañana,65,52,0.8,0,21
2026-06-21,Hospital Regional Norte,Medicina Interna,Tarde,65,59,0.908,0,20
2026-06-21,Hospital Regional Norte,Medicina Interna,Noche,65,54,0.831,0,17
2026-06-21,Hospital Regional Norte,Cirugía,Mañana,48,36,0.75,0,7
2026-06-21,Hospital Regional Norte,Cirugía,Tarde,48,37,0.771,0,5
2026-06-21,Hospital Regional Norte,Cirugía,Noche,48,26,0.542,0,20
2026-06-21,Hospital Regional Norte,Pediatría,Mañana,26,21,0.808,0,16
2026-06-21,Hospital Regional Norte,Pediatría,Tarde,26,22,0.846,0,14
2026-06-21,Hospital Regional Norte,Pediatría,Noche,26,21,0.808,0,25
2026-06-21,Hospital Regional Norte,Maternidad,Mañana,27,19,0.704,0,16
2026-06-21,Hospital Regional Norte,Maternidad,Tarde,27,21,0.778,0,15
2026-06-21,Hospital Regional Norte,Maternidad,Noche,27,18,0.667,0,19
2026-06-21,Hospital Metropolitano Central,Urgencias,Mañana,42,42,1.0,2,67
2026-06-21,Hospital Metropolitano Central,Urgencias,Tarde,42,42,1.0,4,156
2026-06-21,Hospital Metropolitano Central,Urgencias,Noche,42,42,1.0,8,130
2026-06-21,Hospital Metropolitano Central,UCI,Mañana,15,12,0.8,0,6
2026-06-21,Hospital Metropolitano Central,UCI,Tarde,15,13,0.867,0,28
2026-06-21,Hospital Metropolitano Central,UCI,Noche,15,13,0.867,0,27
2026-06-21,Hospital Metropolitano Central,Medicina Interna,Mañana,61,52,0.852,0,19
2026-06-21,Hospital Metropolitano Central,Medicina Interna,Tarde,61,61,1.0,0,20
2026-06-21,Hospital Metropolitano Central,Medicina Interna,Noche,61,50,0.82,0,6
2026-06-21,Hospital Metropolitano Central,Cirugía,Mañana,43,30,0.698,0,25
2026-06-21,Hospital Metropolitano Central,Cirugía,Tarde,43,37,0.86,0,19
2026-06-21,Hospital Metropolitano Central,Cirugía,Noche,43,29,0.674,0,22
2026-06-21,Hospital Metropolitano Central,Pediatría,Mañana,27,23,0.852,0,7
2026-06-21,Hospital Metropolitano Central,Pediatría,Tarde,27,24,0.889,0,9
2026-06-21,Hospital Metropolitano Central,Pediatría,Noche,27,24,0.889,0,5
2026-06-21,Hospital Metropolitano Central,Maternidad,Mañana,24,19,0.792,0,6
2026-06-21,Hospital Metropolitano Central,Maternidad,Tarde,24,19,0.792,0,25
2026-06-21,Hospital Metropolitano Central,Maternidad,Noche,24,17,0.708,0,10
2026-06-21,Hospital del Valle,Urgencias,Mañana,40,33,0.825,0,8
2026-06-21,Hospital del Valle,Urgencias,Tarde,40,33,0.825,0,10
2026-06-21,Hospital del Valle,Urgencias,Noche,40,40,1.0,1,75
2026-06-21,Hospital del Valle,UCI,Mañana,16,10,0.625,0,12
2026-06-21,Hospital del Valle,UCI,Tarde,16,10,0.625,0,11
2026-06-21,Hospital del Valle,UCI,Noche,16,10,0.625,0,17
2026-06-21,Hospital del Valle,Medicina Interna,Mañana,56,39,0.696,0,23
2026-06-21,Hospital del Valle,Medicina Interna,Tarde,56,39,0.696,0,15
2026-06-21,Hospital del Valle,Medicina Interna,Noche,56,39,0.696,0,11
2026-06-21,Hospital del Valle,Cirugía,Mañana,47,26,0.553,0,15
2026-06-21,Hospital del Valle,Cirugía,Tarde,47,25,0.532,0,13
2026-06-21,Hospital del Valle,Cirugía,Noche,47,18,0.383,0,18
2026-06-21,Hospital del Valle,Pediatría,Mañana,27,16,0.593,0,10
2026-06-21,Hospital del Valle,Pediatría,Tarde,27,18,0.667,0,23
2026-06-21,Hospital del Valle,Pediatría,Noche,27,16,0.593,0,8
2026-06-21,Hospital del Valle,Maternidad,Mañana,26,14,0.538,0,17
2026-06-21,Hospital del Valle,Maternidad,Tarde,26,17,0.654,0,5
2026-06-21,Hospital del Valle,Maternidad,Noche,26,16,0.615,0,7
2026-06-21,Hospital Costa Poniente,Urgencias,Mañana,34,28,0.824,0,7
2026-06-21,Hospital Costa Poniente,Urgencias,Tarde,34,34,1.0,0,19
2026-06-21,Hospital Costa Poniente,Urgencias,Noche,34,34,1.0,4,198
2026-06-21,Hospital Costa Poniente,UCI,Mañana,14,9,0.643,0,13
2026-06-21,Hospital Costa Poniente,UCI,Tarde,14,11,0.786,0,18
2026-06-21,Hospital Costa Poniente,UCI,Noche,14,10,0.714,0,10
2026-06-21,Hospital Costa Poniente,Medicina Interna,Mañana,60,38,0.633,0,10
2026-06-21,Hospital Costa Poniente,Medicina Interna,Tarde,60,49,0.817,0,24
2026-06-21,Hospital Costa Poniente,Medicina Interna,Noche,60,49,0.817,0,25
2026-06-21,Hospital Costa Poniente,Cirugía,Mañana,48,28,0.583,0,18
2026-06-21,Hospital Costa Poniente,Cirugía,Tarde,48,29,0.604,0,12
2026-06-21,Hospital Costa Poniente,Cirugía,Noche,48,21,0.438,0,21
2026-06-21,Hospital Costa Poniente,Pediatría,Mañana,33,24,0.727,0,22
2026-06-21,Hospital Costa Poniente,Pediatría,Tarde,33,26,0.788,0,19
2026-06-21,Hospital Costa Poniente,Pediatría,Noche,33,26,0.788,0,11
2026-06-21,Hospital Costa Poniente,Maternidad,Mañana,23,13,0.565,0,9
2026-06-21,Hospital Costa Poniente,Maternidad,Tarde,23,16,0.696,0,20
2026-06-21,Hospital Costa Poniente,Maternidad,Noche,23,15,0.652,0,10
2026-06-22,Hospital Regional Norte,Urgencias,Mañana,41,32,0.78,0,25
2026-06-22,Hospital Regional Norte,Urgencias,Tarde,41,37,0.902,0,11
2026-06-22,Hospital Regional Norte,Urgencias,Noche,41,41,1.0,3,170
2026-06-22,Hospital Regional Norte,UCI,Mañana,14,10,0.714,0,22
2026-06-22,Hospital Regional Norte,UCI,Tarde,14,12,0.857,0,25
2026-06-22,Hospital Regional Norte,UCI,Noche,14,13,0.929,0,17
2026-06-22,Hospital Regional Norte,Medicina Interna,Mañana,62,52,0.839,0,15
2026-06-22,Hospital Regional Norte,Medicina Interna,Tarde,62,56,0.903,0,15
2026-06-22,Hospital Regional Norte,Medicina Interna,Noche,62,51,0.823,0,8
2026-06-22,Hospital Regional Norte,Cirugía,Mañana,42,28,0.667,0,18
2026-06-22,Hospital Regional Norte,Cirugía,Tarde,42,37,0.881,0,17
2026-06-22,Hospital Regional Norte,Cirugía,Noche,42,27,0.643,0,7
2026-06-22,Hospital Regional Norte,Pediatría,Mañana,29,24,0.828,0,18
2026-06-22,Hospital Regional Norte,Pediatría,Tarde,29,25,0.862,0,24
2026-06-22,Hospital Regional Norte,Pediatría,Noche,29,25,0.862,0,17
2026-06-22,Hospital Regional Norte,Maternidad,Mañana,24,17,0.708,0,11
2026-06-22,Hospital Regional Norte,Maternidad,Tarde,24,20,0.833,0,13
2026-06-22,Hospital Regional Norte,Maternidad,Noche,24,17,0.708,0,9
2026-06-22,Hospital Metropolitano Central,Urgencias,Mañana,34,31,0.912,0,13
2026-06-22,Hospital Metropolitano Central,Urgencias,Tarde,34,32,0.941,1,168
2026-06-22,Hospital Metropolitano Central,Urgencias,Noche,34,34,1.0,4,148
2026-06-22,Hospital Metropolitano Central,UCI,Mañana,14,13,0.929,0,15
2026-06-22,Hospital Metropolitano Central,UCI,Tarde,14,14,1.0,0,17
2026-06-22,Hospital Metropolitano Central,UCI,Noche,14,13,0.929,0,25
2026-06-22,Hospital Metropolitano Central,Medicina Interna,Mañana,64,54,0.844,0,20
2026-06-22,Hospital Metropolitano Central,Medicina Interna,Tarde,64,64,1.0,1,162
2026-06-22,Hospital Metropolitano Central,Medicina Interna,Noche,64,64,1.0,0,23
2026-06-22,Hospital Metropolitano Central,Cirugía,Mañana,45,39,0.867,0,23
2026-06-22,Hospital Metropolitano Central,Cirugía,Tarde,45,43,0.956,0,10
2026-06-22,Hospital Metropolitano Central,Cirugía,Noche,45,28,0.622,0,6
2026-06-22,Hospital Metropolitano Central,Pediatría,Mañana,26,23,0.885,0,21
2026-06-22,Hospital Metropolitano Central,Pediatría,Tarde,26,24,0.923,1,175
2026-06-22,Hospital Metropolitano Central,Pediatría,Noche,26,26,1.0,0,17
2026-06-22,Hospital Metropolitano Central,Maternidad,Mañana,22,18,0.818,0,18
2026-06-22,Hospital Metropolitano Central,Maternidad,Tarde,22,20,0.909,0,19
2026-06-22,Hospital Metropolitano Central,Maternidad,Noche,22,17,0.773,0,7
2026-06-22,Hospital del Valle,Urgencias,Mañana,34,23,0.676,0,10
2026-06-22,Hospital del Valle,Urgencias,Tarde,34,26,0.765,0,23
2026-06-22,Hospital del Valle,Urgencias,Noche,34,31,0.912,0,5
2026-06-22,Hospital del Valle,UCI,Mañana,18,11,0.611,0,9
2026-06-22,Hospital del Valle,UCI,Tarde,18,14,0.778,0,17
2026-06-22,Hospital del Valle,UCI,Noche,18,12,0.667,0,16
2026-06-22,Hospital del Valle,Medicina Interna,Mañana,60,41,0.683,0,5
2026-06-22,Hospital del Valle,Medicina Interna,Tarde,60,46,0.767,0,7
2026-06-22,Hospital del Valle,Medicina Interna,Noche,60,40,0.667,0,15
2026-06-22,Hospital del Valle,Cirugía,Mañana,44,24,0.545,0,13
2026-06-22,Hospital del Valle,Cirugía,Tarde,44,29,0.659,0,24
2026-06-22,Hospital del Valle,Cirugía,Noche,44,20,0.455,0,11
2026-06-22,Hospital del Valle,Pediatría,Mañana,31,18,0.581,0,15
2026-06-22,Hospital del Valle,Pediatría,Tarde,31,24,0.774,0,6
2026-06-22,Hospital del Valle,Pediatría,Noche,31,21,0.677,0,16
2026-06-22,Hospital del Valle,Maternidad,Mañana,27,14,0.519,0,16
2026-06-22,Hospital del Valle,Maternidad,Tarde,27,17,0.63,0,6
2026-06-22,Hospital del Valle,Maternidad,Noche,27,15,0.556,0,10
2026-06-22,Hospital Costa Poniente,Urgencias,Mañana,40,31,0.775,0,22
2026-06-22,Hospital Costa Poniente,Urgencias,Tarde,40,35,0.875,0,11
2026-06-22,Hospital Costa Poniente,Urgencias,Noche,40,37,0.925,0,15
2026-06-22,Hospital Costa Poniente,UCI,Mañana,15,10,0.667,0,20
2026-06-22,Hospital Costa Poniente,UCI,Tarde,15,13,0.867,0,16
2026-06-22,Hospital Costa Poniente,UCI,Noche,15,13,0.867,0,20
2026-06-22,Hospital Costa Poniente,Medicina Interna,Mañana,56,39,0.696,0,18
2026-06-22,Hospital Costa Poniente,Medicina Interna,Tarde,56,44,0.786,0,7
2026-06-22,Hospital Costa Poniente,Medicina Interna,Noche,56,42,0.75,0,19
2026-06-22,Hospital Costa Poniente,Cirugía,Mañana,44,29,0.659,0,8
2026-06-22,Hospital Costa Poniente,Cirugía,Tarde,44,32,0.727,0,22
2026-06-22,Hospital Costa Poniente,Cirugía,Noche,44,24,0.545,0,22
2026-06-22,Hospital Costa Poniente,Pediatría,Mañana,32,24,0.75,0,16
2026-06-22,Hospital Costa Poniente,Pediatría,Tarde,32,28,0.875,0,7
2026-06-22,Hospital Costa Poniente,Pediatría,Noche,32,23,0.719,0,19
2026-06-22,Hospital Costa Poniente,Maternidad,Mañana,22,14,0.636,0,10
2026-06-22,Hospital Costa Poniente,Maternidad,Tarde,22,15,0.682,0,7
2026-06-22,Hospital Costa Poniente,Maternidad,Noche,22,13,0.591,0,13
2026-06-23,Hospital Regional Norte,Urgencias,Mañana,35,28,0.8,0,9
2026-06-23,Hospital Regional Norte,Urgencias,Tarde,35,35,1.0,0,30
2026-06-23,Hospital Regional Norte,Urgencias,Noche,35,35,1.0,3,96
2026-06-23,Hospital Regional Norte,UCI,Mañana,15,12,0.8,0,25
2026-06-23,Hospital Regional Norte,UCI,Tarde,15,12,0.8,0,11
2026-06-23,Hospital Regional Norte,UCI,Noche,15,12,0.8,0,12
2026-06-23,Hospital Regional Norte,Medicina Interna,Mañana,64,53,0.828,0,15
2026-06-23,Hospital Regional Norte,Medicina Interna,Tarde,64,58,0.906,0,15
2026-06-23,Hospital Regional Norte,Medicina Interna,Noche,64,57,0.891,0,15
2026-06-23,Hospital Regional Norte,Cirugía,Mañana,44,33,0.75,0,21
2026-06-23,Hospital Regional Norte,Cirugía,Tarde,44,38,0.864,0,19
2026-06-23,Hospital Regional Norte,Cirugía,Noche,44,25,0.568,0,23
2026-06-23,Hospital Regional Norte,Pediatría,Mañana,26,23,0.885,0,10
2026-06-23,Hospital Regional Norte,Pediatría,Tarde,26,25,0.962,0,21
2026-06-23,Hospital Regional Norte,Pediatría,Noche,26,25,0.962,0,11
2026-06-23,Hospital Regional Norte,Maternidad,Mañana,22,15,0.682,0,10
2026-06-23,Hospital Regional Norte,Maternidad,Tarde,22,18,0.818,0,10
2026-06-23,Hospital Regional Norte,Maternidad,Noche,22,17,0.773,0,14
2026-06-23,Hospital Metropolitano Central,Urgencias,Mañana,36,31,0.861,0,9
2026-06-23,Hospital Metropolitano Central,Urgencias,Tarde,36,34,0.944,1,133
2026-06-23,Hospital Metropolitano Central,Urgencias,Noche,36,36,1.0,4,108
2026-06-23,Hospital Metropolitano Central,UCI,Mañana,16,13,0.812,0,15
2026-06-23,Hospital Metropolitano Central,UCI,Tarde,16,16,1.0,0,24
2026-06-23,Hospital Metropolitano Central,UCI,Noche,16,16,1.0,0,19
2026-06-23,Hospital Metropolitano Central,Medicina Interna,Mañana,53,43,0.811,0,20
2026-06-23,Hospital Metropolitano Central,Medicina Interna,Tarde,53,53,1.0,1,130
2026-06-23,Hospital Metropolitano Central,Medicina Interna,Noche,53,46,0.868,0,22
2026-06-23,Hospital Metropolitano Central,Cirugía,Mañana,49,38,0.776,0,14
2026-06-23,Hospital Metropolitano Central,Cirugía,Tarde,49,43,0.878,0,14
2026-06-23,Hospital Metropolitano Central,Cirugía,Noche,49,34,0.694,0,23
2026-06-23,Hospital Metropolitano Central,Pediatría,Mañana,31,29,0.935,0,24
2026-06-23,Hospital Metropolitano Central,Pediatría,Tarde,31,30,0.968,1,170
2026-06-23,Hospital Metropolitano Central,Pediatría,Noche,31,28,0.903,0,22
2026-06-23,Hospital Metropolitano Central,Maternidad,Mañana,22,15,0.682,0,24
2026-06-23,Hospital Metropolitano Central,Maternidad,Tarde,22,20,0.909,0,12
2026-06-23,Hospital Metropolitano Central,Maternidad,Noche,22,17,0.773,0,24
2026-06-23,Hospital del Valle,Urgencias,Mañana,40,27,0.675,0,12
2026-06-23,Hospital del Valle,Urgencias,Tarde,40,31,0.775,0,13
2026-06-23,Hospital del Valle,Urgencias,Noche,40,33,0.825,0,7
2026-06-23,Hospital del Valle,UCI,Mañana,16,10,0.625,0,7
2026-06-23,Hospital del Valle,UCI,Tarde,16,12,0.75,0,17
2026-06-23,Hospital del Valle,UCI,Noche,16,10,0.625,0,15
2026-06-23,Hospital del Valle,Medicina Interna,Mañana,60,39,0.65,0,6
2026-06-23,Hospital del Valle,Medicina Interna,Tarde,60,47,0.783,0,16
2026-06-23,Hospital del Valle,Medicina Interna,Noche,60,40,0.667,0,18
2026-06-23,Hospital del Valle,Cirugía,Mañana,42,23,0.548,0,14
2026-06-23,Hospital del Valle,Cirugía,Tarde,42,26,0.619,0,14
2026-06-23,Hospital del Valle,Cirugía,Noche,42,22,0.524,0,22
2026-06-23,Hospital del Valle,Pediatría,Mañana,26,18,0.692,0,19
2026-06-23,Hospital del Valle,Pediatría,Tarde,26,20,0.769,0,18
2026-06-23,Hospital del Valle,Pediatría,Noche,26,19,0.731,0,14
2026-06-23,Hospital del Valle,Maternidad,Mañana,22,13,0.591,0,18
2026-06-23,Hospital del Valle,Maternidad,Tarde,22,14,0.636,0,18
2026-06-23,Hospital del Valle,Maternidad,Noche,22,12,0.545,0,23
2026-06-23,Hospital Costa Poniente,Urgencias,Mañana,40,28,0.7,0,14
2026-06-23,Hospital Costa Poniente,Urgencias,Tarde,40,33,0.825,0,21
2026-06-23,Hospital Costa Poniente,Urgencias,Noche,40,40,1.0,1,144
2026-06-23,Hospital Costa Poniente,UCI,Mañana,14,10,0.714,0,13
2026-06-23,Hospital Costa Poniente,UCI,Tarde,14,11,0.786,0,22
2026-06-23,Hospital Costa Poniente,UCI,Noche,14,11,0.786,0,23
2026-06-23,Hospital Costa Poniente,Medicina Interna,Mañana,62,42,0.677,0,10
2026-06-23,Hospital Costa Poniente,Medicina Interna,Tarde,62,54,0.871,0,14
2026-06-23,Hospital Costa Poniente,Medicina Interna,Noche,62,49,0.79,0,6
2026-06-23,Hospital Costa Poniente,Cirugía,Mañana,48,30,0.625,0,23
2026-06-23,Hospital Costa Poniente,Cirugía,Tarde,48,33,0.688,0,22
2026-06-23,Hospital Costa Poniente,Cirugía,Noche,48,27,0.562,0,12
2026-06-23,Hospital Costa Poniente,Pediatría,Mañana,26,17,0.654,0,13
2026-06-23,Hospital Costa Poniente,Pediatría,Tarde,26,21,0.808,0,25
2026-06-23,Hospital Costa Poniente,Pediatría,Noche,26,22,0.846,0,20
2026-06-23,Hospital Costa Poniente,Maternidad,Mañana,22,15,0.682,0,14
2026-06-23,Hospital Costa Poniente,Maternidad,Tarde,22,15,0.682,0,20
2026-06-23,Hospital Costa Poniente,Maternidad,Noche,22,16,0.727,0,25
2026-06-24,Hospital Regional Norte,Urgencias,Mañana,36,28,0.778,0,13
2026-06-24,Hospital Regional Norte,Urgencias,Tarde,36,33,0.917,0,7
2026-06-24,Hospital Regional Norte,Urgencias,Noche,36,36,1.0,3,189
2026-06-24,Hospital Regional Norte,UCI,Mañana,15,12,0.8,0,20
2026-06-24,Hospital Regional Norte,UCI,Tarde,15,15,1.0,0,21
2026-06-24,Hospital Regional Norte,UCI,Noche,15,13,0.867,0,18
2026-06-24,Hospital Regional Norte,Medicina Interna,Mañana,53,40,0.755,0,15
2026-06-24,Hospital Regional Norte,Medicina Interna,Tarde,53,48,0.906,0,9
2026-06-24,Hospital Regional Norte,Medicina Interna,Noche,53,45,0.849,0,6
2026-06-24,Hospital Regional Norte,Cirugía,Mañana,41,30,0.732,0,16
2026-06-24,Hospital Regional Norte,Cirugía,Tarde,41,30,0.732,0,14
2026-06-24,Hospital Regional Norte,Cirugía,Noche,41,24,0.585,0,7
2026-06-24,Hospital Regional Norte,Pediatría,Mañana,29,25,0.862,0,10
2026-06-24,Hospital Regional Norte,Pediatría,Tarde,29,28,0.966,0,15
2026-06-24,Hospital Regional Norte,Pediatría,Noche,29,26,0.897,0,15
2026-06-24,Hospital Regional Norte,Maternidad,Mañana,26,19,0.731,0,14
2026-06-24,Hospital Regional Norte,Maternidad,Tarde,26,20,0.769,0,16
2026-06-24,Hospital Regional Norte,Maternidad,Noche,26,18,0.692,0,23
2026-06-24,Hospital Metropolitano Central,Urgencias,Mañana,38,32,0.842,0,9
2026-06-24,Hospital Metropolitano Central,Urgencias,Tarde,38,38,1.0,1,175
2026-06-24,Hospital Metropolitano Central,Urgencias,Noche,38,38,1.0,6,95
2026-06-24,Hospital Metropolitano Central,UCI,Mañana,14,12,0.857,0,27
2026-06-24,Hospital Metropolitano Central,UCI,Tarde,14,14,1.0,0,26
2026-06-24,Hospital Metropolitano Central,UCI,Noche,14,14,1.0,0,13
2026-06-24,Hospital Metropolitano Central,Medicina Interna,Mañana,57,55,0.965,0,14
2026-06-24,Hospital Metropolitano Central,Medicina Interna,Tarde,57,57,1.0,1,132
2026-06-24,Hospital Metropolitano Central,Medicina Interna,Noche,57,52,0.912,0,19
2026-06-24,Hospital Metropolitano Central,Cirugía,Mañana,48,39,0.812,0,15
2026-06-24,Hospital Metropolitano Central,Cirugía,Tarde,48,40,0.833,0,14
2026-06-24,Hospital Metropolitano Central,Cirugía,Noche,48,26,0.542,0,8
2026-06-24,Hospital Metropolitano Central,Pediatría,Mañana,27,26,0.963,0,17
2026-06-24,Hospital Metropolitano Central,Pediatría,Tarde,27,26,0.963,0,12
2026-06-24,Hospital Metropolitano Central,Pediatría,Noche,27,25,0.926,0,13
2026-06-24,Hospital Metropolitano Central,Maternidad,Mañana,22,18,0.818,0,18
2026-06-24,Hospital Metropolitano Central,Maternidad,Tarde,22,17,0.773,0,8
2026-06-24,Hospital Metropolitano Central,Maternidad,Noche,22,16,0.727,0,21
2026-06-24,Hospital del Valle,Urgencias,Mañana,40,26,0.65,0,13
2026-06-24,Hospital del Valle,Urgencias,Tarde,40,26,0.65,0,14
2026-06-24,Hospital del Valle,Urgencias,Noche,40,36,0.9,0,8
2026-06-24,Hospital del Valle,UCI,Mañana,17,12,0.706,0,11
2026-06-24,Hospital del Valle,UCI,Tarde,17,12,0.706,0,11
2026-06-24,Hospital del Valle,UCI,Noche,17,11,0.647,0,16
2026-06-24,Hospital del Valle,Medicina Interna,Mañana,51,30,0.588,0,13
2026-06-24,Hospital del Valle,Medicina Interna,Tarde,51,40,0.784,0,16
2026-06-24,Hospital del Valle,Medicina Interna,Noche,51,34,0.667,0,21
2026-06-24,Hospital del Valle,Cirugía,Mañana,47,28,0.596,0,21
2026-06-24,Hospital del Valle,Cirugía,Tarde,47,30,0.638,0,8
2026-06-24,Hospital del Valle,Cirugía,Noche,47,24,0.511,0,5
2026-06-24,Hospital del Valle,Pediatría,Mañana,29,20,0.69,0,14
2026-06-24,Hospital del Valle,Pediatría,Tarde,29,19,0.655,0,22
2026-06-24,Hospital del Valle,Pediatría,Noche,29,18,0.621,0,8
2026-06-24,Hospital del Valle,Maternidad,Mañana,27,17,0.63,0,20
2026-06-24,Hospital del Valle,Maternidad,Tarde,27,16,0.593,0,23
2026-06-24,Hospital del Valle,Maternidad,Noche,27,15,0.556,0,8
2026-06-24,Hospital Costa Poniente,Urgencias,Mañana,36,26,0.722,0,17
2026-06-24,Hospital Costa Poniente,Urgencias,Tarde,36,29,0.806,0,21
2026-06-24,Hospital Costa Poniente,Urgencias,Noche,36,34,0.944,0,20
2026-06-24,Hospital Costa Poniente,UCI,Mañana,14,9,0.643,0,9
2026-06-24,Hospital Costa Poniente,UCI,Tarde,14,11,0.786,0,16
2026-06-24,Hospital Costa Poniente,UCI,Noche,14,12,0.857,0,11
2026-06-24,Hospital Costa Poniente,Medicina Interna,Mañana,52,38,0.731,0,17
2026-06-24,Hospital Costa Poniente,Medicina Interna,Tarde,52,41,0.788,0,24
2026-06-24,Hospital Costa Poniente,Medicina Interna,Noche,52,42,0.808,0,19
2026-06-24,Hospital Costa Poniente,Cirugía,Mañana,41,26,0.634,0,18
2026-06-24,Hospital Costa Poniente,Cirugía,Tarde,41,28,0.683,0,7
2026-06-24,Hospital Costa Poniente,Cirugía,Noche,41,24,0.585,0,20
2026-06-24,Hospital Costa Poniente,Pediatría,Mañana,33,24,0.727,0,5
2026-06-24,Hospital Costa Poniente,Pediatría,Tarde,33,30,0.909,0,20
2026-06-24,Hospital Costa Poniente,Pediatría,Noche,33,27,0.818,0,17
2026-06-24,Hospital Costa Poniente,Maternidad,Mañana,24,16,0.667,0,7
2026-06-24,Hospital Costa Poniente,Maternidad,Tarde,24,16,0.667,0,17
2026-06-24,Hospital Costa Poniente,Maternidad,Noche,24,16,0.667,0,23
2026-06-25,Hospital Regional Norte,Urgencias,Mañana,44,39,0.886,0,10
2026-06-25,Hospital Regional Norte,Urgencias,Tarde,44,38,0.864,0,11
2026-06-25,Hospital Regional Norte,Urgencias,Noche,44,44,1.0,4,160
2026-06-25,Hospital Regional Norte,UCI,Mañana,15,12,0.8,0,20
2026-06-25,Hospital Regional Norte,UCI,Tarde,15,13,0.867,0,28
2026-06-25,Hospital Regional Norte,UCI,Noche,15,14,0.933,0,30
2026-06-25,Hospital Regional Norte,Medicina Interna,Mañana,65,52,0.8,0,24
2026-06-25,Hospital Regional Norte,Medicina Interna,Tarde,65,64,0.985,0,26
2026-06-25,Hospital Regional Norte,Medicina Interna,Noche,65,54,0.831,0,19
2026-06-25,Hospital Regional Norte,Cirugía,Mañana,39,27,0.692,0,20
2026-06-25,Hospital Regional Norte,Cirugía,Tarde,39,30,0.769,0,9
2026-06-25,Hospital Regional Norte,Cirugía,Noche,39,20,0.513,0,6
2026-06-25,Hospital Regional Norte,Pediatría,Mañana,32,27,0.844,0,5
2026-06-25,Hospital Regional Norte,Pediatría,Tarde,32,32,1.0,0,20
2026-06-25,Hospital Regional Norte,Pediatría,Noche,32,26,0.812,0,24
2026-06-25,Hospital Regional Norte,Maternidad,Mañana,25,19,0.76,0,21
2026-06-25,Hospital Regional Norte,Maternidad,Tarde,25,21,0.84,0,19
2026-06-25,Hospital Regional Norte,Maternidad,Noche,25,18,0.72,0,20
2026-06-25,Hospital Metropolitano Central,Urgencias,Mañana,39,34,0.872,0,15
2026-06-25,Hospital Metropolitano Central,Urgencias,Tarde,39,39,1.0,1,52
2026-06-25,Hospital Metropolitano Central,Urgencias,Noche,39,39,1.0,6,111
2026-06-25,Hospital Metropolitano Central,UCI,Mañana,15,14,0.933,0,11
2026-06-25,Hospital Metropolitano Central,UCI,Tarde,15,13,0.867,0,19
2026-06-25,Hospital Metropolitano Central,UCI,Noche,15,15,1.0,0,23
2026-06-25,Hospital Metropolitano Central,Medicina Interna,Mañana,53,49,0.925,0,20
2026-06-25,Hospital Metropolitano Central,Medicina Interna,Tarde,53,53,1.0,1,178
2026-06-25,Hospital Metropolitano Central,Medicina Interna,Noche,53,50,0.943,0,22
2026-06-25,Hospital Metropolitano Central,Cirugía,Mañana,45,36,0.8,0,10
2026-06-25,Hospital Metropolitano Central,Cirugía,Tarde,45,40,0.889,0,17
2026-06-25,Hospital Metropolitano Central,Cirugía,Noche,45,26,0.578,0,23
2026-06-25,Hospital Metropolitano Central,Pediatría,Mañana,33,30,0.909,0,16
2026-06-25,Hospital Metropolitano Central,Pediatría,Tarde,33,33,1.0,1,63
2026-06-25,Hospital Metropolitano Central,Pediatría,Noche,33,32,0.97,0,21
2026-06-25,Hospital Metropolitano Central,Maternidad,Mañana,23,19,0.826,0,5
2026-06-25,Hospital Metropolitano Central,Maternidad,Tarde,23,21,0.913,0,22
2026-06-25,Hospital Metropolitano Central,Maternidad,Noche,23,17,0.739,0,16
2026-06-25,Hospital del Valle,Urgencias,Mañana,44,28,0.636,0,6
2026-06-25,Hospital del Valle,Urgencias,Tarde,44,33,0.75,0,12
2026-06-25,Hospital del Valle,Urgencias,Noche,44,36,0.818,0,14
2026-06-25,Hospital del Valle,UCI,Mañana,16,11,0.688,0,7
2026-06-25,Hospital del Valle,UCI,Tarde,16,12,0.75,0,8
2026-06-25,Hospital del Valle,UCI,Noche,16,11,0.688,0,5
2026-06-25,Hospital del Valle,Medicina Interna,Mañana,59,34,0.576,0,18
2026-06-25,Hospital del Valle,Medicina Interna,Tarde,59,43,0.729,0,18
2026-06-25,Hospital del Valle,Medicina Interna,Noche,59,38,0.644,0,20
2026-06-25,Hospital del Valle,Cirugía,Mañana,45,29,0.644,0,17
2026-06-25,Hospital del Valle,Cirugía,Tarde,45,29,0.644,0,15
2026-06-25,Hospital del Valle,Cirugía,Noche,45,21,0.467,0,20
2026-06-25,Hospital del Valle,Pediatría,Mañana,26,18,0.692,0,15
2026-06-25,Hospital del Valle,Pediatría,Tarde,26,19,0.731,0,15
2026-06-25,Hospital del Valle,Pediatría,Noche,26,17,0.654,0,14
2026-06-25,Hospital del Valle,Maternidad,Mañana,24,13,0.542,0,20
2026-06-25,Hospital del Valle,Maternidad,Tarde,24,15,0.625,0,7
2026-06-25,Hospital del Valle,Maternidad,Noche,24,16,0.667,0,22
2026-06-25,Hospital Costa Poniente,Urgencias,Mañana,36,26,0.722,0,14
2026-06-25,Hospital Costa Poniente,Urgencias,Tarde,36,33,0.917,0,17
2026-06-25,Hospital Costa Poniente,Urgencias,Noche,36,36,1.0,1,76
2026-06-25,Hospital Costa Poniente,UCI,Mañana,17,11,0.647,0,15
2026-06-25,Hospital Costa Poniente,UCI,Tarde,17,13,0.765,0,23
2026-06-25,Hospital Costa Poniente,UCI,Noche,17,14,0.824,0,20
2026-06-25,Hospital Costa Poniente,Medicina Interna,Mañana,57,41,0.719,0,7
2026-06-25,Hospital Costa Poniente,Medicina Interna,Tarde,57,48,0.842,0,14
2026-06-25,Hospital Costa Poniente,Medicina Interna,Noche,57,44,0.772,0,14
2026-06-25,Hospital Costa Poniente,Cirugía,Mañana,43,28,0.651,0,11
2026-06-25,Hospital Costa Poniente,Cirugía,Tarde,43,31,0.721,0,13
2026-06-25,Hospital Costa Poniente,Cirugía,Noche,43,23,0.535,0,19
2026-06-25,Hospital Costa Poniente,Pediatría,Mañana,31,23,0.742,0,5
2026-06-25,Hospital Costa Poniente,Pediatría,Tarde,31,26,0.839,0,21
2026-06-25,Hospital Costa Poniente,Pediatría,Noche,31,26,0.839,0,23
2026-06-25,Hospital Costa Poniente,Maternidad,Mañana,24,16,0.667,0,19
2026-06-25,Hospital Costa Poniente,Maternidad,Tarde,24,16,0.667,0,25
2026-06-25,Hospital Costa Poniente,Maternidad,Noche,24,16,0.667,0,24
2026-06-26,Hospital Regional Norte,Urgencias,Mañana,43,39,0.907,0,23
2026-06-26,Hospital Regional Norte,Urgencias,Tarde,43,42,0.977,0,16
2026-06-26,Hospital Regional Norte,Urgencias,Noche,43,43,1.0,2,99
2026-06-26,Hospital Regional Norte,UCI,Mañana,16,12,0.75,0,18
2026-06-26,Hospital Regional Norte,UCI,Tarde,16,14,0.875,0,12
2026-06-26,Hospital Regional Norte,UCI,Noche,16,15,0.938,0,18
2026-06-26,Hospital Regional Norte,Medicina Interna,Mañana,63,54,0.857,0,13
2026-06-26,Hospital Regional Norte,Medicina Interna,Tarde,63,59,0.937,0,12
2026-06-26,Hospital Regional Norte,Medicina Interna,Noche,63,54,0.857,0,8
2026-06-26,Hospital Regional Norte,Cirugía,Mañana,40,26,0.65,0,14
2026-06-26,Hospital Regional Norte,Cirugía,Tarde,40,32,0.8,0,22
2026-06-26,Hospital Regional Norte,Cirugía,Noche,40,26,0.65,0,18
2026-06-26,Hospital Regional Norte,Pediatría,Mañana,30,23,0.767,0,10
2026-06-26,Hospital Regional Norte,Pediatría,Tarde,30,27,0.9,0,5
2026-06-26,Hospital Regional Norte,Pediatría,Noche,30,25,0.833,0,13
2026-06-26,Hospital Regional Norte,Maternidad,Mañana,25,17,0.68,0,6
2026-06-26,Hospital Regional Norte,Maternidad,Tarde,25,22,0.88,0,20
2026-06-26,Hospital Regional Norte,Maternidad,Noche,25,20,0.8,0,6
2026-06-26,Hospital Metropolitano Central,Urgencias,Mañana,43,36,0.837,0,24
2026-06-26,Hospital Metropolitano Central,Urgencias,Tarde,43,42,0.977,1,154
2026-06-26,Hospital Metropolitano Central,Urgencias,Noche,43,43,1.0,7,202
2026-06-26,Hospital Metropolitano Central,UCI,Mañana,17,14,0.824,0,23
2026-06-26,Hospital Metropolitano Central,UCI,Tarde,17,17,1.0,0,26
2026-06-26,Hospital Metropolitano Central,UCI,Noche,17,17,1.0,0,26
2026-06-26,Hospital Metropolitano Central,Medicina Interna,Mañana,55,53,0.964,0,13
2026-06-26,Hospital Metropolitano Central,Medicina Interna,Tarde,55,55,1.0,1,152
2026-06-26,Hospital Metropolitano Central,Medicina Interna,Noche,55,54,0.982,0,16
2026-06-26,Hospital Metropolitano Central,Cirugía,Mañana,40,30,0.75,0,13
2026-06-26,Hospital Metropolitano Central,Cirugía,Tarde,40,35,0.875,0,13
2026-06-26,Hospital Metropolitano Central,Cirugía,Noche,40,27,0.675,0,6
2026-06-26,Hospital Metropolitano Central,Pediatría,Mañana,29,26,0.897,0,8
2026-06-26,Hospital Metropolitano Central,Pediatría,Tarde,29,28,0.966,1,113
2026-06-26,Hospital Metropolitano Central,Pediatría,Noche,29,29,1.0,0,21
2026-06-26,Hospital Metropolitano Central,Maternidad,Mañana,24,18,0.75,0,14
2026-06-26,Hospital Metropolitano Central,Maternidad,Tarde,24,19,0.792,0,24
2026-06-26,Hospital Metropolitano Central,Maternidad,Noche,24,18,0.75,0,6
2026-06-26,Hospital del Valle,Urgencias,Mañana,41,29,0.707,0,12
2026-06-26,Hospital del Valle,Urgencias,Tarde,41,28,0.683,0,17
2026-06-26,Hospital del Valle,Urgencias,Noche,41,34,0.829,0,16
2026-06-26,Hospital del Valle,UCI,Mañana,17,11,0.647,0,22
2026-06-26,Hospital del Valle,UCI,Tarde,17,13,0.765,0,19
2026-06-26,Hospital del Valle,UCI,Noche,17,12,0.706,0,17
2026-06-26,Hospital del Valle,Medicina Interna,Mañana,65,46,0.708,0,14
2026-06-26,Hospital del Valle,Medicina Interna,Tarde,65,42,0.646,0,12
2026-06-26,Hospital del Valle,Medicina Interna,Noche,65,42,0.646,0,10
2026-06-26,Hospital del Valle,Cirugía,Mañana,49,29,0.592,0,25
2026-06-26,Hospital del Valle,Cirugía,Tarde,49,30,0.612,0,6
2026-06-26,Hospital del Valle,Cirugía,Noche,49,20,0.408,0,7
2026-06-26,Hospital del Valle,Pediatría,Mañana,32,23,0.719,0,20
2026-06-26,Hospital del Valle,Pediatría,Tarde,32,24,0.75,0,15
2026-06-26,Hospital del Valle,Pediatría,Noche,32,23,0.719,0,8
2026-06-26,Hospital del Valle,Maternidad,Mañana,26,15,0.577,0,21
2026-06-26,Hospital del Valle,Maternidad,Tarde,26,14,0.538,0,18
2026-06-26,Hospital del Valle,Maternidad,Noche,26,16,0.615,0,22
2026-06-26,Hospital Costa Poniente,Urgencias,Mañana,41,30,0.732,0,5
2026-06-26,Hospital Costa Poniente,Urgencias,Tarde,41,36,0.878,0,25
2026-06-26,Hospital Costa Poniente,Urgencias,Noche,41,41,1.0,1,82
2026-06-26,Hospital Costa Poniente,UCI,Mañana,15,11,0.733,0,15
2026-06-26,Hospital Costa Poniente,UCI,Tarde,15,12,0.8,0,8
2026-06-26,Hospital Costa Poniente,UCI,Noche,15,11,0.733,0,21
2026-06-26,Hospital Costa Poniente,Medicina Interna,Mañana,62,48,0.774,0,25
2026-06-26,Hospital Costa Poniente,Medicina Interna,Tarde,62,53,0.855,0,24
2026-06-26,Hospital Costa Poniente,Medicina Interna,Noche,62,50,0.806,0,15
2026-06-26,Hospital Costa Poniente,Cirugía,Mañana,43,31,0.721,0,9
2026-06-26,Hospital Costa Poniente,Cirugía,Tarde,43,29,0.674,0,23
2026-06-26,Hospital Costa Poniente,Cirugía,Noche,43,24,0.558,0,14
2026-06-26,Hospital Costa Poniente,Pediatría,Mañana,27,20,0.741,0,10
2026-06-26,Hospital Costa Poniente,Pediatría,Tarde,27,22,0.815,0,17
2026-06-26,Hospital Costa Poniente,Pediatría,Noche,27,23,0.852,0,23
2026-06-26,Hospital Costa Poniente,Maternidad,Mañana,23,16,0.696,0,22
2026-06-26,Hospital Costa Poniente,Maternidad,Tarde,23,17,0.739,0,25
2026-06-26,Hospital Costa Poniente,Maternidad,Noche,23,15,0.652,0,7
2026-06-27,Hospital Regional Norte,Urgencias,Mañana,44,40,0.909,0,10
2026-06-27,Hospital Regional Norte,Urgencias,Tarde,44,44,1.0,3,123
2026-06-27,Hospital Regional Norte,Urgencias,Noche,44,44,1.0,6,93
2026-06-27,Hospital Regional Norte,UCI,Mañana,16,12,0.75,0,19
2026-06-27,Hospital Regional Norte,UCI,Tarde,16,14,0.875,0,17
2026-06-27,Hospital Regional Norte,UCI,Noche,16,14,0.875,0,18
2026-06-27,Hospital Regional Norte,Medicina Interna,Mañana,55,43,0.782,0,9
2026-06-27,Hospital Regional Norte,Medicina Interna,Tarde,55,47,0.855,0,11
2026-06-27,Hospital Regional Norte,Medicina Interna,Noche,55,46,0.836,0,14
2026-06-27,Hospital Regional Norte,Cirugía,Mañana,46,30,0.652,0,10
2026-06-27,Hospital Regional Norte,Cirugía,Tarde,46,35,0.761,0,9
2026-06-27,Hospital Regional Norte,Cirugía,Noche,46,22,0.478,0,13
2026-06-27,Hospital Regional Norte,Pediatría,Mañana,27,21,0.778,0,12
2026-06-27,Hospital Regional Norte,Pediatría,Tarde,27,23,0.852,0,25
2026-06-27,Hospital Regional Norte,Pediatría,Noche,27,22,0.815,0,5
2026-06-27,Hospital Regional Norte,Maternidad,Mañana,24,18,0.75,0,17
2026-06-27,Hospital Regional Norte,Maternidad,Tarde,24,19,0.792,0,17
2026-06-27,Hospital Regional Norte,Maternidad,Noche,24,18,0.75,0,24
2026-06-27,Hospital Metropolitano Central,Urgencias,Mañana,37,36,0.973,1,134
2026-06-27,Hospital Metropolitano Central,Urgencias,Tarde,37,37,1.0,3,65
2026-06-27,Hospital Metropolitano Central,Urgencias,Noche,37,37,1.0,9,176
2026-06-27,Hospital Metropolitano Central,UCI,Mañana,16,12,0.75,0,22
2026-06-27,Hospital Metropolitano Central,UCI,Tarde,16,14,0.875,0,15
2026-06-27,Hospital Metropolitano Central,UCI,Noche,16,15,0.938,0,24
2026-06-27,Hospital Metropolitano Central,Medicina Interna,Mañana,53,43,0.811,0,21
2026-06-27,Hospital Metropolitano Central,Medicina Interna,Tarde,53,49,0.925,0,13
2026-06-27,Hospital Metropolitano Central,Medicina Interna,Noche,53,44,0.83,0,6
2026-06-27,Hospital Metropolitano Central,Cirugía,Mañana,49,37,0.755,0,13
2026-06-27,Hospital Metropolitano Central,Cirugía,Tarde,49,43,0.878,0,18
2026-06-27,Hospital Metropolitano Central,Cirugía,Noche,49,27,0.551,0,13
2026-06-27,Hospital Metropolitano Central,Pediatría,Mañana,30,27,0.9,0,13
2026-06-27,Hospital Metropolitano Central,Pediatría,Tarde,30,28,0.933,0,15
2026-06-27,Hospital Metropolitano Central,Pediatría,Noche,30,26,0.867,0,20
2026-06-27,Hospital Metropolitano Central,Maternidad,Mañana,26,18,0.692,0,25
2026-06-27,Hospital Metropolitano Central,Maternidad,Tarde,26,22,0.846,0,6
2026-06-27,Hospital Metropolitano Central,Maternidad,Noche,26,19,0.731,0,6
2026-06-27,Hospital del Valle,Urgencias,Mañana,36,25,0.694,0,13
2026-06-27,Hospital del Valle,Urgencias,Tarde,36,28,0.778,0,19
2026-06-27,Hospital del Valle,Urgencias,Noche,36,36,1.0,1,174
2026-06-27,Hospital del Valle,UCI,Mañana,15,10,0.667,0,22
2026-06-27,Hospital del Valle,UCI,Tarde,15,10,0.667,0,20
2026-06-27,Hospital del Valle,UCI,Noche,15,9,0.6,0,9
2026-06-27,Hospital del Valle,Medicina Interna,Mañana,53,29,0.547,0,14
2026-06-27,Hospital del Valle,Medicina Interna,Tarde,53,33,0.623,0,10
2026-06-27,Hospital del Valle,Medicina Interna,Noche,53,36,0.679,0,13
2026-06-27,Hospital del Valle,Cirugía,Mañana,45,26,0.578,0,11
2026-06-27,Hospital del Valle,Cirugía,Tarde,45,28,0.622,0,5
2026-06-27,Hospital del Valle,Cirugía,Noche,45,20,0.444,0,23
2026-06-27,Hospital del Valle,Pediatría,Mañana,27,19,0.704,0,12
2026-06-27,Hospital del Valle,Pediatría,Tarde,27,20,0.741,0,8
2026-06-27,Hospital del Valle,Pediatría,Noche,27,19,0.704,0,5
2026-06-27,Hospital del Valle,Maternidad,Mañana,23,14,0.609,0,8
2026-06-27,Hospital del Valle,Maternidad,Tarde,23,13,0.565,0,23
2026-06-27,Hospital del Valle,Maternidad,Noche,23,15,0.652,0,8
2026-06-27,Hospital Costa Poniente,Urgencias,Mañana,42,34,0.81,0,7
2026-06-27,Hospital Costa Poniente,Urgencias,Tarde,42,40,0.952,0,25
2026-06-27,Hospital Costa Poniente,Urgencias,Noche,42,42,1.0,5,71
2026-06-27,Hospital Costa Poniente,UCI,Mañana,17,12,0.706,0,19
2026-06-27,Hospital Costa Poniente,UCI,Tarde,17,12,0.706,0,23
2026-06-27,Hospital Costa Poniente,UCI,Noche,17,12,0.706,0,6
2026-06-27,Hospital Costa Poniente,Medicina Interna,Mañana,63,42,0.667,0,6
2026-06-27,Hospital Costa Poniente,Medicina Interna,Tarde,63,51,0.81,0,22
2026-06-27,Hospital Costa Poniente,Medicina Interna,Noche,63,51,0.81,0,17
2026-06-27,Hospital Costa Poniente,Cirugía,Mañana,39,23,0.59,0,12
2026-06-27,Hospital Costa Poniente,Cirugía,Tarde,39,30,0.769,0,17
2026-06-27,Hospital Costa Poniente,Cirugía,Noche,39,17,0.436,0,11
2026-06-27,Hospital Costa Poniente,Pediatría,Mañana,27,20,0.741,0,14
2026-06-27,Hospital Costa Poniente,Pediatría,Tarde,27,22,0.815,0,25
2026-06-27,Hospital Costa Poniente,Pediatría,Noche,27,19,0.704,0,14
2026-06-27,Hospital Costa Poniente,Maternidad,Mañana,24,14,0.583,0,14
2026-06-27,Hospital Costa Poniente,Maternidad,Tarde,24,18,0.75,0,24
2026-06-27,Hospital Costa Poniente,Maternidad,Noche,24,14,0.583,0,8
2026-06-28,Hospital Regional Norte,Urgencias,Mañana,42,41,0.976,0,22
2026-06-28,Hospital Regional Norte,Urgencias,Tarde,42,42,1.0,3,162
2026-06-28,Hospital Regional Norte,Urgencias,Noche,42,42,1.0,9,146
2026-06-28,Hospital Regional Norte,UCI,Mañana,16,11,0.688,0,21
2026-06-28,Hospital Regional Norte,UCI,Tarde,16,13,0.812,0,19
2026-06-28,Hospital Regional Norte,UCI,Noche,16,14,0.875,0,14
2026-06-28,Hospital Regional Norte,Medicina Interna,Mañana,65,51,0.785,0,25
2026-06-28,Hospital Regional Norte,Medicina Interna,Tarde,65,57,0.877,0,14
2026-06-28,Hospital Regional Norte,Medicina Interna,Noche,65,53,0.815,0,7
2026-06-28,Hospital Regional Norte,Cirugía,Mañana,48,33,0.688,0,9
2026-06-28,Hospital Regional Norte,Cirugía,Tarde,48,41,0.854,0,14
2026-06-28,Hospital Regional Norte,Cirugía,Noche,48,29,0.604,0,21
2026-06-28,Hospital Regional Norte,Pediatría,Mañana,29,23,0.793,0,22
2026-06-28,Hospital Regional Norte,Pediatría,Tarde,29,23,0.793,0,6
2026-06-28,Hospital Regional Norte,Pediatría,Noche,29,24,0.828,0,21
2026-06-28,Hospital Regional Norte,Maternidad,Mañana,24,15,0.625,0,23
2026-06-28,Hospital Regional Norte,Maternidad,Tarde,24,19,0.792,0,16
2026-06-28,Hospital Regional Norte,Maternidad,Noche,24,16,0.667,0,7
2026-06-28,Hospital Metropolitano Central,Urgencias,Mañana,42,41,0.976,2,171
2026-06-28,Hospital Metropolitano Central,Urgencias,Tarde,42,42,1.0,6,74
2026-06-28,Hospital Metropolitano Central,Urgencias,Noche,42,42,1.0,10,195
2026-06-28,Hospital Metropolitano Central,UCI,Mañana,16,14,0.875,0,18
2026-06-28,Hospital Metropolitano Central,UCI,Tarde,16,14,0.875,0,15
2026-06-28,Hospital Metropolitano Central,UCI,Noche,16,14,0.875,0,29
2026-06-28,Hospital Metropolitano Central,Medicina Interna,Mañana,55,48,0.873,0,18
2026-06-28,Hospital Metropolitano Central,Medicina Interna,Tarde,55,52,0.945,0,5
2026-06-28,Hospital Metropolitano Central,Medicina Interna,Noche,55,48,0.873,0,5
2026-06-28,Hospital Metropolitano Central,Cirugía,Mañana,40,30,0.75,0,17
2026-06-28,Hospital Metropolitano Central,Cirugía,Tarde,40,36,0.9,0,24
2026-06-28,Hospital Metropolitano Central,Cirugía,Noche,40,25,0.625,0,14
2026-06-28,Hospital Metropolitano Central,Pediatría,Mañana,30,28,0.933,0,22
2026-06-28,Hospital Metropolitano Central,Pediatría,Tarde,30,30,1.0,0,14
2026-06-28,Hospital Metropolitano Central,Pediatría,Noche,30,25,0.833,0,8
2026-06-28,Hospital Metropolitano Central,Maternidad,Mañana,26,20,0.769,0,11
2026-06-28,Hospital Metropolitano Central,Maternidad,Tarde,26,23,0.885,0,11
2026-06-28,Hospital Metropolitano Central,Maternidad,Noche,26,20,0.769,0,9
2026-06-28,Hospital del Valle,Urgencias,Mañana,40,30,0.75,0,25
2026-06-28,Hospital del Valle,Urgencias,Tarde,40,36,0.9,0,22
2026-06-28,Hospital del Valle,Urgencias,Noche,40,38,0.95,1,167
2026-06-28,Hospital del Valle,UCI,Mañana,15,8,0.533,0,10
2026-06-28,Hospital del Valle,UCI,Tarde,15,11,0.733,0,19
2026-06-28,Hospital del Valle,UCI,Noche,15,11,0.733,0,20
2026-06-28,Hospital del Valle,Medicina Interna,Mañana,51,31,0.608,0,12
2026-06-28,Hospital del Valle,Medicina Interna,Tarde,51,32,0.627,0,23
2026-06-28,Hospital del Valle,Medicina Interna,Noche,51,36,0.706,0,17
2026-06-28,Hospital del Valle,Cirugía,Mañana,39,18,0.462,0,25
2026-06-28,Hospital del Valle,Cirugía,Tarde,39,26,0.667,0,18
2026-06-28,Hospital del Valle,Cirugía,Noche,39,20,0.513,0,20
2026-06-28,Hospital del Valle,Pediatría,Mañana,31,20,0.645,0,22
2026-06-28,Hospital del Valle,Pediatría,Tarde,31,24,0.774,0,6
2026-06-28,Hospital del Valle,Pediatría,Noche,31,20,0.645,0,20
2026-06-28,Hospital del Valle,Maternidad,Mañana,24,14,0.583,0,20
2026-06-28,Hospital del Valle,Maternidad,Tarde,24,13,0.542,0,6
2026-06-28,Hospital del Valle,Maternidad,Noche,24,14,0.583,0,18
2026-06-28,Hospital Costa Poniente,Urgencias,Mañana,40,35,0.875,0,13
2026-06-28,Hospital Costa Poniente,Urgencias,Tarde,40,40,1.0,0,25
2026-06-28,Hospital Costa Poniente,Urgencias,Noche,40,40,1.0,4,157
2026-06-28,Hospital Costa Poniente,UCI,Mañana,16,10,0.625,0,14
2026-06-28,Hospital Costa Poniente,UCI,Tarde,16,13,0.812,0,20
2026-06-28,Hospital Costa Poniente,UCI,Noche,16,12,0.75,0,12
2026-06-28,Hospital Costa Poniente,Medicina Interna,Mañana,59,42,0.712,0,15
2026-06-28,Hospital Costa Poniente,Medicina Interna,Tarde,59,50,0.847,0,19
2026-06-28,Hospital Costa Poniente,Medicina Interna,Noche,59,40,0.678,0,14
2026-06-28,Hospital Costa Poniente,Cirugía,Mañana,46,28,0.609,0,18
2026-06-28,Hospital Costa Poniente,Cirugía,Tarde,46,34,0.739,0,25
2026-06-28,Hospital Costa Poniente,Cirugía,Noche,46,24,0.522,0,20
2026-06-28,Hospital Costa Poniente,Pediatría,Mañana,31,24,0.774,0,24
2026-06-28,Hospital Costa Poniente,Pediatría,Tarde,31,23,0.742,0,7
2026-06-28,Hospital Costa Poniente,Pediatría,Noche,31,24,0.774,0,9
2026-06-28,Hospital Costa Poniente,Maternidad,Mañana,22,12,0.545,0,20
2026-06-28,Hospital Costa Poniente,Maternidad,Tarde,22,13,0.591,0,18
2026-06-28,Hospital Costa Poniente,Maternidad,Noche,22,16,0.727,0,20
2026-06-29,Hospital Regional Norte,Urgencias,Mañana,37,29,0.784,0,6
2026-06-29,Hospital Regional Norte,Urgencias,Tarde,37,37,1.0,0,18
2026-06-29,Hospital Regional Norte,Urgencias,Noche,37,37,1.0,2,179
2026-06-29,Hospital Regional Norte,UCI,Mañana,17,13,0.765,0,8
2026-06-29,Hospital Regional Norte,UCI,Tarde,17,16,0.941,0,17
2026-06-29,Hospital Regional Norte,UCI,Noche,17,15,0.882,0,21
2026-06-29,Hospital Regional Norte,Medicina Interna,Mañana,63,55,0.873,0,22
2026-06-29,Hospital Regional Norte,Medicina Interna,Tarde,63,55,0.873,0,9
2026-06-29,Hospital Regional Norte,Medicina Interna,Noche,63,58,0.921,0,21
2026-06-29,Hospital Regional Norte,Cirugía,Mañana,45,30,0.667,0,6
2026-06-29,Hospital Regional Norte,Cirugía,Tarde,45,40,0.889,0,19
2026-06-29,Hospital Regional Norte,Cirugía,Noche,45,28,0.622,0,8
2026-06-29,Hospital Regional Norte,Pediatría,Mañana,33,29,0.879,0,24
2026-06-29,Hospital Regional Norte,Pediatría,Tarde,33,32,0.97,0,27
2026-06-29,Hospital Regional Norte,Pediatría,Noche,33,27,0.818,0,8
2026-06-29,Hospital Regional Norte,Maternidad,Mañana,22,14,0.636,0,11
2026-06-29,Hospital Regional Norte,Maternidad,Tarde,22,19,0.864,0,10
2026-06-29,Hospital Regional Norte,Maternidad,Noche,22,17,0.773,0,19
2026-06-29,Hospital Metropolitano Central,Urgencias,Mañana,42,38,0.905,0,8
2026-06-29,Hospital Metropolitano Central,Urgencias,Tarde,42,40,0.952,1,83
2026-06-29,Hospital Metropolitano Central,Urgencias,Noche,42,42,1.0,5,166
2026-06-29,Hospital Metropolitano Central,UCI,Mañana,15,14,0.933,0,26
2026-06-29,Hospital Metropolitano Central,UCI,Tarde,15,14,0.933,0,23
2026-06-29,Hospital Metropolitano Central,UCI,Noche,15,14,0.933,0,14
2026-06-29,Hospital Metropolitano Central,Medicina Interna,Mañana,62,56,0.903,0,12
2026-06-29,Hospital Metropolitano Central,Medicina Interna,Tarde,62,58,0.935,0,18
2026-06-29,Hospital Metropolitano Central,Medicina Interna,Noche,62,57,0.919,0,18
2026-06-29,Hospital Metropolitano Central,Cirugía,Mañana,48,42,0.875,0,21
2026-06-29,Hospital Metropolitano Central,Cirugía,Tarde,48,44,0.917,0,16
2026-06-29,Hospital Metropolitano Central,Cirugía,Noche,48,33,0.688,0,19
2026-06-29,Hospital Metropolitano Central,Pediatría,Mañana,27,22,0.815,0,21
2026-06-29,Hospital Metropolitano Central,Pediatría,Tarde,27,27,1.0,0,20
2026-06-29,Hospital Metropolitano Central,Pediatría,Noche,27,25,0.926,0,23
2026-06-29,Hospital Metropolitano Central,Maternidad,Mañana,22,18,0.818,0,25
2026-06-29,Hospital Metropolitano Central,Maternidad,Tarde,22,18,0.818,0,23
2026-06-29,Hospital Metropolitano Central,Maternidad,Noche,22,16,0.727,0,25
2026-06-29,Hospital del Valle,Urgencias,Mañana,44,31,0.705,0,21
2026-06-29,Hospital del Valle,Urgencias,Tarde,44,35,0.795,0,18
2026-06-29,Hospital del Valle,Urgencias,Noche,44,38,0.864,0,22
2026-06-29,Hospital del Valle,UCI,Mañana,17,11,0.647,0,15
2026-06-29,Hospital del Valle,UCI,Tarde,17,13,0.765,0,5
2026-06-29,Hospital del Valle,UCI,Noche,17,13,0.765,0,21
2026-06-29,Hospital del Valle,Medicina Interna,Mañana,60,35,0.583,0,17
2026-06-29,Hospital del Valle,Medicina Interna,Tarde,60,42,0.7,0,11
2026-06-29,Hospital del Valle,Medicina Interna,Noche,60,45,0.75,0,24
2026-06-29,Hospital del Valle,Cirugía,Mañana,47,28,0.596,0,16
2026-06-29,Hospital del Valle,Cirugía,Tarde,47,33,0.702,0,25
2026-06-29,Hospital del Valle,Cirugía,Noche,47,21,0.447,0,11
2026-06-29,Hospital del Valle,Pediatría,Mañana,32,19,0.594,0,22
2026-06-29,Hospital del Valle,Pediatría,Tarde,32,22,0.688,0,9
2026-06-29,Hospital del Valle,Pediatría,Noche,32,22,0.688,0,22
2026-06-29,Hospital del Valle,Maternidad,Mañana,23,11,0.478,0,22
2026-06-29,Hospital del Valle,Maternidad,Tarde,23,14,0.609,0,15
2026-06-29,Hospital del Valle,Maternidad,Noche,23,15,0.652,0,10
2026-06-29,Hospital Costa Poniente,Urgencias,Mañana,34,28,0.824,0,22
2026-06-29,Hospital Costa Poniente,Urgencias,Tarde,34,29,0.853,0,12
2026-06-29,Hospital Costa Poniente,Urgencias,Noche,34,34,1.0,1,160
2026-06-29,Hospital Costa Poniente,UCI,Mañana,14,9,0.643,0,16
2026-06-29,Hospital Costa Poniente,UCI,Tarde,14,11,0.786,0,21
2026-06-29,Hospital Costa Poniente,UCI,Noche,14,11,0.786,0,6
2026-06-29,Hospital Costa Poniente,Medicina Interna,Mañana,62,50,0.806,0,19
2026-06-29,Hospital Costa Poniente,Medicina Interna,Tarde,62,49,0.79,0,5
2026-06-29,Hospital Costa Poniente,Medicina Interna,Noche,62,48,0.774,0,12
2026-06-29,Hospital Costa Poniente,Cirugía,Mañana,47,34,0.723,0,23
2026-06-29,Hospital Costa Poniente,Cirugía,Tarde,47,36,0.766,0,25
2026-06-29,Hospital Costa Poniente,Cirugía,Noche,47,26,0.553,0,24
2026-06-29,Hospital Costa Poniente,Pediatría,Mañana,27,19,0.704,0,23
2026-06-29,Hospital Costa Poniente,Pediatría,Tarde,27,23,0.852,0,17
2026-06-29,Hospital Costa Poniente,Pediatría,Noche,27,21,0.778,0,12
2026-06-29,Hospital Costa Poniente,Maternidad,Mañana,22,14,0.636,0,11
2026-06-29,Hospital Costa Poniente,Maternidad,Tarde,22,17,0.773,0,16
2026-06-29,Hospital Costa Poniente,Maternidad,Noche,22,15,0.682,0,9
2026-06-30,Hospital Regional Norte,Urgencias,Mañana,41,37,0.902,0,7
2026-06-30,Hospital Regional Norte,Urgencias,Tarde,41,35,0.854,0,18
2026-06-30,Hospital Regional Norte,Urgencias,Noche,41,41,1.0,3,168
2026-06-30,Hospital Regional Norte,UCI,Mañana,15,12,0.8,0,23
2026-06-30,Hospital Regional Norte,UCI,Tarde,15,14,0.933,0,18
2026-06-30,Hospital Regional Norte,UCI,Noche,15,14,0.933,0,24
2026-06-30,Hospital Regional Norte,Medicina Interna,Mañana,61,55,0.902,0,18
2026-06-30,Hospital Regional Norte,Medicina Interna,Tarde,61,59,0.967,0,14
2026-06-30,Hospital Regional Norte,Medicina Interna,Noche,61,53,0.869,0,19
2026-06-30,Hospital Regional Norte,Cirugía,Mañana,40,31,0.775,0,21
2026-06-30,Hospital Regional Norte,Cirugía,Tarde,40,30,0.75,0,11
2026-06-30,Hospital Regional Norte,Cirugía,Noche,40,23,0.575,0,6
2026-06-30,Hospital Regional Norte,Pediatría,Mañana,31,28,0.903,0,16
2026-06-30,Hospital Regional Norte,Pediatría,Tarde,31,31,1.0,0,23
2026-06-30,Hospital Regional Norte,Pediatría,Noche,31,25,0.806,0,16
2026-06-30,Hospital Regional Norte,Maternidad,Mañana,25,16,0.64,0,9
2026-06-30,Hospital Regional Norte,Maternidad,Tarde,25,18,0.72,0,14
2026-06-30,Hospital Regional Norte,Maternidad,Noche,25,21,0.84,0,14
2026-06-30,Hospital Metropolitano Central,Urgencias,Mañana,37,31,0.838,0,9
2026-06-30,Hospital Metropolitano Central,Urgencias,Tarde,37,35,0.946,1,62
2026-06-30,Hospital Metropolitano Central,Urgencias,Noche,37,37,1.0,4,182
2026-06-30,Hospital Metropolitano Central,UCI,Mañana,14,12,0.857,0,23
2026-06-30,Hospital Metropolitano Central,UCI,Tarde,14,14,1.0,0,24
2026-06-30,Hospital Metropolitano Central,UCI,Noche,14,14,1.0,0,25
2026-06-30,Hospital Metropolitano Central,Medicina Interna,Mañana,64,61,0.953,0,9
2026-06-30,Hospital Metropolitano Central,Medicina Interna,Tarde,64,64,1.0,1,168
2026-06-30,Hospital Metropolitano Central,Medicina Interna,Noche,64,62,0.969,0,20
2026-06-30,Hospital Metropolitano Central,Cirugía,Mañana,39,32,0.821,0,24
2026-06-30,Hospital Metropolitano Central,Cirugía,Tarde,39,34,0.872,0,12
2026-06-30,Hospital Metropolitano Central,Cirugía,Noche,39,27,0.692,0,15
2026-06-30,Hospital Metropolitano Central,Pediatría,Mañana,30,29,0.967,0,18
2026-06-30,Hospital Metropolitano Central,Pediatría,Tarde,30,30,1.0,1,58
2026-06-30,Hospital Metropolitano Central,Pediatría,Noche,30,29,0.967,0,19
2026-06-30,Hospital Metropolitano Central,Maternidad,Mañana,25,18,0.72,0,22
2026-06-30,Hospital Metropolitano Central,Maternidad,Tarde,25,20,0.8,0,24
2026-06-30,Hospital Metropolitano Central,Maternidad,Noche,25,21,0.84,0,6
2026-06-30,Hospital del Valle,Urgencias,Mañana,44,29,0.659,0,20
2026-06-30,Hospital del Valle,Urgencias,Tarde,44,32,0.727,0,5
2026-06-30,Hospital del Valle,Urgencias,Noche,44,36,0.818,0,22
2026-06-30,Hospital del Valle,UCI,Mañana,14,8,0.571,0,11
2026-06-30,Hospital del Valle,UCI,Tarde,14,9,0.643,0,23
2026-06-30,Hospital del Valle,UCI,Noche,14,10,0.714,0,22
2026-06-30,Hospital del Valle,Medicina Interna,Mañana,60,38,0.633,0,6
2026-06-30,Hospital del Valle,Medicina Interna,Tarde,60,43,0.717,0,5
2026-06-30,Hospital del Valle,Medicina Interna,Noche,60,39,0.65,0,10
2026-06-30,Hospital del Valle,Cirugía,Mañana,43,27,0.628,0,15
2026-06-30,Hospital del Valle,Cirugía,Tarde,43,27,0.628,0,7
2026-06-30,Hospital del Valle,Cirugía,Noche,43,17,0.395,0,8
2026-06-30,Hospital del Valle,Pediatría,Mañana,30,19,0.633,0,10
2026-06-30,Hospital del Valle,Pediatría,Tarde,30,21,0.7,0,7
2026-06-30,Hospital del Valle,Pediatría,Noche,30,19,0.633,0,18
2026-06-30,Hospital del Valle,Maternidad,Mañana,25,12,0.48,0,15
2026-06-30,Hospital del Valle,Maternidad,Tarde,25,14,0.56,0,6
2026-06-30,Hospital del Valle,Maternidad,Noche,25,14,0.56,0,8
2026-06-30,Hospital Costa Poniente,Urgencias,Mañana,37,27,0.73,0,15
2026-06-30,Hospital Costa Poniente,Urgencias,Tarde,37,29,0.784,0,8
2026-06-30,Hospital Costa Poniente,Urgencias,Noche,37,34,0.919,0,12
2026-06-30,Hospital Costa Poniente,UCI,Mañana,17,13,0.765,0,20
2026-06-30,Hospital Costa Poniente,UCI,Tarde,17,14,0.824,0,21
2026-06-30,Hospital Costa Poniente,UCI,Noche,17,13,0.765,0,8
2026-06-30,Hospital Costa Poniente,Medicina Interna,Mañana,55,39,0.709,0,22
2026-06-30,Hospital Costa Poniente,Medicina Interna,Tarde,55,44,0.8,0,20
2026-06-30,Hospital Costa Poniente,Medicina Interna,Noche,55,39,0.709,0,25
2026-06-30,Hospital Costa Poniente,Cirugía,Mañana,41,29,0.707,0,13
2026-06-30,Hospital Costa Poniente,Cirugía,Tarde,41,30,0.732,0,23
2026-06-30,Hospital Costa Poniente,Cirugía,Noche,41,22,0.537,0,12
2026-06-30,Hospital Costa Poniente,Pediatría,Mañana,31,24,0.774,0,9
2026-06-30,Hospital Costa Poniente,Pediatría,Tarde,31,25,0.806,0,18
2026-06-30,Hospital Costa Poniente,Pediatría,Noche,31,24,0.774,0,25
2026-06-30,Hospital Costa Poniente,Maternidad,Mañana,24,16,0.667,0,9
2026-06-30,Hospital Costa Poniente,Maternidad,Tarde,24,17,0.708,0,10
2026-06-30,Hospital Costa Poniente,Maternidad,Noche,24,17,0.708,0,22
2026-07-01,Hospital Regional Norte,Urgencias,Mañana,44,40,0.909,0,22
2026-07-01,Hospital Regional Norte,Urgencias,Tarde,44,41,0.932,0,5
2026-07-01,Hospital Regional Norte,Urgencias,Noche,44,44,1.0,5,159
2026-07-01,Hospital Regional Norte,UCI,Mañana,17,12,0.706,0,20
2026-07-01,Hospital Regional Norte,UCI,Tarde,17,15,0.882,0,22
2026-07-01,Hospital Regional Norte,UCI,Noche,17,17,1.0,0,16
2026-07-01,Hospital Regional Norte,Medicina Interna,Mañana,60,50,0.833,0,6
2026-07-01,Hospital Regional Norte,Medicina Interna,Tarde,60,52,0.867,0,22
2026-07-01,Hospital Regional Norte,Medicina Interna,Noche,60,53,0.883,0,14
2026-07-01,Hospital Regional Norte,Cirugía,Mañana,39,30,0.769,0,9
2026-07-01,Hospital Regional Norte,Cirugía,Tarde,39,33,0.846,0,13
2026-07-01,Hospital Regional Norte,Cirugía,Noche,39,25,0.641,0,11
2026-07-01,Hospital Regional Norte,Pediatría,Mañana,30,27,0.9,0,15
2026-07-01,Hospital Regional Norte,Pediatría,Tarde,30,30,1.0,0,30
2026-07-01,Hospital Regional Norte,Pediatría,Noche,30,25,0.833,0,19
2026-07-01,Hospital Regional Norte,Maternidad,Mañana,23,17,0.739,0,15
2026-07-01,Hospital Regional Norte,Maternidad,Tarde,23,18,0.783,0,19
2026-07-01,Hospital Regional Norte,Maternidad,Noche,23,19,0.826,0,15
2026-07-01,Hospital Metropolitano Central,Urgencias,Mañana,34,32,0.941,0,10
2026-07-01,Hospital Metropolitano Central,Urgencias,Tarde,34,34,1.0,1,55
2026-07-01,Hospital Metropolitano Central,Urgencias,Noche,34,34,1.0,4,194
2026-07-01,Hospital Metropolitano Central,UCI,Mañana,16,15,0.938,0,12
2026-07-01,Hospital Metropolitano Central,UCI,Tarde,16,16,1.0,0,24
2026-07-01,Hospital Metropolitano Central,UCI,Noche,16,16,1.0,0,22
2026-07-01,Hospital Metropolitano Central,Medicina Interna,Mañana,63,55,0.873,0,10
2026-07-01,Hospital Metropolitano Central,Medicina Interna,Tarde,63,63,1.0,1,50
2026-07-01,Hospital Metropolitano Central,Medicina Interna,Noche,63,59,0.937,0,11
2026-07-01,Hospital Metropolitano Central,Cirugía,Mañana,43,32,0.744,0,5
2026-07-01,Hospital Metropolitano Central,Cirugía,Tarde,43,39,0.907,0,16
2026-07-01,Hospital Metropolitano Central,Cirugía,Noche,43,25,0.581,0,24
2026-07-01,Hospital Metropolitano Central,Pediatría,Mañana,30,29,0.967,0,25
2026-07-01,Hospital Metropolitano Central,Pediatría,Tarde,30,30,1.0,0,25
2026-07-01,Hospital Metropolitano Central,Pediatría,Noche,30,30,1.0,0,16
2026-07-01,Hospital Metropolitano Central,Maternidad,Mañana,21,18,0.857,0,25
2026-07-01,Hospital Metropolitano Central,Maternidad,Tarde,21,18,0.857,0,13
2026-07-01,Hospital Metropolitano Central,Maternidad,Noche,21,17,0.81,0,20
2026-07-01,Hospital del Valle,Urgencias,Mañana,36,22,0.611,0,23
2026-07-01,Hospital del Valle,Urgencias,Tarde,36,27,0.75,0,24
2026-07-01,Hospital del Valle,Urgencias,Noche,36,32,0.889,0,7
2026-07-01,Hospital del Valle,UCI,Mañana,16,11,0.688,0,9
2026-07-01,Hospital del Valle,UCI,Tarde,16,11,0.688,0,23
2026-07-01,Hospital del Valle,UCI,Noche,16,12,0.75,0,21
2026-07-01,Hospital del Valle,Medicina Interna,Mañana,62,38,0.613,0,5
2026-07-01,Hospital del Valle,Medicina Interna,Tarde,62,49,0.79,0,22
2026-07-01,Hospital del Valle,Medicina Interna,Noche,62,43,0.694,0,22
2026-07-01,Hospital del Valle,Cirugía,Mañana,48,24,0.5,0,18
2026-07-01,Hospital del Valle,Cirugía,Tarde,48,32,0.667,0,25
2026-07-01,Hospital del Valle,Cirugía,Noche,48,18,0.375,0,15
2026-07-01,Hospital del Valle,Pediatría,Mañana,29,21,0.724,0,13
2026-07-01,Hospital del Valle,Pediatría,Tarde,29,19,0.655,0,21
2026-07-01,Hospital del Valle,Pediatría,Noche,29,20,0.69,0,16
2026-07-01,Hospital del Valle,Maternidad,Mañana,24,12,0.5,0,12
2026-07-01,Hospital del Valle,Maternidad,Tarde,24,13,0.542,0,18
2026-07-01,Hospital del Valle,Maternidad,Noche,24,14,0.583,0,15
2026-07-01,Hospital Costa Poniente,Urgencias,Mañana,34,24,0.706,0,7
2026-07-01,Hospital Costa Poniente,Urgencias,Tarde,34,30,0.882,0,5
2026-07-01,Hospital Costa Poniente,Urgencias,Noche,34,34,1.0,1,156
2026-07-01,Hospital Costa Poniente,UCI,Mañana,17,11,0.647,0,15
2026-07-01,Hospital Costa Poniente,UCI,Tarde,17,13,0.765,0,25
2026-07-01,Hospital Costa Poniente,UCI,Noche,17,14,0.824,0,5
2026-07-01,Hospital Costa Poniente,Medicina Interna,Mañana,58,46,0.793,0,23
2026-07-01,Hospital Costa Poniente,Medicina Interna,Tarde,58,50,0.862,0,15
2026-07-01,Hospital Costa Poniente,Medicina Interna,Noche,58,48,0.828,0,12
2026-07-01,Hospital Costa Poniente,Cirugía,Mañana,39,24,0.615,0,15
2026-07-01,Hospital Costa Poniente,Cirugía,Tarde,39,30,0.769,0,15
2026-07-01,Hospital Costa Poniente,Cirugía,Noche,39,20,0.513,0,12
2026-07-01,Hospital Costa Poniente,Pediatría,Mañana,33,26,0.788,0,24
2026-07-01,Hospital Costa Poniente,Pediatría,Tarde,33,27,0.818,0,8
2026-07-01,Hospital Costa Poniente,Pediatría,Noche,33,27,0.818,0,23
2026-07-01,Hospital Costa Poniente,Maternidad,Mañana,22,16,0.727,0,6
2026-07-01,Hospital Costa Poniente,Maternidad,Tarde,22,15,0.682,0,7
2026-07-01,Hospital Costa Poniente,Maternidad,Noche,22,16,0.727,0,6
2026-07-02,Hospital Regional Norte,Urgencias,Mañana,43,36,0.837,0,14
2026-07-02,Hospital Regional Norte,Urgencias,Tarde,43,41,0.953,0,13
2026-07-02,Hospital Regional Norte,Urgencias,Noche,43,43,1.0,4,144
2026-07-02,Hospital Regional Norte,UCI,Mañana,15,12,0.8,0,18
2026-07-02,Hospital Regional Norte,UCI,Tarde,15,13,0.867,0,29
2026-07-02,Hospital Regional Norte,UCI,Noche,15,12,0.8,0,17
2026-07-02,Hospital Regional Norte,Medicina Interna,Mañana,58,47,0.81,0,24
2026-07-02,Hospital Regional Norte,Medicina Interna,Tarde,58,54,0.931,0,15
2026-07-02,Hospital Regional Norte,Medicina Interna,Noche,58,52,0.897,0,5
2026-07-02,Hospital Regional Norte,Cirugía,Mañana,43,30,0.698,0,11
2026-07-02,Hospital Regional Norte,Cirugía,Tarde,43,32,0.744,0,5
2026-07-02,Hospital Regional Norte,Cirugía,Noche,43,26,0.605,0,7
2026-07-02,Hospital Regional Norte,Pediatría,Mañana,30,27,0.9,0,23
2026-07-02,Hospital Regional Norte,Pediatría,Tarde,30,26,0.867,0,21
2026-07-02,Hospital Regional Norte,Pediatría,Noche,30,25,0.833,0,18
2026-07-02,Hospital Regional Norte,Maternidad,Mañana,24,18,0.75,0,10
2026-07-02,Hospital Regional Norte,Maternidad,Tarde,24,18,0.75,0,6
2026-07-02,Hospital Regional Norte,Maternidad,Noche,24,16,0.667,0,14
2026-07-02,Hospital Metropolitano Central,Urgencias,Mañana,40,37,0.925,0,25
2026-07-02,Hospital Metropolitano Central,Urgencias,Tarde,40,40,1.0,1,86
2026-07-02,Hospital Metropolitano Central,Urgencias,Noche,40,40,1.0,5,144
2026-07-02,Hospital Metropolitano Central,UCI,Mañana,17,15,0.882,0,14
2026-07-02,Hospital Metropolitano Central,UCI,Tarde,17,15,0.882,0,27
2026-07-02,Hospital Metropolitano Central,UCI,Noche,17,17,1.0,0,16
2026-07-02,Hospital Metropolitano Central,Medicina Interna,Mañana,66,60,0.909,0,11
2026-07-02,Hospital Metropolitano Central,Medicina Interna,Tarde,66,66,1.0,1,174
2026-07-02,Hospital Metropolitano Central,Medicina Interna,Noche,66,64,0.97,0,20
2026-07-02,Hospital Metropolitano Central,Cirugía,Mañana,48,39,0.812,0,15
2026-07-02,Hospital Metropolitano Central,Cirugía,Tarde,48,43,0.896,0,18
2026-07-02,Hospital Metropolitano Central,Cirugía,Noche,48,29,0.604,0,8
2026-07-02,Hospital Metropolitano Central,Pediatría,Mañana,29,28,0.966,0,17
2026-07-02,Hospital Metropolitano Central,Pediatría,Tarde,29,29,1.0,1,109
2026-07-02,Hospital Metropolitano Central,Pediatría,Noche,29,28,0.966,0,20
2026-07-02,Hospital Metropolitano Central,Maternidad,Mañana,26,20,0.769,0,17
2026-07-02,Hospital Metropolitano Central,Maternidad,Tarde,26,21,0.808,0,5
2026-07-02,Hospital Metropolitano Central,Maternidad,Noche,26,21,0.808,0,7
2026-07-02,Hospital del Valle,Urgencias,Mañana,38,25,0.658,0,9
2026-07-02,Hospital del Valle,Urgencias,Tarde,38,26,0.684,0,11
2026-07-02,Hospital del Valle,Urgencias,Noche,38,34,0.895,0,16
2026-07-02,Hospital del Valle,UCI,Mañana,14,8,0.571,0,11
2026-07-02,Hospital del Valle,UCI,Tarde,14,9,0.643,0,12
2026-07-02,Hospital del Valle,UCI,Noche,14,11,0.786,0,10
2026-07-02,Hospital del Valle,Medicina Interna,Mañana,56,37,0.661,0,10
2026-07-02,Hospital del Valle,Medicina Interna,Tarde,56,37,0.661,0,10
2026-07-02,Hospital del Valle,Medicina Interna,Noche,56,41,0.732,0,8
2026-07-02,Hospital del Valle,Cirugía,Mañana,38,23,0.605,0,17
2026-07-02,Hospital del Valle,Cirugía,Tarde,38,25,0.658,0,8
2026-07-02,Hospital del Valle,Cirugía,Noche,38,16,0.421,0,11
2026-07-02,Hospital del Valle,Pediatría,Mañana,28,17,0.607,0,16
2026-07-02,Hospital del Valle,Pediatría,Tarde,28,21,0.75,0,21
2026-07-02,Hospital del Valle,Pediatría,Noche,28,21,0.75,0,24
2026-07-02,Hospital del Valle,Maternidad,Mañana,27,17,0.63,0,7
2026-07-02,Hospital del Valle,Maternidad,Tarde,27,15,0.556,0,9
2026-07-02,Hospital del Valle,Maternidad,Noche,27,17,0.63,0,11
2026-07-02,Hospital Costa Poniente,Urgencias,Mañana,39,31,0.795,0,15
2026-07-02,Hospital Costa Poniente,Urgencias,Tarde,39,33,0.846,0,25
2026-07-02,Hospital Costa Poniente,Urgencias,Noche,39,37,0.949,0,29
2026-07-02,Hospital Costa Poniente,UCI,Mañana,16,12,0.75,0,14
2026-07-02,Hospital Costa Poniente,UCI,Tarde,16,14,0.875,0,11
2026-07-02,Hospital Costa Poniente,UCI,Noche,16,13,0.812,0,13
2026-07-02,Hospital Costa Poniente,Medicina Interna,Mañana,64,51,0.797,0,23
2026-07-02,Hospital Costa Poniente,Medicina Interna,Tarde,64,56,0.875,0,11
2026-07-02,Hospital Costa Poniente,Medicina Interna,Noche,64,52,0.812,0,20
2026-07-02,Hospital Costa Poniente,Cirugía,Mañana,47,32,0.681,0,10
2026-07-02,Hospital Costa Poniente,Cirugía,Tarde,47,34,0.723,0,25
2026-07-02,Hospital Costa Poniente,Cirugía,Noche,47,26,0.553,0,16
2026-07-02,Hospital Costa Poniente,Pediatría,Mañana,29,21,0.724,0,15
2026-07-02,Hospital Costa Poniente,Pediatría,Tarde,29,25,0.862,0,21
2026-07-02,Hospital Costa Poniente,Pediatría,Noche,29,24,0.828,0,20
2026-07-02,Hospital Costa Poniente,Maternidad,Mañana,24,16,0.667,0,25
2026-07-02,Hospital Costa Poniente,Maternidad,Tarde,24,19,0.792,0,23
2026-07-02,Hospital Costa Poniente,Maternidad,Noche,24,17,0.708,0,11
2026-07-03,Hospital Regional Norte,Urgencias,Mañana,36,29,0.806,0,12
2026-07-03,Hospital Regional Norte,Urgencias,Tarde,36,33,0.917,0,14
2026-07-03,Hospital Regional Norte,Urgencias,Noche,36,36,1.0,3,100
2026-07-03,Hospital Regional Norte,UCI,Mañana,15,11,0.733,0,7
2026-07-03,Hospital Regional Norte,UCI,Tarde,15,13,0.867,0,17
2026-07-03,Hospital Regional Norte,UCI,Noche,15,14,0.933,0,29
2026-07-03,Hospital Regional Norte,Medicina Interna,Mañana,56,46,0.821,0,18
2026-07-03,Hospital Regional Norte,Medicina Interna,Tarde,56,50,0.893,0,20
2026-07-03,Hospital Regional Norte,Medicina Interna,Noche,56,47,0.839,0,17
2026-07-03,Hospital Regional Norte,Cirugía,Mañana,39,28,0.718,0,13
2026-07-03,Hospital Regional Norte,Cirugía,Tarde,39,33,0.846,0,16
2026-07-03,Hospital Regional Norte,Cirugía,Noche,39,25,0.641,0,14
2026-07-03,Hospital Regional Norte,Pediatría,Mañana,32,27,0.844,0,25
2026-07-03,Hospital Regional Norte,Pediatría,Tarde,32,27,0.844,0,13
2026-07-03,Hospital Regional Norte,Pediatría,Noche,32,30,0.938,0,12
2026-07-03,Hospital Regional Norte,Maternidad,Mañana,24,17,0.708,0,15
2026-07-03,Hospital Regional Norte,Maternidad,Tarde,24,18,0.75,0,15
2026-07-03,Hospital Regional Norte,Maternidad,Noche,24,17,0.708,0,13
2026-07-03,Hospital Metropolitano Central,Urgencias,Mañana,36,33,0.917,0,9
2026-07-03,Hospital Metropolitano Central,Urgencias,Tarde,36,36,1.0,1,114
2026-07-03,Hospital Metropolitano Central,Urgencias,Noche,36,36,1.0,4,157
2026-07-03,Hospital Metropolitano Central,UCI,Mañana,17,16,0.941,0,10
2026-07-03,Hospital Metropolitano Central,UCI,Tarde,17,16,0.941,0,14
2026-07-03,Hospital Metropolitano Central,UCI,Noche,17,17,1.0,0,16
2026-07-03,Hospital Metropolitano Central,Medicina Interna,Mañana,58,52,0.897,0,22
2026-07-03,Hospital Metropolitano Central,Medicina Interna,Tarde,58,58,1.0,1,168
2026-07-03,Hospital Metropolitano Central,Medicina Interna,Noche,58,57,0.983,0,16
2026-07-03,Hospital Metropolitano Central,Cirugía,Mañana,43,37,0.86,0,18
2026-07-03,Hospital Metropolitano Central,Cirugía,Tarde,43,36,0.837,0,19
2026-07-03,Hospital Metropolitano Central,Cirugía,Noche,43,29,0.674,0,5
2026-07-03,Hospital Metropolitano Central,Pediatría,Mañana,28,26,0.929,0,10
2026-07-03,Hospital Metropolitano Central,Pediatría,Tarde,28,28,1.0,1,140
2026-07-03,Hospital Metropolitano Central,Pediatría,Noche,28,25,0.893,0,18
2026-07-03,Hospital Metropolitano Central,Maternidad,Mañana,26,20,0.769,0,22
2026-07-03,Hospital Metropolitano Central,Maternidad,Tarde,26,21,0.808,0,23
2026-07-03,Hospital Metropolitano Central,Maternidad,Noche,26,19,0.731,0,6
2026-07-03,Hospital del Valle,Urgencias,Mañana,43,26,0.605,0,15
2026-07-03,Hospital del Valle,Urgencias,Tarde,43,32,0.744,0,24
2026-07-03,Hospital del Valle,Urgencias,Noche,43,40,0.93,0,23
2026-07-03,Hospital del Valle,UCI,Mañana,17,12,0.706,0,11
2026-07-03,Hospital del Valle,UCI,Tarde,17,13,0.765,0,7
2026-07-03,Hospital del Valle,UCI,Noche,17,12,0.706,0,11
2026-07-03,Hospital del Valle,Medicina Interna,Mañana,58,36,0.621,0,19
2026-07-03,Hospital del Valle,Medicina Interna,Tarde,58,43,0.741,0,14
2026-07-03,Hospital del Valle,Medicina Interna,Noche,58,36,0.621,0,8
2026-07-03,Hospital del Valle,Cirugía,Mañana,46,24,0.522,0,24
2026-07-03,Hospital del Valle,Cirugía,Tarde,46,29,0.63,0,10
2026-07-03,Hospital del Valle,Cirugía,Noche,46,19,0.413,0,17
2026-07-03,Hospital del Valle,Pediatría,Mañana,28,17,0.607,0,21
2026-07-03,Hospital del Valle,Pediatría,Tarde,28,18,0.643,0,6
2026-07-03,Hospital del Valle,Pediatría,Noche,28,19,0.679,0,5
2026-07-03,Hospital del Valle,Maternidad,Mañana,22,14,0.636,0,18
2026-07-03,Hospital del Valle,Maternidad,Tarde,22,13,0.591,0,8
2026-07-03,Hospital del Valle,Maternidad,Noche,22,12,0.545,0,18
2026-07-03,Hospital Costa Poniente,Urgencias,Mañana,39,27,0.692,0,11
2026-07-03,Hospital Costa Poniente,Urgencias,Tarde,39,30,0.769,0,11
2026-07-03,Hospital Costa Poniente,Urgencias,Noche,39,37,0.949,1,170
2026-07-03,Hospital Costa Poniente,UCI,Mañana,16,13,0.812,0,23
2026-07-03,Hospital Costa Poniente,UCI,Tarde,16,12,0.75,0,19
2026-07-03,Hospital Costa Poniente,UCI,Noche,16,12,0.75,0,5
2026-07-03,Hospital Costa Poniente,Medicina Interna,Mañana,66,48,0.727,0,17
2026-07-03,Hospital Costa Poniente,Medicina Interna,Tarde,66,55,0.833,0,12
2026-07-03,Hospital Costa Poniente,Medicina Interna,Noche,66,51,0.773,0,23
2026-07-03,Hospital Costa Poniente,Cirugía,Mañana,48,31,0.646,0,23
2026-07-03,Hospital Costa Poniente,Cirugía,Tarde,48,31,0.646,0,7
2026-07-03,Hospital Costa Poniente,Cirugía,Noche,48,23,0.479,0,19
2026-07-03,Hospital Costa Poniente,Pediatría,Mañana,28,22,0.786,0,14
2026-07-03,Hospital Costa Poniente,Pediatría,Tarde,28,23,0.821,0,10
2026-07-03,Hospital Costa Poniente,Pediatría,Noche,28,22,0.786,0,10
2026-07-03,Hospital Costa Poniente,Maternidad,Mañana,27,18,0.667,0,19
2026-07-03,Hospital Costa Poniente,Maternidad,Tarde,27,19,0.704,0,10
2026-07-03,Hospital Costa Poniente,Maternidad,Noche,27,19,0.704,0,8
2026-07-04,Hospital Regional Norte,Urgencias,Mañana,38,38,1.0,0,15
2026-07-04,Hospital Regional Norte,Urgencias,Tarde,38,38,1.0,3,143
2026-07-04,Hospital Regional Norte,Urgencias,Noche,38,38,1.0,7,142
2026-07-04,Hospital Regional Norte,UCI,Mañana,15,12,0.8,0,8
2026-07-04,Hospital Regional Norte,UCI,Tarde,15,14,0.933,0,13
2026-07-04,Hospital Regional Norte,UCI,Noche,15,13,0.867,0,23
2026-07-04,Hospital Regional Norte,Medicina Interna,Mañana,58,43,0.741,0,21
2026-07-04,Hospital Regional Norte,Medicina Interna,Tarde,58,46,0.793,0,5
2026-07-04,Hospital Regional Norte,Medicina Interna,Noche,58,44,0.759,0,19
2026-07-04,Hospital Regional Norte,Cirugía,Mañana,43,32,0.744,0,11
2026-07-04,Hospital Regional Norte,Cirugía,Tarde,43,32,0.744,0,5
2026-07-04,Hospital Regional Norte,Cirugía,Noche,43,22,0.512,0,9
2026-07-04,Hospital Regional Norte,Pediatría,Mañana,28,23,0.821,0,20
2026-07-04,Hospital Regional Norte,Pediatría,Tarde,28,24,0.857,0,7
2026-07-04,Hospital Regional Norte,Pediatría,Noche,28,24,0.857,0,12
2026-07-04,Hospital Regional Norte,Maternidad,Mañana,26,17,0.654,0,20
2026-07-04,Hospital Regional Norte,Maternidad,Tarde,26,21,0.808,0,10
2026-07-04,Hospital Regional Norte,Maternidad,Noche,26,17,0.654,0,5
2026-07-04,Hospital Metropolitano Central,Urgencias,Mañana,40,40,1.0,1,149
2026-07-04,Hospital Metropolitano Central,Urgencias,Tarde,40,40,1.0,5,134
2026-07-04,Hospital Metropolitano Central,Urgencias,Noche,40,40,1.0,6,101
2026-07-04,Hospital Metropolitano Central,UCI,Mañana,16,13,0.812,0,6
2026-07-04,Hospital Metropolitano Central,UCI,Tarde,16,16,1.0,0,30
2026-07-04,Hospital Metropolitano Central,UCI,Noche,16,15,0.938,0,13
2026-07-04,Hospital Metropolitano Central,Medicina Interna,Mañana,57,47,0.825,0,6
2026-07-04,Hospital Metropolitano Central,Medicina Interna,Tarde,57,54,0.947,0,6
2026-07-04,Hospital Metropolitano Central,Medicina Interna,Noche,57,53,0.93,0,11
2026-07-04,Hospital Metropolitano Central,Cirugía,Mañana,49,36,0.735,0,12
2026-07-04,Hospital Metropolitano Central,Cirugía,Tarde,49,38,0.776,0,5
2026-07-04,Hospital Metropolitano Central,Cirugía,Noche,49,29,0.592,0,5
2026-07-04,Hospital Metropolitano Central,Pediatría,Mañana,28,23,0.821,0,7
2026-07-04,Hospital Metropolitano Central,Pediatría,Tarde,28,25,0.893,0,8
2026-07-04,Hospital Metropolitano Central,Pediatría,Noche,28,27,0.964,0,15
2026-07-04,Hospital Metropolitano Central,Maternidad,Mañana,26,17,0.654,0,21
2026-07-04,Hospital Metropolitano Central,Maternidad,Tarde,26,20,0.769,0,15
2026-07-04,Hospital Metropolitano Central,Maternidad,Noche,26,19,0.731,0,25
2026-07-04,Hospital del Valle,Urgencias,Mañana,36,26,0.722,0,22
2026-07-04,Hospital del Valle,Urgencias,Tarde,36,30,0.833,0,18
2026-07-04,Hospital del Valle,Urgencias,Noche,36,34,0.944,1,141
2026-07-04,Hospital del Valle,UCI,Mañana,14,8,0.571,0,15
2026-07-04,Hospital del Valle,UCI,Tarde,14,8,0.571,0,11
2026-07-04,Hospital del Valle,UCI,Noche,14,9,0.643,0,7
2026-07-04,Hospital del Valle,Medicina Interna,Mañana,61,35,0.574,0,24
2026-07-04,Hospital del Valle,Medicina Interna,Tarde,61,40,0.656,0,7
2026-07-04,Hospital del Valle,Medicina Interna,Noche,61,43,0.705,0,18
2026-07-04,Hospital del Valle,Cirugía,Mañana,42,24,0.571,0,8
2026-07-04,Hospital del Valle,Cirugía,Tarde,42,27,0.643,0,23
2026-07-04,Hospital del Valle,Cirugía,Noche,42,16,0.381,0,8
2026-07-04,Hospital del Valle,Pediatría,Mañana,30,21,0.7,0,17
2026-07-04,Hospital del Valle,Pediatría,Tarde,30,21,0.7,0,9
2026-07-04,Hospital del Valle,Pediatría,Noche,30,19,0.633,0,25
2026-07-04,Hospital del Valle,Maternidad,Mañana,26,15,0.577,0,20
2026-07-04,Hospital del Valle,Maternidad,Tarde,26,14,0.538,0,5
2026-07-04,Hospital del Valle,Maternidad,Noche,26,15,0.577,0,23
2026-07-04,Hospital Costa Poniente,Urgencias,Mañana,38,33,0.868,0,12
2026-07-04,Hospital Costa Poniente,Urgencias,Tarde,38,36,0.947,0,10
2026-07-04,Hospital Costa Poniente,Urgencias,Noche,38,38,1.0,4,96
2026-07-04,Hospital Costa Poniente,UCI,Mañana,15,10,0.667,0,12
2026-07-04,Hospital Costa Poniente,UCI,Tarde,15,12,0.8,0,6
2026-07-04,Hospital Costa Poniente,UCI,Noche,15,11,0.733,0,20
2026-07-04,Hospital Costa Poniente,Medicina Interna,Mañana,55,35,0.636,0,11
2026-07-04,Hospital Costa Poniente,Medicina Interna,Tarde,55,44,0.8,0,12
2026-07-04,Hospital Costa Poniente,Medicina Interna,Noche,55,44,0.8,0,24
2026-07-04,Hospital Costa Poniente,Cirugía,Mañana,49,30,0.612,0,15
2026-07-04,Hospital Costa Poniente,Cirugía,Tarde,49,31,0.633,0,15
2026-07-04,Hospital Costa Poniente,Cirugía,Noche,49,25,0.51,0,6
2026-07-04,Hospital Costa Poniente,Pediatría,Mañana,29,23,0.793,0,25
2026-07-04,Hospital Costa Poniente,Pediatría,Tarde,29,24,0.828,0,5
2026-07-04,Hospital Costa Poniente,Pediatría,Noche,29,20,0.69,0,15
2026-07-04,Hospital Costa Poniente,Maternidad,Mañana,23,13,0.565,0,6
2026-07-04,Hospital Costa Poniente,Maternidad,Tarde,23,17,0.739,0,12
2026-07-04,Hospital Costa Poniente,Maternidad,Noche,23,16,0.696,0,12
2026-07-05,Hospital Regional Norte,Urgencias,Mañana,40,38,0.95,0,24
2026-07-05,Hospital Regional Norte,Urgencias,Tarde,40,40,1.0,2,176
2026-07-05,Hospital Regional Norte,Urgencias,Noche,40,40,1.0,4,97
2026-07-05,Hospital Regional Norte,UCI,Mañana,14,10,0.714,0,22
2026-07-05,Hospital Regional Norte,UCI,Tarde,14,13,0.929,0,17
2026-07-05,Hospital Regional Norte,UCI,Noche,14,12,0.857,0,24
2026-07-05,Hospital Regional Norte,Medicina Interna,Mañana,56,46,0.821,0,12
2026-07-05,Hospital Regional Norte,Medicina Interna,Tarde,56,48,0.857,0,24
2026-07-05,Hospital Regional Norte,Medicina Interna,Noche,56,44,0.786,0,14
2026-07-05,Hospital Regional Norte,Cirugía,Mañana,45,35,0.778,0,11
2026-07-05,Hospital Regional Norte,Cirugía,Tarde,45,33,0.733,0,20
2026-07-05,Hospital Regional Norte,Cirugía,Noche,45,22,0.489,0,16
2026-07-05,Hospital Regional Norte,Pediatría,Mañana,28,21,0.75,0,19
2026-07-05,Hospital Regional Norte,Pediatría,Tarde,28,24,0.857,0,24
2026-07-05,Hospital Regional Norte,Pediatría,Noche,28,24,0.857,0,9
2026-07-05,Hospital Regional Norte,Maternidad,Mañana,26,19,0.731,0,5
2026-07-05,Hospital Regional Norte,Maternidad,Tarde,26,21,0.808,0,18
2026-07-05,Hospital Regional Norte,Maternidad,Noche,26,20,0.769,0,14
2026-07-05,Hospital Metropolitano Central,Urgencias,Mañana,40,40,1.0,2,122
2026-07-05,Hospital Metropolitano Central,Urgencias,Tarde,40,40,1.0,4,169
2026-07-05,Hospital Metropolitano Central,Urgencias,Noche,40,40,1.0,6,127
2026-07-05,Hospital Metropolitano Central,UCI,Mañana,15,12,0.8,0,11
2026-07-05,Hospital Metropolitano Central,UCI,Tarde,15,13,0.867,0,21
2026-07-05,Hospital Metropolitano Central,UCI,Noche,15,14,0.933,0,22
2026-07-05,Hospital Metropolitano Central,Medicina Interna,Mañana,66,55,0.833,0,20
2026-07-05,Hospital Metropolitano Central,Medicina Interna,Tarde,66,60,0.909,0,23
2026-07-05,Hospital Metropolitano Central,Medicina Interna,Noche,66,54,0.818,0,6
2026-07-05,Hospital Metropolitano Central,Cirugía,Mañana,49,34,0.694,0,23
2026-07-05,Hospital Metropolitano Central,Cirugía,Tarde,49,38,0.776,0,18
2026-07-05,Hospital Metropolitano Central,Cirugía,Noche,49,33,0.673,0,16
2026-07-05,Hospital Metropolitano Central,Pediatría,Mañana,29,25,0.862,0,16
2026-07-05,Hospital Metropolitano Central,Pediatría,Tarde,29,28,0.966,0,23
2026-07-05,Hospital Metropolitano Central,Pediatría,Noche,29,27,0.931,0,11
2026-07-05,Hospital Metropolitano Central,Maternidad,Mañana,27,19,0.704,0,5
2026-07-05,Hospital Metropolitano Central,Maternidad,Tarde,27,23,0.852,0,25
2026-07-05,Hospital Metropolitano Central,Maternidad,Noche,27,19,0.704,0,24
2026-07-05,Hospital del Valle,Urgencias,Mañana,39,31,0.795,0,13
2026-07-05,Hospital del Valle,Urgencias,Tarde,39,31,0.795,0,23
2026-07-05,Hospital del Valle,Urgencias,Noche,39,39,1.0,1,51
2026-07-05,Hospital del Valle,UCI,Mañana,17,11,0.647,0,17
2026-07-05,Hospital del Valle,UCI,Tarde,17,11,0.647,0,23
2026-07-05,Hospital del Valle,UCI,Noche,17,13,0.765,0,7
2026-07-05,Hospital del Valle,Medicina Interna,Mañana,59,33,0.559,0,18
2026-07-05,Hospital del Valle,Medicina Interna,Tarde,59,37,0.627,0,18
2026-07-05,Hospital del Valle,Medicina Interna,Noche,59,36,0.61,0,14
2026-07-05,Hospital del Valle,Cirugía,Mañana,44,24,0.545,0,17
2026-07-05,Hospital del Valle,Cirugía,Tarde,44,27,0.614,0,18
2026-07-05,Hospital del Valle,Cirugía,Noche,44,21,0.477,0,7
2026-07-05,Hospital del Valle,Pediatría,Mañana,26,16,0.615,0,16
2026-07-05,Hospital del Valle,Pediatría,Tarde,26,19,0.731,0,13
2026-07-05,Hospital del Valle,Pediatría,Noche,26,18,0.692,0,17
2026-07-05,Hospital del Valle,Maternidad,Mañana,26,12,0.462,0,10
2026-07-05,Hospital del Valle,Maternidad,Tarde,26,17,0.654,0,5
2026-07-05,Hospital del Valle,Maternidad,Noche,26,13,0.5,0,18
2026-07-05,Hospital Costa Poniente,Urgencias,Mañana,39,35,0.897,0,18
2026-07-05,Hospital Costa Poniente,Urgencias,Tarde,39,35,0.897,0,16
2026-07-05,Hospital Costa Poniente,Urgencias,Noche,39,39,1.0,3,181
2026-07-05,Hospital Costa Poniente,UCI,Mañana,16,10,0.625,0,23
2026-07-05,Hospital Costa Poniente,UCI,Tarde,16,13,0.812,0,10
2026-07-05,Hospital Costa Poniente,UCI,Noche,16,11,0.688,0,10
2026-07-05,Hospital Costa Poniente,Medicina Interna,Mañana,63,41,0.651,0,18
2026-07-05,Hospital Costa Poniente,Medicina Interna,Tarde,63,48,0.762,0,24
2026-07-05,Hospital Costa Poniente,Medicina Interna,Noche,63,43,0.683,0,25
2026-07-05,Hospital Costa Poniente,Cirugía,Mañana,40,24,0.6,0,17
2026-07-05,Hospital Costa Poniente,Cirugía,Tarde,40,25,0.625,0,7
2026-07-05,Hospital Costa Poniente,Cirugía,Noche,40,19,0.475,0,23
2026-07-05,Hospital Costa Poniente,Pediatría,Mañana,27,19,0.704,0,8
2026-07-05,Hospital Costa Poniente,Pediatría,Tarde,27,19,0.704,0,13
2026-07-05,Hospital Costa Poniente,Pediatría,Noche,27,21,0.778,0,5
2026-07-05,Hospital Costa Poniente,Maternidad,Mañana,25,16,0.64,0,6
2026-07-05,Hospital Costa Poniente,Maternidad,Tarde,25,15,0.6,0,21
2026-07-05,Hospital Costa Poniente,Maternidad,Noche,25,17,0.68,0,17
2026-07-06,Hospital Regional Norte,Urgencias,Mañana,40,37,0.925,0,13
2026-07-06,Hospital Regional Norte,Urgencias,Tarde,40,40,1.0,0,20
2026-07-06,Hospital Regional Norte,Urgencias,Noche,40,40,1.0,3,147
2026-07-06,Hospital Regional Norte,UCI,Mañana,17,15,0.882,0,22
2026-07-06,Hospital Regional Norte,UCI,Tarde,17,16,0.941,0,20
2026-07-06,Hospital Regional Norte,UCI,Noche,17,16,0.941,0,22
2026-07-06,Hospital Regional Norte,Medicina Interna,Mañana,62,55,0.887,0,9
2026-07-06,Hospital Regional Norte,Medicina Interna,Tarde,62,52,0.839,0,8
2026-07-06,Hospital Regional Norte,Medicina Interna,Noche,62,58,0.935,0,13
2026-07-06,Hospital Regional Norte,Cirugía,Mañana,49,38,0.776,0,12
2026-07-06,Hospital Regional Norte,Cirugía,Tarde,49,39,0.796,0,24
2026-07-06,Hospital Regional Norte,Cirugía,Noche,49,30,0.612,0,20
2026-07-06,Hospital Regional Norte,Pediatría,Mañana,29,25,0.862,0,5
2026-07-06,Hospital Regional Norte,Pediatría,Tarde,29,29,1.0,0,20
2026-07-06,Hospital Regional Norte,Pediatría,Noche,29,23,0.793,0,16
2026-07-06,Hospital Regional Norte,Maternidad,Mañana,27,21,0.778,0,15
2026-07-06,Hospital Regional Norte,Maternidad,Tarde,27,22,0.815,0,12
2026-07-06,Hospital Regional Norte,Maternidad,Noche,27,21,0.778,0,17
2026-07-06,Hospital Metropolitano Central,Urgencias,Mañana,41,39,0.951,0,25
2026-07-06,Hospital Metropolitano Central,Urgencias,Tarde,41,41,1.0,1,78
2026-07-06,Hospital Metropolitano Central,Urgencias,Noche,41,41,1.0,6,123
2026-07-06,Hospital Metropolitano Central,UCI,Mañana,17,16,0.941,0,11
2026-07-06,Hospital Metropolitano Central,UCI,Tarde,17,15,0.882,0,19
2026-07-06,Hospital Metropolitano Central,UCI,Noche,17,17,1.0,0,24
2026-07-06,Hospital Metropolitano Central,Medicina Interna,Mañana,54,48,0.889,0,8
2026-07-06,Hospital Metropolitano Central,Medicina Interna,Tarde,54,53,0.981,1,111
2026-07-06,Hospital Metropolitano Central,Medicina Interna,Noche,54,48,0.889,0,7
2026-07-06,Hospital Metropolitano Central,Cirugía,Mañana,39,34,0.872,0,5
2026-07-06,Hospital Metropolitano Central,Cirugía,Tarde,39,32,0.821,0,15
2026-07-06,Hospital Metropolitano Central,Cirugía,Noche,39,27,0.692,0,13
2026-07-06,Hospital Metropolitano Central,Pediatría,Mañana,27,23,0.852,0,20
2026-07-06,Hospital Metropolitano Central,Pediatría,Tarde,27,27,1.0,1,86
2026-07-06,Hospital Metropolitano Central,Pediatría,Noche,27,26,0.963,0,20
2026-07-06,Hospital Metropolitano Central,Maternidad,Mañana,27,23,0.852,0,24
2026-07-06,Hospital Metropolitano Central,Maternidad,Tarde,27,21,0.778,0,15
2026-07-06,Hospital Metropolitano Central,Maternidad,Noche,27,22,0.815,0,17
2026-07-06,Hospital del Valle,Urgencias,Mañana,41,29,0.707,0,18
2026-07-06,Hospital del Valle,Urgencias,Tarde,41,32,0.78,0,12
2026-07-06,Hospital del Valle,Urgencias,Noche,41,34,0.829,0,14
2026-07-06,Hospital del Valle,UCI,Mañana,14,8,0.571,0,23
2026-07-06,Hospital del Valle,UCI,Tarde,14,11,0.786,0,8
2026-07-06,Hospital del Valle,UCI,Noche,14,10,0.714,0,9
2026-07-06,Hospital del Valle,Medicina Interna,Mañana,64,46,0.719,0,23
2026-07-06,Hospital del Valle,Medicina Interna,Tarde,64,48,0.75,0,14
2026-07-06,Hospital del Valle,Medicina Interna,Noche,64,39,0.609,0,22
2026-07-06,Hospital del Valle,Cirugía,Mañana,40,22,0.55,0,18
2026-07-06,Hospital del Valle,Cirugía,Tarde,40,24,0.6,0,16
2026-07-06,Hospital del Valle,Cirugía,Noche,40,20,0.5,0,9
2026-07-06,Hospital del Valle,Pediatría,Mañana,29,19,0.655,0,12
2026-07-06,Hospital del Valle,Pediatría,Tarde,29,19,0.655,0,5
2026-07-06,Hospital del Valle,Pediatría,Noche,29,20,0.69,0,19
2026-07-06,Hospital del Valle,Maternidad,Mañana,23,14,0.609,0,14
2026-07-06,Hospital del Valle,Maternidad,Tarde,23,16,0.696,0,20
2026-07-06,Hospital del Valle,Maternidad,Noche,23,14,0.609,0,9
2026-07-06,Hospital Costa Poniente,Urgencias,Mañana,40,28,0.7,0,6
2026-07-06,Hospital Costa Poniente,Urgencias,Tarde,40,34,0.85,0,14
2026-07-06,Hospital Costa Poniente,Urgencias,Noche,40,40,1.0,1,123
2026-07-06,Hospital Costa Poniente,UCI,Mañana,16,12,0.75,0,11
2026-07-06,Hospital Costa Poniente,UCI,Tarde,16,13,0.812,0,17
2026-07-06,Hospital Costa Poniente,UCI,Noche,16,12,0.75,0,15
2026-07-06,Hospital Costa Poniente,Medicina Interna,Mañana,53,41,0.774,0,12
2026-07-06,Hospital Costa Poniente,Medicina Interna,Tarde,53,45,0.849,0,6
2026-07-06,Hospital Costa Poniente,Medicina Interna,Noche,53,45,0.849,0,10
2026-07-06,Hospital Costa Poniente,Cirugía,Mañana,48,33,0.688,0,14
2026-07-06,Hospital Costa Poniente,Cirugía,Tarde,48,38,0.792,0,10
2026-07-06,Hospital Costa Poniente,Cirugía,Noche,48,29,0.604,0,22
2026-07-06,Hospital Costa Poniente,Pediatría,Mañana,28,20,0.714,0,20
2026-07-06,Hospital Costa Poniente,Pediatría,Tarde,28,25,0.893,0,17
2026-07-06,Hospital Costa Poniente,Pediatría,Noche,28,21,0.75,0,21
2026-07-06,Hospital Costa Poniente,Maternidad,Mañana,26,16,0.615,0,11
2026-07-06,Hospital Costa Poniente,Maternidad,Tarde,26,19,0.731,0,22
2026-07-06,Hospital Costa Poniente,Maternidad,Noche,26,17,0.654,0,9
2026-07-07,Hospital Regional Norte,Urgencias,Mañana,37,33,0.892,0,6
2026-07-07,Hospital Regional Norte,Urgencias,Tarde,37,37,1.0,0,24
2026-07-07,Hospital Regional Norte,Urgencias,Noche,37,37,1.0,3,182
2026-07-07,Hospital Regional Norte,UCI,Mañana,16,14,0.875,0,16
2026-07-07,Hospital Regional Norte,UCI,Tarde,16,15,0.938,0,28
2026-07-07,Hospital Regional Norte,UCI,Noche,16,13,0.812,0,9
2026-07-07,Hospital Regional Norte,Medicina Interna,Mañana,57,52,0.912,0,10
2026-07-07,Hospital Regional Norte,Medicina Interna,Tarde,57,56,0.982,0,25
2026-07-07,Hospital Regional Norte,Medicina Interna,Noche,57,47,0.825,0,6
2026-07-07,Hospital Regional Norte,Cirugía,Mañana,40,29,0.725,0,15
2026-07-07,Hospital Regional Norte,Cirugía,Tarde,40,33,0.825,0,9
2026-07-07,Hospital Regional Norte,Cirugía,Noche,40,24,0.6,0,17
2026-07-07,Hospital Regional Norte,Pediatría,Mañana,27,21,0.778,0,17
2026-07-07,Hospital Regional Norte,Pediatría,Tarde,27,25,0.926,0,15
2026-07-07,Hospital Regional Norte,Pediatría,Noche,27,24,0.889,0,17
2026-07-07,Hospital Regional Norte,Maternidad,Mañana,26,21,0.808,0,7
2026-07-07,Hospital Regional Norte,Maternidad,Tarde,26,22,0.846,0,25
2026-07-07,Hospital Regional Norte,Maternidad,Noche,26,19,0.731,0,25
2026-07-07,Hospital Metropolitano Central,Urgencias,Mañana,41,36,0.878,0,8
2026-07-07,Hospital Metropolitano Central,Urgencias,Tarde,41,39,0.951,1,179
2026-07-07,Hospital Metropolitano Central,Urgencias,Noche,41,41,1.0,5,192
2026-07-07,Hospital Metropolitano Central,UCI,Mañana,16,13,0.812,0,23
2026-07-07,Hospital Metropolitano Central,UCI,Tarde,16,15,0.938,0,30
2026-07-07,Hospital Metropolitano Central,UCI,Noche,16,16,1.0,0,14
2026-07-07,Hospital Metropolitano Central,Medicina Interna,Mañana,52,43,0.827,0,22
2026-07-07,Hospital Metropolitano Central,Medicina Interna,Tarde,52,49,0.942,0,5
2026-07-07,Hospital Metropolitano Central,Medicina Interna,Noche,52,48,0.923,0,22
2026-07-07,Hospital Metropolitano Central,Cirugía,Mañana,47,38,0.809,0,7
2026-07-07,Hospital Metropolitano Central,Cirugía,Tarde,47,41,0.872,0,23
2026-07-07,Hospital Metropolitano Central,Cirugía,Noche,47,30,0.638,0,25
2026-07-07,Hospital Metropolitano Central,Pediatría,Mañana,26,25,0.962,0,13
2026-07-07,Hospital Metropolitano Central,Pediatría,Tarde,26,25,0.962,1,94
2026-07-07,Hospital Metropolitano Central,Pediatría,Noche,26,25,0.962,0,13
2026-07-07,Hospital Metropolitano Central,Maternidad,Mañana,21,17,0.81,0,25
2026-07-07,Hospital Metropolitano Central,Maternidad,Tarde,21,17,0.81,0,22
2026-07-07,Hospital Metropolitano Central,Maternidad,Noche,21,16,0.762,0,6
2026-07-07,Hospital del Valle,Urgencias,Mañana,35,21,0.6,0,14
2026-07-07,Hospital del Valle,Urgencias,Tarde,35,25,0.714,0,22
2026-07-07,Hospital del Valle,Urgencias,Noche,35,29,0.829,0,5
2026-07-07,Hospital del Valle,UCI,Mañana,15,8,0.533,0,21
2026-07-07,Hospital del Valle,UCI,Tarde,15,12,0.8,0,14
2026-07-07,Hospital del Valle,UCI,Noche,15,11,0.733,0,19
2026-07-07,Hospital del Valle,Medicina Interna,Mañana,53,34,0.642,0,15
2026-07-07,Hospital del Valle,Medicina Interna,Tarde,53,38,0.717,0,16
2026-07-07,Hospital del Valle,Medicina Interna,Noche,53,37,0.698,0,21
2026-07-07,Hospital del Valle,Cirugía,Mañana,41,21,0.512,0,6
2026-07-07,Hospital del Valle,Cirugía,Tarde,41,24,0.585,0,11
2026-07-07,Hospital del Valle,Cirugía,Noche,41,16,0.39,0,11
2026-07-07,Hospital del Valle,Pediatría,Mañana,33,22,0.667,0,11
2026-07-07,Hospital del Valle,Pediatría,Tarde,33,24,0.727,0,13
2026-07-07,Hospital del Valle,Pediatría,Noche,33,21,0.636,0,24
2026-07-07,Hospital del Valle,Maternidad,Mañana,24,14,0.583,0,13
2026-07-07,Hospital del Valle,Maternidad,Tarde,24,14,0.583,0,10
2026-07-07,Hospital del Valle,Maternidad,Noche,24,14,0.583,0,7
2026-07-07,Hospital Costa Poniente,Urgencias,Mañana,43,34,0.791,0,9
2026-07-07,Hospital Costa Poniente,Urgencias,Tarde,43,36,0.837,0,7
2026-07-07,Hospital Costa Poniente,Urgencias,Noche,43,43,1.0,1,102
2026-07-07,Hospital Costa Poniente,UCI,Mañana,15,11,0.733,0,21
2026-07-07,Hospital Costa Poniente,UCI,Tarde,15,12,0.8,0,18
2026-07-07,Hospital Costa Poniente,UCI,Noche,15,13,0.867,0,23
2026-07-07,Hospital Costa Poniente,Medicina Interna,Mañana,57,46,0.807,0,12
2026-07-07,Hospital Costa Poniente,Medicina Interna,Tarde,57,43,0.754,0,8
2026-07-07,Hospital Costa Poniente,Medicina Interna,Noche,57,45,0.789,0,22
2026-07-07,Hospital Costa Poniente,Cirugía,Mañana,43,27,0.628,0,7
2026-07-07,Hospital Costa Poniente,Cirugía,Tarde,43,30,0.698,0,15
2026-07-07,Hospital Costa Poniente,Cirugía,Noche,43,24,0.558,0,9
2026-07-07,Hospital Costa Poniente,Pediatría,Mañana,32,22,0.688,0,5
2026-07-07,Hospital Costa Poniente,Pediatría,Tarde,32,24,0.75,0,12
2026-07-07,Hospital Costa Poniente,Pediatría,Noche,32,24,0.75,0,8
2026-07-07,Hospital Costa Poniente,Maternidad,Mañana,26,15,0.577,0,21
2026-07-07,Hospital Costa Poniente,Maternidad,Tarde,26,19,0.731,0,14
2026-07-07,Hospital Costa Poniente,Maternidad,Noche,26,18,0.692,0,20
2026-07-08,Hospital Regional Norte,Urgencias,Mañana,35,29,0.829,0,23
2026-07-08,Hospital Regional Norte,Urgencias,Tarde,35,35,1.0,0,29
2026-07-08,Hospital Regional Norte,Urgencias,Noche,35,35,1.0,2,138
2026-07-08,Hospital Regional Norte,UCI,Mañana,14,12,0.857,0,27
2026-07-08,Hospital Regional Norte,UCI,Tarde,14,13,0.929,0,22
2026-07-08,Hospital Regional Norte,UCI,Noche,14,13,0.929,0,10
2026-07-08,Hospital Regional Norte,Medicina Interna,Mañana,61,53,0.869,0,9
2026-07-08,Hospital Regional Norte,Medicina Interna,Tarde,61,52,0.852,0,23
2026-07-08,Hospital Regional Norte,Medicina Interna,Noche,61,55,0.902,0,6
2026-07-08,Hospital Regional Norte,Cirugía,Mañana,49,37,0.755,0,16
2026-07-08,Hospital Regional Norte,Cirugía,Tarde,49,41,0.837,0,12
2026-07-08,Hospital Regional Norte,Cirugía,Noche,49,30,0.612,0,18
2026-07-08,Hospital Regional Norte,Pediatría,Mañana,31,24,0.774,0,16
2026-07-08,Hospital Regional Norte,Pediatría,Tarde,31,30,0.968,0,18
2026-07-08,Hospital Regional Norte,Pediatría,Noche,31,29,0.935,0,17
2026-07-08,Hospital Regional Norte,Maternidad,Mañana,23,18,0.783,0,14
2026-07-08,Hospital Regional Norte,Maternidad,Tarde,23,18,0.783,0,15
2026-07-08,Hospital Regional Norte,Maternidad,Noche,23,19,0.826,0,25
2026-07-08,Hospital Metropolitano Central,Urgencias,Mañana,35,33,0.943,0,15
2026-07-08,Hospital Metropolitano Central,Urgencias,Tarde,35,35,1.0,1,125
2026-07-08,Hospital Metropolitano Central,Urgencias,Noche,35,35,1.0,5,77
2026-07-08,Hospital Metropolitano Central,UCI,Mañana,16,15,0.938,0,25
2026-07-08,Hospital Metropolitano Central,UCI,Tarde,16,16,1.0,0,27
2026-07-08,Hospital Metropolitano Central,UCI,Noche,16,16,1.0,0,29
2026-07-08,Hospital Metropolitano Central,Medicina Interna,Mañana,54,51,0.944,0,5
2026-07-08,Hospital Metropolitano Central,Medicina Interna,Tarde,54,54,1.0,1,137
2026-07-08,Hospital Metropolitano Central,Medicina Interna,Noche,54,54,1.0,0,26
2026-07-08,Hospital Metropolitano Central,Cirugía,Mañana,46,33,0.717,0,19
2026-07-08,Hospital Metropolitano Central,Cirugía,Tarde,46,44,0.957,0,26
2026-07-08,Hospital Metropolitano Central,Cirugía,Noche,46,32,0.696,0,10
2026-07-08,Hospital Metropolitano Central,Pediatría,Mañana,26,25,0.962,0,11
2026-07-08,Hospital Metropolitano Central,Pediatría,Tarde,26,26,1.0,1,143
2026-07-08,Hospital Metropolitano Central,Pediatría,Noche,26,24,0.923,0,27
2026-07-08,Hospital Metropolitano Central,Maternidad,Mañana,27,23,0.852,0,14
2026-07-08,Hospital Metropolitano Central,Maternidad,Tarde,27,22,0.815,0,14
2026-07-08,Hospital Metropolitano Central,Maternidad,Noche,27,21,0.778,0,5
2026-07-08,Hospital del Valle,Urgencias,Mañana,41,28,0.683,0,11
2026-07-08,Hospital del Valle,Urgencias,Tarde,41,33,0.805,0,25
2026-07-08,Hospital del Valle,Urgencias,Noche,41,36,0.878,0,6
2026-07-08,Hospital del Valle,UCI,Mañana,17,12,0.706,0,20
2026-07-08,Hospital del Valle,UCI,Tarde,17,11,0.647,0,5
2026-07-08,Hospital del Valle,UCI,Noche,17,12,0.706,0,15
2026-07-08,Hospital del Valle,Medicina Interna,Mañana,55,32,0.582,0,16
2026-07-08,Hospital del Valle,Medicina Interna,Tarde,55,43,0.782,0,10
2026-07-08,Hospital del Valle,Medicina Interna,Noche,55,37,0.673,0,5
2026-07-08,Hospital del Valle,Cirugía,Mañana,39,22,0.564,0,7
2026-07-08,Hospital del Valle,Cirugía,Tarde,39,25,0.641,0,9
2026-07-08,Hospital del Valle,Cirugía,Noche,39,17,0.436,0,20
2026-07-08,Hospital del Valle,Pediatría,Mañana,26,18,0.692,0,13
2026-07-08,Hospital del Valle,Pediatría,Tarde,26,18,0.692,0,17
2026-07-08,Hospital del Valle,Pediatría,Noche,26,17,0.654,0,16
2026-07-08,Hospital del Valle,Maternidad,Mañana,24,12,0.5,0,13
2026-07-08,Hospital del Valle,Maternidad,Tarde,24,13,0.542,0,19
2026-07-08,Hospital del Valle,Maternidad,Noche,24,15,0.625,0,19
2026-07-08,Hospital Costa Poniente,Urgencias,Mañana,36,26,0.722,0,18
2026-07-08,Hospital Costa Poniente,Urgencias,Tarde,36,27,0.75,0,11
2026-07-08,Hospital Costa Poniente,Urgencias,Noche,36,33,0.917,0,14
2026-07-08,Hospital Costa Poniente,UCI,Mañana,14,10,0.714,0,15
2026-07-08,Hospital Costa Poniente,UCI,Tarde,14,12,0.857,0,16
2026-07-08,Hospital Costa Poniente,UCI,Noche,14,12,0.857,0,18
2026-07-08,Hospital Costa Poniente,Medicina Interna,Mañana,53,39,0.736,0,20
2026-07-08,Hospital Costa Poniente,Medicina Interna,Tarde,53,46,0.868,0,9
2026-07-08,Hospital Costa Poniente,Medicina Interna,Noche,53,40,0.755,0,17
2026-07-08,Hospital Costa Poniente,Cirugía,Mañana,44,32,0.727,0,17
2026-07-08,Hospital Costa Poniente,Cirugía,Tarde,44,29,0.659,0,8
2026-07-08,Hospital Costa Poniente,Cirugía,Noche,44,25,0.568,0,9
2026-07-08,Hospital Costa Poniente,Pediatría,Mañana,27,20,0.741,0,12
2026-07-08,Hospital Costa Poniente,Pediatría,Tarde,27,20,0.741,0,15
2026-07-08,Hospital Costa Poniente,Pediatría,Noche,27,21,0.778,0,24
2026-07-08,Hospital Costa Poniente,Maternidad,Mañana,26,16,0.615,0,14
2026-07-08,Hospital Costa Poniente,Maternidad,Tarde,26,18,0.692,0,7
2026-07-08,Hospital Costa Poniente,Maternidad,Noche,26,19,0.731,0,12
2026-07-09,Hospital Regional Norte,Urgencias,Mañana,40,35,0.875,0,10
2026-07-09,Hospital Regional Norte,Urgencias,Tarde,40,36,0.9,0,8
2026-07-09,Hospital Regional Norte,Urgencias,Noche,40,40,1.0,4,140
2026-07-09,Hospital Regional Norte,UCI,Mañana,17,13,0.765,0,8
2026-07-09,Hospital Regional Norte,UCI,Tarde,17,16,0.941,0,15
2026-07-09,Hospital Regional Norte,UCI,Noche,17,14,0.824,0,23
2026-07-09,Hospital Regional Norte,Medicina Interna,Mañana,60,46,0.767,0,8
2026-07-09,Hospital Regional Norte,Medicina Interna,Tarde,60,51,0.85,0,6
2026-07-09,Hospital Regional Norte,Medicina Interna,Noche,60,50,0.833,0,11
2026-07-09,Hospital Regional Norte,Cirugía,Mañana,49,35,0.714,0,24
2026-07-09,Hospital Regional Norte,Cirugía,Tarde,49,37,0.755,0,6
2026-07-09,Hospital Regional Norte,Cirugía,Noche,49,27,0.551,0,21
2026-07-09,Hospital Regional Norte,Pediatría,Mañana,28,24,0.857,0,12
2026-07-09,Hospital Regional Norte,Pediatría,Tarde,28,25,0.893,0,18
2026-07-09,Hospital Regional Norte,Pediatría,Noche,28,25,0.893,0,21
2026-07-09,Hospital Regional Norte,Maternidad,Mañana,24,16,0.667,0,8
2026-07-09,Hospital Regional Norte,Maternidad,Tarde,24,18,0.75,0,13
2026-07-09,Hospital Regional Norte,Maternidad,Noche,24,20,0.833,0,18
2026-07-09,Hospital Metropolitano Central,Urgencias,Mañana,36,35,0.972,0,10
2026-07-09,Hospital Metropolitano Central,Urgencias,Tarde,36,34,0.944,1,104
2026-07-09,Hospital Metropolitano Central,Urgencias,Noche,36,36,1.0,6,106
2026-07-09,Hospital Metropolitano Central,UCI,Mañana,14,13,0.929,0,19
2026-07-09,Hospital Metropolitano Central,UCI,Tarde,14,13,0.929,0,27
2026-07-09,Hospital Metropolitano Central,UCI,Noche,14,14,1.0,0,21
2026-07-09,Hospital Metropolitano Central,Medicina Interna,Mañana,62,54,0.871,0,23
2026-07-09,Hospital Metropolitano Central,Medicina Interna,Tarde,62,62,1.0,1,119
2026-07-09,Hospital Metropolitano Central,Medicina Interna,Noche,62,59,0.952,0,7
2026-07-09,Hospital Metropolitano Central,Cirugía,Mañana,48,35,0.729,0,24
2026-07-09,Hospital Metropolitano Central,Cirugía,Tarde,48,39,0.812,0,23
2026-07-09,Hospital Metropolitano Central,Cirugía,Noche,48,34,0.708,0,25
2026-07-09,Hospital Metropolitano Central,Pediatría,Mañana,32,27,0.844,0,19
2026-07-09,Hospital Metropolitano Central,Pediatría,Tarde,32,32,1.0,0,27
2026-07-09,Hospital Metropolitano Central,Pediatría,Noche,32,31,0.969,0,25
2026-07-09,Hospital Metropolitano Central,Maternidad,Mañana,27,20,0.741,0,9
2026-07-09,Hospital Metropolitano Central,Maternidad,Tarde,27,21,0.778,0,11
2026-07-09,Hospital Metropolitano Central,Maternidad,Noche,27,22,0.815,0,13
2026-07-09,Hospital del Valle,Urgencias,Mañana,43,30,0.698,0,22
2026-07-09,Hospital del Valle,Urgencias,Tarde,43,35,0.814,0,16
2026-07-09,Hospital del Valle,Urgencias,Noche,43,37,0.86,0,8
2026-07-09,Hospital del Valle,UCI,Mañana,17,10,0.588,0,18
2026-07-09,Hospital del Valle,UCI,Tarde,17,12,0.706,0,21
2026-07-09,Hospital del Valle,UCI,Noche,17,13,0.765,0,10
2026-07-09,Hospital del Valle,Medicina Interna,Mañana,60,41,0.683,0,9
2026-07-09,Hospital del Valle,Medicina Interna,Tarde,60,41,0.683,0,23
2026-07-09,Hospital del Valle,Medicina Interna,Noche,60,37,0.617,0,11
2026-07-09,Hospital del Valle,Cirugía,Mañana,47,26,0.553,0,22
2026-07-09,Hospital del Valle,Cirugía,Tarde,47,33,0.702,0,7
2026-07-09,Hospital del Valle,Cirugía,Noche,47,19,0.404,0,21
2026-07-09,Hospital del Valle,Pediatría,Mañana,28,20,0.714,0,17
2026-07-09,Hospital del Valle,Pediatría,Tarde,28,21,0.75,0,11
2026-07-09,Hospital del Valle,Pediatría,Noche,28,18,0.643,0,10
2026-07-09,Hospital del Valle,Maternidad,Mañana,25,14,0.56,0,5
2026-07-09,Hospital del Valle,Maternidad,Tarde,25,17,0.68,0,21
2026-07-09,Hospital del Valle,Maternidad,Noche,25,15,0.6,0,21
2026-07-09,Hospital Costa Poniente,Urgencias,Mañana,37,30,0.811,0,14
2026-07-09,Hospital Costa Poniente,Urgencias,Tarde,37,32,0.865,0,22
2026-07-09,Hospital Costa Poniente,Urgencias,Noche,37,34,0.919,0,12
2026-07-09,Hospital Costa Poniente,UCI,Mañana,14,10,0.714,0,6
2026-07-09,Hospital Costa Poniente,UCI,Tarde,14,12,0.857,0,18
2026-07-09,Hospital Costa Poniente,UCI,Noche,14,12,0.857,0,11
2026-07-09,Hospital Costa Poniente,Medicina Interna,Mañana,61,43,0.705,0,11
2026-07-09,Hospital Costa Poniente,Medicina Interna,Tarde,61,50,0.82,0,5
2026-07-09,Hospital Costa Poniente,Medicina Interna,Noche,61,49,0.803,0,25
2026-07-09,Hospital Costa Poniente,Cirugía,Mañana,45,29,0.644,0,7
2026-07-09,Hospital Costa Poniente,Cirugía,Tarde,45,36,0.8,0,22
2026-07-09,Hospital Costa Poniente,Cirugía,Noche,45,22,0.489,0,9
2026-07-09,Hospital Costa Poniente,Pediatría,Mañana,29,22,0.759,0,15
2026-07-09,Hospital Costa Poniente,Pediatría,Tarde,29,26,0.897,0,25
2026-07-09,Hospital Costa Poniente,Pediatría,Noche,29,24,0.828,0,16
2026-07-09,Hospital Costa Poniente,Maternidad,Mañana,23,16,0.696,0,10
2026-07-09,Hospital Costa Poniente,Maternidad,Tarde,23,15,0.652,0,5
2026-07-09,Hospital Costa Poniente,Maternidad,Noche,23,16,0.696,0,23
2026-07-10,Hospital Regional Norte,Urgencias,Mañana,35,31,0.886,0,17
2026-07-10,Hospital Regional Norte,Urgencias,Tarde,35,35,1.0,0,30
2026-07-10,Hospital Regional Norte,Urgencias,Noche,35,35,1.0,3,170
2026-07-10,Hospital Regional Norte,UCI,Mañana,15,11,0.733,0,25
2026-07-10,Hospital Regional Norte,UCI,Tarde,15,14,0.933,0,14
2026-07-10,Hospital Regional Norte,UCI,Noche,15,13,0.867,0,23
2026-07-10,Hospital Regional Norte,Medicina Interna,Mañana,57,51,0.895,0,7
2026-07-10,Hospital Regional Norte,Medicina Interna,Tarde,57,52,0.912,0,19
2026-07-10,Hospital Regional Norte,Medicina Interna,Noche,57,47,0.825,0,10
2026-07-10,Hospital Regional Norte,Cirugía,Mañana,40,29,0.725,0,10
2026-07-10,Hospital Regional Norte,Cirugía,Tarde,40,33,0.825,0,5
2026-07-10,Hospital Regional Norte,Cirugía,Noche,40,22,0.55,0,10
2026-07-10,Hospital Regional Norte,Pediatría,Mañana,32,28,0.875,0,11
2026-07-10,Hospital Regional Norte,Pediatría,Tarde,32,27,0.844,0,7
2026-07-10,Hospital Regional Norte,Pediatría,Noche,32,28,0.875,0,19
2026-07-10,Hospital Regional Norte,Maternidad,Mañana,27,21,0.778,0,8
2026-07-10,Hospital Regional Norte,Maternidad,Tarde,27,22,0.815,0,9
2026-07-10,Hospital Regional Norte,Maternidad,Noche,27,21,0.778,0,5
2026-07-10,Hospital Metropolitano Central,Urgencias,Mañana,40,36,0.9,0,5
2026-07-10,Hospital Metropolitano Central,Urgencias,Tarde,40,38,0.95,1,60
2026-07-10,Hospital Metropolitano Central,Urgencias,Noche,40,40,1.0,3,105
2026-07-10,Hospital Metropolitano Central,UCI,Mañana,16,15,0.938,0,13
2026-07-10,Hospital Metropolitano Central,UCI,Tarde,16,16,1.0,0,12
2026-07-10,Hospital Metropolitano Central,UCI,Noche,16,15,0.938,0,28
2026-07-10,Hospital Metropolitano Central,Medicina Interna,Mañana,64,60,0.938,0,14
2026-07-10,Hospital Metropolitano Central,Medicina Interna,Tarde,64,61,0.953,0,9
2026-07-10,Hospital Metropolitano Central,Medicina Interna,Noche,64,58,0.906,0,22
2026-07-10,Hospital Metropolitano Central,Cirugía,Mañana,46,37,0.804,0,8
2026-07-10,Hospital Metropolitano Central,Cirugía,Tarde,46,37,0.804,0,6
2026-07-10,Hospital Metropolitano Central,Cirugía,Noche,46,26,0.565,0,14
2026-07-10,Hospital Metropolitano Central,Pediatría,Mañana,26,25,0.962,0,10
2026-07-10,Hospital Metropolitano Central,Pediatría,Tarde,26,26,1.0,0,23
2026-07-10,Hospital Metropolitano Central,Pediatría,Noche,26,24,0.923,0,19
2026-07-10,Hospital Metropolitano Central,Maternidad,Mañana,23,19,0.826,0,17
2026-07-10,Hospital Metropolitano Central,Maternidad,Tarde,23,20,0.87,0,8
2026-07-10,Hospital Metropolitano Central,Maternidad,Noche,23,19,0.826,0,8
2026-07-10,Hospital del Valle,Urgencias,Mañana,36,26,0.722,0,14
2026-07-10,Hospital del Valle,Urgencias,Tarde,36,25,0.694,0,24
2026-07-10,Hospital del Valle,Urgencias,Noche,36,30,0.833,0,16
2026-07-10,Hospital del Valle,UCI,Mañana,17,12,0.706,0,6
2026-07-10,Hospital del Valle,UCI,Tarde,17,12,0.706,0,10
2026-07-10,Hospital del Valle,UCI,Noche,17,12,0.706,0,15
2026-07-10,Hospital del Valle,Medicina Interna,Mañana,60,41,0.683,0,9
2026-07-10,Hospital del Valle,Medicina Interna,Tarde,60,47,0.783,0,14
2026-07-10,Hospital del Valle,Medicina Interna,Noche,60,42,0.7,0,14
2026-07-10,Hospital del Valle,Cirugía,Mañana,42,21,0.5,0,20
2026-07-10,Hospital del Valle,Cirugía,Tarde,42,28,0.667,0,13
2026-07-10,Hospital del Valle,Cirugía,Noche,42,21,0.5,0,7
2026-07-10,Hospital del Valle,Pediatría,Mañana,31,22,0.71,0,9
2026-07-10,Hospital del Valle,Pediatría,Tarde,31,24,0.774,0,9
2026-07-10,Hospital del Valle,Pediatría,Noche,31,20,0.645,0,17
2026-07-10,Hospital del Valle,Maternidad,Mañana,24,15,0.625,0,20
2026-07-10,Hospital del Valle,Maternidad,Tarde,24,16,0.667,0,8
2026-07-10,Hospital del Valle,Maternidad,Noche,24,15,0.625,0,13
2026-07-10,Hospital Costa Poniente,Urgencias,Mañana,35,25,0.714,0,9
2026-07-10,Hospital Costa Poniente,Urgencias,Tarde,35,27,0.771,0,17
2026-07-10,Hospital Costa Poniente,Urgencias,Noche,35,34,0.971,1,176
2026-07-10,Hospital Costa Poniente,UCI,Mañana,17,13,0.765,0,25
2026-07-10,Hospital Costa Poniente,UCI,Tarde,17,13,0.765,0,25
2026-07-10,Hospital Costa Poniente,UCI,Noche,17,15,0.882,0,27
2026-07-10,Hospital Costa Poniente,Medicina Interna,Mañana,58,43,0.741,0,22
2026-07-10,Hospital Costa Poniente,Medicina Interna,Tarde,58,48,0.828,0,12
2026-07-10,Hospital Costa Poniente,Medicina Interna,Noche,58,44,0.759,0,23
2026-07-10,Hospital Costa Poniente,Cirugía,Mañana,46,30,0.652,0,12
2026-07-10,Hospital Costa Poniente,Cirugía,Tarde,46,35,0.761,0,12
2026-07-10,Hospital Costa Poniente,Cirugía,Noche,46,23,0.5,0,11
2026-07-10,Hospital Costa Poniente,Pediatría,Mañana,33,22,0.667,0,22
2026-07-10,Hospital Costa Poniente,Pediatría,Tarde,33,27,0.818,0,9
2026-07-10,Hospital Costa Poniente,Pediatría,Noche,33,28,0.848,0,6
2026-07-10,Hospital Costa Poniente,Maternidad,Mañana,27,17,0.63,0,9
2026-07-10,Hospital Costa Poniente,Maternidad,Tarde,27,18,0.667,0,9
2026-07-10,Hospital Costa Poniente,Maternidad,Noche,27,20,0.741,0,22
2026-07-11,Hospital Regional Norte,Urgencias,Mañana,44,44,1.0,0,17
2026-07-11,Hospital Regional Norte,Urgencias,Tarde,44,44,1.0,2,93
2026-07-11,Hospital Regional Norte,Urgencias,Noche,44,44,1.0,8,193
2026-07-11,Hospital Regional Norte,UCI,Mañana,14,10,0.714,0,23
2026-07-11,Hospital Regional Norte,UCI,Tarde,14,11,0.786,0,24
2026-07-11,Hospital Regional Norte,UCI,Noche,14,13,0.929,0,21
2026-07-11,Hospital Regional Norte,Medicina Interna,Mañana,53,39,0.736,0,5
2026-07-11,Hospital Regional Norte,Medicina Interna,Tarde,53,47,0.887,0,18
2026-07-11,Hospital Regional Norte,Medicina Interna,Noche,53,41,0.774,0,10
2026-07-11,Hospital Regional Norte,Cirugía,Mañana,44,28,0.636,0,21
2026-07-11,Hospital Regional Norte,Cirugía,Tarde,44,35,0.795,0,14
2026-07-11,Hospital Regional Norte,Cirugía,Noche,44,24,0.545,0,15
2026-07-11,Hospital Regional Norte,Pediatría,Mañana,29,24,0.828,0,5
2026-07-11,Hospital Regional Norte,Pediatría,Tarde,29,24,0.828,0,9
2026-07-11,Hospital Regional Norte,Pediatría,Noche,29,22,0.759,0,25
2026-07-11,Hospital Regional Norte,Maternidad,Mañana,21,15,0.714,0,21
2026-07-11,Hospital Regional Norte,Maternidad,Tarde,21,15,0.714,0,17
2026-07-11,Hospital Regional Norte,Maternidad,Noche,21,16,0.762,0,19
2026-07-11,Hospital Metropolitano Central,Urgencias,Mañana,40,40,1.0,3,188
2026-07-11,Hospital Metropolitano Central,Urgencias,Tarde,40,40,1.0,4,105
2026-07-11,Hospital Metropolitano Central,Urgencias,Noche,40,40,1.0,9,149
2026-07-11,Hospital Metropolitano Central,UCI,Mañana,14,12,0.857,0,15
2026-07-11,Hospital Metropolitano Central,UCI,Tarde,14,14,1.0,0,29
2026-07-11,Hospital Metropolitano Central,UCI,Noche,14,14,1.0,0,24
2026-07-11,Hospital Metropolitano Central,Medicina Interna,Mañana,58,51,0.879,0,17
2026-07-11,Hospital Metropolitano Central,Medicina Interna,Tarde,58,57,0.983,0,21
2026-07-11,Hospital Metropolitano Central,Medicina Interna,Noche,58,53,0.914,0,11
2026-07-11,Hospital Metropolitano Central,Cirugía,Mañana,41,28,0.683,0,16
2026-07-11,Hospital Metropolitano Central,Cirugía,Tarde,41,35,0.854,0,15
2026-07-11,Hospital Metropolitano Central,Cirugía,Noche,41,21,0.512,0,14
2026-07-11,Hospital Metropolitano Central,Pediatría,Mañana,27,21,0.778,0,11
2026-07-11,Hospital Metropolitano Central,Pediatría,Tarde,27,26,0.963,0,19
2026-07-11,Hospital Metropolitano Central,Pediatría,Noche,27,23,0.852,0,11
2026-07-11,Hospital Metropolitano Central,Maternidad,Mañana,25,17,0.68,0,13
2026-07-11,Hospital Metropolitano Central,Maternidad,Tarde,25,19,0.76,0,23
2026-07-11,Hospital Metropolitano Central,Maternidad,Noche,25,20,0.8,0,23
2026-07-11,Hospital del Valle,Urgencias,Mañana,44,33,0.75,0,6
2026-07-11,Hospital del Valle,Urgencias,Tarde,44,36,0.818,0,14
2026-07-11,Hospital del Valle,Urgencias,Noche,44,40,0.909,0,16
2026-07-11,Hospital del Valle,UCI,Mañana,17,12,0.706,0,21
2026-07-11,Hospital del Valle,UCI,Tarde,17,11,0.647,0,17
2026-07-11,Hospital del Valle,UCI,Noche,17,12,0.706,0,9
2026-07-11,Hospital del Valle,Medicina Interna,Mañana,62,34,0.548,0,18
2026-07-11,Hospital del Valle,Medicina Interna,Tarde,62,46,0.742,0,21
2026-07-11,Hospital del Valle,Medicina Interna,Noche,62,36,0.581,0,9
2026-07-11,Hospital del Valle,Cirugía,Mañana,39,23,0.59,0,20
2026-07-11,Hospital del Valle,Cirugía,Tarde,39,24,0.615,0,6
2026-07-11,Hospital del Valle,Cirugía,Noche,39,16,0.41,0,9
2026-07-11,Hospital del Valle,Pediatría,Mañana,31,17,0.548,0,25
2026-07-11,Hospital del Valle,Pediatría,Tarde,31,19,0.613,0,12
2026-07-11,Hospital del Valle,Pediatría,Noche,31,22,0.71,0,25
2026-07-11,Hospital del Valle,Maternidad,Mañana,22,13,0.591,0,21
2026-07-11,Hospital del Valle,Maternidad,Tarde,22,13,0.591,0,24
2026-07-11,Hospital del Valle,Maternidad,Noche,22,13,0.591,0,15
2026-07-11,Hospital Costa Poniente,Urgencias,Mañana,38,31,0.816,0,14
2026-07-11,Hospital Costa Poniente,Urgencias,Tarde,38,35,0.921,0,18
2026-07-11,Hospital Costa Poniente,Urgencias,Noche,38,38,1.0,4,160
2026-07-11,Hospital Costa Poniente,UCI,Mañana,14,10,0.714,0,7
2026-07-11,Hospital Costa Poniente,UCI,Tarde,14,12,0.857,0,25
2026-07-11,Hospital Costa Poniente,UCI,Noche,14,10,0.714,0,5
2026-07-11,Hospital Costa Poniente,Medicina Interna,Mañana,53,40,0.755,0,22
2026-07-11,Hospital Costa Poniente,Medicina Interna,Tarde,53,44,0.83,0,7
2026-07-11,Hospital Costa Poniente,Medicina Interna,Noche,53,39,0.736,0,19
2026-07-11,Hospital Costa Poniente,Cirugía,Mañana,42,29,0.69,0,10
2026-07-11,Hospital Costa Poniente,Cirugía,Tarde,42,26,0.619,0,23
2026-07-11,Hospital Costa Poniente,Cirugía,Noche,42,20,0.476,0,7
2026-07-11,Hospital Costa Poniente,Pediatría,Mañana,26,19,0.731,0,19
2026-07-11,Hospital Costa Poniente,Pediatría,Tarde,26,19,0.731,0,20
2026-07-11,Hospital Costa Poniente,Pediatría,Noche,26,21,0.808,0,19
2026-07-11,Hospital Costa Poniente,Maternidad,Mañana,25,14,0.56,0,8
2026-07-11,Hospital Costa Poniente,Maternidad,Tarde,25,19,0.76,0,20
2026-07-11,Hospital Costa Poniente,Maternidad,Noche,25,14,0.56,0,14
2026-07-12,Hospital Regional Norte,Urgencias,Mañana,38,38,1.0,0,14
2026-07-12,Hospital Regional Norte,Urgencias,Tarde,38,38,1.0,2,135
2026-07-12,Hospital Regional Norte,Urgencias,Noche,38,38,1.0,6,190
2026-07-12,Hospital Regional Norte,UCI,Mañana,17,14,0.824,0,6
2026-07-12,Hospital Regional Norte,UCI,Tarde,17,15,0.882,0,17
2026-07-12,Hospital Regional Norte,UCI,Noche,17,15,0.882,0,14
2026-07-12,Hospital Regional Norte,Medicina Interna,Mañana,64,48,0.75,0,10
2026-07-12,Hospital Regional Norte,Medicina Interna,Tarde,64,56,0.875,0,7
2026-07-12,Hospital Regional Norte,Medicina Interna,Noche,64,50,0.781,0,19
2026-07-12,Hospital Regional Norte,Cirugía,Mañana,46,31,0.674,0,19
2026-07-12,Hospital Regional Norte,Cirugía,Tarde,46,36,0.783,0,19
2026-07-12,Hospital Regional Norte,Cirugía,Noche,46,22,0.478,0,10
2026-07-12,Hospital Regional Norte,Pediatría,Mañana,31,27,0.871,0,17
2026-07-12,Hospital Regional Norte,Pediatría,Tarde,31,28,0.903,0,11
2026-07-12,Hospital Regional Norte,Pediatría,Noche,31,25,0.806,0,7
2026-07-12,Hospital Regional Norte,Maternidad,Mañana,23,18,0.783,0,20
2026-07-12,Hospital Regional Norte,Maternidad,Tarde,23,16,0.696,0,20
2026-07-12,Hospital Regional Norte,Maternidad,Noche,23,15,0.652,0,19
2026-07-12,Hospital Metropolitano Central,Urgencias,Mañana,34,34,1.0,2,109
2026-07-12,Hospital Metropolitano Central,Urgencias,Tarde,34,34,1.0,5,157
2026-07-12,Hospital Metropolitano Central,Urgencias,Noche,34,34,1.0,6,191
2026-07-12,Hospital Metropolitano Central,UCI,Mañana,14,11,0.786,0,5
2026-07-12,Hospital Metropolitano Central,UCI,Tarde,14,14,1.0,0,18
2026-07-12,Hospital Metropolitano Central,UCI,Noche,14,12,0.857,0,14
2026-07-12,Hospital Metropolitano Central,Medicina Interna,Mañana,52,43,0.827,0,14
2026-07-12,Hospital Metropolitano Central,Medicina Interna,Tarde,52,52,1.0,0,23
2026-07-12,Hospital Metropolitano Central,Medicina Interna,Noche,52,47,0.904,0,13
2026-07-12,Hospital Metropolitano Central,Cirugía,Mañana,40,27,0.675,0,18
2026-07-12,Hospital Metropolitano Central,Cirugía,Tarde,40,32,0.8,0,14
2026-07-12,Hospital Metropolitano Central,Cirugía,Noche,40,22,0.55,0,16
2026-07-12,Hospital Metropolitano Central,Pediatría,Mañana,33,28,0.848,0,22
2026-07-12,Hospital Metropolitano Central,Pediatría,Tarde,33,32,0.97,0,23
2026-07-12,Hospital Metropolitano Central,Pediatría,Noche,33,29,0.879,0,23
2026-07-12,Hospital Metropolitano Central,Maternidad,Mañana,24,16,0.667,0,24
2026-07-12,Hospital Metropolitano Central,Maternidad,Tarde,24,18,0.75,0,23
2026-07-12,Hospital Metropolitano Central,Maternidad,Noche,24,19,0.792,0,15
2026-07-12,Hospital del Valle,Urgencias,Mañana,41,33,0.805,0,15
2026-07-12,Hospital del Valle,Urgencias,Tarde,41,31,0.756,0,19
2026-07-12,Hospital del Valle,Urgencias,Noche,41,41,1.0,1,129
2026-07-12,Hospital del Valle,UCI,Mañana,17,11,0.647,0,13
2026-07-12,Hospital del Valle,UCI,Tarde,17,11,0.647,0,5
2026-07-12,Hospital del Valle,UCI,Noche,17,13,0.765,0,9
2026-07-12,Hospital del Valle,Medicina Interna,Mañana,61,39,0.639,0,23
2026-07-12,Hospital del Valle,Medicina Interna,Tarde,61,38,0.623,0,11
2026-07-12,Hospital del Valle,Medicina Interna,Noche,61,42,0.689,0,11
2026-07-12,Hospital del Valle,Cirugía,Mañana,43,24,0.558,0,10
2026-07-12,Hospital del Valle,Cirugía,Tarde,43,27,0.628,0,11
2026-07-12,Hospital del Valle,Cirugía,Noche,43,18,0.419,0,11
2026-07-12,Hospital del Valle,Pediatría,Mañana,33,21,0.636,0,5
2026-07-12,Hospital del Valle,Pediatría,Tarde,33,22,0.667,0,16
2026-07-12,Hospital del Valle,Pediatría,Noche,33,19,0.576,0,14
2026-07-12,Hospital del Valle,Maternidad,Mañana,24,14,0.583,0,20
2026-07-12,Hospital del Valle,Maternidad,Tarde,24,15,0.625,0,19
2026-07-12,Hospital del Valle,Maternidad,Noche,24,13,0.542,0,16
2026-07-12,Hospital Costa Poniente,Urgencias,Mañana,38,33,0.868,0,21
2026-07-12,Hospital Costa Poniente,Urgencias,Tarde,38,38,1.0,0,15
2026-07-12,Hospital Costa Poniente,Urgencias,Noche,38,38,1.0,3,107
2026-07-12,Hospital Costa Poniente,UCI,Mañana,15,10,0.667,0,18
2026-07-12,Hospital Costa Poniente,UCI,Tarde,15,12,0.8,0,24
2026-07-12,Hospital Costa Poniente,UCI,Noche,15,12,0.8,0,8
2026-07-12,Hospital Costa Poniente,Medicina Interna,Mañana,66,49,0.742,0,8
2026-07-12,Hospital Costa Poniente,Medicina Interna,Tarde,66,47,0.712,0,5
2026-07-12,Hospital Costa Poniente,Medicina Interna,Noche,66,50,0.758,0,18
2026-07-12,Hospital Costa Poniente,Cirugía,Mañana,39,26,0.667,0,24
2026-07-12,Hospital Costa Poniente,Cirugía,Tarde,39,29,0.744,0,8
2026-07-12,Hospital Costa Poniente,Cirugía,Noche,39,20,0.513,0,21
2026-07-12,Hospital Costa Poniente,Pediatría,Mañana,30,19,0.633,0,14
2026-07-12,Hospital Costa Poniente,Pediatría,Tarde,30,25,0.833,0,11
2026-07-12,Hospital Costa Poniente,Pediatría,Noche,30,21,0.7,0,19
2026-07-12,Hospital Costa Poniente,Maternidad,Mañana,25,14,0.56,0,20
2026-07-12,Hospital Costa Poniente,Maternidad,Tarde,25,19,0.76,0,16
2026-07-12,Hospital Costa Poniente,Maternidad,Noche,25,18,0.72,0,19
2026-07-13,Hospital Regional Norte,Urgencias,Mañana,38,34,0.895,0,17
2026-07-13,Hospital Regional Norte,Urgencias,Tarde,38,32,0.842,0,16
2026-07-13,Hospital Regional Norte,Urgencias,Noche,38,38,1.0,3,137
2026-07-13,Hospital Regional Norte,UCI,Mañana,15,13,0.867,0,23
2026-07-13,Hospital Regional Norte,UCI,Tarde,15,14,0.933,0,23
2026-07-13,Hospital Regional Norte,UCI,Noche,15,12,0.8,0,5
2026-07-13,Hospital Regional Norte,Medicina Interna,Mañana,53,43,0.811,0,21
2026-07-13,Hospital Regional Norte,Medicina Interna,Tarde,53,51,0.962,0,20
2026-07-13,Hospital Regional Norte,Medicina Interna,Noche,53,43,0.811,0,23
2026-07-13,Hospital Regional Norte,Cirugía,Mañana,49,34,0.694,0,17
2026-07-13,Hospital Regional Norte,Cirugía,Tarde,49,37,0.755,0,25
2026-07-13,Hospital Regional Norte,Cirugía,Noche,49,28,0.571,0,6
2026-07-13,Hospital Regional Norte,Pediatría,Mañana,32,27,0.844,0,9
2026-07-13,Hospital Regional Norte,Pediatría,Tarde,32,32,1.0,0,15
2026-07-13,Hospital Regional Norte,Pediatría,Noche,32,28,0.875,0,15
2026-07-13,Hospital Regional Norte,Maternidad,Mañana,24,17,0.708,0,8
2026-07-13,Hospital Regional Norte,Maternidad,Tarde,24,20,0.833,0,9
2026-07-13,Hospital Regional Norte,Maternidad,Noche,24,18,0.75,0,25
2026-07-13,Hospital Metropolitano Central,Urgencias,Mañana,40,36,0.9,0,25
2026-07-13,Hospital Metropolitano Central,Urgencias,Tarde,40,40,1.0,1,90
2026-07-13,Hospital Metropolitano Central,Urgencias,Noche,40,40,1.0,3,165
2026-07-13,Hospital Metropolitano Central,UCI,Mañana,16,14,0.875,0,27
2026-07-13,Hospital Metropolitano Central,UCI,Tarde,16,16,1.0,0,22
2026-07-13,Hospital Metropolitano Central,UCI,Noche,16,14,0.875,0,24
2026-07-13,Hospital Metropolitano Central,Medicina Interna,Mañana,61,57,0.934,0,10
2026-07-13,Hospital Metropolitano Central,Medicina Interna,Tarde,61,58,0.951,0,12
2026-07-13,Hospital Metropolitano Central,Medicina Interna,Noche,61,55,0.902,0,22
2026-07-13,Hospital Metropolitano Central,Cirugía,Mañana,48,40,0.833,0,17
2026-07-13,Hospital Metropolitano Central,Cirugía,Tarde,48,44,0.917,0,6
2026-07-13,Hospital Metropolitano Central,Cirugía,Noche,48,28,0.583,0,9
2026-07-13,Hospital Metropolitano Central,Pediatría,Mañana,30,28,0.933,0,13
2026-07-13,Hospital Metropolitano Central,Pediatría,Tarde,30,28,0.933,1,79
2026-07-13,Hospital Metropolitano Central,Pediatría,Noche,30,27,0.9,0,13
2026-07-13,Hospital Metropolitano Central,Maternidad,Mañana,27,19,0.704,0,20
2026-07-13,Hospital Metropolitano Central,Maternidad,Tarde,27,25,0.926,0,16
2026-07-13,Hospital Metropolitano Central,Maternidad,Noche,27,22,0.815,0,20
2026-07-13,Hospital del Valle,Urgencias,Mañana,42,27,0.643,0,20
2026-07-13,Hospital del Valle,Urgencias,Tarde,42,34,0.81,0,7
2026-07-13,Hospital del Valle,Urgencias,Noche,42,35,0.833,0,18
2026-07-13,Hospital del Valle,UCI,Mañana,15,9,0.6,0,19
2026-07-13,Hospital del Valle,UCI,Tarde,15,11,0.733,0,10
2026-07-13,Hospital del Valle,UCI,Noche,15,10,0.667,0,10
2026-07-13,Hospital del Valle,Medicina Interna,Mañana,61,41,0.672,0,6
2026-07-13,Hospital del Valle,Medicina Interna,Tarde,61,40,0.656,0,15
2026-07-13,Hospital del Valle,Medicina Interna,Noche,61,46,0.754,0,20
2026-07-13,Hospital del Valle,Cirugía,Mañana,49,29,0.592,0,5
2026-07-13,Hospital del Valle,Cirugía,Tarde,49,28,0.571,0,13
2026-07-13,Hospital del Valle,Cirugía,Noche,49,26,0.531,0,11
2026-07-13,Hospital del Valle,Pediatría,Mañana,30,20,0.667,0,21
2026-07-13,Hospital del Valle,Pediatría,Tarde,30,22,0.733,0,9
2026-07-13,Hospital del Valle,Pediatría,Noche,30,19,0.633,0,16
2026-07-13,Hospital del Valle,Maternidad,Mañana,22,11,0.5,0,15
2026-07-13,Hospital del Valle,Maternidad,Tarde,22,12,0.545,0,7
2026-07-13,Hospital del Valle,Maternidad,Noche,22,14,0.636,0,9
2026-07-13,Hospital Costa Poniente,Urgencias,Mañana,37,28,0.757,0,7
2026-07-13,Hospital Costa Poniente,Urgencias,Tarde,37,30,0.811,0,22
2026-07-13,Hospital Costa Poniente,Urgencias,Noche,37,37,1.0,1,177
2026-07-13,Hospital Costa Poniente,UCI,Mañana,16,11,0.688,0,11
2026-07-13,Hospital Costa Poniente,UCI,Tarde,16,12,0.75,0,11
2026-07-13,Hospital Costa Poniente,UCI,Noche,16,13,0.812,0,13
2026-07-13,Hospital Costa Poniente,Medicina Interna,Mañana,65,44,0.677,0,23
2026-07-13,Hospital Costa Poniente,Medicina Interna,Tarde,65,51,0.785,0,11
2026-07-13,Hospital Costa Poniente,Medicina Interna,Noche,65,55,0.846,0,20
2026-07-13,Hospital Costa Poniente,Cirugía,Mañana,43,28,0.651,0,24
2026-07-13,Hospital Costa Poniente,Cirugía,Tarde,43,33,0.767,0,15
2026-07-13,Hospital Costa Poniente,Cirugía,Noche,43,23,0.535,0,24
2026-07-13,Hospital Costa Poniente,Pediatría,Mañana,28,19,0.679,0,16
2026-07-13,Hospital Costa Poniente,Pediatría,Tarde,28,22,0.786,0,25
2026-07-13,Hospital Costa Poniente,Pediatría,Noche,28,23,0.821,0,19
2026-07-13,Hospital Costa Poniente,Maternidad,Mañana,22,12,0.545,0,21
2026-07-13,Hospital Costa Poniente,Maternidad,Tarde,22,15,0.682,0,18
2026-07-13,Hospital Costa Poniente,Maternidad,Noche,22,14,0.636,0,25
2026-07-14,Hospital Regional Norte,Urgencias,Mañana,44,37,0.841,0,17
2026-07-14,Hospital Regional Norte,Urgencias,Tarde,44,38,0.864,0,10
2026-07-14,Hospital Regional Norte,Urgencias,Noche,44,44,1.0,3,107
2026-07-14,Hospital Regional Norte,UCI,Mañana,15,11,0.733,0,16
2026-07-14,Hospital Regional Norte,UCI,Tarde,15,13,0.867,0,13
2026-07-14,Hospital Regional Norte,UCI,Noche,15,12,0.8,0,5
2026-07-14,Hospital Regional Norte,Medicina Interna,Mañana,62,48,0.774,0,23
2026-07-14,Hospital Regional Norte,Medicina Interna,Tarde,62,60,0.968,0,27
2026-07-14,Hospital Regional Norte,Medicina Interna,Noche,62,50,0.806,0,14
2026-07-14,Hospital Regional Norte,Cirugía,Mañana,45,33,0.733,0,8
2026-07-14,Hospital Regional Norte,Cirugía,Tarde,45,37,0.822,0,24
2026-07-14,Hospital Regional Norte,Cirugía,Noche,45,29,0.644,0,7
2026-07-14,Hospital Regional Norte,Pediatría,Mañana,30,26,0.867,0,18
2026-07-14,Hospital Regional Norte,Pediatría,Tarde,30,27,0.9,0,15
2026-07-14,Hospital Regional Norte,Pediatría,Noche,30,25,0.833,0,6
2026-07-14,Hospital Regional Norte,Maternidad,Mañana,26,19,0.731,0,13
2026-07-14,Hospital Regional Norte,Maternidad,Tarde,26,20,0.769,0,8
2026-07-14,Hospital Regional Norte,Maternidad,Noche,26,19,0.731,0,24
2026-07-14,Hospital Metropolitano Central,Urgencias,Mañana,37,33,0.892,0,23
2026-07-14,Hospital Metropolitano Central,Urgencias,Tarde,37,34,0.919,1,52
2026-07-14,Hospital Metropolitano Central,Urgencias,Noche,37,37,1.0,6,166
2026-07-14,Hospital Metropolitano Central,UCI,Mañana,17,16,0.941,0,30
2026-07-14,Hospital Metropolitano Central,UCI,Tarde,17,15,0.882,0,23
2026-07-14,Hospital Metropolitano Central,UCI,Noche,17,17,1.0,0,21
2026-07-14,Hospital Metropolitano Central,Medicina Interna,Mañana,57,51,0.895,0,15
2026-07-14,Hospital Metropolitano Central,Medicina Interna,Tarde,57,56,0.982,1,129
2026-07-14,Hospital Metropolitano Central,Medicina Interna,Noche,57,57,1.0,0,30
2026-07-14,Hospital Metropolitano Central,Cirugía,Mañana,49,36,0.735,0,16
2026-07-14,Hospital Metropolitano Central,Cirugía,Tarde,49,46,0.939,0,8
2026-07-14,Hospital Metropolitano Central,Cirugía,Noche,49,27,0.551,0,6
2026-07-14,Hospital Metropolitano Central,Pediatría,Mañana,32,27,0.844,0,15
2026-07-14,Hospital Metropolitano Central,Pediatría,Tarde,32,32,1.0,1,106
2026-07-14,Hospital Metropolitano Central,Pediatría,Noche,32,28,0.875,0,16
2026-07-14,Hospital Metropolitano Central,Maternidad,Mañana,26,20,0.769,0,5
2026-07-14,Hospital Metropolitano Central,Maternidad,Tarde,26,24,0.923,0,18
2026-07-14,Hospital Metropolitano Central,Maternidad,Noche,26,23,0.885,0,6
2026-07-14,Hospital del Valle,Urgencias,Mañana,35,26,0.743,0,7
2026-07-14,Hospital del Valle,Urgencias,Tarde,35,24,0.686,0,24
2026-07-14,Hospital del Valle,Urgencias,Noche,35,32,0.914,0,17
2026-07-14,Hospital del Valle,UCI,Mañana,15,9,0.6,0,9
2026-07-14,Hospital del Valle,UCI,Tarde,15,11,0.733,0,8
2026-07-14,Hospital del Valle,UCI,Noche,15,10,0.667,0,9
2026-07-14,Hospital del Valle,Medicina Interna,Mañana,62,44,0.71,0,18
2026-07-14,Hospital del Valle,Medicina Interna,Tarde,62,46,0.742,0,8
2026-07-14,Hospital del Valle,Medicina Interna,Noche,62,43,0.694,0,12
2026-07-14,Hospital del Valle,Cirugía,Mañana,45,27,0.6,0,13
2026-07-14,Hospital del Valle,Cirugía,Tarde,45,27,0.6,0,20
2026-07-14,Hospital del Valle,Cirugía,Noche,45,18,0.4,0,13
2026-07-14,Hospital del Valle,Pediatría,Mañana,31,21,0.677,0,16
2026-07-14,Hospital del Valle,Pediatría,Tarde,31,23,0.742,0,12
2026-07-14,Hospital del Valle,Pediatría,Noche,31,22,0.71,0,11
2026-07-14,Hospital del Valle,Maternidad,Mañana,26,13,0.5,0,20
2026-07-14,Hospital del Valle,Maternidad,Tarde,26,14,0.538,0,5
2026-07-14,Hospital del Valle,Maternidad,Noche,26,16,0.615,0,19
2026-07-14,Hospital Costa Poniente,Urgencias,Mañana,42,29,0.69,0,8
2026-07-14,Hospital Costa Poniente,Urgencias,Tarde,42,34,0.81,0,23
2026-07-14,Hospital Costa Poniente,Urgencias,Noche,42,42,1.0,1,130
2026-07-14,Hospital Costa Poniente,UCI,Mañana,16,12,0.75,0,21
2026-07-14,Hospital Costa Poniente,UCI,Tarde,16,12,0.75,0,9
2026-07-14,Hospital Costa Poniente,UCI,Noche,16,12,0.75,0,16
2026-07-14,Hospital Costa Poniente,Medicina Interna,Mañana,57,42,0.737,0,24
2026-07-14,Hospital Costa Poniente,Medicina Interna,Tarde,57,47,0.825,0,17
2026-07-14,Hospital Costa Poniente,Medicina Interna,Noche,57,41,0.719,0,13
2026-07-14,Hospital Costa Poniente,Cirugía,Mañana,43,29,0.674,0,23
2026-07-14,Hospital Costa Poniente,Cirugía,Tarde,43,32,0.744,0,9
2026-07-14,Hospital Costa Poniente,Cirugía,Noche,43,22,0.512,0,8
2026-07-14,Hospital Costa Poniente,Pediatría,Mañana,31,22,0.71,0,19
2026-07-14,Hospital Costa Poniente,Pediatría,Tarde,31,24,0.774,0,5
2026-07-14,Hospital Costa Poniente,Pediatría,Noche,31,24,0.774,0,21
2026-07-14,Hospital Costa Poniente,Maternidad,Mañana,24,14,0.583,0,22
2026-07-14,Hospital Costa Poniente,Maternidad,Tarde,24,15,0.625,0,18
2026-07-14,Hospital Costa Poniente,Maternidad,Noche,24,15,0.625,0,17
2026-07-15,Hospital Regional Norte,Urgencias,Mañana,39,33,0.846,0,6
2026-07-15,Hospital Regional Norte,Urgencias,Tarde,39,36,0.923,0,16
2026-07-15,Hospital Regional Norte,Urgencias,Noche,39,39,1.0,3,165
2026-07-15,Hospital Regional Norte,UCI,Mañana,15,12,0.8,0,24
2026-07-15,Hospital Regional Norte,UCI,Tarde,15,13,0.867,0,26
2026-07-15,Hospital Regional Norte,UCI,Noche,15,13,0.867,0,30
2026-07-15,Hospital Regional Norte,Medicina Interna,Mañana,55,42,0.764,0,8
2026-07-15,Hospital Regional Norte,Medicina Interna,Tarde,55,46,0.836,0,6
2026-07-15,Hospital Regional Norte,Medicina Interna,Noche,55,49,0.891,0,12
2026-07-15,Hospital Regional Norte,Cirugía,Mañana,39,26,0.667,0,12
2026-07-15,Hospital Regional Norte,Cirugía,Tarde,39,34,0.872,0,17
2026-07-15,Hospital Regional Norte,Cirugía,Noche,39,22,0.564,0,8
2026-07-15,Hospital Regional Norte,Pediatría,Mañana,27,24,0.889,0,13
2026-07-15,Hospital Regional Norte,Pediatría,Tarde,27,25,0.926,0,16
2026-07-15,Hospital Regional Norte,Pediatría,Noche,27,23,0.852,0,14
2026-07-15,Hospital Regional Norte,Maternidad,Mañana,26,18,0.692,0,5
2026-07-15,Hospital Regional Norte,Maternidad,Tarde,26,19,0.731,0,21
2026-07-15,Hospital Regional Norte,Maternidad,Noche,26,21,0.808,0,24
2026-07-15,Hospital Metropolitano Central,Urgencias,Mañana,39,34,0.872,0,12
2026-07-15,Hospital Metropolitano Central,Urgencias,Tarde,39,37,0.949,1,91
2026-07-15,Hospital Metropolitano Central,Urgencias,Noche,39,39,1.0,5,88
2026-07-15,Hospital Metropolitano Central,UCI,Mañana,15,13,0.867,0,18
2026-07-15,Hospital Metropolitano Central,UCI,Tarde,15,15,1.0,0,10
2026-07-15,Hospital Metropolitano Central,UCI,Noche,15,15,1.0,0,28
2026-07-15,Hospital Metropolitano Central,Medicina Interna,Mañana,51,49,0.961,0,11
2026-07-15,Hospital Metropolitano Central,Medicina Interna,Tarde,51,51,1.0,1,123
2026-07-15,Hospital Metropolitano Central,Medicina Interna,Noche,51,48,0.941,0,10
2026-07-15,Hospital Metropolitano Central,Cirugía,Mañana,47,39,0.83,0,8
2026-07-15,Hospital Metropolitano Central,Cirugía,Tarde,47,40,0.851,0,15
2026-07-15,Hospital Metropolitano Central,Cirugía,Noche,47,29,0.617,0,16
2026-07-15,Hospital Metropolitano Central,Pediatría,Mañana,33,28,0.848,0,20
2026-07-15,Hospital Metropolitano Central,Pediatría,Tarde,33,32,0.97,1,140
2026-07-15,Hospital Metropolitano Central,Pediatría,Noche,33,32,0.97,0,29
2026-07-15,Hospital Metropolitano Central,Maternidad,Mañana,24,18,0.75,0,21
2026-07-15,Hospital Metropolitano Central,Maternidad,Tarde,24,21,0.875,0,5
2026-07-15,Hospital Metropolitano Central,Maternidad,Noche,24,18,0.75,0,18
2026-07-15,Hospital del Valle,Urgencias,Mañana,43,29,0.674,0,9
2026-07-15,Hospital del Valle,Urgencias,Tarde,43,30,0.698,0,5
2026-07-15,Hospital del Valle,Urgencias,Noche,43,36,0.837,0,18
2026-07-15,Hospital del Valle,UCI,Mañana,15,10,0.667,0,11
2026-07-15,Hospital del Valle,UCI,Tarde,15,12,0.8,0,17
2026-07-15,Hospital del Valle,UCI,Noche,15,11,0.733,0,13
2026-07-15,Hospital del Valle,Medicina Interna,Mañana,64,43,0.672,0,19
2026-07-15,Hospital del Valle,Medicina Interna,Tarde,64,51,0.797,0,21
2026-07-15,Hospital del Valle,Medicina Interna,Noche,64,40,0.625,0,16
2026-07-15,Hospital del Valle,Cirugía,Mañana,48,27,0.562,0,18
2026-07-15,Hospital del Valle,Cirugía,Tarde,48,34,0.708,0,13
2026-07-15,Hospital del Valle,Cirugía,Noche,48,20,0.417,0,6
2026-07-15,Hospital del Valle,Pediatría,Mañana,30,21,0.7,0,24
2026-07-15,Hospital del Valle,Pediatría,Tarde,30,20,0.667,0,19
2026-07-15,Hospital del Valle,Pediatría,Noche,30,21,0.7,0,16
2026-07-15,Hospital del Valle,Maternidad,Mañana,23,15,0.652,0,20
2026-07-15,Hospital del Valle,Maternidad,Tarde,23,16,0.696,0,9
2026-07-15,Hospital del Valle,Maternidad,Noche,23,14,0.609,0,9
2026-07-15,Hospital Costa Poniente,Urgencias,Mañana,39,28,0.718,0,22
2026-07-15,Hospital Costa Poniente,Urgencias,Tarde,39,33,0.846,0,14
2026-07-15,Hospital Costa Poniente,Urgencias,Noche,39,38,0.974,0,19
2026-07-15,Hospital Costa Poniente,UCI,Mañana,14,9,0.643,0,14
2026-07-15,Hospital Costa Poniente,UCI,Tarde,14,12,0.857,0,25
2026-07-15,Hospital Costa Poniente,UCI,Noche,14,11,0.786,0,18
2026-07-15,Hospital Costa Poniente,Medicina Interna,Mañana,56,44,0.786,0,6
2026-07-15,Hospital Costa Poniente,Medicina Interna,Tarde,56,43,0.768,0,16
2026-07-15,Hospital Costa Poniente,Medicina Interna,Noche,56,47,0.839,0,21
2026-07-15,Hospital Costa Poniente,Cirugía,Mañana,46,32,0.696,0,9
2026-07-15,Hospital Costa Poniente,Cirugía,Tarde,46,37,0.804,0,13
2026-07-15,Hospital Costa Poniente,Cirugía,Noche,46,21,0.457,0,11
2026-07-15,Hospital Costa Poniente,Pediatría,Mañana,29,24,0.828,0,14
2026-07-15,Hospital Costa Poniente,Pediatría,Tarde,29,23,0.793,0,20
2026-07-15,Hospital Costa Poniente,Pediatría,Noche,29,25,0.862,0,12
2026-07-15,Hospital Costa Poniente,Maternidad,Mañana,26,17,0.654,0,18
2026-07-15,Hospital Costa Poniente,Maternidad,Tarde,26,18,0.692,0,8
2026-07-15,Hospital Costa Poniente,Maternidad,Noche,26,19,0.731,0,14
2026-07-16,Hospital Regional Norte,Urgencias,Mañana,40,32,0.8,0,18
2026-07-16,Hospital Regional Norte,Urgencias,Tarde,40,38,0.95,0,28
2026-07-16,Hospital Regional Norte,Urgencias,Noche,40,40,1.0,4,125
2026-07-16,Hospital Regional Norte,UCI,Mañana,15,11,0.733,0,14
2026-07-16,Hospital Regional Norte,UCI,Tarde,15,12,0.8,0,23
2026-07-16,Hospital Regional Norte,UCI,Noche,15,14,0.933,0,15
2026-07-16,Hospital Regional Norte,Medicina Interna,Mañana,57,51,0.895,0,18
2026-07-16,Hospital Regional Norte,Medicina Interna,Tarde,57,48,0.842,0,21
2026-07-16,Hospital Regional Norte,Medicina Interna,Noche,57,49,0.86,0,15
2026-07-16,Hospital Regional Norte,Cirugía,Mañana,44,34,0.773,0,16
2026-07-16,Hospital Regional Norte,Cirugía,Tarde,44,35,0.795,0,18
2026-07-16,Hospital Regional Norte,Cirugía,Noche,44,25,0.568,0,18
2026-07-16,Hospital Regional Norte,Pediatría,Mañana,29,26,0.897,0,5
2026-07-16,Hospital Regional Norte,Pediatría,Tarde,29,29,1.0,0,14
2026-07-16,Hospital Regional Norte,Pediatría,Noche,29,26,0.897,0,14
2026-07-16,Hospital Regional Norte,Maternidad,Mañana,26,19,0.731,0,16
2026-07-16,Hospital Regional Norte,Maternidad,Tarde,26,19,0.731,0,22
2026-07-16,Hospital Regional Norte,Maternidad,Noche,26,21,0.808,0,14
2026-07-16,Hospital Metropolitano Central,Urgencias,Mañana,35,34,0.971,0,10
2026-07-16,Hospital Metropolitano Central,Urgencias,Tarde,35,35,1.0,1,183
2026-07-16,Hospital Metropolitano Central,Urgencias,Noche,35,35,1.0,3,138
2026-07-16,Hospital Metropolitano Central,UCI,Mañana,14,12,0.857,0,28
2026-07-16,Hospital Metropolitano Central,UCI,Tarde,14,14,1.0,0,11
2026-07-16,Hospital Metropolitano Central,UCI,Noche,14,13,0.929,0,26
2026-07-16,Hospital Metropolitano Central,Medicina Interna,Mañana,62,51,0.823,0,11
2026-07-16,Hospital Metropolitano Central,Medicina Interna,Tarde,62,61,0.984,1,175
2026-07-16,Hospital Metropolitano Central,Medicina Interna,Noche,62,56,0.903,0,25
2026-07-16,Hospital Metropolitano Central,Cirugía,Mañana,48,37,0.771,0,14
2026-07-16,Hospital Metropolitano Central,Cirugía,Tarde,48,44,0.917,0,5
2026-07-16,Hospital Metropolitano Central,Cirugía,Noche,48,32,0.667,0,24
2026-07-16,Hospital Metropolitano Central,Pediatría,Mañana,31,26,0.839,0,5
2026-07-16,Hospital Metropolitano Central,Pediatría,Tarde,31,29,0.935,1,181
2026-07-16,Hospital Metropolitano Central,Pediatría,Noche,31,28,0.903,0,8
2026-07-16,Hospital Metropolitano Central,Maternidad,Mañana,24,20,0.833,0,19
2026-07-16,Hospital Metropolitano Central,Maternidad,Tarde,24,20,0.833,0,8
2026-07-16,Hospital Metropolitano Central,Maternidad,Noche,24,19,0.792,0,20
2026-07-16,Hospital del Valle,Urgencias,Mañana,44,31,0.705,0,22
2026-07-16,Hospital del Valle,Urgencias,Tarde,44,30,0.682,0,24
2026-07-16,Hospital del Valle,Urgencias,Noche,44,39,0.886,0,24
2026-07-16,Hospital del Valle,UCI,Mañana,14,8,0.571,0,5
2026-07-16,Hospital del Valle,UCI,Tarde,14,9,0.643,0,12
2026-07-16,Hospital del Valle,UCI,Noche,14,9,0.643,0,22
2026-07-16,Hospital del Valle,Medicina Interna,Mañana,54,35,0.648,0,14
2026-07-16,Hospital del Valle,Medicina Interna,Tarde,54,40,0.741,0,23
2026-07-16,Hospital del Valle,Medicina Interna,Noche,54,37,0.685,0,13
2026-07-16,Hospital del Valle,Cirugía,Mañana,43,26,0.605,0,8
2026-07-16,Hospital del Valle,Cirugía,Tarde,43,27,0.628,0,18
2026-07-16,Hospital del Valle,Cirugía,Noche,43,17,0.395,0,14
2026-07-16,Hospital del Valle,Pediatría,Mañana,29,19,0.655,0,5
2026-07-16,Hospital del Valle,Pediatría,Tarde,29,21,0.724,0,6
2026-07-16,Hospital del Valle,Pediatría,Noche,29,21,0.724,0,24
2026-07-16,Hospital del Valle,Maternidad,Mañana,24,15,0.625,0,16
2026-07-16,Hospital del Valle,Maternidad,Tarde,24,17,0.708,0,19
2026-07-16,Hospital del Valle,Maternidad,Noche,24,16,0.667,0,19
2026-07-16,Hospital Costa Poniente,Urgencias,Mañana,37,31,0.838,0,16
2026-07-16,Hospital Costa Poniente,Urgencias,Tarde,37,31,0.838,0,21
2026-07-16,Hospital Costa Poniente,Urgencias,Noche,37,35,0.946,1,185
2026-07-16,Hospital Costa Poniente,UCI,Mañana,16,11,0.688,0,9
2026-07-16,Hospital Costa Poniente,UCI,Tarde,16,12,0.75,0,23
2026-07-16,Hospital Costa Poniente,UCI,Noche,16,12,0.75,0,9
2026-07-16,Hospital Costa Poniente,Medicina Interna,Mañana,55,43,0.782,0,14
2026-07-16,Hospital Costa Poniente,Medicina Interna,Tarde,55,49,0.891,0,7
2026-07-16,Hospital Costa Poniente,Medicina Interna,Noche,55,46,0.836,0,25
2026-07-16,Hospital Costa Poniente,Cirugía,Mañana,44,32,0.727,0,24
2026-07-16,Hospital Costa Poniente,Cirugía,Tarde,44,33,0.75,0,23
2026-07-16,Hospital Costa Poniente,Cirugía,Noche,44,24,0.545,0,21
2026-07-16,Hospital Costa Poniente,Pediatría,Mañana,31,23,0.742,0,9
2026-07-16,Hospital Costa Poniente,Pediatría,Tarde,31,26,0.839,0,23
2026-07-16,Hospital Costa Poniente,Pediatría,Noche,31,27,0.871,0,16
2026-07-16,Hospital Costa Poniente,Maternidad,Mañana,25,17,0.68,0,7
2026-07-16,Hospital Costa Poniente,Maternidad,Tarde,25,16,0.64,0,10
2026-07-16,Hospital Costa Poniente,Maternidad,Noche,25,16,0.64,0,8
2026-07-17,Hospital Regional Norte,Urgencias,Mañana,39,34,0.872,0,15
2026-07-17,Hospital Regional Norte,Urgencias,Tarde,39,38,0.974,0,17
2026-07-17,Hospital Regional Norte,Urgencias,Noche,39,39,1.0,4,167
2026-07-17,Hospital Regional Norte,UCI,Mañana,17,13,0.765,0,13
2026-07-17,Hospital Regional Norte,UCI,Tarde,17,14,0.824,0,7
2026-07-17,Hospital Regional Norte,UCI,Noche,17,15,0.882,0,30
2026-07-17,Hospital Regional Norte,Medicina Interna,Mañana,64,57,0.891,0,15
2026-07-17,Hospital Regional Norte,Medicina Interna,Tarde,64,54,0.844,0,19
2026-07-17,Hospital Regional Norte,Medicina Interna,Noche,64,54,0.844,0,25
2026-07-17,Hospital Regional Norte,Cirugía,Mañana,45,31,0.689,0,13
2026-07-17,Hospital Regional Norte,Cirugía,Tarde,45,36,0.8,0,14
2026-07-17,Hospital Regional Norte,Cirugía,Noche,45,24,0.533,0,10
2026-07-17,Hospital Regional Norte,Pediatría,Mañana,29,24,0.828,0,11
2026-07-17,Hospital Regional Norte,Pediatría,Tarde,29,25,0.862,0,5
2026-07-17,Hospital Regional Norte,Pediatría,Noche,29,26,0.897,0,8
2026-07-17,Hospital Regional Norte,Maternidad,Mañana,23,18,0.783,0,5
2026-07-17,Hospital Regional Norte,Maternidad,Tarde,23,18,0.783,0,18
2026-07-17,Hospital Regional Norte,Maternidad,Noche,23,18,0.783,0,7
2026-07-17,Hospital Metropolitano Central,Urgencias,Mañana,37,35,0.946,0,30
2026-07-17,Hospital Metropolitano Central,Urgencias,Tarde,37,37,1.0,1,105
2026-07-17,Hospital Metropolitano Central,Urgencias,Noche,37,37,1.0,5,171
2026-07-17,Hospital Metropolitano Central,UCI,Mañana,17,16,0.941,0,24
2026-07-17,Hospital Metropolitano Central,UCI,Tarde,17,16,0.941,0,12
2026-07-17,Hospital Metropolitano Central,UCI,Noche,17,17,1.0,0,26
2026-07-17,Hospital Metropolitano Central,Medicina Interna,Mañana,55,46,0.836,0,12
2026-07-17,Hospital Metropolitano Central,Medicina Interna,Tarde,55,50,0.909,0,22
2026-07-17,Hospital Metropolitano Central,Medicina Interna,Noche,55,50,0.909,0,12
2026-07-17,Hospital Metropolitano Central,Cirugía,Mañana,47,36,0.766,0,13
2026-07-17,Hospital Metropolitano Central,Cirugía,Tarde,47,40,0.851,0,16
2026-07-17,Hospital Metropolitano Central,Cirugía,Noche,47,26,0.553,0,10
2026-07-17,Hospital Metropolitano Central,Pediatría,Mañana,33,28,0.848,0,23
2026-07-17,Hospital Metropolitano Central,Pediatría,Tarde,33,32,0.97,1,178
2026-07-17,Hospital Metropolitano Central,Pediatría,Noche,33,31,0.939,0,13
2026-07-17,Hospital Metropolitano Central,Maternidad,Mañana,25,21,0.84,0,13
2026-07-17,Hospital Metropolitano Central,Maternidad,Tarde,25,22,0.88,0,6
2026-07-17,Hospital Metropolitano Central,Maternidad,Noche,25,20,0.8,0,13
2026-07-17,Hospital del Valle,Urgencias,Mañana,36,26,0.722,0,6
2026-07-17,Hospital del Valle,Urgencias,Tarde,36,24,0.667,0,22
2026-07-17,Hospital del Valle,Urgencias,Noche,36,33,0.917,0,15
2026-07-17,Hospital del Valle,UCI,Mañana,17,11,0.647,0,6
2026-07-17,Hospital del Valle,UCI,Tarde,17,11,0.647,0,7
2026-07-17,Hospital del Valle,UCI,Noche,17,13,0.765,0,23
2026-07-17,Hospital del Valle,Medicina Interna,Mañana,65,44,0.677,0,6
2026-07-17,Hospital del Valle,Medicina Interna,Tarde,65,45,0.692,0,7
2026-07-17,Hospital del Valle,Medicina Interna,Noche,65,49,0.754,0,24
2026-07-17,Hospital del Valle,Cirugía,Mañana,47,30,0.638,0,22
2026-07-17,Hospital del Valle,Cirugía,Tarde,47,30,0.638,0,9
2026-07-17,Hospital del Valle,Cirugía,Noche,47,20,0.426,0,6
2026-07-17,Hospital del Valle,Pediatría,Mañana,26,17,0.654,0,12
2026-07-17,Hospital del Valle,Pediatría,Tarde,26,19,0.731,0,18
2026-07-17,Hospital del Valle,Pediatría,Noche,26,18,0.692,0,12
2026-07-17,Hospital del Valle,Maternidad,Mañana,21,10,0.476,0,11
2026-07-17,Hospital del Valle,Maternidad,Tarde,21,13,0.619,0,17
2026-07-17,Hospital del Valle,Maternidad,Noche,21,13,0.619,0,5
2026-07-17,Hospital Costa Poniente,Urgencias,Mañana,40,27,0.675,0,17
2026-07-17,Hospital Costa Poniente,Urgencias,Tarde,40,34,0.85,0,18
2026-07-17,Hospital Costa Poniente,Urgencias,Noche,40,40,1.0,1,80
2026-07-17,Hospital Costa Poniente,UCI,Mañana,14,10,0.714,0,16
2026-07-17,Hospital Costa Poniente,UCI,Tarde,14,11,0.786,0,15
2026-07-17,Hospital Costa Poniente,UCI,Noche,14,11,0.786,0,6
2026-07-17,Hospital Costa Poniente,Medicina Interna,Mañana,55,37,0.673,0,5
2026-07-17,Hospital Costa Poniente,Medicina Interna,Tarde,55,42,0.764,0,22
2026-07-17,Hospital Costa Poniente,Medicina Interna,Noche,55,43,0.782,0,5
2026-07-17,Hospital Costa Poniente,Cirugía,Mañana,48,29,0.604,0,6
2026-07-17,Hospital Costa Poniente,Cirugía,Tarde,48,31,0.646,0,9
2026-07-17,Hospital Costa Poniente,Cirugía,Noche,48,24,0.5,0,14
2026-07-17,Hospital Costa Poniente,Pediatría,Mañana,26,19,0.731,0,25
2026-07-17,Hospital Costa Poniente,Pediatría,Tarde,26,23,0.885,0,14
2026-07-17,Hospital Costa Poniente,Pediatría,Noche,26,19,0.731,0,17
2026-07-17,Hospital Costa Poniente,Maternidad,Mañana,24,14,0.583,0,7
2026-07-17,Hospital Costa Poniente,Maternidad,Tarde,24,15,0.625,0,22
2026-07-17,Hospital Costa Poniente,Maternidad,Noche,24,15,0.625,0,16
2026-07-18,Hospital Regional Norte,Urgencias,Mañana,43,43,1.0,0,19
2026-07-18,Hospital Regional Norte,Urgencias,Tarde,43,43,1.0,3,143
2026-07-18,Hospital Regional Norte,Urgencias,Noche,43,43,1.0,9,198
2026-07-18,Hospital Regional Norte,UCI,Mañana,16,11,0.688,0,16
2026-07-18,Hospital Regional Norte,UCI,Tarde,16,15,0.938,0,29
2026-07-18,Hospital Regional Norte,UCI,Noche,16,14,0.875,0,14
2026-07-18,Hospital Regional Norte,Medicina Interna,Mañana,64,50,0.781,0,14
2026-07-18,Hospital Regional Norte,Medicina Interna,Tarde,64,58,0.906,0,11
2026-07-18,Hospital Regional Norte,Medicina Interna,Noche,64,49,0.766,0,9
2026-07-18,Hospital Regional Norte,Cirugía,Mañana,39,26,0.667,0,19
2026-07-18,Hospital Regional Norte,Cirugía,Tarde,39,31,0.795,0,19
2026-07-18,Hospital Regional Norte,Cirugía,Noche,39,24,0.615,0,5
2026-07-18,Hospital Regional Norte,Pediatría,Mañana,29,21,0.724,0,13
2026-07-18,Hospital Regional Norte,Pediatría,Tarde,29,26,0.897,0,14
2026-07-18,Hospital Regional Norte,Pediatría,Noche,29,26,0.897,0,7
2026-07-18,Hospital Regional Norte,Maternidad,Mañana,22,16,0.727,0,17
2026-07-18,Hospital Regional Norte,Maternidad,Tarde,22,17,0.773,0,17
2026-07-18,Hospital Regional Norte,Maternidad,Noche,22,15,0.682,0,6
2026-07-18,Hospital Metropolitano Central,Urgencias,Mañana,36,36,1.0,2,74
2026-07-18,Hospital Metropolitano Central,Urgencias,Tarde,36,36,1.0,4,146
2026-07-18,Hospital Metropolitano Central,Urgencias,Noche,36,36,1.0,9,176
2026-07-18,Hospital Metropolitano Central,UCI,Mañana,17,14,0.824,0,5
2026-07-18,Hospital Metropolitano Central,UCI,Tarde,17,15,0.882,0,23
2026-07-18,Hospital Metropolitano Central,UCI,Noche,17,17,1.0,0,11
2026-07-18,Hospital Metropolitano Central,Medicina Interna,Mañana,63,54,0.857,0,14
2026-07-18,Hospital Metropolitano Central,Medicina Interna,Tarde,63,63,1.0,0,24
2026-07-18,Hospital Metropolitano Central,Medicina Interna,Noche,63,56,0.889,0,23
2026-07-18,Hospital Metropolitano Central,Cirugía,Mañana,47,34,0.723,0,17
2026-07-18,Hospital Metropolitano Central,Cirugía,Tarde,47,39,0.83,0,12
2026-07-18,Hospital Metropolitano Central,Cirugía,Noche,47,25,0.532,0,5
2026-07-18,Hospital Metropolitano Central,Pediatría,Mañana,28,25,0.893,0,13
2026-07-18,Hospital Metropolitano Central,Pediatría,Tarde,28,25,0.893,0,12
2026-07-18,Hospital Metropolitano Central,Pediatría,Noche,28,26,0.929,0,28
2026-07-18,Hospital Metropolitano Central,Maternidad,Mañana,24,18,0.75,0,16
2026-07-18,Hospital Metropolitano Central,Maternidad,Tarde,24,19,0.792,0,13
2026-07-18,Hospital Metropolitano Central,Maternidad,Noche,24,20,0.833,0,24
2026-07-18,Hospital del Valle,Urgencias,Mañana,34,25,0.735,0,15
2026-07-18,Hospital del Valle,Urgencias,Tarde,34,30,0.882,0,10
2026-07-18,Hospital del Valle,Urgencias,Noche,34,34,1.0,1,53
2026-07-18,Hospital del Valle,UCI,Mañana,14,8,0.571,0,25
2026-07-18,Hospital del Valle,UCI,Tarde,14,10,0.714,0,11
2026-07-18,Hospital del Valle,UCI,Noche,14,9,0.643,0,23
2026-07-18,Hospital del Valle,Medicina Interna,Mañana,65,38,0.585,0,24
2026-07-18,Hospital del Valle,Medicina Interna,Tarde,65,45,0.692,0,7
2026-07-18,Hospital del Valle,Medicina Interna,Noche,65,41,0.631,0,13
2026-07-18,Hospital del Valle,Cirugía,Mañana,47,24,0.511,0,20
2026-07-18,Hospital del Valle,Cirugía,Tarde,47,26,0.553,0,25
2026-07-18,Hospital del Valle,Cirugía,Noche,47,18,0.383,0,24
2026-07-18,Hospital del Valle,Pediatría,Mañana,30,17,0.567,0,25
2026-07-18,Hospital del Valle,Pediatría,Tarde,30,18,0.6,0,21
2026-07-18,Hospital del Valle,Pediatría,Noche,30,21,0.7,0,23
2026-07-18,Hospital del Valle,Maternidad,Mañana,23,13,0.565,0,12
2026-07-18,Hospital del Valle,Maternidad,Tarde,23,12,0.522,0,13
2026-07-18,Hospital del Valle,Maternidad,Noche,23,15,0.652,0,5
2026-07-18,Hospital Costa Poniente,Urgencias,Mañana,41,38,0.927,0,16
2026-07-18,Hospital Costa Poniente,Urgencias,Tarde,41,39,0.951,0,17
2026-07-18,Hospital Costa Poniente,Urgencias,Noche,41,41,1.0,3,167
2026-07-18,Hospital Costa Poniente,UCI,Mañana,16,10,0.625,0,15
2026-07-18,Hospital Costa Poniente,UCI,Tarde,16,12,0.75,0,18
2026-07-18,Hospital Costa Poniente,UCI,Noche,16,11,0.688,0,18
2026-07-18,Hospital Costa Poniente,Medicina Interna,Mañana,64,41,0.641,0,15
2026-07-18,Hospital Costa Poniente,Medicina Interna,Tarde,64,51,0.797,0,16
2026-07-18,Hospital Costa Poniente,Medicina Interna,Noche,64,46,0.719,0,18
2026-07-18,Hospital Costa Poniente,Cirugía,Mañana,48,29,0.604,0,14
2026-07-18,Hospital Costa Poniente,Cirugía,Tarde,48,34,0.708,0,10
2026-07-18,Hospital Costa Poniente,Cirugía,Noche,48,23,0.479,0,14
2026-07-18,Hospital Costa Poniente,Pediatría,Mañana,32,25,0.781,0,5
2026-07-18,Hospital Costa Poniente,Pediatría,Tarde,32,23,0.719,0,11
2026-07-18,Hospital Costa Poniente,Pediatría,Noche,32,25,0.781,0,21
2026-07-18,Hospital Costa Poniente,Maternidad,Mañana,26,17,0.654,0,23
2026-07-18,Hospital Costa Poniente,Maternidad,Tarde,26,18,0.692,0,11
2026-07-18,Hospital Costa Poniente,Maternidad,Noche,26,16,0.615,0,23
2026-07-19,Hospital Regional Norte,Urgencias,Mañana,34,34,1.0,0,30
2026-07-19,Hospital Regional Norte,Urgencias,Tarde,34,34,1.0,1,109
2026-07-19,Hospital Regional Norte,Urgencias,Noche,34,34,1.0,6,194
2026-07-19,Hospital Regional Norte,UCI,Mañana,17,14,0.824,0,21
2026-07-19,Hospital Regional Norte,UCI,Tarde,17,15,0.882,0,26
2026-07-19,Hospital Regional Norte,UCI,Noche,17,15,0.882,0,16
2026-07-19,Hospital Regional Norte,Medicina Interna,Mañana,64,48,0.75,0,12
2026-07-19,Hospital Regional Norte,Medicina Interna,Tarde,64,54,0.844,0,16
2026-07-19,Hospital Regional Norte,Medicina Interna,Noche,64,50,0.781,0,15
2026-07-19,Hospital Regional Norte,Cirugía,Mañana,47,30,0.638,0,12
2026-07-19,Hospital Regional Norte,Cirugía,Tarde,47,36,0.766,0,18
2026-07-19,Hospital Regional Norte,Cirugía,Noche,47,25,0.532,0,16
2026-07-19,Hospital Regional Norte,Pediatría,Mañana,30,22,0.733,0,16
2026-07-19,Hospital Regional Norte,Pediatría,Tarde,30,27,0.9,0,24
2026-07-19,Hospital Regional Norte,Pediatría,Noche,30,24,0.8,0,18
2026-07-19,Hospital Regional Norte,Maternidad,Mañana,23,17,0.739,0,9
2026-07-19,Hospital Regional Norte,Maternidad,Tarde,23,19,0.826,0,12
2026-07-19,Hospital Regional Norte,Maternidad,Noche,23,18,0.783,0,18
2026-07-19,Hospital Metropolitano Central,Urgencias,Mañana,41,41,1.0,2,128
2026-07-19,Hospital Metropolitano Central,Urgencias,Tarde,41,41,1.0,3,173
2026-07-19,Hospital Metropolitano Central,Urgencias,Noche,41,41,1.0,9,131
2026-07-19,Hospital Metropolitano Central,UCI,Mañana,17,13,0.765,0,8
2026-07-19,Hospital Metropolitano Central,UCI,Tarde,17,15,0.882,0,25
2026-07-19,Hospital Metropolitano Central,UCI,Noche,17,16,0.941,0,11
2026-07-19,Hospital Metropolitano Central,Medicina Interna,Mañana,64,49,0.766,0,10
2026-07-19,Hospital Metropolitano Central,Medicina Interna,Tarde,64,64,1.0,0,26
2026-07-19,Hospital Metropolitano Central,Medicina Interna,Noche,64,61,0.953,0,18
2026-07-19,Hospital Metropolitano Central,Cirugía,Mañana,42,31,0.738,0,22
2026-07-19,Hospital Metropolitano Central,Cirugía,Tarde,42,33,0.786,0,14
2026-07-19,Hospital Metropolitano Central,Cirugía,Noche,42,22,0.524,0,15
2026-07-19,Hospital Metropolitano Central,Pediatría,Mañana,30,26,0.867,0,6
2026-07-19,Hospital Metropolitano Central,Pediatría,Tarde,30,26,0.867,0,16
2026-07-19,Hospital Metropolitano Central,Pediatría,Noche,30,29,0.967,0,30
2026-07-19,Hospital Metropolitano Central,Maternidad,Mañana,24,19,0.792,0,14
2026-07-19,Hospital Metropolitano Central,Maternidad,Tarde,24,21,0.875,0,9
2026-07-19,Hospital Metropolitano Central,Maternidad,Noche,24,20,0.833,0,23
2026-07-19,Hospital del Valle,Urgencias,Mañana,43,36,0.837,0,7
2026-07-19,Hospital del Valle,Urgencias,Tarde,43,34,0.791,0,5
2026-07-19,Hospital del Valle,Urgencias,Noche,43,43,1.0,1,167
2026-07-19,Hospital del Valle,UCI,Mañana,15,8,0.533,0,23
2026-07-19,Hospital del Valle,UCI,Tarde,15,9,0.6,0,8
2026-07-19,Hospital del Valle,UCI,Noche,15,9,0.6,0,20
2026-07-19,Hospital del Valle,Medicina Interna,Mañana,56,35,0.625,0,21
2026-07-19,Hospital del Valle,Medicina Interna,Tarde,56,39,0.696,0,18
2026-07-19,Hospital del Valle,Medicina Interna,Noche,56,34,0.607,0,17
2026-07-19,Hospital del Valle,Cirugía,Mañana,42,21,0.5,0,9
2026-07-19,Hospital del Valle,Cirugía,Tarde,42,22,0.524,0,11
2026-07-19,Hospital del Valle,Cirugía,Noche,42,18,0.429,0,13
2026-07-19,Hospital del Valle,Pediatría,Mañana,30,19,0.633,0,8
2026-07-19,Hospital del Valle,Pediatría,Tarde,30,20,0.667,0,10
2026-07-19,Hospital del Valle,Pediatría,Noche,30,18,0.6,0,13
2026-07-19,Hospital del Valle,Maternidad,Mañana,24,12,0.5,0,10
2026-07-19,Hospital del Valle,Maternidad,Tarde,24,13,0.542,0,13
2026-07-19,Hospital del Valle,Maternidad,Noche,24,15,0.625,0,8
2026-07-19,Hospital Costa Poniente,Urgencias,Mañana,43,38,0.884,0,9
2026-07-19,Hospital Costa Poniente,Urgencias,Tarde,43,38,0.884,0,22
2026-07-19,Hospital Costa Poniente,Urgencias,Noche,43,43,1.0,5,87
2026-07-19,Hospital Costa Poniente,UCI,Mañana,17,13,0.765,0,22
2026-07-19,Hospital Costa Poniente,UCI,Tarde,17,13,0.765,0,11
2026-07-19,Hospital Costa Poniente,UCI,Noche,17,12,0.706,0,5
2026-07-19,Hospital Costa Poniente,Medicina Interna,Mañana,57,38,0.667,0,23
2026-07-19,Hospital Costa Poniente,Medicina Interna,Tarde,57,43,0.754,0,19
2026-07-19,Hospital Costa Poniente,Medicina Interna,Noche,57,42,0.737,0,19
2026-07-19,Hospital Costa Poniente,Cirugía,Mañana,42,23,0.548,0,8
2026-07-19,Hospital Costa Poniente,Cirugía,Tarde,42,28,0.667,0,18
2026-07-19,Hospital Costa Poniente,Cirugía,Noche,42,21,0.5,0,7
2026-07-19,Hospital Costa Poniente,Pediatría,Mañana,32,25,0.781,0,8
2026-07-19,Hospital Costa Poniente,Pediatría,Tarde,32,27,0.844,0,7
2026-07-19,Hospital Costa Poniente,Pediatría,Noche,32,25,0.781,0,12
2026-07-19,Hospital Costa Poniente,Maternidad,Mañana,26,15,0.577,0,21
2026-07-19,Hospital Costa Poniente,Maternidad,Tarde,26,17,0.654,0,19
2026-07-19,Hospital Costa Poniente,Maternidad,Noche,26,17,0.654,0,21
2026-07-20,Hospital Regional Norte,Urgencias,Mañana,41,32,0.78,0,15
2026-07-20,Hospital Regional Norte,Urgencias,Tarde,41,41,1.0,0,13
2026-07-20,Hospital Regional Norte,Urgencias,Noche,41,41,1.0,4,142
2026-07-20,Hospital Regional Norte,UCI,Mañana,17,14,0.824,0,25
2026-07-20,Hospital Regional Norte,UCI,Tarde,17,14,0.824,0,25
2026-07-20,Hospital Regional Norte,UCI,Noche,17,16,0.941,0,28
2026-07-20,Hospital Regional Norte,Medicina Interna,Mañana,57,51,0.895,0,11
2026-07-20,Hospital Regional Norte,Medicina Interna,Tarde,57,50,0.877,0,9
2026-07-20,Hospital Regional Norte,Medicina Interna,Noche,57,49,0.86,0,10
2026-07-20,Hospital Regional Norte,Cirugía,Mañana,47,33,0.702,0,11
2026-07-20,Hospital Regional Norte,Cirugía,Tarde,47,39,0.83,0,7
2026-07-20,Hospital Regional Norte,Cirugía,Noche,47,31,0.66,0,11
2026-07-20,Hospital Regional Norte,Pediatría,Mañana,26,20,0.769,0,22
2026-07-20,Hospital Regional Norte,Pediatría,Tarde,26,24,0.923,0,11
2026-07-20,Hospital Regional Norte,Pediatría,Noche,26,22,0.846,0,13
2026-07-20,Hospital Regional Norte,Maternidad,Mañana,25,18,0.72,0,12
2026-07-20,Hospital Regional Norte,Maternidad,Tarde,25,20,0.8,0,20
2026-07-20,Hospital Regional Norte,Maternidad,Noche,25,19,0.76,0,10
2026-07-20,Hospital Metropolitano Central,Urgencias,Mañana,43,41,0.953,0,25
2026-07-20,Hospital Metropolitano Central,Urgencias,Tarde,43,43,1.0,1,143
2026-07-20,Hospital Metropolitano Central,Urgencias,Noche,43,43,1.0,4,93
2026-07-20,Hospital Metropolitano Central,UCI,Mañana,15,13,0.867,0,23
2026-07-20,Hospital Metropolitano Central,UCI,Tarde,15,14,0.933,0,20
2026-07-20,Hospital Metropolitano Central,UCI,Noche,15,15,1.0,0,22
2026-07-20,Hospital Metropolitano Central,Medicina Interna,Mañana,62,58,0.935,0,20
2026-07-20,Hospital Metropolitano Central,Medicina Interna,Tarde,62,62,1.0,2,166
2026-07-20,Hospital Metropolitano Central,Medicina Interna,Noche,62,56,0.903,0,14
2026-07-20,Hospital Metropolitano Central,Cirugía,Mañana,41,31,0.756,0,18
2026-07-20,Hospital Metropolitano Central,Cirugía,Tarde,41,33,0.805,0,15
2026-07-20,Hospital Metropolitano Central,Cirugía,Noche,41,24,0.585,0,15
2026-07-20,Hospital Metropolitano Central,Pediatría,Mañana,29,28,0.966,0,18
2026-07-20,Hospital Metropolitano Central,Pediatría,Tarde,29,29,1.0,1,106
2026-07-20,Hospital Metropolitano Central,Pediatría,Noche,29,28,0.966,0,24
2026-07-20,Hospital Metropolitano Central,Maternidad,Mañana,24,19,0.792,0,10
2026-07-20,Hospital Metropolitano Central,Maternidad,Tarde,24,21,0.875,0,25
2026-07-20,Hospital Metropolitano Central,Maternidad,Noche,24,18,0.75,0,24
2026-07-20,Hospital del Valle,Urgencias,Mañana,40,24,0.6,0,22
2026-07-20,Hospital del Valle,Urgencias,Tarde,40,26,0.65,0,5
2026-07-20,Hospital del Valle,Urgencias,Noche,40,37,0.925,0,7
2026-07-20,Hospital del Valle,UCI,Mañana,17,10,0.588,0,16
2026-07-20,Hospital del Valle,UCI,Tarde,17,13,0.765,0,22
2026-07-20,Hospital del Valle,UCI,Noche,17,11,0.647,0,6
2026-07-20,Hospital del Valle,Medicina Interna,Mañana,59,37,0.627,0,11
2026-07-20,Hospital del Valle,Medicina Interna,Tarde,59,47,0.797,0,22
2026-07-20,Hospital del Valle,Medicina Interna,Noche,59,39,0.661,0,12
2026-07-20,Hospital del Valle,Cirugía,Mañana,42,22,0.524,0,16
2026-07-20,Hospital del Valle,Cirugía,Tarde,42,26,0.619,0,11
2026-07-20,Hospital del Valle,Cirugía,Noche,42,19,0.452,0,12
2026-07-20,Hospital del Valle,Pediatría,Mañana,33,19,0.576,0,5
2026-07-20,Hospital del Valle,Pediatría,Tarde,33,25,0.758,0,21
2026-07-20,Hospital del Valle,Pediatría,Noche,33,21,0.636,0,17
2026-07-20,Hospital del Valle,Maternidad,Mañana,26,13,0.5,0,14
2026-07-20,Hospital del Valle,Maternidad,Tarde,26,15,0.577,0,12
2026-07-20,Hospital del Valle,Maternidad,Noche,26,16,0.615,0,12
2026-07-20,Hospital Costa Poniente,Urgencias,Mañana,34,27,0.794,0,17
2026-07-20,Hospital Costa Poniente,Urgencias,Tarde,34,29,0.853,0,9
2026-07-20,Hospital Costa Poniente,Urgencias,Noche,34,34,1.0,1,69
2026-07-20,Hospital Costa Poniente,UCI,Mañana,14,11,0.786,0,18
2026-07-20,Hospital Costa Poniente,UCI,Tarde,14,10,0.714,0,22
2026-07-20,Hospital Costa Poniente,UCI,Noche,14,11,0.786,0,9
2026-07-20,Hospital Costa Poniente,Medicina Interna,Mañana,52,39,0.75,0,17
2026-07-20,Hospital Costa Poniente,Medicina Interna,Tarde,52,40,0.769,0,24
2026-07-20,Hospital Costa Poniente,Medicina Interna,Noche,52,43,0.827,0,15
2026-07-20,Hospital Costa Poniente,Cirugía,Mañana,43,30,0.698,0,14
2026-07-20,Hospital Costa Poniente,Cirugía,Tarde,43,30,0.698,0,11
2026-07-20,Hospital Costa Poniente,Cirugía,Noche,43,19,0.442,0,25
2026-07-20,Hospital Costa Poniente,Pediatría,Mañana,30,22,0.733,0,18
2026-07-20,Hospital Costa Poniente,Pediatría,Tarde,30,23,0.767,0,18
2026-07-20,Hospital Costa Poniente,Pediatría,Noche,30,24,0.8,0,20
2026-07-20,Hospital Costa Poniente,Maternidad,Mañana,23,15,0.652,0,21
2026-07-20,Hospital Costa Poniente,Maternidad,Tarde,23,15,0.652,0,5
2026-07-20,Hospital Costa Poniente,Maternidad,Noche,23,17,0.739,0,17
2026-07-21,Hospital Regional Norte,Urgencias,Mañana,44,39,0.886,0,8
2026-07-21,Hospital Regional Norte,Urgencias,Tarde,44,41,0.932,0,23
2026-07-21,Hospital Regional Norte,Urgencias,Noche,44,44,1.0,3,122
2026-07-21,Hospital Regional Norte,UCI,Mañana,15,12,0.8,0,25
2026-07-21,Hospital Regional Norte,UCI,Tarde,15,13,0.867,0,30
2026-07-21,Hospital Regional Norte,UCI,Noche,15,15,1.0,0,15
2026-07-21,Hospital Regional Norte,Medicina Interna,Mañana,54,48,0.889,0,23
2026-07-21,Hospital Regional Norte,Medicina Interna,Tarde,54,47,0.87,0,9
2026-07-21,Hospital Regional Norte,Medicina Interna,Noche,54,46,0.852,0,20
2026-07-21,Hospital Regional Norte,Cirugía,Mañana,44,35,0.795,0,12
2026-07-21,Hospital Regional Norte,Cirugía,Tarde,44,33,0.75,0,20
2026-07-21,Hospital Regional Norte,Cirugía,Noche,44,24,0.545,0,14
2026-07-21,Hospital Regional Norte,Pediatría,Mañana,31,28,0.903,0,6
2026-07-21,Hospital Regional Norte,Pediatría,Tarde,31,28,0.903,0,23
2026-07-21,Hospital Regional Norte,Pediatría,Noche,31,28,0.903,0,5
2026-07-21,Hospital Regional Norte,Maternidad,Mañana,23,15,0.652,0,22
2026-07-21,Hospital Regional Norte,Maternidad,Tarde,23,19,0.826,0,22
2026-07-21,Hospital Regional Norte,Maternidad,Noche,23,17,0.739,0,25
2026-07-21,Hospital Metropolitano Central,Urgencias,Mañana,36,33,0.917,0,20
2026-07-21,Hospital Metropolitano Central,Urgencias,Tarde,36,36,1.0,1,68
2026-07-21,Hospital Metropolitano Central,Urgencias,Noche,36,36,1.0,3,86
2026-07-21,Hospital Metropolitano Central,UCI,Mañana,14,13,0.929,0,24
2026-07-21,Hospital Metropolitano Central,UCI,Tarde,14,14,1.0,0,23
2026-07-21,Hospital Metropolitano Central,UCI,Noche,14,14,1.0,0,26
2026-07-21,Hospital Metropolitano Central,Medicina Interna,Mañana,58,54,0.931,0,22
2026-07-21,Hospital Metropolitano Central,Medicina Interna,Tarde,58,57,0.983,1,81
2026-07-21,Hospital Metropolitano Central,Medicina Interna,Noche,58,58,1.0,0,18
2026-07-21,Hospital Metropolitano Central,Cirugía,Mañana,44,36,0.818,0,16
2026-07-21,Hospital Metropolitano Central,Cirugía,Tarde,44,39,0.886,0,10
2026-07-21,Hospital Metropolitano Central,Cirugía,Noche,44,25,0.568,0,21
2026-07-21,Hospital Metropolitano Central,Pediatría,Mañana,31,29,0.935,0,21
2026-07-21,Hospital Metropolitano Central,Pediatría,Tarde,31,31,1.0,1,167
2026-07-21,Hospital Metropolitano Central,Pediatría,Noche,31,31,1.0,0,14
2026-07-21,Hospital Metropolitano Central,Maternidad,Mañana,22,18,0.818,0,20
2026-07-21,Hospital Metropolitano Central,Maternidad,Tarde,22,17,0.773,0,18
2026-07-21,Hospital Metropolitano Central,Maternidad,Noche,22,17,0.773,0,20
2026-07-21,Hospital del Valle,Urgencias,Mañana,35,26,0.743,0,14
2026-07-21,Hospital del Valle,Urgencias,Tarde,35,27,0.771,0,11
2026-07-21,Hospital del Valle,Urgencias,Noche,35,31,0.886,0,22
2026-07-21,Hospital del Valle,UCI,Mañana,15,9,0.6,0,24
2026-07-21,Hospital del Valle,UCI,Tarde,15,10,0.667,0,10
2026-07-21,Hospital del Valle,UCI,Noche,15,10,0.667,0,25
2026-07-21,Hospital del Valle,Medicina Interna,Mañana,59,36,0.61,0,25
2026-07-21,Hospital del Valle,Medicina Interna,Tarde,59,38,0.644,0,11
2026-07-21,Hospital del Valle,Medicina Interna,Noche,59,38,0.644,0,18
2026-07-21,Hospital del Valle,Cirugía,Mañana,45,24,0.533,0,24
2026-07-21,Hospital del Valle,Cirugía,Tarde,45,31,0.689,0,13
2026-07-21,Hospital del Valle,Cirugía,Noche,45,21,0.467,0,25
2026-07-21,Hospital del Valle,Pediatría,Mañana,30,18,0.6,0,9
2026-07-21,Hospital del Valle,Pediatría,Tarde,30,20,0.667,0,11
2026-07-21,Hospital del Valle,Pediatría,Noche,30,20,0.667,0,13
2026-07-21,Hospital del Valle,Maternidad,Mañana,25,13,0.52,0,21
2026-07-21,Hospital del Valle,Maternidad,Tarde,25,16,0.64,0,17
2026-07-21,Hospital del Valle,Maternidad,Noche,25,14,0.56,0,23
2026-07-21,Hospital Costa Poniente,Urgencias,Mañana,40,33,0.825,0,24
2026-07-21,Hospital Costa Poniente,Urgencias,Tarde,40,34,0.85,0,20
2026-07-21,Hospital Costa Poniente,Urgencias,Noche,40,38,0.95,0,17
2026-07-21,Hospital Costa Poniente,UCI,Mañana,18,12,0.667,0,24
2026-07-21,Hospital Costa Poniente,UCI,Tarde,18,13,0.722,0,10
2026-07-21,Hospital Costa Poniente,UCI,Noche,18,14,0.778,0,5
2026-07-21,Hospital Costa Poniente,Medicina Interna,Mañana,56,45,0.804,0,6
2026-07-21,Hospital Costa Poniente,Medicina Interna,Tarde,56,42,0.75,0,19
2026-07-21,Hospital Costa Poniente,Medicina Interna,Noche,56,43,0.768,0,20
2026-07-21,Hospital Costa Poniente,Cirugía,Mañana,42,27,0.643,0,8
2026-07-21,Hospital Costa Poniente,Cirugía,Tarde,42,29,0.69,0,17
2026-07-21,Hospital Costa Poniente,Cirugía,Noche,42,21,0.5,0,17
2026-07-21,Hospital Costa Poniente,Pediatría,Mañana,31,22,0.71,0,21
2026-07-21,Hospital Costa Poniente,Pediatría,Tarde,31,25,0.806,0,7
2026-07-21,Hospital Costa Poniente,Pediatría,Noche,31,26,0.839,0,11
2026-07-21,Hospital Costa Poniente,Maternidad,Mañana,27,19,0.704,0,13
2026-07-21,Hospital Costa Poniente,Maternidad,Tarde,27,20,0.741,0,18
2026-07-21,Hospital Costa Poniente,Maternidad,Noche,27,18,0.667,0,20
2026-07-22,Hospital Regional Norte,Urgencias,Mañana,41,33,0.805,0,8
2026-07-22,Hospital Regional Norte,Urgencias,Tarde,41,39,0.951,0,21
2026-07-22,Hospital Regional Norte,Urgencias,Noche,41,41,1.0,4,196
2026-07-22,Hospital Regional Norte,UCI,Mañana,15,12,0.8,0,24
2026-07-22,Hospital Regional Norte,UCI,Tarde,15,14,0.933,0,16
2026-07-22,Hospital Regional Norte,UCI,Noche,15,13,0.867,0,10
2026-07-22,Hospital Regional Norte,Medicina Interna,Mañana,54,43,0.796,0,11
2026-07-22,Hospital Regional Norte,Medicina Interna,Tarde,54,45,0.833,0,14
2026-07-22,Hospital Regional Norte,Medicina Interna,Noche,54,46,0.852,0,16
2026-07-22,Hospital Regional Norte,Cirugía,Mañana,49,36,0.735,0,5
2026-07-22,Hospital Regional Norte,Cirugía,Tarde,49,41,0.837,0,6
2026-07-22,Hospital Regional Norte,Cirugía,Noche,49,30,0.612,0,25
2026-07-22,Hospital Regional Norte,Pediatría,Mañana,29,22,0.759,0,13
2026-07-22,Hospital Regional Norte,Pediatría,Tarde,29,26,0.897,0,6
2026-07-22,Hospital Regional Norte,Pediatría,Noche,29,28,0.966,0,25
2026-07-22,Hospital Regional Norte,Maternidad,Mañana,27,20,0.741,0,20
2026-07-22,Hospital Regional Norte,Maternidad,Tarde,27,20,0.741,0,25
2026-07-22,Hospital Regional Norte,Maternidad,Noche,27,22,0.815,0,8
2026-07-22,Hospital Metropolitano Central,Urgencias,Mañana,34,28,0.824,0,9
2026-07-22,Hospital Metropolitano Central,Urgencias,Tarde,34,34,1.0,1,81
2026-07-22,Hospital Metropolitano Central,Urgencias,Noche,34,34,1.0,5,89
2026-07-22,Hospital Metropolitano Central,UCI,Mañana,16,13,0.812,0,8
2026-07-22,Hospital Metropolitano Central,UCI,Tarde,16,16,1.0,0,16
2026-07-22,Hospital Metropolitano Central,UCI,Noche,16,16,1.0,0,20
2026-07-22,Hospital Metropolitano Central,Medicina Interna,Mañana,64,61,0.953,0,15
2026-07-22,Hospital Metropolitano Central,Medicina Interna,Tarde,64,64,1.0,1,145
2026-07-22,Hospital Metropolitano Central,Medicina Interna,Noche,64,55,0.859,0,17
2026-07-22,Hospital Metropolitano Central,Cirugía,Mañana,43,35,0.814,0,6
2026-07-22,Hospital Metropolitano Central,Cirugía,Tarde,43,35,0.814,0,21
2026-07-22,Hospital Metropolitano Central,Cirugía,Noche,43,25,0.581,0,13
2026-07-22,Hospital Metropolitano Central,Pediatría,Mañana,26,23,0.885,0,13
2026-07-22,Hospital Metropolitano Central,Pediatría,Tarde,26,26,1.0,1,153
2026-07-22,Hospital Metropolitano Central,Pediatría,Noche,26,25,0.962,0,10
2026-07-22,Hospital Metropolitano Central,Maternidad,Mañana,23,18,0.783,0,8
2026-07-22,Hospital Metropolitano Central,Maternidad,Tarde,23,19,0.826,0,23
2026-07-22,Hospital Metropolitano Central,Maternidad,Noche,23,20,0.87,0,7
2026-07-22,Hospital del Valle,Urgencias,Mañana,40,26,0.65,0,8
2026-07-22,Hospital del Valle,Urgencias,Tarde,40,32,0.8,0,10
2026-07-22,Hospital del Valle,Urgencias,Noche,40,36,0.9,0,10
2026-07-22,Hospital del Valle,UCI,Mañana,15,10,0.667,0,5
2026-07-22,Hospital del Valle,UCI,Tarde,15,11,0.733,0,5
2026-07-22,Hospital del Valle,UCI,Noche,15,10,0.667,0,16
2026-07-22,Hospital del Valle,Medicina Interna,Mañana,58,41,0.707,0,12
2026-07-22,Hospital del Valle,Medicina Interna,Tarde,58,40,0.69,0,25
2026-07-22,Hospital del Valle,Medicina Interna,Noche,58,44,0.759,0,11
2026-07-22,Hospital del Valle,Cirugía,Mañana,47,29,0.617,0,14
2026-07-22,Hospital del Valle,Cirugía,Tarde,47,27,0.574,0,14
2026-07-22,Hospital del Valle,Cirugía,Noche,47,19,0.404,0,9
2026-07-22,Hospital del Valle,Pediatría,Mañana,30,19,0.633,0,11
2026-07-22,Hospital del Valle,Pediatría,Tarde,30,21,0.7,0,11
2026-07-22,Hospital del Valle,Pediatría,Noche,30,19,0.633,0,14
2026-07-22,Hospital del Valle,Maternidad,Mañana,23,13,0.565,0,7
2026-07-22,Hospital del Valle,Maternidad,Tarde,23,14,0.609,0,23
2026-07-22,Hospital del Valle,Maternidad,Noche,23,13,0.565,0,25
2026-07-22,Hospital Costa Poniente,Urgencias,Mañana,39,31,0.795,0,10
2026-07-22,Hospital Costa Poniente,Urgencias,Tarde,39,29,0.744,0,23
2026-07-22,Hospital Costa Poniente,Urgencias,Noche,39,38,0.974,1,106
2026-07-22,Hospital Costa Poniente,UCI,Mañana,15,11,0.733,0,14
2026-07-22,Hospital Costa Poniente,UCI,Tarde,15,11,0.733,0,21
2026-07-22,Hospital Costa Poniente,UCI,Noche,15,12,0.8,0,13
2026-07-22,Hospital Costa Poniente,Medicina Interna,Mañana,52,41,0.788,0,13
2026-07-22,Hospital Costa Poniente,Medicina Interna,Tarde,52,40,0.769,0,13
2026-07-22,Hospital Costa Poniente,Medicina Interna,Noche,52,36,0.692,0,8
2026-07-22,Hospital Costa Poniente,Cirugía,Mañana,44,30,0.682,0,20
2026-07-22,Hospital Costa Poniente,Cirugía,Tarde,44,29,0.659,0,23
2026-07-22,Hospital Costa Poniente,Cirugía,Noche,44,21,0.477,0,23
2026-07-22,Hospital Costa Poniente,Pediatría,Mañana,28,21,0.75,0,6
2026-07-22,Hospital Costa Poniente,Pediatría,Tarde,28,22,0.786,0,8
2026-07-22,Hospital Costa Poniente,Pediatría,Noche,28,23,0.821,0,5
2026-07-22,Hospital Costa Poniente,Maternidad,Mañana,22,14,0.636,0,15
2026-07-22,Hospital Costa Poniente,Maternidad,Tarde,22,16,0.727,0,8
2026-07-22,Hospital Costa Poniente,Maternidad,Noche,22,14,0.636,0,16
2026-07-23,Hospital Regional Norte,Urgencias,Mañana,37,31,0.838,0,10
2026-07-23,Hospital Regional Norte,Urgencias,Tarde,37,36,0.973,0,29
2026-07-23,Hospital Regional Norte,Urgencias,Noche,37,37,1.0,3,180
2026-07-23,Hospital Regional Norte,UCI,Mañana,15,13,0.867,0,21
2026-07-23,Hospital Regional Norte,UCI,Tarde,15,14,0.933,0,22
2026-07-23,Hospital Regional Norte,UCI,Noche,15,13,0.867,0,17
2026-07-23,Hospital Regional Norte,Medicina Interna,Mañana,62,55,0.887,0,21
2026-07-23,Hospital Regional Norte,Medicina Interna,Tarde,62,53,0.855,0,18
2026-07-23,Hospital Regional Norte,Medicina Interna,Noche,62,57,0.919,0,23
2026-07-23,Hospital Regional Norte,Cirugía,Mañana,43,28,0.651,0,21
2026-07-23,Hospital Regional Norte,Cirugía,Tarde,43,33,0.767,0,14
2026-07-23,Hospital Regional Norte,Cirugía,Noche,43,28,0.651,0,21
2026-07-23,Hospital Regional Norte,Pediatría,Mañana,27,25,0.926,0,14
2026-07-23,Hospital Regional Norte,Pediatría,Tarde,27,26,0.963,0,11
2026-07-23,Hospital Regional Norte,Pediatría,Noche,27,26,0.963,0,14
2026-07-23,Hospital Regional Norte,Maternidad,Mañana,26,19,0.731,0,10
2026-07-23,Hospital Regional Norte,Maternidad,Tarde,26,20,0.769,0,9
2026-07-23,Hospital Regional Norte,Maternidad,Noche,26,18,0.692,0,10
2026-07-23,Hospital Metropolitano Central,Urgencias,Mañana,37,31,0.838,0,12
2026-07-23,Hospital Metropolitano Central,Urgencias,Tarde,37,37,1.0,1,111
2026-07-23,Hospital Metropolitano Central,Urgencias,Noche,37,37,1.0,6,158
2026-07-23,Hospital Metropolitano Central,UCI,Mañana,16,14,0.875,0,22
2026-07-23,Hospital Metropolitano Central,UCI,Tarde,16,16,1.0,0,22
2026-07-23,Hospital Metropolitano Central,UCI,Noche,16,16,1.0,0,13
2026-07-23,Hospital Metropolitano Central,Medicina Interna,Mañana,57,49,0.86,0,9
2026-07-23,Hospital Metropolitano Central,Medicina Interna,Tarde,57,55,0.965,1,125
2026-07-23,Hospital Metropolitano Central,Medicina Interna,Noche,57,56,0.982,0,22
2026-07-23,Hospital Metropolitano Central,Cirugía,Mañana,44,34,0.773,0,23
2026-07-23,Hospital Metropolitano Central,Cirugía,Tarde,44,35,0.795,0,24
2026-07-23,Hospital Metropolitano Central,Cirugía,Noche,44,25,0.568,0,12
2026-07-23,Hospital Metropolitano Central,Pediatría,Mañana,28,25,0.893,0,5
2026-07-23,Hospital Metropolitano Central,Pediatría,Tarde,28,28,1.0,1,72
2026-07-23,Hospital Metropolitano Central,Pediatría,Noche,28,25,0.893,0,20
2026-07-23,Hospital Metropolitano Central,Maternidad,Mañana,22,16,0.727,0,18
2026-07-23,Hospital Metropolitano Central,Maternidad,Tarde,22,17,0.773,0,17
2026-07-23,Hospital Metropolitano Central,Maternidad,Noche,22,19,0.864,0,18
2026-07-23,Hospital del Valle,Urgencias,Mañana,36,23,0.639,0,20
2026-07-23,Hospital del Valle,Urgencias,Tarde,36,24,0.667,0,18
2026-07-23,Hospital del Valle,Urgencias,Noche,36,29,0.806,0,17
2026-07-23,Hospital del Valle,UCI,Mañana,16,11,0.688,0,19
2026-07-23,Hospital del Valle,UCI,Tarde,16,12,0.75,0,16
2026-07-23,Hospital del Valle,UCI,Noche,16,12,0.75,0,8
2026-07-23,Hospital del Valle,Medicina Interna,Mañana,61,39,0.639,0,5
2026-07-23,Hospital del Valle,Medicina Interna,Tarde,61,40,0.656,0,9
2026-07-23,Hospital del Valle,Medicina Interna,Noche,61,42,0.689,0,17
2026-07-23,Hospital del Valle,Cirugía,Mañana,46,23,0.5,0,25
2026-07-23,Hospital del Valle,Cirugía,Tarde,46,33,0.717,0,17
2026-07-23,Hospital del Valle,Cirugía,Noche,46,20,0.435,0,6
2026-07-23,Hospital del Valle,Pediatría,Mañana,28,17,0.607,0,25
2026-07-23,Hospital del Valle,Pediatría,Tarde,28,19,0.679,0,19
2026-07-23,Hospital del Valle,Pediatría,Noche,28,19,0.679,0,20
2026-07-23,Hospital del Valle,Maternidad,Mañana,26,16,0.615,0,16
2026-07-23,Hospital del Valle,Maternidad,Tarde,26,15,0.577,0,10
2026-07-23,Hospital del Valle,Maternidad,Noche,26,17,0.654,0,22
2026-07-23,Hospital Costa Poniente,Urgencias,Mañana,42,34,0.81,0,7
2026-07-23,Hospital Costa Poniente,Urgencias,Tarde,42,33,0.786,0,15
2026-07-23,Hospital Costa Poniente,Urgencias,Noche,42,42,1.0,1,115
2026-07-23,Hospital Costa Poniente,UCI,Mañana,16,12,0.75,0,19
2026-07-23,Hospital Costa Poniente,UCI,Tarde,16,13,0.812,0,19
2026-07-23,Hospital Costa Poniente,UCI,Noche,16,12,0.75,0,8
2026-07-23,Hospital Costa Poniente,Medicina Interna,Mañana,64,47,0.734,0,6
2026-07-23,Hospital Costa Poniente,Medicina Interna,Tarde,64,56,0.875,0,16
2026-07-23,Hospital Costa Poniente,Medicina Interna,Noche,64,47,0.734,0,15
2026-07-23,Hospital Costa Poniente,Cirugía,Mañana,46,32,0.696,0,5
2026-07-23,Hospital Costa Poniente,Cirugía,Tarde,46,34,0.739,0,10
2026-07-23,Hospital Costa Poniente,Cirugía,Noche,46,22,0.478,0,18
2026-07-23,Hospital Costa Poniente,Pediatría,Mañana,26,19,0.731,0,25
2026-07-23,Hospital Costa Poniente,Pediatría,Tarde,26,19,0.731,0,8
2026-07-23,Hospital Costa Poniente,Pediatría,Noche,26,20,0.769,0,6
2026-07-23,Hospital Costa Poniente,Maternidad,Mañana,25,16,0.64,0,10
2026-07-23,Hospital Costa Poniente,Maternidad,Tarde,25,16,0.64,0,8
2026-07-23,Hospital Costa Poniente,Maternidad,Noche,25,15,0.6,0,9
2026-07-24,Hospital Regional Norte,Urgencias,Mañana,40,33,0.825,0,13
2026-07-24,Hospital Regional Norte,Urgencias,Tarde,40,36,0.9,0,19
2026-07-24,Hospital Regional Norte,Urgencias,Noche,40,40,1.0,3,200
2026-07-24,Hospital Regional Norte,UCI,Mañana,15,11,0.733,0,16
2026-07-24,Hospital Regional Norte,UCI,Tarde,15,12,0.8,0,24
2026-07-24,Hospital Regional Norte,UCI,Noche,15,15,1.0,0,13
2026-07-24,Hospital Regional Norte,Medicina Interna,Mañana,57,52,0.912,0,7
2026-07-24,Hospital Regional Norte,Medicina Interna,Tarde,57,51,0.895,0,25
2026-07-24,Hospital Regional Norte,Medicina Interna,Noche,57,52,0.912,0,18
2026-07-24,Hospital Regional Norte,Cirugía,Mañana,43,29,0.674,0,13
2026-07-24,Hospital Regional Norte,Cirugía,Tarde,43,36,0.837,0,7
2026-07-24,Hospital Regional Norte,Cirugía,Noche,43,27,0.628,0,18
2026-07-24,Hospital Regional Norte,Pediatría,Mañana,33,29,0.879,0,23
2026-07-24,Hospital Regional Norte,Pediatría,Tarde,33,29,0.879,0,14
2026-07-24,Hospital Regional Norte,Pediatría,Noche,33,30,0.909,0,22
2026-07-24,Hospital Regional Norte,Maternidad,Mañana,27,18,0.667,0,6
2026-07-24,Hospital Regional Norte,Maternidad,Tarde,27,21,0.778,0,20
2026-07-24,Hospital Regional Norte,Maternidad,Noche,27,19,0.704,0,18
2026-07-24,Hospital Metropolitano Central,Urgencias,Mañana,37,35,0.946,0,26
2026-07-24,Hospital Metropolitano Central,Urgencias,Tarde,37,37,1.0,1,99
2026-07-24,Hospital Metropolitano Central,Urgencias,Noche,37,37,1.0,3,107
2026-07-24,Hospital Metropolitano Central,UCI,Mañana,17,15,0.882,0,24
2026-07-24,Hospital Metropolitano Central,UCI,Tarde,17,17,1.0,0,20
2026-07-24,Hospital Metropolitano Central,UCI,Noche,17,15,0.882,0,20
2026-07-24,Hospital Metropolitano Central,Medicina Interna,Mañana,54,49,0.907,0,24
2026-07-24,Hospital Metropolitano Central,Medicina Interna,Tarde,54,54,1.0,1,136
2026-07-24,Hospital Metropolitano Central,Medicina Interna,Noche,54,50,0.926,0,22
2026-07-24,Hospital Metropolitano Central,Cirugía,Mañana,38,29,0.763,0,16
2026-07-24,Hospital Metropolitano Central,Cirugía,Tarde,38,35,0.921,0,9
2026-07-24,Hospital Metropolitano Central,Cirugía,Noche,38,24,0.632,0,20
2026-07-24,Hospital Metropolitano Central,Pediatría,Mañana,27,25,0.926,0,18
2026-07-24,Hospital Metropolitano Central,Pediatría,Tarde,27,27,1.0,1,73
2026-07-24,Hospital Metropolitano Central,Pediatría,Noche,27,26,0.963,0,12
2026-07-24,Hospital Metropolitano Central,Maternidad,Mañana,23,20,0.87,0,16
2026-07-24,Hospital Metropolitano Central,Maternidad,Tarde,23,19,0.826,0,15
2026-07-24,Hospital Metropolitano Central,Maternidad,Noche,23,19,0.826,0,19
2026-07-24,Hospital del Valle,Urgencias,Mañana,34,23,0.676,0,10
2026-07-24,Hospital del Valle,Urgencias,Tarde,34,25,0.735,0,23
2026-07-24,Hospital del Valle,Urgencias,Noche,34,29,0.853,0,5
2026-07-24,Hospital del Valle,UCI,Mañana,17,10,0.588,0,20
2026-07-24,Hospital del Valle,UCI,Tarde,17,13,0.765,0,17
2026-07-24,Hospital del Valle,UCI,Noche,17,13,0.765,0,9
2026-07-24,Hospital del Valle,Medicina Interna,Mañana,57,41,0.719,0,8
2026-07-24,Hospital del Valle,Medicina Interna,Tarde,57,37,0.649,0,11
2026-07-24,Hospital del Valle,Medicina Interna,Noche,57,36,0.632,0,8
2026-07-24,Hospital del Valle,Cirugía,Mañana,45,24,0.533,0,10
2026-07-24,Hospital del Valle,Cirugía,Tarde,45,31,0.689,0,17
2026-07-24,Hospital del Valle,Cirugía,Noche,45,21,0.467,0,16
2026-07-24,Hospital del Valle,Pediatría,Mañana,31,20,0.645,0,24
2026-07-24,Hospital del Valle,Pediatría,Tarde,31,21,0.677,0,16
2026-07-24,Hospital del Valle,Pediatría,Noche,31,22,0.71,0,25
2026-07-24,Hospital del Valle,Maternidad,Mañana,26,14,0.538,0,22
2026-07-24,Hospital del Valle,Maternidad,Tarde,26,16,0.615,0,12
2026-07-24,Hospital del Valle,Maternidad,Noche,26,17,0.654,0,20
2026-07-24,Hospital Costa Poniente,Urgencias,Mañana,42,30,0.714,0,19
2026-07-24,Hospital Costa Poniente,Urgencias,Tarde,42,33,0.786,0,10
2026-07-24,Hospital Costa Poniente,Urgencias,Noche,42,41,0.976,0,20
2026-07-24,Hospital Costa Poniente,UCI,Mañana,17,13,0.765,0,8
2026-07-24,Hospital Costa Poniente,UCI,Tarde,17,13,0.765,0,25
2026-07-24,Hospital Costa Poniente,UCI,Noche,17,13,0.765,0,18
2026-07-24,Hospital Costa Poniente,Medicina Interna,Mañana,57,43,0.754,0,24
2026-07-24,Hospital Costa Poniente,Medicina Interna,Tarde,57,44,0.772,0,24
2026-07-24,Hospital Costa Poniente,Medicina Interna,Noche,57,45,0.789,0,7
2026-07-24,Hospital Costa Poniente,Cirugía,Mañana,45,31,0.689,0,5
2026-07-24,Hospital Costa Poniente,Cirugía,Tarde,45,31,0.689,0,12
2026-07-24,Hospital Costa Poniente,Cirugía,Noche,45,21,0.467,0,25
2026-07-24,Hospital Costa Poniente,Pediatría,Mañana,29,20,0.69,0,16
2026-07-24,Hospital Costa Poniente,Pediatría,Tarde,29,22,0.759,0,24
2026-07-24,Hospital Costa Poniente,Pediatría,Noche,29,24,0.828,0,25
2026-07-24,Hospital Costa Poniente,Maternidad,Mañana,24,15,0.625,0,11
2026-07-24,Hospital Costa Poniente,Maternidad,Tarde,24,18,0.75,0,10
2026-07-24,Hospital Costa Poniente,Maternidad,Noche,24,16,0.667,0,12
2026-07-25,Hospital Regional Norte,Urgencias,Mañana,36,36,1.0,0,20
2026-07-25,Hospital Regional Norte,Urgencias,Tarde,36,36,1.0,1,56
2026-07-25,Hospital Regional Norte,Urgencias,Noche,36,36,1.0,6,182
2026-07-25,Hospital Regional Norte,UCI,Mañana,17,14,0.824,0,21
2026-07-25,Hospital Regional Norte,UCI,Tarde,17,15,0.882,0,20
2026-07-25,Hospital Regional Norte,UCI,Noche,17,15,0.882,0,17
2026-07-25,Hospital Regional Norte,Medicina Interna,Mañana,58,50,0.862,0,5
2026-07-25,Hospital Regional Norte,Medicina Interna,Tarde,58,53,0.914,0,18
2026-07-25,Hospital Regional Norte,Medicina Interna,Noche,58,51,0.879,0,20
2026-07-25,Hospital Regional Norte,Cirugía,Mañana,48,30,0.625,0,18
2026-07-25,Hospital Regional Norte,Cirugía,Tarde,48,41,0.854,0,22
2026-07-25,Hospital Regional Norte,Cirugía,Noche,48,24,0.5,0,24
2026-07-25,Hospital Regional Norte,Pediatría,Mañana,30,24,0.8,0,5
2026-07-25,Hospital Regional Norte,Pediatría,Tarde,30,26,0.867,0,6
2026-07-25,Hospital Regional Norte,Pediatría,Noche,30,24,0.8,0,17
2026-07-25,Hospital Regional Norte,Maternidad,Mañana,26,19,0.731,0,6
2026-07-25,Hospital Regional Norte,Maternidad,Tarde,26,19,0.731,0,21
2026-07-25,Hospital Regional Norte,Maternidad,Noche,26,19,0.731,0,19
2026-07-25,Hospital Metropolitano Central,Urgencias,Mañana,38,38,1.0,1,119
2026-07-25,Hospital Metropolitano Central,Urgencias,Tarde,38,38,1.0,3,103
2026-07-25,Hospital Metropolitano Central,Urgencias,Noche,38,38,1.0,7,149
2026-07-25,Hospital Metropolitano Central,UCI,Mañana,14,11,0.786,0,25
2026-07-25,Hospital Metropolitano Central,UCI,Tarde,14,13,0.929,0,25
2026-07-25,Hospital Metropolitano Central,UCI,Noche,14,13,0.929,0,20
2026-07-25,Hospital Metropolitano Central,Medicina Interna,Mañana,55,46,0.836,0,19
2026-07-25,Hospital Metropolitano Central,Medicina Interna,Tarde,55,53,0.964,0,29
2026-07-25,Hospital Metropolitano Central,Medicina Interna,Noche,55,45,0.818,0,9
2026-07-25,Hospital Metropolitano Central,Cirugía,Mañana,40,29,0.725,0,12
2026-07-25,Hospital Metropolitano Central,Cirugía,Tarde,40,36,0.9,0,23
2026-07-25,Hospital Metropolitano Central,Cirugía,Noche,40,23,0.575,0,14
2026-07-25,Hospital Metropolitano Central,Pediatría,Mañana,28,25,0.893,0,23
2026-07-25,Hospital Metropolitano Central,Pediatría,Tarde,28,27,0.964,0,24
2026-07-25,Hospital Metropolitano Central,Pediatría,Noche,28,26,0.929,0,14
2026-07-25,Hospital Metropolitano Central,Maternidad,Mañana,22,16,0.727,0,17
2026-07-25,Hospital Metropolitano Central,Maternidad,Tarde,22,17,0.773,0,12
2026-07-25,Hospital Metropolitano Central,Maternidad,Noche,22,15,0.682,0,11
2026-07-25,Hospital del Valle,Urgencias,Mañana,40,28,0.7,0,5
2026-07-25,Hospital del Valle,Urgencias,Tarde,40,32,0.8,0,21
2026-07-25,Hospital del Valle,Urgencias,Noche,40,40,1.0,1,154
2026-07-25,Hospital del Valle,UCI,Mañana,16,9,0.562,0,16
2026-07-25,Hospital del Valle,UCI,Tarde,16,11,0.688,0,23
2026-07-25,Hospital del Valle,UCI,Noche,16,12,0.75,0,15
2026-07-25,Hospital del Valle,Medicina Interna,Mañana,59,35,0.593,0,20
2026-07-25,Hospital del Valle,Medicina Interna,Tarde,59,42,0.712,0,21
2026-07-25,Hospital del Valle,Medicina Interna,Noche,59,38,0.644,0,20
2026-07-25,Hospital del Valle,Cirugía,Mañana,48,23,0.479,0,7
2026-07-25,Hospital del Valle,Cirugía,Tarde,48,28,0.583,0,14
2026-07-25,Hospital del Valle,Cirugía,Noche,48,18,0.375,0,9
2026-07-25,Hospital del Valle,Pediatría,Mañana,28,19,0.679,0,8
2026-07-25,Hospital del Valle,Pediatría,Tarde,28,20,0.714,0,16
2026-07-25,Hospital del Valle,Pediatría,Noche,28,18,0.643,0,23
2026-07-25,Hospital del Valle,Maternidad,Mañana,27,16,0.593,0,21
2026-07-25,Hospital del Valle,Maternidad,Tarde,27,18,0.667,0,11
2026-07-25,Hospital del Valle,Maternidad,Noche,27,15,0.556,0,6
2026-07-25,Hospital Costa Poniente,Urgencias,Mañana,38,30,0.789,0,15
2026-07-25,Hospital Costa Poniente,Urgencias,Tarde,38,36,0.947,0,27
2026-07-25,Hospital Costa Poniente,Urgencias,Noche,38,38,1.0,4,77
2026-07-25,Hospital Costa Poniente,UCI,Mañana,15,10,0.667,0,12
2026-07-25,Hospital Costa Poniente,UCI,Tarde,15,11,0.733,0,10
2026-07-25,Hospital Costa Poniente,UCI,Noche,15,12,0.8,0,25
2026-07-25,Hospital Costa Poniente,Medicina Interna,Mañana,64,42,0.656,0,19
2026-07-25,Hospital Costa Poniente,Medicina Interna,Tarde,64,46,0.719,0,24
2026-07-25,Hospital Costa Poniente,Medicina Interna,Noche,64,45,0.703,0,13
2026-07-25,Hospital Costa Poniente,Cirugía,Mañana,39,22,0.564,0,7
2026-07-25,Hospital Costa Poniente,Cirugía,Tarde,39,29,0.744,0,9
2026-07-25,Hospital Costa Poniente,Cirugía,Noche,39,19,0.487,0,6
2026-07-25,Hospital Costa Poniente,Pediatría,Mañana,27,18,0.667,0,23
2026-07-25,Hospital Costa Poniente,Pediatría,Tarde,27,21,0.778,0,8
2026-07-25,Hospital Costa Poniente,Pediatría,Noche,27,20,0.741,0,6
2026-07-25,Hospital Costa Poniente,Maternidad,Mañana,23,14,0.609,0,11
2026-07-25,Hospital Costa Poniente,Maternidad,Tarde,23,15,0.652,0,19
2026-07-25,Hospital Costa Poniente,Maternidad,Noche,23,13,0.565,0,11
2026-07-26,Hospital Regional Norte,Urgencias,Mañana,35,34,0.971,0,19
2026-07-26,Hospital Regional Norte,Urgencias,Tarde,35,35,1.0,2,89
2026-07-26,Hospital Regional Norte,Urgencias,Noche,35,35,1.0,7,143
2026-07-26,Hospital Regional Norte,UCI,Mañana,17,13,0.765,0,19
2026-07-26,Hospital Regional Norte,UCI,Tarde,17,16,0.941,0,23
2026-07-26,Hospital Regional Norte,UCI,Noche,17,15,0.882,0,15
2026-07-26,Hospital Regional Norte,Medicina Interna,Mañana,56,44,0.786,0,14
2026-07-26,Hospital Regional Norte,Medicina Interna,Tarde,56,53,0.946,0,14
2026-07-26,Hospital Regional Norte,Medicina Interna,Noche,56,44,0.786,0,22
2026-07-26,Hospital Regional Norte,Cirugía,Mañana,41,27,0.659,0,22
2026-07-26,Hospital Regional Norte,Cirugía,Tarde,41,32,0.78,0,25
2026-07-26,Hospital Regional Norte,Cirugía,Noche,41,22,0.537,0,10
2026-07-26,Hospital Regional Norte,Pediatría,Mañana,29,22,0.759,0,21
2026-07-26,Hospital Regional Norte,Pediatría,Tarde,29,25,0.862,0,10
2026-07-26,Hospital Regional Norte,Pediatría,Noche,29,23,0.793,0,18
2026-07-26,Hospital Regional Norte,Maternidad,Mañana,25,15,0.6,0,19
2026-07-26,Hospital Regional Norte,Maternidad,Tarde,25,18,0.72,0,22
2026-07-26,Hospital Regional Norte,Maternidad,Noche,25,19,0.76,0,11
2026-07-26,Hospital Metropolitano Central,Urgencias,Mañana,42,42,1.0,2,183
2026-07-26,Hospital Metropolitano Central,Urgencias,Tarde,42,42,1.0,4,103
2026-07-26,Hospital Metropolitano Central,Urgencias,Noche,42,42,1.0,10,134
2026-07-26,Hospital Metropolitano Central,UCI,Mañana,14,12,0.857,0,15
2026-07-26,Hospital Metropolitano Central,UCI,Tarde,14,13,0.929,0,26
2026-07-26,Hospital Metropolitano Central,UCI,Noche,14,14,1.0,0,23
2026-07-26,Hospital Metropolitano Central,Medicina Interna,Mañana,63,51,0.81,0,13
2026-07-26,Hospital Metropolitano Central,Medicina Interna,Tarde,63,59,0.937,0,14
2026-07-26,Hospital Metropolitano Central,Medicina Interna,Noche,63,55,0.873,0,14
2026-07-26,Hospital Metropolitano Central,Cirugía,Mañana,42,31,0.738,0,15
2026-07-26,Hospital Metropolitano Central,Cirugía,Tarde,42,35,0.833,0,18
2026-07-26,Hospital Metropolitano Central,Cirugía,Noche,42,25,0.595,0,18
2026-07-26,Hospital Metropolitano Central,Pediatría,Mañana,26,24,0.923,0,23
2026-07-26,Hospital Metropolitano Central,Pediatría,Tarde,26,24,0.923,0,24
2026-07-26,Hospital Metropolitano Central,Pediatría,Noche,26,25,0.962,0,16
2026-07-26,Hospital Metropolitano Central,Maternidad,Mañana,23,18,0.783,0,14
2026-07-26,Hospital Metropolitano Central,Maternidad,Tarde,23,20,0.87,0,5
2026-07-26,Hospital Metropolitano Central,Maternidad,Noche,23,17,0.739,0,17
2026-07-26,Hospital del Valle,Urgencias,Mañana,37,28,0.757,0,11
2026-07-26,Hospital del Valle,Urgencias,Tarde,37,33,0.892,0,24
2026-07-26,Hospital del Valle,Urgencias,Noche,37,37,1.0,1,75
2026-07-26,Hospital del Valle,UCI,Mañana,15,9,0.6,0,20
2026-07-26,Hospital del Valle,UCI,Tarde,15,11,0.733,0,23
2026-07-26,Hospital del Valle,UCI,Noche,15,10,0.667,0,6
2026-07-26,Hospital del Valle,Medicina Interna,Mañana,63,38,0.603,0,20
2026-07-26,Hospital del Valle,Medicina Interna,Tarde,63,40,0.635,0,24
2026-07-26,Hospital del Valle,Medicina Interna,Noche,63,42,0.667,0,6
2026-07-26,Hospital del Valle,Cirugía,Mañana,39,22,0.564,0,13
2026-07-26,Hospital del Valle,Cirugía,Tarde,39,24,0.615,0,19
2026-07-26,Hospital del Valle,Cirugía,Noche,39,19,0.487,0,8
2026-07-26,Hospital del Valle,Pediatría,Mañana,29,20,0.69,0,7
2026-07-26,Hospital del Valle,Pediatría,Tarde,29,19,0.655,0,18
2026-07-26,Hospital del Valle,Pediatría,Noche,29,20,0.69,0,9
2026-07-26,Hospital del Valle,Maternidad,Mañana,25,14,0.56,0,22
2026-07-26,Hospital del Valle,Maternidad,Tarde,25,13,0.52,0,12
2026-07-26,Hospital del Valle,Maternidad,Noche,25,13,0.52,0,22
2026-07-26,Hospital Costa Poniente,Urgencias,Mañana,42,35,0.833,0,21
2026-07-26,Hospital Costa Poniente,Urgencias,Tarde,42,42,1.0,0,14
2026-07-26,Hospital Costa Poniente,Urgencias,Noche,42,42,1.0,3,140
2026-07-26,Hospital Costa Poniente,UCI,Mañana,17,12,0.706,0,11
2026-07-26,Hospital Costa Poniente,UCI,Tarde,17,12,0.706,0,19
2026-07-26,Hospital Costa Poniente,UCI,Noche,17,12,0.706,0,16
2026-07-26,Hospital Costa Poniente,Medicina Interna,Mañana,56,41,0.732,0,13
2026-07-26,Hospital Costa Poniente,Medicina Interna,Tarde,56,41,0.732,0,5
2026-07-26,Hospital Costa Poniente,Medicina Interna,Noche,56,38,0.679,0,25
2026-07-26,Hospital Costa Poniente,Cirugía,Mañana,43,26,0.605,0,20
2026-07-26,Hospital Costa Poniente,Cirugía,Tarde,43,32,0.744,0,21
2026-07-26,Hospital Costa Poniente,Cirugía,Noche,43,18,0.419,0,21
2026-07-26,Hospital Costa Poniente,Pediatría,Mañana,28,20,0.714,0,6
2026-07-26,Hospital Costa Poniente,Pediatría,Tarde,28,24,0.857,0,15
2026-07-26,Hospital Costa Poniente,Pediatría,Noche,28,22,0.786,0,20
2026-07-26,Hospital Costa Poniente,Maternidad,Mañana,23,13,0.565,0,7
2026-07-26,Hospital Costa Poniente,Maternidad,Tarde,23,16,0.696,0,23
2026-07-26,Hospital Costa Poniente,Maternidad,Noche,23,13,0.565,0,22
2026-07-27,Hospital Regional Norte,Urgencias,Mañana,42,36,0.857,0,21
2026-07-27,Hospital Regional Norte,Urgencias,Tarde,42,41,0.976,0,24
2026-07-27,Hospital Regional Norte,Urgencias,Noche,42,42,1.0,5,103
2026-07-27,Hospital Regional Norte,UCI,Mañana,15,12,0.8,0,19
2026-07-27,Hospital Regional Norte,UCI,Tarde,15,14,0.933,0,14
2026-07-27,Hospital Regional Norte,UCI,Noche,15,14,0.933,0,30
2026-07-27,Hospital Regional Norte,Medicina Interna,Mañana,60,49,0.817,0,18
2026-07-27,Hospital Regional Norte,Medicina Interna,Tarde,60,59,0.983,0,19
2026-07-27,Hospital Regional Norte,Medicina Interna,Noche,60,47,0.783,0,17
2026-07-27,Hospital Regional Norte,Cirugía,Mañana,38,26,0.684,0,18
2026-07-27,Hospital Regional Norte,Cirugía,Tarde,38,29,0.763,0,12
2026-07-27,Hospital Regional Norte,Cirugía,Noche,38,23,0.605,0,15
2026-07-27,Hospital Regional Norte,Pediatría,Mañana,29,25,0.862,0,11
2026-07-27,Hospital Regional Norte,Pediatría,Tarde,29,28,0.966,0,21
2026-07-27,Hospital Regional Norte,Pediatría,Noche,29,27,0.931,0,28
2026-07-27,Hospital Regional Norte,Maternidad,Mañana,22,17,0.773,0,11
2026-07-27,Hospital Regional Norte,Maternidad,Tarde,22,17,0.773,0,8
2026-07-27,Hospital Regional Norte,Maternidad,Noche,22,15,0.682,0,24
2026-07-27,Hospital Metropolitano Central,Urgencias,Mañana,43,36,0.837,0,9
2026-07-27,Hospital Metropolitano Central,Urgencias,Tarde,43,43,1.0,2,138
2026-07-27,Hospital Metropolitano Central,Urgencias,Noche,43,43,1.0,6,126
2026-07-27,Hospital Metropolitano Central,UCI,Mañana,14,13,0.929,0,16
2026-07-27,Hospital Metropolitano Central,UCI,Tarde,14,14,1.0,0,24
2026-07-27,Hospital Metropolitano Central,UCI,Noche,14,13,0.929,0,10
2026-07-27,Hospital Metropolitano Central,Medicina Interna,Mañana,58,54,0.931,0,11
2026-07-27,Hospital Metropolitano Central,Medicina Interna,Tarde,58,56,0.966,1,151
2026-07-27,Hospital Metropolitano Central,Medicina Interna,Noche,58,52,0.897,0,17
2026-07-27,Hospital Metropolitano Central,Cirugía,Mañana,45,33,0.733,0,10
2026-07-27,Hospital Metropolitano Central,Cirugía,Tarde,45,40,0.889,0,23
2026-07-27,Hospital Metropolitano Central,Cirugía,Noche,45,30,0.667,0,8
2026-07-27,Hospital Metropolitano Central,Pediatría,Mañana,27,23,0.852,0,20
2026-07-27,Hospital Metropolitano Central,Pediatría,Tarde,27,27,1.0,1,132
2026-07-27,Hospital Metropolitano Central,Pediatría,Noche,27,24,0.889,0,7
2026-07-27,Hospital Metropolitano Central,Maternidad,Mañana,26,20,0.769,0,13
2026-07-27,Hospital Metropolitano Central,Maternidad,Tarde,26,22,0.846,0,19
2026-07-27,Hospital Metropolitano Central,Maternidad,Noche,26,19,0.731,0,17
2026-07-27,Hospital del Valle,Urgencias,Mañana,42,27,0.643,0,8
2026-07-27,Hospital del Valle,Urgencias,Tarde,42,30,0.714,0,14
2026-07-27,Hospital del Valle,Urgencias,Noche,42,39,0.929,0,18
2026-07-27,Hospital del Valle,UCI,Mañana,17,11,0.647,0,12
2026-07-27,Hospital del Valle,UCI,Tarde,17,13,0.765,0,7
2026-07-27,Hospital del Valle,UCI,Noche,17,12,0.706,0,17
2026-07-27,Hospital del Valle,Medicina Interna,Mañana,64,37,0.578,0,13
2026-07-27,Hospital del Valle,Medicina Interna,Tarde,64,48,0.75,0,15
2026-07-27,Hospital del Valle,Medicina Interna,Noche,64,39,0.609,0,12
2026-07-27,Hospital del Valle,Cirugía,Mañana,40,20,0.5,0,21
2026-07-27,Hospital del Valle,Cirugía,Tarde,40,23,0.575,0,20
2026-07-27,Hospital del Valle,Cirugía,Noche,40,20,0.5,0,6
2026-07-27,Hospital del Valle,Pediatría,Mañana,30,18,0.6,0,14
2026-07-27,Hospital del Valle,Pediatría,Tarde,30,21,0.7,0,18
2026-07-27,Hospital del Valle,Pediatría,Noche,30,22,0.733,0,18
2026-07-27,Hospital del Valle,Maternidad,Mañana,22,14,0.636,0,9
2026-07-27,Hospital del Valle,Maternidad,Tarde,22,15,0.682,0,10
2026-07-27,Hospital del Valle,Maternidad,Noche,22,13,0.591,0,8
2026-07-27,Hospital Costa Poniente,Urgencias,Mañana,42,28,0.667,0,11
2026-07-27,Hospital Costa Poniente,Urgencias,Tarde,42,34,0.81,0,25
2026-07-27,Hospital Costa Poniente,Urgencias,Noche,42,41,0.976,1,130
2026-07-27,Hospital Costa Poniente,UCI,Mañana,17,12,0.706,0,20
2026-07-27,Hospital Costa Poniente,UCI,Tarde,17,12,0.706,0,9
2026-07-27,Hospital Costa Poniente,UCI,Noche,17,15,0.882,0,22
2026-07-27,Hospital Costa Poniente,Medicina Interna,Mañana,62,48,0.774,0,10
2026-07-27,Hospital Costa Poniente,Medicina Interna,Tarde,62,47,0.758,0,5
2026-07-27,Hospital Costa Poniente,Medicina Interna,Noche,62,47,0.758,0,12
2026-07-27,Hospital Costa Poniente,Cirugía,Mañana,39,29,0.744,0,8
2026-07-27,Hospital Costa Poniente,Cirugía,Tarde,39,31,0.795,0,19
2026-07-27,Hospital Costa Poniente,Cirugía,Noche,39,23,0.59,0,22
2026-07-27,Hospital Costa Poniente,Pediatría,Mañana,29,23,0.793,0,25
2026-07-27,Hospital Costa Poniente,Pediatría,Tarde,29,22,0.759,0,20
2026-07-27,Hospital Costa Poniente,Pediatría,Noche,29,23,0.793,0,13
2026-07-27,Hospital Costa Poniente,Maternidad,Mañana,22,15,0.682,0,16
2026-07-27,Hospital Costa Poniente,Maternidad,Tarde,22,17,0.773,0,8
2026-07-27,Hospital Costa Poniente,Maternidad,Noche,22,15,0.682,0,23
2026-07-28,Hospital Regional Norte,Urgencias,Mañana,36,29,0.806,0,9
2026-07-28,Hospital Regional Norte,Urgencias,Tarde,36,35,0.972,0,12
2026-07-28,Hospital Regional Norte,Urgencias,Noche,36,36,1.0,3,138
2026-07-28,Hospital Regional Norte,UCI,Mañana,14,11,0.786,0,10
2026-07-28,Hospital Regional Norte,UCI,Tarde,14,13,0.929,0,24
2026-07-28,Hospital Regional Norte,UCI,Noche,14,13,0.929,0,28
2026-07-28,Hospital Regional Norte,Medicina Interna,Mañana,66,52,0.788,0,9
2026-07-28,Hospital Regional Norte,Medicina Interna,Tarde,66,58,0.879,0,16
2026-07-28,Hospital Regional Norte,Medicina Interna,Noche,66,59,0.894,0,23
2026-07-28,Hospital Regional Norte,Cirugía,Mañana,47,37,0.787,0,17
2026-07-28,Hospital Regional Norte,Cirugía,Tarde,47,39,0.83,0,11
2026-07-28,Hospital Regional Norte,Cirugía,Noche,47,31,0.66,0,5
2026-07-28,Hospital Regional Norte,Pediatría,Mañana,27,21,0.778,0,12
2026-07-28,Hospital Regional Norte,Pediatría,Tarde,27,23,0.852,0,15
2026-07-28,Hospital Regional Norte,Pediatría,Noche,27,22,0.815,0,20
2026-07-28,Hospital Regional Norte,Maternidad,Mañana,24,17,0.708,0,25
2026-07-28,Hospital Regional Norte,Maternidad,Tarde,24,20,0.833,0,23
2026-07-28,Hospital Regional Norte,Maternidad,Noche,24,18,0.75,0,11
2026-07-28,Hospital Metropolitano Central,Urgencias,Mañana,39,34,0.872,0,19
2026-07-28,Hospital Metropolitano Central,Urgencias,Tarde,39,37,0.949,1,181
2026-07-28,Hospital Metropolitano Central,Urgencias,Noche,39,39,1.0,6,140
2026-07-28,Hospital Metropolitano Central,UCI,Mañana,17,15,0.882,0,13
2026-07-28,Hospital Metropolitano Central,UCI,Tarde,17,17,1.0,0,26
2026-07-28,Hospital Metropolitano Central,UCI,Noche,17,16,0.941,0,23
2026-07-28,Hospital Metropolitano Central,Medicina Interna,Mañana,61,59,0.967,0,17
2026-07-28,Hospital Metropolitano Central,Medicina Interna,Tarde,61,61,1.0,1,82
2026-07-28,Hospital Metropolitano Central,Medicina Interna,Noche,61,59,0.967,0,21
2026-07-28,Hospital Metropolitano Central,Cirugía,Mañana,42,33,0.786,0,7
2026-07-28,Hospital Metropolitano Central,Cirugía,Tarde,42,40,0.952,0,15
2026-07-28,Hospital Metropolitano Central,Cirugía,Noche,42,26,0.619,0,21
2026-07-28,Hospital Metropolitano Central,Pediatría,Mañana,27,26,0.963,0,10
2026-07-28,Hospital Metropolitano Central,Pediatría,Tarde,27,26,0.963,1,186
2026-07-28,Hospital Metropolitano Central,Pediatría,Noche,27,27,1.0,0,26
2026-07-28,Hospital Metropolitano Central,Maternidad,Mañana,25,21,0.84,0,16
2026-07-28,Hospital Metropolitano Central,Maternidad,Tarde,25,22,0.88,0,21
2026-07-28,Hospital Metropolitano Central,Maternidad,Noche,25,19,0.76,0,10
2026-07-28,Hospital del Valle,Urgencias,Mañana,35,21,0.6,0,25
2026-07-28,Hospital del Valle,Urgencias,Tarde,35,28,0.8,0,12
2026-07-28,Hospital del Valle,Urgencias,Noche,35,32,0.914,0,9
2026-07-28,Hospital del Valle,UCI,Mañana,16,11,0.688,0,18
2026-07-28,Hospital del Valle,UCI,Tarde,16,12,0.75,0,13
2026-07-28,Hospital del Valle,UCI,Noche,16,10,0.625,0,17
2026-07-28,Hospital del Valle,Medicina Interna,Mañana,55,39,0.709,0,18
2026-07-28,Hospital del Valle,Medicina Interna,Tarde,55,43,0.782,0,19
2026-07-28,Hospital del Valle,Medicina Interna,Noche,55,36,0.655,0,14
2026-07-28,Hospital del Valle,Cirugía,Mañana,38,20,0.526,0,22
2026-07-28,Hospital del Valle,Cirugía,Tarde,38,25,0.658,0,11
2026-07-28,Hospital del Valle,Cirugía,Noche,38,20,0.526,0,24
2026-07-28,Hospital del Valle,Pediatría,Mañana,30,18,0.6,0,18
2026-07-28,Hospital del Valle,Pediatría,Tarde,30,20,0.667,0,20
2026-07-28,Hospital del Valle,Pediatría,Noche,30,22,0.733,0,12
2026-07-28,Hospital del Valle,Maternidad,Mañana,24,12,0.5,0,18
2026-07-28,Hospital del Valle,Maternidad,Tarde,24,15,0.625,0,11
2026-07-28,Hospital del Valle,Maternidad,Noche,24,13,0.542,0,16
2026-07-28,Hospital Costa Poniente,Urgencias,Mañana,35,29,0.829,0,13
2026-07-28,Hospital Costa Poniente,Urgencias,Tarde,35,27,0.771,0,17
2026-07-28,Hospital Costa Poniente,Urgencias,Noche,35,32,0.914,0,23
2026-07-28,Hospital Costa Poniente,UCI,Mañana,17,11,0.647,0,19
2026-07-28,Hospital Costa Poniente,UCI,Tarde,17,13,0.765,0,13
2026-07-28,Hospital Costa Poniente,UCI,Noche,17,14,0.824,0,5
2026-07-28,Hospital Costa Poniente,Medicina Interna,Mañana,61,45,0.738,0,21
2026-07-28,Hospital Costa Poniente,Medicina Interna,Tarde,61,46,0.754,0,25
2026-07-28,Hospital Costa Poniente,Medicina Interna,Noche,61,48,0.787,0,12
2026-07-28,Hospital Costa Poniente,Cirugía,Mañana,46,29,0.63,0,8
2026-07-28,Hospital Costa Poniente,Cirugía,Tarde,46,34,0.739,0,24
2026-07-28,Hospital Costa Poniente,Cirugía,Noche,46,23,0.5,0,7
2026-07-28,Hospital Costa Poniente,Pediatría,Mañana,32,25,0.781,0,15
2026-07-28,Hospital Costa Poniente,Pediatría,Tarde,32,28,0.875,0,6
2026-07-28,Hospital Costa Poniente,Pediatría,Noche,32,24,0.75,0,13
2026-07-28,Hospital Costa Poniente,Maternidad,Mañana,22,14,0.636,0,23
2026-07-28,Hospital Costa Poniente,Maternidad,Tarde,22,14,0.636,0,20
2026-07-28,Hospital Costa Poniente,Maternidad,Noche,22,16,0.727,0,12
2026-07-29,Hospital Regional Norte,Urgencias,Mañana,39,30,0.769,0,24
2026-07-29,Hospital Regional Norte,Urgencias,Tarde,39,39,1.0,0,17
2026-07-29,Hospital Regional Norte,Urgencias,Noche,39,39,1.0,3,173
2026-07-29,Hospital Regional Norte,UCI,Mañana,14,10,0.714,0,13
2026-07-29,Hospital Regional Norte,UCI,Tarde,14,13,0.929,0,18
2026-07-29,Hospital Regional Norte,UCI,Noche,14,13,0.929,0,18
2026-07-29,Hospital Regional Norte,Medicina Interna,Mañana,66,50,0.758,0,8
2026-07-29,Hospital Regional Norte,Medicina Interna,Tarde,66,63,0.955,0,20
2026-07-29,Hospital Regional Norte,Medicina Interna,Noche,66,55,0.833,0,20
2026-07-29,Hospital Regional Norte,Cirugía,Mañana,41,30,0.732,0,13
2026-07-29,Hospital Regional Norte,Cirugía,Tarde,41,31,0.756,0,20
2026-07-29,Hospital Regional Norte,Cirugía,Noche,41,24,0.585,0,23
2026-07-29,Hospital Regional Norte,Pediatría,Mañana,28,23,0.821,0,17
2026-07-29,Hospital Regional Norte,Pediatría,Tarde,28,24,0.857,0,8
2026-07-29,Hospital Regional Norte,Pediatría,Noche,28,25,0.893,0,25
2026-07-29,Hospital Regional Norte,Maternidad,Mañana,27,20,0.741,0,8
2026-07-29,Hospital Regional Norte,Maternidad,Tarde,27,23,0.852,0,12
2026-07-29,Hospital Regional Norte,Maternidad,Noche,27,20,0.741,0,24
2026-07-29,Hospital Metropolitano Central,Urgencias,Mañana,38,34,0.895,0,6
2026-07-29,Hospital Metropolitano Central,Urgencias,Tarde,38,37,0.974,1,169
2026-07-29,Hospital Metropolitano Central,Urgencias,Noche,38,38,1.0,3,171
2026-07-29,Hospital Metropolitano Central,UCI,Mañana,17,15,0.882,0,16
2026-07-29,Hospital Metropolitano Central,UCI,Tarde,17,17,1.0,0,20
2026-07-29,Hospital Metropolitano Central,UCI,Noche,17,15,0.882,0,10
2026-07-29,Hospital Metropolitano Central,Medicina Interna,Mañana,62,59,0.952,0,13
2026-07-29,Hospital Metropolitano Central,Medicina Interna,Tarde,62,60,0.968,1,139
2026-07-29,Hospital Metropolitano Central,Medicina Interna,Noche,62,56,0.903,0,6
2026-07-29,Hospital Metropolitano Central,Cirugía,Mañana,42,35,0.833,0,25
2026-07-29,Hospital Metropolitano Central,Cirugía,Tarde,42,35,0.833,0,10
2026-07-29,Hospital Metropolitano Central,Cirugía,Noche,42,24,0.571,0,22
2026-07-29,Hospital Metropolitano Central,Pediatría,Mañana,30,28,0.933,0,15
2026-07-29,Hospital Metropolitano Central,Pediatría,Tarde,30,30,1.0,1,135
2026-07-29,Hospital Metropolitano Central,Pediatría,Noche,30,29,0.967,0,17
2026-07-29,Hospital Metropolitano Central,Maternidad,Mañana,23,17,0.739,0,7
2026-07-29,Hospital Metropolitano Central,Maternidad,Tarde,23,20,0.87,0,15
2026-07-29,Hospital Metropolitano Central,Maternidad,Noche,23,19,0.826,0,25
2026-07-29,Hospital del Valle,Urgencias,Mañana,36,23,0.639,0,13
2026-07-29,Hospital del Valle,Urgencias,Tarde,36,28,0.778,0,20
2026-07-29,Hospital del Valle,Urgencias,Noche,36,30,0.833,0,19
2026-07-29,Hospital del Valle,UCI,Mañana,17,12,0.706,0,10
2026-07-29,Hospital del Valle,UCI,Tarde,17,11,0.647,0,8
2026-07-29,Hospital del Valle,UCI,Noche,17,11,0.647,0,14
2026-07-29,Hospital del Valle,Medicina Interna,Mañana,65,44,0.677,0,22
2026-07-29,Hospital del Valle,Medicina Interna,Tarde,65,44,0.677,0,22
2026-07-29,Hospital del Valle,Medicina Interna,Noche,65,45,0.692,0,17
2026-07-29,Hospital del Valle,Cirugía,Mañana,45,23,0.511,0,7
2026-07-29,Hospital del Valle,Cirugía,Tarde,45,26,0.578,0,24
2026-07-29,Hospital del Valle,Cirugía,Noche,45,23,0.511,0,17
2026-07-29,Hospital del Valle,Pediatría,Mañana,32,19,0.594,0,15
2026-07-29,Hospital del Valle,Pediatría,Tarde,32,23,0.719,0,17
2026-07-29,Hospital del Valle,Pediatría,Noche,32,20,0.625,0,17
2026-07-29,Hospital del Valle,Maternidad,Mañana,22,14,0.636,0,14
2026-07-29,Hospital del Valle,Maternidad,Tarde,22,14,0.636,0,7
2026-07-29,Hospital del Valle,Maternidad,Noche,22,12,0.545,0,12
2026-07-29,Hospital Costa Poniente,Urgencias,Mañana,38,26,0.684,0,22
2026-07-29,Hospital Costa Poniente,Urgencias,Tarde,38,29,0.763,0,13
2026-07-29,Hospital Costa Poniente,Urgencias,Noche,38,35,0.921,0,12
2026-07-29,Hospital Costa Poniente,UCI,Mañana,17,14,0.824,0,12
2026-07-29,Hospital Costa Poniente,UCI,Tarde,17,15,0.882,0,16
2026-07-29,Hospital Costa Poniente,UCI,Noche,17,13,0.765,0,14
2026-07-29,Hospital Costa Poniente,Medicina Interna,Mañana,55,36,0.655,0,24
2026-07-29,Hospital Costa Poniente,Medicina Interna,Tarde,55,45,0.818,0,19
2026-07-29,Hospital Costa Poniente,Medicina Interna,Noche,55,42,0.764,0,22
2026-07-29,Hospital Costa Poniente,Cirugía,Mañana,49,30,0.612,0,10
2026-07-29,Hospital Costa Poniente,Cirugía,Tarde,49,38,0.776,0,23
2026-07-29,Hospital Costa Poniente,Cirugía,Noche,49,25,0.51,0,23
2026-07-29,Hospital Costa Poniente,Pediatría,Mañana,32,26,0.812,0,13
2026-07-29,Hospital Costa Poniente,Pediatría,Tarde,32,27,0.844,0,16
2026-07-29,Hospital Costa Poniente,Pediatría,Noche,32,27,0.844,0,13
2026-07-29,Hospital Costa Poniente,Maternidad,Mañana,24,15,0.625,0,12
2026-07-29,Hospital Costa Poniente,Maternidad,Tarde,24,16,0.667,0,16
2026-07-29,Hospital Costa Poniente,Maternidad,Noche,24,15,0.625,0,9
2026-07-30,Hospital Regional Norte,Urgencias,Mañana,37,33,0.892,0,12
2026-07-30,Hospital Regional Norte,Urgencias,Tarde,37,36,0.973,0,13
2026-07-30,Hospital Regional Norte,Urgencias,Noche,37,37,1.0,4,206
2026-07-30,Hospital Regional Norte,UCI,Mañana,16,13,0.812,0,24
2026-07-30,Hospital Regional Norte,UCI,Tarde,16,14,0.875,0,30
2026-07-30,Hospital Regional Norte,UCI,Noche,16,16,1.0,0,17
2026-07-30,Hospital Regional Norte,Medicina Interna,Mañana,58,49,0.845,0,6
2026-07-30,Hospital Regional Norte,Medicina Interna,Tarde,58,53,0.914,0,19
2026-07-30,Hospital Regional Norte,Medicina Interna,Noche,58,50,0.862,0,18
2026-07-30,Hospital Regional Norte,Cirugía,Mañana,39,32,0.821,0,5
2026-07-30,Hospital Regional Norte,Cirugía,Tarde,39,32,0.821,0,22
2026-07-30,Hospital Regional Norte,Cirugía,Noche,39,24,0.615,0,16
2026-07-30,Hospital Regional Norte,Pediatría,Mañana,29,25,0.862,0,7
2026-07-30,Hospital Regional Norte,Pediatría,Tarde,29,28,0.966,0,18
2026-07-30,Hospital Regional Norte,Pediatría,Noche,29,26,0.897,0,5
2026-07-30,Hospital Regional Norte,Maternidad,Mañana,26,19,0.731,0,9
2026-07-30,Hospital Regional Norte,Maternidad,Tarde,26,23,0.885,0,11
2026-07-30,Hospital Regional Norte,Maternidad,Noche,26,20,0.769,0,14
2026-07-30,Hospital Metropolitano Central,Urgencias,Mañana,39,37,0.949,0,28
2026-07-30,Hospital Metropolitano Central,Urgencias,Tarde,39,39,1.0,1,153
2026-07-30,Hospital Metropolitano Central,Urgencias,Noche,39,39,1.0,7,146
2026-07-30,Hospital Metropolitano Central,UCI,Mañana,17,14,0.824,0,16
2026-07-30,Hospital Metropolitano Central,UCI,Tarde,17,17,1.0,0,12
2026-07-30,Hospital Metropolitano Central,UCI,Noche,17,17,1.0,0,15
2026-07-30,Hospital Metropolitano Central,Medicina Interna,Mañana,62,53,0.855,0,24
2026-07-30,Hospital Metropolitano Central,Medicina Interna,Tarde,62,62,1.0,2,97
2026-07-30,Hospital Metropolitano Central,Medicina Interna,Noche,62,60,0.968,0,13
2026-07-30,Hospital Metropolitano Central,Cirugía,Mañana,42,31,0.738,0,17
2026-07-30,Hospital Metropolitano Central,Cirugía,Tarde,42,37,0.881,0,17
2026-07-30,Hospital Metropolitano Central,Cirugía,Noche,42,28,0.667,0,17
2026-07-30,Hospital Metropolitano Central,Pediatría,Mañana,31,26,0.839,0,15
2026-07-30,Hospital Metropolitano Central,Pediatría,Tarde,31,29,0.935,1,98
2026-07-30,Hospital Metropolitano Central,Pediatría,Noche,31,29,0.935,0,12
2026-07-30,Hospital Metropolitano Central,Maternidad,Mañana,22,17,0.773,0,12
2026-07-30,Hospital Metropolitano Central,Maternidad,Tarde,22,18,0.818,0,25
2026-07-30,Hospital Metropolitano Central,Maternidad,Noche,22,18,0.818,0,15
2026-07-30,Hospital del Valle,Urgencias,Mañana,39,23,0.59,0,13
2026-07-30,Hospital del Valle,Urgencias,Tarde,39,25,0.641,0,24
2026-07-30,Hospital del Valle,Urgencias,Noche,39,31,0.795,0,22
2026-07-30,Hospital del Valle,UCI,Mañana,14,9,0.643,0,10
2026-07-30,Hospital del Valle,UCI,Tarde,14,9,0.643,0,21
2026-07-30,Hospital del Valle,UCI,Noche,14,9,0.643,0,15
2026-07-30,Hospital del Valle,Medicina Interna,Mañana,57,33,0.579,0,23
2026-07-30,Hospital del Valle,Medicina Interna,Tarde,57,41,0.719,0,7
2026-07-30,Hospital del Valle,Medicina Interna,Noche,57,43,0.754,0,11
2026-07-30,Hospital del Valle,Cirugía,Mañana,45,26,0.578,0,22
2026-07-30,Hospital del Valle,Cirugía,Tarde,45,27,0.6,0,16
2026-07-30,Hospital del Valle,Cirugía,Noche,45,18,0.4,0,9
2026-07-30,Hospital del Valle,Pediatría,Mañana,30,20,0.667,0,19
2026-07-30,Hospital del Valle,Pediatría,Tarde,30,23,0.767,0,10
2026-07-30,Hospital del Valle,Pediatría,Noche,30,21,0.7,0,19
2026-07-30,Hospital del Valle,Maternidad,Mañana,21,10,0.476,0,22
2026-07-30,Hospital del Valle,Maternidad,Tarde,21,14,0.667,0,8
2026-07-30,Hospital del Valle,Maternidad,Noche,21,13,0.619,0,14
2026-07-30,Hospital Costa Poniente,Urgencias,Mañana,43,30,0.698,0,10
2026-07-30,Hospital Costa Poniente,Urgencias,Tarde,43,36,0.837,0,10
2026-07-30,Hospital Costa Poniente,Urgencias,Noche,43,43,1.0,1,91
2026-07-30,Hospital Costa Poniente,UCI,Mañana,17,13,0.765,0,22
2026-07-30,Hospital Costa Poniente,UCI,Tarde,17,14,0.824,0,19
2026-07-30,Hospital Costa Poniente,UCI,Noche,17,15,0.882,0,12
2026-07-30,Hospital Costa Poniente,Medicina Interna,Mañana,56,40,0.714,0,12
2026-07-30,Hospital Costa Poniente,Medicina Interna,Tarde,56,50,0.893,0,20
2026-07-30,Hospital Costa Poniente,Medicina Interna,Noche,56,41,0.732,0,17
2026-07-30,Hospital Costa Poniente,Cirugía,Mañana,39,23,0.59,0,20
2026-07-30,Hospital Costa Poniente,Cirugía,Tarde,39,30,0.769,0,23
2026-07-30,Hospital Costa Poniente,Cirugía,Noche,39,18,0.462,0,21
2026-07-30,Hospital Costa Poniente,Pediatría,Mañana,26,20,0.769,0,21
2026-07-30,Hospital Costa Poniente,Pediatría,Tarde,26,22,0.846,0,22
2026-07-30,Hospital Costa Poniente,Pediatría,Noche,26,20,0.769,0,22
2026-07-30,Hospital Costa Poniente,Maternidad,Mañana,25,15,0.6,0,9
2026-07-30,Hospital Costa Poniente,Maternidad,Tarde,25,17,0.68,0,11
2026-07-30,Hospital Costa Poniente,Maternidad,Noche,25,16,0.64,0,25
2026-07-31,Hospital Regional Norte,Urgencias,Mañana,38,32,0.842,0,7
2026-07-31,Hospital Regional Norte,Urgencias,Tarde,38,35,0.921,0,20
2026-07-31,Hospital Regional Norte,Urgencias,Noche,38,38,1.0,3,159
2026-07-31,Hospital Regional Norte,UCI,Mañana,16,14,0.875,0,11
2026-07-31,Hospital Regional Norte,UCI,Tarde,16,14,0.875,0,12
2026-07-31,Hospital Regional Norte,UCI,Noche,16,14,0.875,0,28
2026-07-31,Hospital Regional Norte,Medicina Interna,Mañana,59,50,0.847,0,6
2026-07-31,Hospital Regional Norte,Medicina Interna,Tarde,59,54,0.915,0,6
2026-07-31,Hospital Regional Norte,Medicina Interna,Noche,59,56,0.949,0,17
2026-07-31,Hospital Regional Norte,Cirugía,Mañana,40,32,0.8,0,6
2026-07-31,Hospital Regional Norte,Cirugía,Tarde,40,35,0.875,0,18
2026-07-31,Hospital Regional Norte,Cirugía,Noche,40,25,0.625,0,21
2026-07-31,Hospital Regional Norte,Pediatría,Mañana,32,27,0.844,0,6
2026-07-31,Hospital Regional Norte,Pediatría,Tarde,32,32,1.0,0,15
2026-07-31,Hospital Regional Norte,Pediatría,Noche,32,30,0.938,0,12
2026-07-31,Hospital Regional Norte,Maternidad,Mañana,26,19,0.731,0,23
2026-07-31,Hospital Regional Norte,Maternidad,Tarde,26,21,0.808,0,5
2026-07-31,Hospital Regional Norte,Maternidad,Noche,26,18,0.692,0,17
2026-07-31,Hospital Metropolitano Central,Urgencias,Mañana,36,34,0.944,0,10
2026-07-31,Hospital Metropolitano Central,Urgencias,Tarde,36,36,1.0,1,133
2026-07-31,Hospital Metropolitano Central,Urgencias,Noche,36,36,1.0,6,176
2026-07-31,Hospital Metropolitano Central,UCI,Mañana,14,11,0.786,0,12
2026-07-31,Hospital Metropolitano Central,UCI,Tarde,14,14,1.0,0,23
2026-07-31,Hospital Metropolitano Central,UCI,Noche,14,14,1.0,0,30
2026-07-31,Hospital Metropolitano Central,Medicina Interna,Mañana,56,54,0.964,0,18
2026-07-31,Hospital Metropolitano Central,Medicina Interna,Tarde,56,55,0.982,1,156
2026-07-31,Hospital Metropolitano Central,Medicina Interna,Noche,56,51,0.911,0,11
2026-07-31,Hospital Metropolitano Central,Cirugía,Mañana,47,37,0.787,0,24
2026-07-31,Hospital Metropolitano Central,Cirugía,Tarde,47,38,0.809,0,17
2026-07-31,Hospital Metropolitano Central,Cirugía,Noche,47,26,0.553,0,19
2026-07-31,Hospital Metropolitano Central,Pediatría,Mañana,26,24,0.923,0,13
2026-07-31,Hospital Metropolitano Central,Pediatría,Tarde,26,24,0.923,1,173
2026-07-31,Hospital Metropolitano Central,Pediatría,Noche,26,23,0.885,0,15
2026-07-31,Hospital Metropolitano Central,Maternidad,Mañana,22,18,0.818,0,17
2026-07-31,Hospital Metropolitano Central,Maternidad,Tarde,22,18,0.818,0,14
2026-07-31,Hospital Metropolitano Central,Maternidad,Noche,22,17,0.773,0,23
2026-07-31,Hospital del Valle,Urgencias,Mañana,37,26,0.703,0,17
2026-07-31,Hospital del Valle,Urgencias,Tarde,37,29,0.784,0,11
2026-07-31,Hospital del Valle,Urgencias,Noche,37,35,0.946,0,25
2026-07-31,Hospital del Valle,UCI,Mañana,14,9,0.643,0,6
2026-07-31,Hospital del Valle,UCI,Tarde,14,10,0.714,0,8
2026-07-31,Hospital del Valle,UCI,Noche,14,9,0.643,0,6
2026-07-31,Hospital del Valle,Medicina Interna,Mañana,63,38,0.603,0,7
2026-07-31,Hospital del Valle,Medicina Interna,Tarde,63,43,0.683,0,24
2026-07-31,Hospital del Valle,Medicina Interna,Noche,63,42,0.667,0,9
2026-07-31,Hospital del Valle,Cirugía,Mañana,43,27,0.628,0,21
2026-07-31,Hospital del Valle,Cirugía,Tarde,43,29,0.674,0,11
2026-07-31,Hospital del Valle,Cirugía,Noche,43,21,0.488,0,15
2026-07-31,Hospital del Valle,Pediatría,Mañana,26,15,0.577,0,9
2026-07-31,Hospital del Valle,Pediatría,Tarde,26,18,0.692,0,13
2026-07-31,Hospital del Valle,Pediatría,Noche,26,20,0.769,0,16
2026-07-31,Hospital del Valle,Maternidad,Mañana,24,15,0.625,0,6
2026-07-31,Hospital del Valle,Maternidad,Tarde,24,15,0.625,0,9
2026-07-31,Hospital del Valle,Maternidad,Noche,24,16,0.667,0,21
2026-07-31,Hospital Costa Poniente,Urgencias,Mañana,35,25,0.714,0,11
2026-07-31,Hospital Costa Poniente,Urgencias,Tarde,35,28,0.8,0,19
2026-07-31,Hospital Costa Poniente,Urgencias,Noche,35,32,0.914,0,19
2026-07-31,Hospital Costa Poniente,UCI,Mañana,14,10,0.714,0,21
2026-07-31,Hospital Costa Poniente,UCI,Tarde,14,11,0.786,0,10
2026-07-31,Hospital Costa Poniente,UCI,Noche,14,10,0.714,0,15
2026-07-31,Hospital Costa Poniente,Medicina Interna,Mañana,52,40,0.769,0,18
2026-07-31,Hospital Costa Poniente,Medicina Interna,Tarde,52,43,0.827,0,5
2026-07-31,Hospital Costa Poniente,Medicina Interna,Noche,52,41,0.788,0,10
2026-07-31,Hospital Costa Poniente,Cirugía,Mañana,46,29,0.63,0,6
2026-07-31,Hospital Costa Poniente,Cirugía,Tarde,46,31,0.674,0,8
2026-07-31,Hospital Costa Poniente,Cirugía,Noche,46,25,0.543,0,5
2026-07-31,Hospital Costa Poniente,Pediatría,Mañana,28,21,0.75,0,17
2026-07-31,Hospital Costa Poniente,Pediatría,Tarde,28,24,0.857,0,8
2026-07-31,Hospital Costa Poniente,Pediatría,Noche,28,24,0.857,0,25
2026-07-31,Hospital Costa Poniente,Maternidad,Mañana,21,14,0.667,0,5
2026-07-31,Hospital Costa Poniente,Maternidad,Tarde,21,15,0.714,0,20
2026-07-31,Hospital Costa Poniente,Maternidad,Noche,21,16,0.762,0,25
2026-08-01,Hospital Regional Norte,Urgencias,Mañana,38,38,1.0,0,17
2026-08-01,Hospital Regional Norte,Urgencias,Tarde,38,38,1.0,2,149
2026-08-01,Hospital Regional Norte,Urgencias,Noche,38,38,1.0,8,132
2026-08-01,Hospital Regional Norte,UCI,Mañana,16,12,0.75,0,9
2026-08-01,Hospital Regional Norte,UCI,Tarde,16,13,0.812,0,10
2026-08-01,Hospital Regional Norte,UCI,Noche,16,15,0.938,0,18
2026-08-01,Hospital Regional Norte,Medicina Interna,Mañana,64,49,0.766,0,5
2026-08-01,Hospital Regional Norte,Medicina Interna,Tarde,64,55,0.859,0,14
2026-08-01,Hospital Regional Norte,Medicina Interna,Noche,64,49,0.766,0,19
2026-08-01,Hospital Regional Norte,Cirugía,Mañana,43,33,0.767,0,12
2026-08-01,Hospital Regional Norte,Cirugía,Tarde,43,36,0.837,0,9
2026-08-01,Hospital Regional Norte,Cirugía,Noche,43,26,0.605,0,16
2026-08-01,Hospital Regional Norte,Pediatría,Mañana,27,21,0.778,0,18
2026-08-01,Hospital Regional Norte,Pediatría,Tarde,27,23,0.852,0,19
2026-08-01,Hospital Regional Norte,Pediatría,Noche,27,22,0.815,0,17
2026-08-01,Hospital Regional Norte,Maternidad,Mañana,24,16,0.667,0,17
2026-08-01,Hospital Regional Norte,Maternidad,Tarde,24,17,0.708,0,21
2026-08-01,Hospital Regional Norte,Maternidad,Noche,24,16,0.667,0,11
2026-08-01,Hospital Metropolitano Central,Urgencias,Mañana,41,41,1.0,3,156
2026-08-01,Hospital Metropolitano Central,Urgencias,Tarde,41,41,1.0,5,174
2026-08-01,Hospital Metropolitano Central,Urgencias,Noche,41,41,1.0,7,123
2026-08-01,Hospital Metropolitano Central,UCI,Mañana,14,12,0.857,0,29
2026-08-01,Hospital Metropolitano Central,UCI,Tarde,14,13,0.929,0,20
2026-08-01,Hospital Metropolitano Central,UCI,Noche,14,13,0.929,0,22
2026-08-01,Hospital Metropolitano Central,Medicina Interna,Mañana,65,54,0.831,0,19
2026-08-01,Hospital Metropolitano Central,Medicina Interna,Tarde,65,56,0.862,0,11
2026-08-01,Hospital Metropolitano Central,Medicina Interna,Noche,65,57,0.877,0,10
2026-08-01,Hospital Metropolitano Central,Cirugía,Mañana,41,33,0.805,0,23
2026-08-01,Hospital Metropolitano Central,Cirugía,Tarde,41,36,0.878,0,25
2026-08-01,Hospital Metropolitano Central,Cirugía,Noche,41,24,0.585,0,11
2026-08-01,Hospital Metropolitano Central,Pediatría,Mañana,27,22,0.815,0,12
2026-08-01,Hospital Metropolitano Central,Pediatría,Tarde,27,27,1.0,0,25
2026-08-01,Hospital Metropolitano Central,Pediatría,Noche,27,24,0.889,0,24
2026-08-01,Hospital Metropolitano Central,Maternidad,Mañana,25,19,0.76,0,6
2026-08-01,Hospital Metropolitano Central,Maternidad,Tarde,25,21,0.84,0,7
2026-08-01,Hospital Metropolitano Central,Maternidad,Noche,25,18,0.72,0,5
2026-08-01,Hospital del Valle,Urgencias,Mañana,43,35,0.814,0,15
2026-08-01,Hospital del Valle,Urgencias,Tarde,43,39,0.907,0,15
2026-08-01,Hospital del Valle,Urgencias,Noche,43,43,1.0,1,87
2026-08-01,Hospital del Valle,UCI,Mañana,15,8,0.533,0,24
2026-08-01,Hospital del Valle,UCI,Tarde,15,11,0.733,0,23
2026-08-01,Hospital del Valle,UCI,Noche,15,11,0.733,0,19
2026-08-01,Hospital del Valle,Medicina Interna,Mañana,58,38,0.655,0,14
2026-08-01,Hospital del Valle,Medicina Interna,Tarde,58,38,0.655,0,22
2026-08-01,Hospital del Valle,Medicina Interna,Noche,58,34,0.586,0,9
2026-08-01,Hospital del Valle,Cirugía,Mañana,40,19,0.475,0,24
2026-08-01,Hospital del Valle,Cirugía,Tarde,40,24,0.6,0,22
2026-08-01,Hospital del Valle,Cirugía,Noche,40,18,0.45,0,20
2026-08-01,Hospital del Valle,Pediatría,Mañana,31,18,0.581,0,12
2026-08-01,Hospital del Valle,Pediatría,Tarde,31,24,0.774,0,9
2026-08-01,Hospital del Valle,Pediatría,Noche,31,22,0.71,0,8
2026-08-01,Hospital del Valle,Maternidad,Mañana,26,12,0.462,0,17
2026-08-01,Hospital del Valle,Maternidad,Tarde,26,15,0.577,0,20
2026-08-01,Hospital del Valle,Maternidad,Noche,26,13,0.5,0,5
2026-08-01,Hospital Costa Poniente,Urgencias,Mañana,40,38,0.95,0,24
2026-08-01,Hospital Costa Poniente,Urgencias,Tarde,40,39,0.975,0,10
2026-08-01,Hospital Costa Poniente,Urgencias,Noche,40,40,1.0,5,158
2026-08-01,Hospital Costa Poniente,UCI,Mañana,18,13,0.722,0,7
2026-08-01,Hospital Costa Poniente,UCI,Tarde,18,13,0.722,0,24
2026-08-01,Hospital Costa Poniente,UCI,Noche,18,13,0.722,0,17
2026-08-01,Hospital Costa Poniente,Medicina Interna,Mañana,65,41,0.631,0,11
2026-08-01,Hospital Costa Poniente,Medicina Interna,Tarde,65,55,0.846,0,15
2026-08-01,Hospital Costa Poniente,Medicina Interna,Noche,65,46,0.708,0,7
2026-08-01,Hospital Costa Poniente,Cirugía,Mañana,42,29,0.69,0,20
2026-08-01,Hospital Costa Poniente,Cirugía,Tarde,42,26,0.619,0,23
2026-08-01,Hospital Costa Poniente,Cirugía,Noche,42,20,0.476,0,10
2026-08-01,Hospital Costa Poniente,Pediatría,Mañana,28,19,0.679,0,21
2026-08-01,Hospital Costa Poniente,Pediatría,Tarde,28,21,0.75,0,21
2026-08-01,Hospital Costa Poniente,Pediatría,Noche,28,23,0.821,0,5
2026-08-01,Hospital Costa Poniente,Maternidad,Mañana,24,16,0.667,0,6
2026-08-01,Hospital Costa Poniente,Maternidad,Tarde,24,17,0.708,0,14
2026-08-01,Hospital Costa Poniente,Maternidad,Noche,24,14,0.583,0,18
2026-08-02,Hospital Regional Norte,Urgencias,Mañana,37,34,0.919,0,19
2026-08-02,Hospital Regional Norte,Urgencias,Tarde,37,37,1.0,2,61
2026-08-02,Hospital Regional Norte,Urgencias,Noche,37,37,1.0,8,111
2026-08-02,Hospital Regional Norte,UCI,Mañana,16,12,0.75,0,11
2026-08-02,Hospital Regional Norte,UCI,Tarde,16,15,0.938,0,11
2026-08-02,Hospital Regional Norte,UCI,Noche,16,14,0.875,0,22
2026-08-02,Hospital Regional Norte,Medicina Interna,Mañana,56,47,0.839,0,18
2026-08-02,Hospital Regional Norte,Medicina Interna,Tarde,56,48,0.857,0,15
2026-08-02,Hospital Regional Norte,Medicina Interna,Noche,56,43,0.768,0,16
2026-08-02,Hospital Regional Norte,Cirugía,Mañana,46,32,0.696,0,20
2026-08-02,Hospital Regional Norte,Cirugía,Tarde,46,34,0.739,0,7
2026-08-02,Hospital Regional Norte,Cirugía,Noche,46,28,0.609,0,7
2026-08-02,Hospital Regional Norte,Pediatría,Mañana,32,27,0.844,0,21
2026-08-02,Hospital Regional Norte,Pediatría,Tarde,32,30,0.938,0,14
2026-08-02,Hospital Regional Norte,Pediatría,Noche,32,28,0.875,0,8
2026-08-02,Hospital Regional Norte,Maternidad,Mañana,23,15,0.652,0,7
2026-08-02,Hospital Regional Norte,Maternidad,Tarde,23,16,0.696,0,12
2026-08-02,Hospital Regional Norte,Maternidad,Noche,23,18,0.783,0,7
2026-08-02,Hospital Metropolitano Central,Urgencias,Mañana,34,33,0.971,2,71
2026-08-02,Hospital Metropolitano Central,Urgencias,Tarde,34,34,1.0,5,202
2026-08-02,Hospital Metropolitano Central,Urgencias,Noche,34,34,1.0,9,135
2026-08-02,Hospital Metropolitano Central,UCI,Mañana,14,12,0.857,0,12
2026-08-02,Hospital Metropolitano Central,UCI,Tarde,14,12,0.857,0,12
2026-08-02,Hospital Metropolitano Central,UCI,Noche,14,12,0.857,0,17
2026-08-02,Hospital Metropolitano Central,Medicina Interna,Mañana,54,48,0.889,0,17
2026-08-02,Hospital Metropolitano Central,Medicina Interna,Tarde,54,49,0.907,0,21
2026-08-02,Hospital Metropolitano Central,Medicina Interna,Noche,54,46,0.852,0,11
2026-08-02,Hospital Metropolitano Central,Cirugía,Mañana,46,35,0.761,0,10
2026-08-02,Hospital Metropolitano Central,Cirugía,Tarde,46,38,0.826,0,23
2026-08-02,Hospital Metropolitano Central,Cirugía,Noche,46,30,0.652,0,6
2026-08-02,Hospital Metropolitano Central,Pediatría,Mañana,29,25,0.862,0,7
2026-08-02,Hospital Metropolitano Central,Pediatría,Tarde,29,26,0.897,0,11
2026-08-02,Hospital Metropolitano Central,Pediatría,Noche,29,25,0.862,0,22
2026-08-02,Hospital Metropolitano Central,Maternidad,Mañana,25,17,0.68,0,8
2026-08-02,Hospital Metropolitano Central,Maternidad,Tarde,25,21,0.84,0,7
2026-08-02,Hospital Metropolitano Central,Maternidad,Noche,25,18,0.72,0,15
2026-08-02,Hospital del Valle,Urgencias,Mañana,42,30,0.714,0,17
2026-08-02,Hospital del Valle,Urgencias,Tarde,42,36,0.857,0,23
2026-08-02,Hospital del Valle,Urgencias,Noche,42,41,0.976,1,122
2026-08-02,Hospital del Valle,UCI,Mañana,15,10,0.667,0,12
2026-08-02,Hospital del Valle,UCI,Tarde,15,10,0.667,0,25
2026-08-02,Hospital del Valle,UCI,Noche,15,11,0.733,0,13
2026-08-02,Hospital del Valle,Medicina Interna,Mañana,55,31,0.564,0,6
2026-08-02,Hospital del Valle,Medicina Interna,Tarde,55,34,0.618,0,16
2026-08-02,Hospital del Valle,Medicina Interna,Noche,55,39,0.709,0,6
2026-08-02,Hospital del Valle,Cirugía,Mañana,45,27,0.6,0,7
2026-08-02,Hospital del Valle,Cirugía,Tarde,45,28,0.622,0,19
2026-08-02,Hospital del Valle,Cirugía,Noche,45,16,0.356,0,7
2026-08-02,Hospital del Valle,Pediatría,Mañana,28,19,0.679,0,16
2026-08-02,Hospital del Valle,Pediatría,Tarde,28,20,0.714,0,24
2026-08-02,Hospital del Valle,Pediatría,Noche,28,19,0.679,0,7
2026-08-02,Hospital del Valle,Maternidad,Mañana,25,14,0.56,0,15
2026-08-02,Hospital del Valle,Maternidad,Tarde,25,15,0.6,0,20
2026-08-02,Hospital del Valle,Maternidad,Noche,25,14,0.56,0,14
2026-08-02,Hospital Costa Poniente,Urgencias,Mañana,42,35,0.833,0,11
2026-08-02,Hospital Costa Poniente,Urgencias,Tarde,42,38,0.905,0,10
2026-08-02,Hospital Costa Poniente,Urgencias,Noche,42,42,1.0,3,182
2026-08-02,Hospital Costa Poniente,UCI,Mañana,15,11,0.733,0,17
2026-08-02,Hospital Costa Poniente,UCI,Tarde,15,11,0.733,0,19
2026-08-02,Hospital Costa Poniente,UCI,Noche,15,11,0.733,0,9
2026-08-02,Hospital Costa Poniente,Medicina Interna,Mañana,62,42,0.677,0,5
2026-08-02,Hospital Costa Poniente,Medicina Interna,Tarde,62,52,0.839,0,15
2026-08-02,Hospital Costa Poniente,Medicina Interna,Noche,62,45,0.726,0,25
2026-08-02,Hospital Costa Poniente,Cirugía,Mañana,40,24,0.6,0,18
2026-08-02,Hospital Costa Poniente,Cirugía,Tarde,40,29,0.725,0,10
2026-08-02,Hospital Costa Poniente,Cirugía,Noche,40,17,0.425,0,10
2026-08-02,Hospital Costa Poniente,Pediatría,Mañana,27,17,0.63,0,20
2026-08-02,Hospital Costa Poniente,Pediatría,Tarde,27,20,0.741,0,15
2026-08-02,Hospital Costa Poniente,Pediatría,Noche,27,19,0.704,0,20
2026-08-02,Hospital Costa Poniente,Maternidad,Mañana,24,14,0.583,0,22
2026-08-02,Hospital Costa Poniente,Maternidad,Tarde,24,15,0.625,0,11
2026-08-02,Hospital Costa Poniente,Maternidad,Noche,24,15,0.625,0,20
2026-08-03,Hospital Regional Norte,Urgencias,Mañana,38,35,0.921,0,10
2026-08-03,Hospital Regional Norte,Urgencias,Tarde,38,35,0.921,0,6
2026-08-03,Hospital Regional Norte,Urgencias,Noche,38,38,1.0,2,143
2026-08-03,Hospital Regional Norte,UCI,Mañana,16,12,0.75,0,12
2026-08-03,Hospital Regional Norte,UCI,Tarde,16,14,0.875,0,16
2026-08-03,Hospital Regional Norte,UCI,Noche,16,14,0.875,0,19
2026-08-03,Hospital Regional Norte,Medicina Interna,Mañana,60,48,0.8,0,14
2026-08-03,Hospital Regional Norte,Medicina Interna,Tarde,60,57,0.95,0,18
2026-08-03,Hospital Regional Norte,Medicina Interna,Noche,60,53,0.883,0,24
2026-08-03,Hospital Regional Norte,Cirugía,Mañana,40,28,0.7,0,16
2026-08-03,Hospital Regional Norte,Cirugía,Tarde,40,34,0.85,0,9
2026-08-03,Hospital Regional Norte,Cirugía,Noche,40,22,0.55,0,20
2026-08-03,Hospital Regional Norte,Pediatría,Mañana,26,21,0.808,0,18
2026-08-03,Hospital Regional Norte,Pediatría,Tarde,26,23,0.885,0,15
2026-08-03,Hospital Regional Norte,Pediatría,Noche,26,24,0.923,0,20
2026-08-03,Hospital Regional Norte,Maternidad,Mañana,25,20,0.8,0,20
2026-08-03,Hospital Regional Norte,Maternidad,Tarde,25,21,0.84,0,22
2026-08-03,Hospital Regional Norte,Maternidad,Noche,25,18,0.72,0,15
2026-08-03,Hospital Metropolitano Central,Urgencias,Mañana,41,40,0.976,0,30
2026-08-03,Hospital Metropolitano Central,Urgencias,Tarde,41,41,1.0,2,113
2026-08-03,Hospital Metropolitano Central,Urgencias,Noche,41,41,1.0,5,74
2026-08-03,Hospital Metropolitano Central,UCI,Mañana,16,13,0.812,0,9
2026-08-03,Hospital Metropolitano Central,UCI,Tarde,16,16,1.0,0,25
2026-08-03,Hospital Metropolitano Central,UCI,Noche,16,15,0.938,0,18
2026-08-03,Hospital Metropolitano Central,Medicina Interna,Mañana,52,46,0.885,0,11
2026-08-03,Hospital Metropolitano Central,Medicina Interna,Tarde,52,52,1.0,1,86
2026-08-03,Hospital Metropolitano Central,Medicina Interna,Noche,52,52,1.0,0,17
2026-08-03,Hospital Metropolitano Central,Cirugía,Mañana,41,29,0.707,0,16
2026-08-03,Hospital Metropolitano Central,Cirugía,Tarde,41,38,0.927,0,20
2026-08-03,Hospital Metropolitano Central,Cirugía,Noche,41,26,0.634,0,13
2026-08-03,Hospital Metropolitano Central,Pediatría,Mañana,33,30,0.909,0,15
2026-08-03,Hospital Metropolitano Central,Pediatría,Tarde,33,33,1.0,1,100
2026-08-03,Hospital Metropolitano Central,Pediatría,Noche,33,32,0.97,0,11
2026-08-03,Hospital Metropolitano Central,Maternidad,Mañana,26,19,0.731,0,21
2026-08-03,Hospital Metropolitano Central,Maternidad,Tarde,26,21,0.808,0,17
2026-08-03,Hospital Metropolitano Central,Maternidad,Noche,26,21,0.808,0,5
2026-08-03,Hospital del Valle,Urgencias,Mañana,37,23,0.622,0,14
2026-08-03,Hospital del Valle,Urgencias,Tarde,37,24,0.649,0,25
2026-08-03,Hospital del Valle,Urgencias,Noche,37,33,0.892,0,18
2026-08-03,Hospital del Valle,UCI,Mañana,14,9,0.643,0,9
2026-08-03,Hospital del Valle,UCI,Tarde,14,10,0.714,0,17
2026-08-03,Hospital del Valle,UCI,Noche,14,10,0.714,0,24
2026-08-03,Hospital del Valle,Medicina Interna,Mañana,58,36,0.621,0,13
2026-08-03,Hospital del Valle,Medicina Interna,Tarde,58,41,0.707,0,11
2026-08-03,Hospital del Valle,Medicina Interna,Noche,58,41,0.707,0,19
2026-08-03,Hospital del Valle,Cirugía,Mañana,41,24,0.585,0,15
2026-08-03,Hospital del Valle,Cirugía,Tarde,41,29,0.707,0,8
2026-08-03,Hospital del Valle,Cirugía,Noche,41,16,0.39,0,15
2026-08-03,Hospital del Valle,Pediatría,Mañana,30,19,0.633,0,15
2026-08-03,Hospital del Valle,Pediatría,Tarde,30,23,0.767,0,17
2026-08-03,Hospital del Valle,Pediatría,Noche,30,21,0.7,0,25
2026-08-03,Hospital del Valle,Maternidad,Mañana,24,13,0.542,0,10
2026-08-03,Hospital del Valle,Maternidad,Tarde,24,14,0.583,0,6
2026-08-03,Hospital del Valle,Maternidad,Noche,24,15,0.625,0,15
2026-08-03,Hospital Costa Poniente,Urgencias,Mañana,40,30,0.75,0,21
2026-08-03,Hospital Costa Poniente,Urgencias,Tarde,40,30,0.75,0,9
2026-08-03,Hospital Costa Poniente,Urgencias,Noche,40,40,1.0,1,84
2026-08-03,Hospital Costa Poniente,UCI,Mañana,14,9,0.643,0,12
2026-08-03,Hospital Costa Poniente,UCI,Tarde,14,10,0.714,0,16
2026-08-03,Hospital Costa Poniente,UCI,Noche,14,12,0.857,0,23
2026-08-03,Hospital Costa Poniente,Medicina Interna,Mañana,56,37,0.661,0,17
2026-08-03,Hospital Costa Poniente,Medicina Interna,Tarde,56,46,0.821,0,21
2026-08-03,Hospital Costa Poniente,Medicina Interna,Noche,56,43,0.768,0,17
2026-08-03,Hospital Costa Poniente,Cirugía,Mañana,46,30,0.652,0,7
2026-08-03,Hospital Costa Poniente,Cirugía,Tarde,46,36,0.783,0,19
2026-08-03,Hospital Costa Poniente,Cirugía,Noche,46,21,0.457,0,13
2026-08-03,Hospital Costa Poniente,Pediatría,Mañana,27,18,0.667,0,22
2026-08-03,Hospital Costa Poniente,Pediatría,Tarde,27,20,0.741,0,25
2026-08-03,Hospital Costa Poniente,Pediatría,Noche,27,23,0.852,0,12
2026-08-03,Hospital Costa Poniente,Maternidad,Mañana,24,14,0.583,0,12
2026-08-03,Hospital Costa Poniente,Maternidad,Tarde,24,19,0.792,0,9
2026-08-03,Hospital Costa Poniente,Maternidad,Noche,24,16,0.667,0,15
2026-08-04,Hospital Regional Norte,Urgencias,Mañana,38,33,0.868,0,17
2026-08-04,Hospital Regional Norte,Urgencias,Tarde,38,32,0.842,0,14
2026-08-04,Hospital Regional Norte,Urgencias,Noche,38,38,1.0,3,172
2026-08-04,Hospital Regional Norte,UCI,Mañana,14,11,0.786,0,6
2026-08-04,Hospital Regional Norte,UCI,Tarde,14,12,0.857,0,10
2026-08-04,Hospital Regional Norte,UCI,Noche,14,12,0.857,0,21
2026-08-04,Hospital Regional Norte,Medicina Interna,Mañana,59,52,0.881,0,17
2026-08-04,Hospital Regional Norte,Medicina Interna,Tarde,59,51,0.864,0,22
2026-08-04,Hospital Regional Norte,Medicina Interna,Noche,59,47,0.797,0,25
2026-08-04,Hospital Regional Norte,Cirugía,Mañana,47,33,0.702,0,22
2026-08-04,Hospital Regional Norte,Cirugía,Tarde,47,37,0.787,0,17
2026-08-04,Hospital Regional Norte,Cirugía,Noche,47,25,0.532,0,11
2026-08-04,Hospital Regional Norte,Pediatría,Mañana,31,25,0.806,0,11
2026-08-04,Hospital Regional Norte,Pediatría,Tarde,31,28,0.903,0,13
2026-08-04,Hospital Regional Norte,Pediatría,Noche,31,27,0.871,0,25
2026-08-04,Hospital Regional Norte,Maternidad,Mañana,23,15,0.652,0,24
2026-08-04,Hospital Regional Norte,Maternidad,Tarde,23,20,0.87,0,21
2026-08-04,Hospital Regional Norte,Maternidad,Noche,23,18,0.783,0,11
2026-08-04,Hospital Metropolitano Central,Urgencias,Mañana,36,30,0.833,0,8
2026-08-04,Hospital Metropolitano Central,Urgencias,Tarde,36,36,1.0,1,103
2026-08-04,Hospital Metropolitano Central,Urgencias,Noche,36,36,1.0,4,127
2026-08-04,Hospital Metropolitano Central,UCI,Mañana,17,15,0.882,0,30
2026-08-04,Hospital Metropolitano Central,UCI,Tarde,17,16,0.941,0,18
2026-08-04,Hospital Metropolitano Central,UCI,Noche,17,16,0.941,0,10
2026-08-04,Hospital Metropolitano Central,Medicina Interna,Mañana,54,46,0.852,0,15
2026-08-04,Hospital Metropolitano Central,Medicina Interna,Tarde,54,51,0.944,0,17
2026-08-04,Hospital Metropolitano Central,Medicina Interna,Noche,54,53,0.981,0,22
2026-08-04,Hospital Metropolitano Central,Cirugía,Mañana,45,33,0.733,0,20
2026-08-04,Hospital Metropolitano Central,Cirugía,Tarde,45,39,0.867,0,24
2026-08-04,Hospital Metropolitano Central,Cirugía,Noche,45,27,0.6,0,12
2026-08-04,Hospital Metropolitano Central,Pediatría,Mañana,26,22,0.846,0,5
2026-08-04,Hospital Metropolitano Central,Pediatría,Tarde,26,26,1.0,1,52
2026-08-04,Hospital Metropolitano Central,Pediatría,Noche,26,26,1.0,0,22
2026-08-04,Hospital Metropolitano Central,Maternidad,Mañana,26,22,0.846,0,8
2026-08-04,Hospital Metropolitano Central,Maternidad,Tarde,26,20,0.769,0,11
2026-08-04,Hospital Metropolitano Central,Maternidad,Noche,26,22,0.846,0,18
2026-08-04,Hospital del Valle,Urgencias,Mañana,41,26,0.634,0,13
2026-08-04,Hospital del Valle,Urgencias,Tarde,41,29,0.707,0,5
2026-08-04,Hospital del Valle,Urgencias,Noche,41,34,0.829,0,6
2026-08-04,Hospital del Valle,UCI,Mañana,17,10,0.588,0,13
2026-08-04,Hospital del Valle,UCI,Tarde,17,12,0.706,0,11
2026-08-04,Hospital del Valle,UCI,Noche,17,11,0.647,0,25
2026-08-04,Hospital del Valle,Medicina Interna,Mañana,62,42,0.677,0,5
2026-08-04,Hospital del Valle,Medicina Interna,Tarde,62,48,0.774,0,20
2026-08-04,Hospital del Valle,Medicina Interna,Noche,62,39,0.629,0,8
2026-08-04,Hospital del Valle,Cirugía,Mañana,39,21,0.538,0,23
2026-08-04,Hospital del Valle,Cirugía,Tarde,39,26,0.667,0,13
2026-08-04,Hospital del Valle,Cirugía,Noche,39,16,0.41,0,23
2026-08-04,Hospital del Valle,Pediatría,Mañana,29,20,0.69,0,9
2026-08-04,Hospital del Valle,Pediatría,Tarde,29,20,0.69,0,17
2026-08-04,Hospital del Valle,Pediatría,Noche,29,21,0.724,0,5
2026-08-04,Hospital del Valle,Maternidad,Mañana,21,12,0.571,0,19
2026-08-04,Hospital del Valle,Maternidad,Tarde,21,13,0.619,0,5
2026-08-04,Hospital del Valle,Maternidad,Noche,21,13,0.619,0,6
2026-08-04,Hospital Costa Poniente,Urgencias,Mañana,41,34,0.829,0,13
2026-08-04,Hospital Costa Poniente,Urgencias,Tarde,41,35,0.854,0,20
2026-08-04,Hospital Costa Poniente,Urgencias,Noche,41,39,0.951,1,118
2026-08-04,Hospital Costa Poniente,UCI,Mañana,15,11,0.733,0,5
2026-08-04,Hospital Costa Poniente,UCI,Tarde,15,13,0.867,0,28
2026-08-04,Hospital Costa Poniente,UCI,Noche,15,13,0.867,0,25
2026-08-04,Hospital Costa Poniente,Medicina Interna,Mañana,63,49,0.778,0,6
2026-08-04,Hospital Costa Poniente,Medicina Interna,Tarde,63,49,0.778,0,7
2026-08-04,Hospital Costa Poniente,Medicina Interna,Noche,63,50,0.794,0,19
2026-08-04,Hospital Costa Poniente,Cirugía,Mañana,47,31,0.66,0,16
2026-08-04,Hospital Costa Poniente,Cirugía,Tarde,47,35,0.745,0,16
2026-08-04,Hospital Costa Poniente,Cirugía,Noche,47,26,0.553,0,22
2026-08-04,Hospital Costa Poniente,Pediatría,Mañana,27,21,0.778,0,16
2026-08-04,Hospital Costa Poniente,Pediatría,Tarde,27,22,0.815,0,23
2026-08-04,Hospital Costa Poniente,Pediatría,Noche,27,21,0.778,0,19
2026-08-04,Hospital Costa Poniente,Maternidad,Mañana,27,18,0.667,0,9
2026-08-04,Hospital Costa Poniente,Maternidad,Tarde,27,20,0.741,0,20
2026-08-04,Hospital Costa Poniente,Maternidad,Noche,27,19,0.704,0,18
2026-08-05,Hospital Regional Norte,Urgencias,Mañana,38,32,0.842,0,24
2026-08-05,Hospital Regional Norte,Urgencias,Tarde,38,34,0.895,0,9
2026-08-05,Hospital Regional Norte,Urgencias,Noche,38,38,1.0,3,182
2026-08-05,Hospital Regional Norte,UCI,Mañana,17,15,0.882,0,11
2026-08-05,Hospital Regional Norte,UCI,Tarde,17,15,0.882,0,30
2026-08-05,Hospital Regional Norte,UCI,Noche,17,14,0.824,0,15
2026-08-05,Hospital Regional Norte,Medicina Interna,Mañana,59,52,0.881,0,10
2026-08-05,Hospital Regional Norte,Medicina Interna,Tarde,59,57,0.966,0,16
2026-08-05,Hospital Regional Norte,Medicina Interna,Noche,59,54,0.915,0,17
2026-08-05,Hospital Regional Norte,Cirugía,Mañana,39,28,0.718,0,8
2026-08-05,Hospital Regional Norte,Cirugía,Tarde,39,35,0.897,0,22
2026-08-05,Hospital Regional Norte,Cirugía,Noche,39,20,0.513,0,8
2026-08-05,Hospital Regional Norte,Pediatría,Mañana,30,24,0.8,0,22
2026-08-05,Hospital Regional Norte,Pediatría,Tarde,30,28,0.933,0,17
2026-08-05,Hospital Regional Norte,Pediatría,Noche,30,27,0.9,0,15
2026-08-05,Hospital Regional Norte,Maternidad,Mañana,24,17,0.708,0,16
2026-08-05,Hospital Regional Norte,Maternidad,Tarde,24,19,0.792,0,17
2026-08-05,Hospital Regional Norte,Maternidad,Noche,24,18,0.75,0,17
2026-08-05,Hospital Metropolitano Central,Urgencias,Mañana,36,32,0.889,0,18
2026-08-05,Hospital Metropolitano Central,Urgencias,Tarde,36,36,1.0,1,110
2026-08-05,Hospital Metropolitano Central,Urgencias,Noche,36,36,1.0,3,117
2026-08-05,Hospital Metropolitano Central,UCI,Mañana,14,13,0.929,0,13
2026-08-05,Hospital Metropolitano Central,UCI,Tarde,14,14,1.0,0,19
2026-08-05,Hospital Metropolitano Central,UCI,Noche,14,13,0.929,0,16
2026-08-05,Hospital Metropolitano Central,Medicina Interna,Mañana,59,49,0.831,0,11
2026-08-05,Hospital Metropolitano Central,Medicina Interna,Tarde,59,54,0.915,0,5
2026-08-05,Hospital Metropolitano Central,Medicina Interna,Noche,59,54,0.915,0,11
2026-08-05,Hospital Metropolitano Central,Cirugía,Mañana,40,34,0.85,0,7
2026-08-05,Hospital Metropolitano Central,Cirugía,Tarde,40,32,0.8,0,19
2026-08-05,Hospital Metropolitano Central,Cirugía,Noche,40,28,0.7,0,18
2026-08-05,Hospital Metropolitano Central,Pediatría,Mañana,33,31,0.939,0,29
2026-08-05,Hospital Metropolitano Central,Pediatría,Tarde,33,32,0.97,1,103
2026-08-05,Hospital Metropolitano Central,Pediatría,Noche,33,31,0.939,0,25
2026-08-05,Hospital Metropolitano Central,Maternidad,Mañana,25,20,0.8,0,20
2026-08-05,Hospital Metropolitano Central,Maternidad,Tarde,25,23,0.92,0,21
2026-08-05,Hospital Metropolitano Central,Maternidad,Noche,25,19,0.76,0,20
2026-08-05,Hospital del Valle,Urgencias,Mañana,43,28,0.651,0,22
2026-08-05,Hospital del Valle,Urgencias,Tarde,43,33,0.767,0,18
2026-08-05,Hospital del Valle,Urgencias,Noche,43,39,0.907,0,24
2026-08-05,Hospital del Valle,UCI,Mañana,17,12,0.706,0,20
2026-08-05,Hospital del Valle,UCI,Tarde,17,13,0.765,0,17
2026-08-05,Hospital del Valle,UCI,Noche,17,11,0.647,0,20
2026-08-05,Hospital del Valle,Medicina Interna,Mañana,62,36,0.581,0,13
2026-08-05,Hospital del Valle,Medicina Interna,Tarde,62,45,0.726,0,7
2026-08-05,Hospital del Valle,Medicina Interna,Noche,62,40,0.645,0,25
2026-08-05,Hospital del Valle,Cirugía,Mañana,49,28,0.571,0,15
2026-08-05,Hospital del Valle,Cirugía,Tarde,49,29,0.592,0,20
2026-08-05,Hospital del Valle,Cirugía,Noche,49,19,0.388,0,14
2026-08-05,Hospital del Valle,Pediatría,Mañana,30,21,0.7,0,19
2026-08-05,Hospital del Valle,Pediatría,Tarde,30,20,0.667,0,18
2026-08-05,Hospital del Valle,Pediatría,Noche,30,19,0.633,0,9
2026-08-05,Hospital del Valle,Maternidad,Mañana,25,15,0.6,0,5
2026-08-05,Hospital del Valle,Maternidad,Tarde,25,17,0.68,0,19
2026-08-05,Hospital del Valle,Maternidad,Noche,25,13,0.52,0,10
2026-08-05,Hospital Costa Poniente,Urgencias,Mañana,39,31,0.795,0,17
2026-08-05,Hospital Costa Poniente,Urgencias,Tarde,39,34,0.872,0,22
2026-08-05,Hospital Costa Poniente,Urgencias,Noche,39,39,1.0,0,28
2026-08-05,Hospital Costa Poniente,UCI,Mañana,14,10,0.714,0,10
2026-08-05,Hospital Costa Poniente,UCI,Tarde,14,12,0.857,0,15
2026-08-05,Hospital Costa Poniente,UCI,Noche,14,10,0.714,0,24
2026-08-05,Hospital Costa Poniente,Medicina Interna,Mañana,56,38,0.679,0,9
2026-08-05,Hospital Costa Poniente,Medicina Interna,Tarde,56,50,0.893,0,7
2026-08-05,Hospital Costa Poniente,Medicina Interna,Noche,56,41,0.732,0,20
2026-08-05,Hospital Costa Poniente,Cirugía,Mañana,41,26,0.634,0,25
2026-08-05,Hospital Costa Poniente,Cirugía,Tarde,41,32,0.78,0,17
2026-08-05,Hospital Costa Poniente,Cirugía,Noche,41,18,0.439,0,10
2026-08-05,Hospital Costa Poniente,Pediatría,Mañana,27,22,0.815,0,23
2026-08-05,Hospital Costa Poniente,Pediatría,Tarde,27,24,0.889,0,12
2026-08-05,Hospital Costa Poniente,Pediatría,Noche,27,22,0.815,0,8
2026-08-05,Hospital Costa Poniente,Maternidad,Mañana,22,13,0.591,0,24
2026-08-05,Hospital Costa Poniente,Maternidad,Tarde,22,16,0.727,0,19
2026-08-05,Hospital Costa Poniente,Maternidad,Noche,22,15,0.682,0,18
2026-08-06,Hospital Regional Norte,Urgencias,Mañana,34,29,0.853,0,16
2026-08-06,Hospital Regional Norte,Urgencias,Tarde,34,32,0.941,0,25
2026-08-06,Hospital Regional Norte,Urgencias,Noche,34,34,1.0,3,162
2026-08-06,Hospital Regional Norte,UCI,Mañana,14,11,0.786,0,16
2026-08-06,Hospital Regional Norte,UCI,Tarde,14,12,0.857,0,17
2026-08-06,Hospital Regional Norte,UCI,Noche,14,13,0.929,0,13
2026-08-06,Hospital Regional Norte,Medicina Interna,Mañana,51,39,0.765,0,10
2026-08-06,Hospital Regional Norte,Medicina Interna,Tarde,51,48,0.941,0,19
2026-08-06,Hospital Regional Norte,Medicina Interna,Noche,51,46,0.902,0,22
2026-08-06,Hospital Regional Norte,Cirugía,Mañana,42,29,0.69,0,7
2026-08-06,Hospital Regional Norte,Cirugía,Tarde,42,37,0.881,0,10
2026-08-06,Hospital Regional Norte,Cirugía,Noche,42,25,0.595,0,8
2026-08-06,Hospital Regional Norte,Pediatría,Mañana,30,24,0.8,0,9
2026-08-06,Hospital Regional Norte,Pediatría,Tarde,30,27,0.9,0,17
2026-08-06,Hospital Regional Norte,Pediatría,Noche,30,24,0.8,0,6
2026-08-06,Hospital Regional Norte,Maternidad,Mañana,24,15,0.625,0,21
2026-08-06,Hospital Regional Norte,Maternidad,Tarde,24,20,0.833,0,23
2026-08-06,Hospital Regional Norte,Maternidad,Noche,24,18,0.75,0,14
2026-08-06,Hospital Metropolitano Central,Urgencias,Mañana,43,37,0.86,0,12
2026-08-06,Hospital Metropolitano Central,Urgencias,Tarde,43,43,1.0,2,109
2026-08-06,Hospital Metropolitano Central,Urgencias,Noche,43,43,1.0,5,90
2026-08-06,Hospital Metropolitano Central,UCI,Mañana,15,13,0.867,0,12
2026-08-06,Hospital Metropolitano Central,UCI,Tarde,15,14,0.933,0,26
2026-08-06,Hospital Metropolitano Central,UCI,Noche,15,14,0.933,0,25
2026-08-06,Hospital Metropolitano Central,Medicina Interna,Mañana,59,57,0.966,0,17
2026-08-06,Hospital Metropolitano Central,Medicina Interna,Tarde,59,59,1.0,1,141
2026-08-06,Hospital Metropolitano Central,Medicina Interna,Noche,59,59,1.0,0,23
2026-08-06,Hospital Metropolitano Central,Cirugía,Mañana,39,30,0.769,0,17
2026-08-06,Hospital Metropolitano Central,Cirugía,Tarde,39,31,0.795,0,16
2026-08-06,Hospital Metropolitano Central,Cirugía,Noche,39,24,0.615,0,24
2026-08-06,Hospital Metropolitano Central,Pediatría,Mañana,32,27,0.844,0,9
2026-08-06,Hospital Metropolitano Central,Pediatría,Tarde,32,32,1.0,1,181
2026-08-06,Hospital Metropolitano Central,Pediatría,Noche,32,31,0.969,0,15
2026-08-06,Hospital Metropolitano Central,Maternidad,Mañana,23,18,0.783,0,20
2026-08-06,Hospital Metropolitano Central,Maternidad,Tarde,23,21,0.913,0,10
2026-08-06,Hospital Metropolitano Central,Maternidad,Noche,23,19,0.826,0,22
2026-08-06,Hospital del Valle,Urgencias,Mañana,35,25,0.714,0,9
2026-08-06,Hospital del Valle,Urgencias,Tarde,35,27,0.771,0,6
2026-08-06,Hospital del Valle,Urgencias,Noche,35,30,0.857,0,17
2026-08-06,Hospital del Valle,UCI,Mañana,15,10,0.667,0,15
2026-08-06,Hospital del Valle,UCI,Tarde,15,10,0.667,0,22
2026-08-06,Hospital del Valle,UCI,Noche,15,11,0.733,0,14
2026-08-06,Hospital del Valle,Medicina Interna,Mañana,64,41,0.641,0,20
2026-08-06,Hospital del Valle,Medicina Interna,Tarde,64,45,0.703,0,23
2026-08-06,Hospital del Valle,Medicina Interna,Noche,64,46,0.719,0,24
2026-08-06,Hospital del Valle,Cirugía,Mañana,45,28,0.622,0,9
2026-08-06,Hospital del Valle,Cirugía,Tarde,45,28,0.622,0,7
2026-08-06,Hospital del Valle,Cirugía,Noche,45,22,0.489,0,15
2026-08-06,Hospital del Valle,Pediatría,Mañana,29,20,0.69,0,7
2026-08-06,Hospital del Valle,Pediatría,Tarde,29,20,0.69,0,13
2026-08-06,Hospital del Valle,Pediatría,Noche,29,22,0.759,0,14
2026-08-06,Hospital del Valle,Maternidad,Mañana,25,13,0.52,0,15
2026-08-06,Hospital del Valle,Maternidad,Tarde,25,17,0.68,0,23
2026-08-06,Hospital del Valle,Maternidad,Noche,25,14,0.56,0,14
2026-08-06,Hospital Costa Poniente,Urgencias,Mañana,36,26,0.722,0,18
2026-08-06,Hospital Costa Poniente,Urgencias,Tarde,36,29,0.806,0,24
2026-08-06,Hospital Costa Poniente,Urgencias,Noche,36,35,0.972,1,88
2026-08-06,Hospital Costa Poniente,UCI,Mañana,15,11,0.733,0,16
2026-08-06,Hospital Costa Poniente,UCI,Tarde,15,13,0.867,0,16
2026-08-06,Hospital Costa Poniente,UCI,Noche,15,13,0.867,0,15
2026-08-06,Hospital Costa Poniente,Medicina Interna,Mañana,53,41,0.774,0,14
2026-08-06,Hospital Costa Poniente,Medicina Interna,Tarde,53,44,0.83,0,11
2026-08-06,Hospital Costa Poniente,Medicina Interna,Noche,53,42,0.792,0,25
2026-08-06,Hospital Costa Poniente,Cirugía,Mañana,48,29,0.604,0,25
2026-08-06,Hospital Costa Poniente,Cirugía,Tarde,48,37,0.771,0,16
2026-08-06,Hospital Costa Poniente,Cirugía,Noche,48,23,0.479,0,20
2026-08-06,Hospital Costa Poniente,Pediatría,Mañana,31,25,0.806,0,19
2026-08-06,Hospital Costa Poniente,Pediatría,Tarde,31,26,0.839,0,9
2026-08-06,Hospital Costa Poniente,Pediatría,Noche,31,23,0.742,0,7
2026-08-06,Hospital Costa Poniente,Maternidad,Mañana,23,16,0.696,0,22
2026-08-06,Hospital Costa Poniente,Maternidad,Tarde,23,18,0.783,0,5
2026-08-06,Hospital Costa Poniente,Maternidad,Noche,23,14,0.609,0,13
2026-08-07,Hospital Regional Norte,Urgencias,Mañana,43,36,0.837,0,22
2026-08-07,Hospital Regional Norte,Urgencias,Tarde,43,41,0.953,0,28
2026-08-07,Hospital Regional Norte,Urgencias,Noche,43,43,1.0,3,178
2026-08-07,Hospital Regional Norte,UCI,Mañana,18,15,0.833,0,20
2026-08-07,Hospital Regional Norte,UCI,Tarde,18,16,0.889,0,14
2026-08-07,Hospital Regional Norte,UCI,Noche,18,15,0.833,0,16
2026-08-07,Hospital Regional Norte,Medicina Interna,Mañana,62,56,0.903,0,6
2026-08-07,Hospital Regional Norte,Medicina Interna,Tarde,62,60,0.968,0,27
2026-08-07,Hospital Regional Norte,Medicina Interna,Noche,62,54,0.871,0,9
2026-08-07,Hospital Regional Norte,Cirugía,Mañana,47,38,0.809,0,18
2026-08-07,Hospital Regional Norte,Cirugía,Tarde,47,36,0.766,0,23
2026-08-07,Hospital Regional Norte,Cirugía,Noche,47,24,0.511,0,8
2026-08-07,Hospital Regional Norte,Pediatría,Mañana,28,24,0.857,0,13
2026-08-07,Hospital Regional Norte,Pediatría,Tarde,28,25,0.893,0,12
2026-08-07,Hospital Regional Norte,Pediatría,Noche,28,23,0.821,0,24
2026-08-07,Hospital Regional Norte,Maternidad,Mañana,25,19,0.76,0,22
2026-08-07,Hospital Regional Norte,Maternidad,Tarde,25,19,0.76,0,12
2026-08-07,Hospital Regional Norte,Maternidad,Noche,25,18,0.72,0,22
2026-08-07,Hospital Metropolitano Central,Urgencias,Mañana,40,38,0.95,0,22
2026-08-07,Hospital Metropolitano Central,Urgencias,Tarde,40,38,0.95,1,89
2026-08-07,Hospital Metropolitano Central,Urgencias,Noche,40,40,1.0,5,144
2026-08-07,Hospital Metropolitano Central,UCI,Mañana,14,12,0.857,0,17
2026-08-07,Hospital Metropolitano Central,UCI,Tarde,14,13,0.929,0,15
2026-08-07,Hospital Metropolitano Central,UCI,Noche,14,14,1.0,0,10
2026-08-07,Hospital Metropolitano Central,Medicina Interna,Mañana,55,47,0.855,0,23
2026-08-07,Hospital Metropolitano Central,Medicina Interna,Tarde,55,55,1.0,1,163
2026-08-07,Hospital Metropolitano Central,Medicina Interna,Noche,55,49,0.891,0,7
2026-08-07,Hospital Metropolitano Central,Cirugía,Mañana,43,34,0.791,0,9
2026-08-07,Hospital Metropolitano Central,Cirugía,Tarde,43,39,0.907,0,17
2026-08-07,Hospital Metropolitano Central,Cirugía,Noche,43,29,0.674,0,17
2026-08-07,Hospital Metropolitano Central,Pediatría,Mañana,26,25,0.962,0,25
2026-08-07,Hospital Metropolitano Central,Pediatría,Tarde,26,26,1.0,1,137
2026-08-07,Hospital Metropolitano Central,Pediatría,Noche,26,23,0.885,0,21
2026-08-07,Hospital Metropolitano Central,Maternidad,Mañana,25,21,0.84,0,24
2026-08-07,Hospital Metropolitano Central,Maternidad,Tarde,25,20,0.8,0,9
2026-08-07,Hospital Metropolitano Central,Maternidad,Noche,25,21,0.84,0,24
2026-08-07,Hospital del Valle,Urgencias,Mañana,42,29,0.69,0,10
2026-08-07,Hospital del Valle,Urgencias,Tarde,42,33,0.786,0,11
2026-08-07,Hospital del Valle,Urgencias,Noche,42,35,0.833,0,16
2026-08-07,Hospital del Valle,UCI,Mañana,15,9,0.6,0,14
2026-08-07,Hospital del Valle,UCI,Tarde,15,11,0.733,0,17
2026-08-07,Hospital del Valle,UCI,Noche,15,11,0.733,0,20
2026-08-07,Hospital del Valle,Medicina Interna,Mañana,65,44,0.677,0,23
2026-08-07,Hospital del Valle,Medicina Interna,Tarde,65,44,0.677,0,7
2026-08-07,Hospital del Valle,Medicina Interna,Noche,65,44,0.677,0,5
2026-08-07,Hospital del Valle,Cirugía,Mañana,43,24,0.558,0,17
2026-08-07,Hospital del Valle,Cirugía,Tarde,43,24,0.558,0,18
2026-08-07,Hospital del Valle,Cirugía,Noche,43,21,0.488,0,18
2026-08-07,Hospital del Valle,Pediatría,Mañana,26,16,0.615,0,12
2026-08-07,Hospital del Valle,Pediatría,Tarde,26,18,0.692,0,13
2026-08-07,Hospital del Valle,Pediatría,Noche,26,18,0.692,0,10
2026-08-07,Hospital del Valle,Maternidad,Mañana,23,13,0.565,0,21
2026-08-07,Hospital del Valle,Maternidad,Tarde,23,15,0.652,0,11
2026-08-07,Hospital del Valle,Maternidad,Noche,23,15,0.652,0,17
2026-08-07,Hospital Costa Poniente,Urgencias,Mañana,38,30,0.789,0,7
2026-08-07,Hospital Costa Poniente,Urgencias,Tarde,38,33,0.868,0,10
2026-08-07,Hospital Costa Poniente,Urgencias,Noche,38,35,0.921,0,22
2026-08-07,Hospital Costa Poniente,UCI,Mañana,14,9,0.643,0,13
2026-08-07,Hospital Costa Poniente,UCI,Tarde,14,11,0.786,0,14
2026-08-07,Hospital Costa Poniente,UCI,Noche,14,10,0.714,0,18
2026-08-07,Hospital Costa Poniente,Medicina Interna,Mañana,55,44,0.8,0,12
2026-08-07,Hospital Costa Poniente,Medicina Interna,Tarde,55,44,0.8,0,10
2026-08-07,Hospital Costa Poniente,Medicina Interna,Noche,55,43,0.782,0,12
2026-08-07,Hospital Costa Poniente,Cirugía,Mañana,48,32,0.667,0,23
2026-08-07,Hospital Costa Poniente,Cirugía,Tarde,48,36,0.75,0,10
2026-08-07,Hospital Costa Poniente,Cirugía,Noche,48,23,0.479,0,20
2026-08-07,Hospital Costa Poniente,Pediatría,Mañana,33,27,0.818,0,12
2026-08-07,Hospital Costa Poniente,Pediatría,Tarde,33,25,0.758,0,11
2026-08-07,Hospital Costa Poniente,Pediatría,Noche,33,26,0.788,0,7
2026-08-07,Hospital Costa Poniente,Maternidad,Mañana,22,13,0.591,0,10
2026-08-07,Hospital Costa Poniente,Maternidad,Tarde,22,16,0.727,0,19
2026-08-07,Hospital Costa Poniente,Maternidad,Noche,22,15,0.682,0,16
2026-08-08,Hospital Regional Norte,Urgencias,Mañana,41,37,0.902,0,10
2026-08-08,Hospital Regional Norte,Urgencias,Tarde,41,41,1.0,1,93
2026-08-08,Hospital Regional Norte,Urgencias,Noche,41,41,1.0,4,186
2026-08-08,Hospital Regional Norte,UCI,Mañana,15,11,0.733,0,20
2026-08-08,Hospital Regional Norte,UCI,Tarde,15,12,0.8,0,9
2026-08-08,Hospital Regional Norte,UCI,Noche,15,12,0.8,0,24
2026-08-08,Hospital Regional Norte,Medicina Interna,Mañana,64,51,0.797,0,13
2026-08-08,Hospital Regional Norte,Medicina Interna,Tarde,64,55,0.859,0,19
2026-08-08,Hospital Regional Norte,Medicina Interna,Noche,64,50,0.781,0,8
2026-08-08,Hospital Regional Norte,Cirugía,Mañana,46,30,0.652,0,24
2026-08-08,Hospital Regional Norte,Cirugía,Tarde,46,37,0.804,0,7
2026-08-08,Hospital Regional Norte,Cirugía,Noche,46,29,0.63,0,9
2026-08-08,Hospital Regional Norte,Pediatría,Mañana,26,20,0.769,0,20
2026-08-08,Hospital Regional Norte,Pediatría,Tarde,26,24,0.923,0,27
2026-08-08,Hospital Regional Norte,Pediatría,Noche,26,23,0.885,0,21
2026-08-08,Hospital Regional Norte,Maternidad,Mañana,24,17,0.708,0,21
2026-08-08,Hospital Regional Norte,Maternidad,Tarde,24,18,0.75,0,24
2026-08-08,Hospital Regional Norte,Maternidad,Noche,24,18,0.75,0,17
2026-08-08,Hospital Metropolitano Central,Urgencias,Mañana,42,42,1.0,2,185
2026-08-08,Hospital Metropolitano Central,Urgencias,Tarde,42,42,1.0,3,84
2026-08-08,Hospital Metropolitano Central,Urgencias,Noche,42,42,1.0,11,151
2026-08-08,Hospital Metropolitano Central,UCI,Mañana,17,14,0.824,0,14
2026-08-08,Hospital Metropolitano Central,UCI,Tarde,17,15,0.882,0,16
2026-08-08,Hospital Metropolitano Central,UCI,Noche,17,16,0.941,0,30
2026-08-08,Hospital Metropolitano Central,Medicina Interna,Mañana,62,52,0.839,0,23
2026-08-08,Hospital Metropolitano Central,Medicina Interna,Tarde,62,61,0.984,0,30
2026-08-08,Hospital Metropolitano Central,Medicina Interna,Noche,62,58,0.935,0,17
2026-08-08,Hospital Metropolitano Central,Cirugía,Mañana,41,28,0.683,0,12
2026-08-08,Hospital Metropolitano Central,Cirugía,Tarde,41,37,0.902,0,13
2026-08-08,Hospital Metropolitano Central,Cirugía,Noche,41,24,0.585,0,19
2026-08-08,Hospital Metropolitano Central,Pediatría,Mañana,31,26,0.839,0,11
2026-08-08,Hospital Metropolitano Central,Pediatría,Tarde,31,29,0.935,0,11
2026-08-08,Hospital Metropolitano Central,Pediatría,Noche,31,27,0.871,0,9
2026-08-08,Hospital Metropolitano Central,Maternidad,Mañana,27,22,0.815,0,14
2026-08-08,Hospital Metropolitano Central,Maternidad,Tarde,27,21,0.778,0,16
2026-08-08,Hospital Metropolitano Central,Maternidad,Noche,27,21,0.778,0,17
2026-08-08,Hospital del Valle,Urgencias,Mañana,43,35,0.814,0,7
2026-08-08,Hospital del Valle,Urgencias,Tarde,43,37,0.86,0,16
2026-08-08,Hospital del Valle,Urgencias,Noche,43,43,1.0,1,61
2026-08-08,Hospital del Valle,UCI,Mañana,14,8,0.571,0,14
2026-08-08,Hospital del Valle,UCI,Tarde,14,10,0.714,0,10
2026-08-08,Hospital del Valle,UCI,Noche,14,8,0.571,0,8
2026-08-08,Hospital del Valle,Medicina Interna,Mañana,53,34,0.642,0,13
2026-08-08,Hospital del Valle,Medicina Interna,Tarde,53,32,0.604,0,21
2026-08-08,Hospital del Valle,Medicina Interna,Noche,53,32,0.604,0,21
2026-08-08,Hospital del Valle,Cirugía,Mañana,42,23,0.548,0,15
2026-08-08,Hospital del Valle,Cirugía,Tarde,42,27,0.643,0,19
2026-08-08,Hospital del Valle,Cirugía,Noche,42,17,0.405,0,15
2026-08-08,Hospital del Valle,Pediatría,Mañana,28,15,0.536,0,21
2026-08-08,Hospital del Valle,Pediatría,Tarde,28,20,0.714,0,19
2026-08-08,Hospital del Valle,Pediatría,Noche,28,19,0.679,0,18
2026-08-08,Hospital del Valle,Maternidad,Mañana,26,12,0.462,0,22
2026-08-08,Hospital del Valle,Maternidad,Tarde,26,16,0.615,0,23
2026-08-08,Hospital del Valle,Maternidad,Noche,26,15,0.577,0,9
2026-08-08,Hospital Costa Poniente,Urgencias,Mañana,43,36,0.837,0,19
2026-08-08,Hospital Costa Poniente,Urgencias,Tarde,43,43,1.0,0,14
2026-08-08,Hospital Costa Poniente,Urgencias,Noche,43,43,1.0,5,103
2026-08-08,Hospital Costa Poniente,UCI,Mañana,15,10,0.667,0,6
2026-08-08,Hospital Costa Poniente,UCI,Tarde,15,10,0.667,0,5
2026-08-08,Hospital Costa Poniente,UCI,Noche,15,12,0.8,0,11
2026-08-08,Hospital Costa Poniente,Medicina Interna,Mañana,57,37,0.649,0,9
2026-08-08,Hospital Costa Poniente,Medicina Interna,Tarde,57,43,0.754,0,23
2026-08-08,Hospital Costa Poniente,Medicina Interna,Noche,57,40,0.702,0,11
2026-08-08,Hospital Costa Poniente,Cirugía,Mañana,38,21,0.553,0,6
2026-08-08,Hospital Costa Poniente,Cirugía,Tarde,38,25,0.658,0,20
2026-08-08,Hospital Costa Poniente,Cirugía,Noche,38,20,0.526,0,12
2026-08-08,Hospital Costa Poniente,Pediatría,Mañana,29,23,0.793,0,20
2026-08-08,Hospital Costa Poniente,Pediatría,Tarde,29,21,0.724,0,19
2026-08-08,Hospital Costa Poniente,Pediatría,Noche,29,23,0.793,0,15
2026-08-08,Hospital Costa Poniente,Maternidad,Mañana,25,17,0.68,0,20
2026-08-08,Hospital Costa Poniente,Maternidad,Tarde,25,19,0.76,0,13
2026-08-08,Hospital Costa Poniente,Maternidad,Noche,25,16,0.64,0,22
2026-08-09,Hospital Regional Norte,Urgencias,Mañana,43,43,1.0,0,20
2026-08-09,Hospital Regional Norte,Urgencias,Tarde,43,43,1.0,3,202
2026-08-09,Hospital Regional Norte,Urgencias,Noche,43,43,1.0,7,135
2026-08-09,Hospital Regional Norte,UCI,Mañana,17,13,0.765,0,13
2026-08-09,Hospital Regional Norte,UCI,Tarde,17,14,0.824,0,21
2026-08-09,Hospital Regional Norte,UCI,Noche,17,14,0.824,0,17
2026-08-09,Hospital Regional Norte,Medicina Interna,Mañana,52,42,0.808,0,13
2026-08-09,Hospital Regional Norte,Medicina Interna,Tarde,52,42,0.808,0,9
2026-08-09,Hospital Regional Norte,Medicina Interna,Noche,52,43,0.827,0,12
2026-08-09,Hospital Regional Norte,Cirugía,Mañana,48,32,0.667,0,9
2026-08-09,Hospital Regional Norte,Cirugía,Tarde,48,40,0.833,0,22
2026-08-09,Hospital Regional Norte,Cirugía,Noche,48,26,0.542,0,18
2026-08-09,Hospital Regional Norte,Pediatría,Mañana,31,24,0.774,0,15
2026-08-09,Hospital Regional Norte,Pediatría,Tarde,31,26,0.839,0,12
2026-08-09,Hospital Regional Norte,Pediatría,Noche,31,24,0.774,0,20
2026-08-09,Hospital Regional Norte,Maternidad,Mañana,27,19,0.704,0,15
2026-08-09,Hospital Regional Norte,Maternidad,Tarde,27,22,0.815,0,6
2026-08-09,Hospital Regional Norte,Maternidad,Noche,27,19,0.704,0,18
2026-08-09,Hospital Metropolitano Central,Urgencias,Mañana,36,36,1.0,1,142
2026-08-09,Hospital Metropolitano Central,Urgencias,Tarde,36,36,1.0,4,194
2026-08-09,Hospital Metropolitano Central,Urgencias,Noche,36,36,1.0,7,140
2026-08-09,Hospital Metropolitano Central,UCI,Mañana,15,13,0.867,0,29
2026-08-09,Hospital Metropolitano Central,UCI,Tarde,15,13,0.867,0,12
2026-08-09,Hospital Metropolitano Central,UCI,Noche,15,13,0.867,0,10
2026-08-09,Hospital Metropolitano Central,Medicina Interna,Mañana,53,44,0.83,0,7
2026-08-09,Hospital Metropolitano Central,Medicina Interna,Tarde,53,53,1.0,0,30
2026-08-09,Hospital Metropolitano Central,Medicina Interna,Noche,53,44,0.83,0,6
2026-08-09,Hospital Metropolitano Central,Cirugía,Mañana,38,27,0.711,0,9
2026-08-09,Hospital Metropolitano Central,Cirugía,Tarde,38,30,0.789,0,16
2026-08-09,Hospital Metropolitano Central,Cirugía,Noche,38,24,0.632,0,16
2026-08-09,Hospital Metropolitano Central,Pediatría,Mañana,30,24,0.8,0,10
2026-08-09,Hospital Metropolitano Central,Pediatría,Tarde,30,30,1.0,0,11
2026-08-09,Hospital Metropolitano Central,Pediatría,Noche,30,29,0.967,0,11
2026-08-09,Hospital Metropolitano Central,Maternidad,Mañana,25,20,0.8,0,11
2026-08-09,Hospital Metropolitano Central,Maternidad,Tarde,25,22,0.88,0,17
2026-08-09,Hospital Metropolitano Central,Maternidad,Noche,25,21,0.84,0,20
2026-08-09,Hospital del Valle,Urgencias,Mañana,35,27,0.771,0,24
2026-08-09,Hospital del Valle,Urgencias,Tarde,35,31,0.886,0,7
2026-08-09,Hospital del Valle,Urgencias,Noche,35,35,1.0,1,67
2026-08-09,Hospital del Valle,UCI,Mañana,16,9,0.562,0,25
2026-08-09,Hospital del Valle,UCI,Tarde,16,11,0.688,0,21
2026-08-09,Hospital del Valle,UCI,Noche,16,10,0.625,0,24
2026-08-09,Hospital del Valle,Medicina Interna,Mañana,54,31,0.574,0,17
2026-08-09,Hospital del Valle,Medicina Interna,Tarde,54,40,0.741,0,10
2026-08-09,Hospital del Valle,Medicina Interna,Noche,54,37,0.685,0,19
2026-08-09,Hospital del Valle,Cirugía,Mañana,42,23,0.548,0,14
2026-08-09,Hospital del Valle,Cirugía,Tarde,42,26,0.619,0,17
2026-08-09,Hospital del Valle,Cirugía,Noche,42,18,0.429,0,12
2026-08-09,Hospital del Valle,Pediatría,Mañana,31,21,0.677,0,15
2026-08-09,Hospital del Valle,Pediatría,Tarde,31,20,0.645,0,19
2026-08-09,Hospital del Valle,Pediatría,Noche,31,19,0.613,0,9
2026-08-09,Hospital del Valle,Maternidad,Mañana,21,10,0.476,0,8
2026-08-09,Hospital del Valle,Maternidad,Tarde,21,11,0.524,0,19
2026-08-09,Hospital del Valle,Maternidad,Noche,21,11,0.524,0,7
2026-08-09,Hospital Costa Poniente,Urgencias,Mañana,37,31,0.838,0,15
2026-08-09,Hospital Costa Poniente,Urgencias,Tarde,37,36,0.973,0,23
2026-08-09,Hospital Costa Poniente,Urgencias,Noche,37,37,1.0,5,162
2026-08-09,Hospital Costa Poniente,UCI,Mañana,14,10,0.714,0,6
2026-08-09,Hospital Costa Poniente,UCI,Tarde,14,10,0.714,0,17
2026-08-09,Hospital Costa Poniente,UCI,Noche,14,10,0.714,0,7
2026-08-09,Hospital Costa Poniente,Medicina Interna,Mañana,52,39,0.75,0,13
2026-08-09,Hospital Costa Poniente,Medicina Interna,Tarde,52,39,0.75,0,20
2026-08-09,Hospital Costa Poniente,Medicina Interna,Noche,52,38,0.731,0,17
2026-08-09,Hospital Costa Poniente,Cirugía,Mañana,47,32,0.681,0,19
2026-08-09,Hospital Costa Poniente,Cirugía,Tarde,47,30,0.638,0,15
2026-08-09,Hospital Costa Poniente,Cirugía,Noche,47,25,0.532,0,18
2026-08-09,Hospital Costa Poniente,Pediatría,Mañana,30,23,0.767,0,23
2026-08-09,Hospital Costa Poniente,Pediatría,Tarde,30,25,0.833,0,10
2026-08-09,Hospital Costa Poniente,Pediatría,Noche,30,20,0.667,0,10
2026-08-09,Hospital Costa Poniente,Maternidad,Mañana,27,16,0.593,0,20
2026-08-09,Hospital Costa Poniente,Maternidad,Tarde,27,20,0.741,0,15
2026-08-09,Hospital Costa Poniente,Maternidad,Noche,27,16,0.593,0,9
2026-08-10,Hospital Regional Norte,Urgencias,Mañana,36,31,0.861,0,13
2026-08-10,Hospital Regional Norte,Urgencias,Tarde,36,36,1.0,0,23
2026-08-10,Hospital Regional Norte,Urgencias,Noche,36,36,1.0,2,153
2026-08-10,Hospital Regional Norte,UCI,Mañana,15,12,0.8,0,15
2026-08-10,Hospital Regional Norte,UCI,Tarde,15,12,0.8,0,20
2026-08-10,Hospital Regional Norte,UCI,Noche,15,14,0.933,0,16
2026-08-10,Hospital Regional Norte,Medicina Interna,Mañana,54,43,0.796,0,21
2026-08-10,Hospital Regional Norte,Medicina Interna,Tarde,54,47,0.87,0,17
2026-08-10,Hospital Regional Norte,Medicina Interna,Noche,54,50,0.926,0,23
2026-08-10,Hospital Regional Norte,Cirugía,Mañana,45,34,0.756,0,18
2026-08-10,Hospital Regional Norte,Cirugía,Tarde,45,38,0.844,0,6
2026-08-10,Hospital Regional Norte,Cirugía,Noche,45,26,0.578,0,23
2026-08-10,Hospital Regional Norte,Pediatría,Mañana,30,25,0.833,0,19
2026-08-10,Hospital Regional Norte,Pediatría,Tarde,30,25,0.833,0,15
2026-08-10,Hospital Regional Norte,Pediatría,Noche,30,24,0.8,0,23
2026-08-10,Hospital Regional Norte,Maternidad,Mañana,25,19,0.76,0,20
2026-08-10,Hospital Regional Norte,Maternidad,Tarde,25,21,0.84,0,18
2026-08-10,Hospital Regional Norte,Maternidad,Noche,25,21,0.84,0,24
2026-08-10,Hospital Metropolitano Central,Urgencias,Mañana,40,39,0.975,0,17
2026-08-10,Hospital Metropolitano Central,Urgencias,Tarde,40,40,1.0,1,58
2026-08-10,Hospital Metropolitano Central,Urgencias,Noche,40,40,1.0,5,171
2026-08-10,Hospital Metropolitano Central,UCI,Mañana,14,12,0.857,0,24
2026-08-10,Hospital Metropolitano Central,UCI,Tarde,14,13,0.929,0,11
2026-08-10,Hospital Metropolitano Central,UCI,Noche,14,14,1.0,0,18
2026-08-10,Hospital Metropolitano Central,Medicina Interna,Mañana,59,57,0.966,0,10
2026-08-10,Hospital Metropolitano Central,Medicina Interna,Tarde,59,58,0.983,2,137
2026-08-10,Hospital Metropolitano Central,Medicina Interna,Noche,59,57,0.966,0,28
2026-08-10,Hospital Metropolitano Central,Cirugía,Mañana,41,34,0.829,0,14
2026-08-10,Hospital Metropolitano Central,Cirugía,Tarde,41,38,0.927,0,12
2026-08-10,Hospital Metropolitano Central,Cirugía,Noche,41,28,0.683,0,17
2026-08-10,Hospital Metropolitano Central,Pediatría,Mañana,30,26,0.867,0,22
2026-08-10,Hospital Metropolitano Central,Pediatría,Tarde,30,30,1.0,0,23
2026-08-10,Hospital Metropolitano Central,Pediatría,Noche,30,26,0.867,0,25
2026-08-10,Hospital Metropolitano Central,Maternidad,Mañana,23,18,0.783,0,8
2026-08-10,Hospital Metropolitano Central,Maternidad,Tarde,23,18,0.783,0,13
2026-08-10,Hospital Metropolitano Central,Maternidad,Noche,23,18,0.783,0,14
2026-08-10,Hospital del Valle,Urgencias,Mañana,41,27,0.659,0,18
2026-08-10,Hospital del Valle,Urgencias,Tarde,41,28,0.683,0,10
2026-08-10,Hospital del Valle,Urgencias,Noche,41,35,0.854,0,14
2026-08-10,Hospital del Valle,UCI,Mañana,15,10,0.667,0,22
2026-08-10,Hospital del Valle,UCI,Tarde,15,11,0.733,0,7
2026-08-10,Hospital del Valle,UCI,Noche,15,12,0.8,0,8
2026-08-10,Hospital del Valle,Medicina Interna,Mañana,64,36,0.562,0,12
2026-08-10,Hospital del Valle,Medicina Interna,Tarde,64,41,0.641,0,13
2026-08-10,Hospital del Valle,Medicina Interna,Noche,64,48,0.75,0,8
2026-08-10,Hospital del Valle,Cirugía,Mañana,47,26,0.553,0,21
2026-08-10,Hospital del Valle,Cirugía,Tarde,47,32,0.681,0,22
2026-08-10,Hospital del Valle,Cirugía,Noche,47,21,0.447,0,8
2026-08-10,Hospital del Valle,Pediatría,Mañana,29,19,0.655,0,7
2026-08-10,Hospital del Valle,Pediatría,Tarde,29,20,0.69,0,7
2026-08-10,Hospital del Valle,Pediatría,Noche,29,19,0.655,0,17
2026-08-10,Hospital del Valle,Maternidad,Mañana,26,15,0.577,0,13
2026-08-10,Hospital del Valle,Maternidad,Tarde,26,17,0.654,0,24
2026-08-10,Hospital del Valle,Maternidad,Noche,26,17,0.654,0,7
2026-08-10,Hospital Costa Poniente,Urgencias,Mañana,44,31,0.705,0,15
2026-08-10,Hospital Costa Poniente,Urgencias,Tarde,44,34,0.773,0,22
2026-08-10,Hospital Costa Poniente,Urgencias,Noche,44,41,0.932,0,25
2026-08-10,Hospital Costa Poniente,UCI,Mañana,15,10,0.667,0,17
2026-08-10,Hospital Costa Poniente,UCI,Tarde,15,13,0.867,0,26
2026-08-10,Hospital Costa Poniente,UCI,Noche,15,13,0.867,0,15
2026-08-10,Hospital Costa Poniente,Medicina Interna,Mañana,54,41,0.759,0,23
2026-08-10,Hospital Costa Poniente,Medicina Interna,Tarde,54,46,0.852,0,7
2026-08-10,Hospital Costa Poniente,Medicina Interna,Noche,54,46,0.852,0,12
2026-08-10,Hospital Costa Poniente,Cirugía,Mañana,48,35,0.729,0,20
2026-08-10,Hospital Costa Poniente,Cirugía,Tarde,48,35,0.729,0,19
2026-08-10,Hospital Costa Poniente,Cirugía,Noche,48,24,0.5,0,25
2026-08-10,Hospital Costa Poniente,Pediatría,Mañana,28,23,0.821,0,6
2026-08-10,Hospital Costa Poniente,Pediatría,Tarde,28,23,0.821,0,5
2026-08-10,Hospital Costa Poniente,Pediatría,Noche,28,22,0.786,0,5
2026-08-10,Hospital Costa Poniente,Maternidad,Mañana,27,19,0.704,0,25
2026-08-10,Hospital Costa Poniente,Maternidad,Tarde,27,18,0.667,0,5
2026-08-10,Hospital Costa Poniente,Maternidad,Noche,27,20,0.741,0,19
2026-08-11,Hospital Regional Norte,Urgencias,Mañana,35,31,0.886,0,24
2026-08-11,Hospital Regional Norte,Urgencias,Tarde,35,33,0.943,0,28
2026-08-11,Hospital Regional Norte,Urgencias,Noche,35,35,1.0,3,141
2026-08-11,Hospital Regional Norte,UCI,Mañana,16,12,0.75,0,25
2026-08-11,Hospital Regional Norte,UCI,Tarde,16,14,0.875,0,23
2026-08-11,Hospital Regional Norte,UCI,Noche,16,14,0.875,0,11
2026-08-11,Hospital Regional Norte,Medicina Interna,Mañana,65,55,0.846,0,9
2026-08-11,Hospital Regional Norte,Medicina Interna,Tarde,65,61,0.938,0,17
2026-08-11,Hospital Regional Norte,Medicina Interna,Noche,65,62,0.954,0,13
2026-08-11,Hospital Regional Norte,Cirugía,Mañana,42,30,0.714,0,7
2026-08-11,Hospital Regional Norte,Cirugía,Tarde,42,37,0.881,0,16
2026-08-11,Hospital Regional Norte,Cirugía,Noche,42,21,0.5,0,14
2026-08-11,Hospital Regional Norte,Pediatría,Mañana,31,25,0.806,0,5
2026-08-11,Hospital Regional Norte,Pediatría,Tarde,31,31,1.0,0,12
2026-08-11,Hospital Regional Norte,Pediatría,Noche,31,29,0.935,0,29
2026-08-11,Hospital Regional Norte,Maternidad,Mañana,25,16,0.64,0,8
2026-08-11,Hospital Regional Norte,Maternidad,Tarde,25,18,0.72,0,13
2026-08-11,Hospital Regional Norte,Maternidad,Noche,25,20,0.8,0,15
2026-08-11,Hospital Metropolitano Central,Urgencias,Mañana,43,37,0.86,0,11
2026-08-11,Hospital Metropolitano Central,Urgencias,Tarde,43,43,1.0,1,62
2026-08-11,Hospital Metropolitano Central,Urgencias,Noche,43,43,1.0,6,113
2026-08-11,Hospital Metropolitano Central,UCI,Mañana,16,14,0.875,0,19
2026-08-11,Hospital Metropolitano Central,UCI,Tarde,16,16,1.0,0,13
2026-08-11,Hospital Metropolitano Central,UCI,Noche,16,16,1.0,0,11
2026-08-11,Hospital Metropolitano Central,Medicina Interna,Mañana,56,53,0.946,0,7
2026-08-11,Hospital Metropolitano Central,Medicina Interna,Tarde,56,56,1.0,1,62
2026-08-11,Hospital Metropolitano Central,Medicina Interna,Noche,56,49,0.875,0,23
2026-08-11,Hospital Metropolitano Central,Cirugía,Mañana,38,33,0.868,0,6
2026-08-11,Hospital Metropolitano Central,Cirugía,Tarde,38,33,0.868,0,16
2026-08-11,Hospital Metropolitano Central,Cirugía,Noche,38,23,0.605,0,8
2026-08-11,Hospital Metropolitano Central,Pediatría,Mañana,27,25,0.926,0,17
2026-08-11,Hospital Metropolitano Central,Pediatría,Tarde,27,25,0.926,0,30
2026-08-11,Hospital Metropolitano Central,Pediatría,Noche,27,27,1.0,0,13
2026-08-11,Hospital Metropolitano Central,Maternidad,Mañana,25,17,0.68,0,11
2026-08-11,Hospital Metropolitano Central,Maternidad,Tarde,25,22,0.88,0,9
2026-08-11,Hospital Metropolitano Central,Maternidad,Noche,25,19,0.76,0,21
2026-08-11,Hospital del Valle,Urgencias,Mañana,36,23,0.639,0,21
2026-08-11,Hospital del Valle,Urgencias,Tarde,36,28,0.778,0,23
2026-08-11,Hospital del Valle,Urgencias,Noche,36,33,0.917,0,11
2026-08-11,Hospital del Valle,UCI,Mañana,16,10,0.625,0,18
2026-08-11,Hospital del Valle,UCI,Tarde,16,11,0.688,0,17
2026-08-11,Hospital del Valle,UCI,Noche,16,10,0.625,0,21
2026-08-11,Hospital del Valle,Medicina Interna,Mañana,55,32,0.582,0,23
2026-08-11,Hospital del Valle,Medicina Interna,Tarde,55,39,0.709,0,23
2026-08-11,Hospital del Valle,Medicina Interna,Noche,55,36,0.655,0,12
2026-08-11,Hospital del Valle,Cirugía,Mañana,45,29,0.644,0,18
2026-08-11,Hospital del Valle,Cirugía,Tarde,45,27,0.6,0,24
2026-08-11,Hospital del Valle,Cirugía,Noche,45,20,0.444,0,8
2026-08-11,Hospital del Valle,Pediatría,Mañana,29,18,0.621,0,13
2026-08-11,Hospital del Valle,Pediatría,Tarde,29,22,0.759,0,23
2026-08-11,Hospital del Valle,Pediatría,Noche,29,19,0.655,0,25
2026-08-11,Hospital del Valle,Maternidad,Mañana,25,16,0.64,0,12
2026-08-11,Hospital del Valle,Maternidad,Tarde,25,14,0.56,0,6
2026-08-11,Hospital del Valle,Maternidad,Noche,25,14,0.56,0,12
2026-08-11,Hospital Costa Poniente,Urgencias,Mañana,41,32,0.78,0,17
2026-08-11,Hospital Costa Poniente,Urgencias,Tarde,41,32,0.78,0,11
2026-08-11,Hospital Costa Poniente,Urgencias,Noche,41,39,0.951,1,53
2026-08-11,Hospital Costa Poniente,UCI,Mañana,14,9,0.643,0,5
2026-08-11,Hospital Costa Poniente,UCI,Tarde,14,11,0.786,0,15
2026-08-11,Hospital Costa Poniente,UCI,Noche,14,11,0.786,0,9
2026-08-11,Hospital Costa Poniente,Medicina Interna,Mañana,53,40,0.755,0,8
2026-08-11,Hospital Costa Poniente,Medicina Interna,Tarde,53,46,0.868,0,15
2026-08-11,Hospital Costa Poniente,Medicina Interna,Noche,53,45,0.849,0,17
2026-08-11,Hospital Costa Poniente,Cirugía,Mañana,46,31,0.674,0,19
2026-08-11,Hospital Costa Poniente,Cirugía,Tarde,46,34,0.739,0,25
2026-08-11,Hospital Costa Poniente,Cirugía,Noche,46,21,0.457,0,17
2026-08-11,Hospital Costa Poniente,Pediatría,Mañana,28,22,0.786,0,12
2026-08-11,Hospital Costa Poniente,Pediatría,Tarde,28,23,0.821,0,13
2026-08-11,Hospital Costa Poniente,Pediatría,Noche,28,22,0.786,0,13
2026-08-11,Hospital Costa Poniente,Maternidad,Mañana,21,13,0.619,0,6
2026-08-11,Hospital Costa Poniente,Maternidad,Tarde,21,16,0.762,0,6
2026-08-11,Hospital Costa Poniente,Maternidad,Noche,21,15,0.714,0,21
2026-08-12,Hospital Regional Norte,Urgencias,Mañana,37,31,0.838,0,14
2026-08-12,Hospital Regional Norte,Urgencias,Tarde,37,32,0.865,0,13
2026-08-12,Hospital Regional Norte,Urgencias,Noche,37,37,1.0,4,194
2026-08-12,Hospital Regional Norte,UCI,Mañana,14,11,0.786,0,14
2026-08-12,Hospital Regional Norte,UCI,Tarde,14,13,0.929,0,18
2026-08-12,Hospital Regional Norte,UCI,Noche,14,13,0.929,0,18
2026-08-12,Hospital Regional Norte,Medicina Interna,Mañana,53,41,0.774,0,9
2026-08-12,Hospital Regional Norte,Medicina Interna,Tarde,53,44,0.83,0,12
2026-08-12,Hospital Regional Norte,Medicina Interna,Noche,53,47,0.887,0,17
2026-08-12,Hospital Regional Norte,Cirugía,Mañana,41,33,0.805,0,21
2026-08-12,Hospital Regional Norte,Cirugía,Tarde,41,34,0.829,0,9
2026-08-12,Hospital Regional Norte,Cirugía,Noche,41,21,0.512,0,16
2026-08-12,Hospital Regional Norte,Pediatría,Mañana,29,25,0.862,0,13
2026-08-12,Hospital Regional Norte,Pediatría,Tarde,29,28,0.966,0,19
2026-08-12,Hospital Regional Norte,Pediatría,Noche,29,27,0.931,0,28
2026-08-12,Hospital Regional Norte,Maternidad,Mañana,27,18,0.667,0,14
2026-08-12,Hospital Regional Norte,Maternidad,Tarde,27,20,0.741,0,12
2026-08-12,Hospital Regional Norte,Maternidad,Noche,27,22,0.815,0,22
2026-08-12,Hospital Metropolitano Central,Urgencias,Mañana,43,40,0.93,0,21
2026-08-12,Hospital Metropolitano Central,Urgencias,Tarde,43,43,1.0,1,183
2026-08-12,Hospital Metropolitano Central,Urgencias,Noche,43,43,1.0,3,173
2026-08-12,Hospital Metropolitano Central,UCI,Mañana,15,13,0.867,0,19
2026-08-12,Hospital Metropolitano Central,UCI,Tarde,15,15,1.0,0,18
2026-08-12,Hospital Metropolitano Central,UCI,Noche,15,15,1.0,0,29
2026-08-12,Hospital Metropolitano Central,Medicina Interna,Mañana,59,51,0.864,0,17
2026-08-12,Hospital Metropolitano Central,Medicina Interna,Tarde,59,58,0.983,1,112
2026-08-12,Hospital Metropolitano Central,Medicina Interna,Noche,59,51,0.864,0,15
2026-08-12,Hospital Metropolitano Central,Cirugía,Mañana,42,35,0.833,0,22
2026-08-12,Hospital Metropolitano Central,Cirugía,Tarde,42,36,0.857,0,12
2026-08-12,Hospital Metropolitano Central,Cirugía,Noche,42,26,0.619,0,22
2026-08-12,Hospital Metropolitano Central,Pediatría,Mañana,26,22,0.846,0,23
2026-08-12,Hospital Metropolitano Central,Pediatría,Tarde,26,26,1.0,0,11
2026-08-12,Hospital Metropolitano Central,Pediatría,Noche,26,23,0.885,0,18
2026-08-12,Hospital Metropolitano Central,Maternidad,Mañana,25,20,0.8,0,8
2026-08-12,Hospital Metropolitano Central,Maternidad,Tarde,25,22,0.88,0,22
2026-08-12,Hospital Metropolitano Central,Maternidad,Noche,25,20,0.8,0,9
2026-08-12,Hospital del Valle,Urgencias,Mañana,36,22,0.611,0,16
2026-08-12,Hospital del Valle,Urgencias,Tarde,36,24,0.667,0,13
2026-08-12,Hospital del Valle,Urgencias,Noche,36,28,0.778,0,23
2026-08-12,Hospital del Valle,UCI,Mañana,15,11,0.733,0,25
2026-08-12,Hospital del Valle,UCI,Tarde,15,11,0.733,0,19
2026-08-12,Hospital del Valle,UCI,Noche,15,11,0.733,0,7
2026-08-12,Hospital del Valle,Medicina Interna,Mañana,56,34,0.607,0,8
2026-08-12,Hospital del Valle,Medicina Interna,Tarde,56,36,0.643,0,13
2026-08-12,Hospital del Valle,Medicina Interna,Noche,56,41,0.732,0,22
2026-08-12,Hospital del Valle,Cirugía,Mañana,47,30,0.638,0,12
2026-08-12,Hospital del Valle,Cirugía,Tarde,47,26,0.553,0,13
2026-08-12,Hospital del Valle,Cirugía,Noche,47,22,0.468,0,5
2026-08-12,Hospital del Valle,Pediatría,Mañana,32,21,0.656,0,11
2026-08-12,Hospital del Valle,Pediatría,Tarde,32,25,0.781,0,15
2026-08-12,Hospital del Valle,Pediatría,Noche,32,20,0.625,0,21
2026-08-12,Hospital del Valle,Maternidad,Mañana,25,16,0.64,0,13
2026-08-12,Hospital del Valle,Maternidad,Tarde,25,14,0.56,0,16
2026-08-12,Hospital del Valle,Maternidad,Noche,25,17,0.68,0,19
2026-08-12,Hospital Costa Poniente,Urgencias,Mañana,40,28,0.7,0,8
2026-08-12,Hospital Costa Poniente,Urgencias,Tarde,40,36,0.9,0,23
2026-08-12,Hospital Costa Poniente,Urgencias,Noche,40,36,0.9,0,13
2026-08-12,Hospital Costa Poniente,UCI,Mañana,14,11,0.786,0,12
2026-08-12,Hospital Costa Poniente,UCI,Tarde,14,12,0.857,0,16
2026-08-12,Hospital Costa Poniente,UCI,Noche,14,12,0.857,0,19
2026-08-12,Hospital Costa Poniente,Medicina Interna,Mañana,58,44,0.759,0,12
2026-08-12,Hospital Costa Poniente,Medicina Interna,Tarde,58,48,0.828,0,6
2026-08-12,Hospital Costa Poniente,Medicina Interna,Noche,58,41,0.707,0,11
2026-08-12,Hospital Costa Poniente,Cirugía,Mañana,42,29,0.69,0,14
2026-08-12,Hospital Costa Poniente,Cirugía,Tarde,42,33,0.786,0,18
2026-08-12,Hospital Costa Poniente,Cirugía,Noche,42,19,0.452,0,7
2026-08-12,Hospital Costa Poniente,Pediatría,Mañana,32,22,0.688,0,17
2026-08-12,Hospital Costa Poniente,Pediatría,Tarde,32,24,0.75,0,16
2026-08-12,Hospital Costa Poniente,Pediatría,Noche,32,23,0.719,0,10
2026-08-12,Hospital Costa Poniente,Maternidad,Mañana,26,18,0.692,0,8
2026-08-12,Hospital Costa Poniente,Maternidad,Tarde,26,17,0.654,0,10
2026-08-12,Hospital Costa Poniente,Maternidad,Noche,26,16,0.615,0,9
2026-08-13,Hospital Regional Norte,Urgencias,Mañana,38,32,0.842,0,10
2026-08-13,Hospital Regional Norte,Urgencias,Tarde,38,34,0.895,0,21
2026-08-13,Hospital Regional Norte,Urgencias,Noche,38,38,1.0,4,208
2026-08-13,Hospital Regional Norte,UCI,Mañana,17,15,0.882,0,24
2026-08-13,Hospital Regional Norte,UCI,Tarde,17,14,0.824,0,24
2026-08-13,Hospital Regional Norte,UCI,Noche,17,15,0.882,0,24
2026-08-13,Hospital Regional Norte,Medicina Interna,Mañana,57,48,0.842,0,19
2026-08-13,Hospital Regional Norte,Medicina Interna,Tarde,57,50,0.877,0,13
2026-08-13,Hospital Regional Norte,Medicina Interna,Noche,57,51,0.895,0,5
2026-08-13,Hospital Regional Norte,Cirugía,Mañana,40,28,0.7,0,22
2026-08-13,Hospital Regional Norte,Cirugía,Tarde,40,32,0.8,0,7
2026-08-13,Hospital Regional Norte,Cirugía,Noche,40,26,0.65,0,8
2026-08-13,Hospital Regional Norte,Pediatría,Mañana,31,24,0.774,0,6
2026-08-13,Hospital Regional Norte,Pediatría,Tarde,31,27,0.871,0,22
2026-08-13,Hospital Regional Norte,Pediatría,Noche,31,29,0.935,0,25
2026-08-13,Hospital Regional Norte,Maternidad,Mañana,24,18,0.75,0,9
2026-08-13,Hospital Regional Norte,Maternidad,Tarde,24,17,0.708,0,10
2026-08-13,Hospital Regional Norte,Maternidad,Noche,24,18,0.75,0,12
2026-08-13,Hospital Metropolitano Central,Urgencias,Mañana,42,36,0.857,0,6
2026-08-13,Hospital Metropolitano Central,Urgencias,Tarde,42,42,1.0,1,67
2026-08-13,Hospital Metropolitano Central,Urgencias,Noche,42,42,1.0,3,200
2026-08-13,Hospital Metropolitano Central,UCI,Mañana,14,12,0.857,0,15
2026-08-13,Hospital Metropolitano Central,UCI,Tarde,14,13,0.929,0,16
2026-08-13,Hospital Metropolitano Central,UCI,Noche,14,13,0.929,0,30
2026-08-13,Hospital Metropolitano Central,Medicina Interna,Mañana,52,44,0.846,0,19
2026-08-13,Hospital Metropolitano Central,Medicina Interna,Tarde,52,48,0.923,0,25
2026-08-13,Hospital Metropolitano Central,Medicina Interna,Noche,52,49,0.942,0,15
2026-08-13,Hospital Metropolitano Central,Cirugía,Mañana,43,35,0.814,0,15
2026-08-13,Hospital Metropolitano Central,Cirugía,Tarde,43,34,0.791,0,5
2026-08-13,Hospital Metropolitano Central,Cirugía,Noche,43,29,0.674,0,5
2026-08-13,Hospital Metropolitano Central,Pediatría,Mañana,32,30,0.938,0,15
2026-08-13,Hospital Metropolitano Central,Pediatría,Tarde,32,32,1.0,1,68
2026-08-13,Hospital Metropolitano Central,Pediatría,Noche,32,31,0.969,0,13
2026-08-13,Hospital Metropolitano Central,Maternidad,Mañana,24,20,0.833,0,25
2026-08-13,Hospital Metropolitano Central,Maternidad,Tarde,24,20,0.833,0,25
2026-08-13,Hospital Metropolitano Central,Maternidad,Noche,24,21,0.875,0,24
2026-08-13,Hospital del Valle,Urgencias,Mañana,34,21,0.618,0,16
2026-08-13,Hospital del Valle,Urgencias,Tarde,34,24,0.706,0,8
2026-08-13,Hospital del Valle,Urgencias,Noche,34,31,0.912,0,21
2026-08-13,Hospital del Valle,UCI,Mañana,16,11,0.688,0,13
2026-08-13,Hospital del Valle,UCI,Tarde,16,10,0.625,0,22
2026-08-13,Hospital del Valle,UCI,Noche,16,12,0.75,0,24
2026-08-13,Hospital del Valle,Medicina Interna,Mañana,61,40,0.656,0,14
2026-08-13,Hospital del Valle,Medicina Interna,Tarde,61,44,0.721,0,7
2026-08-13,Hospital del Valle,Medicina Interna,Noche,61,38,0.623,0,14
2026-08-13,Hospital del Valle,Cirugía,Mañana,44,27,0.614,0,15
2026-08-13,Hospital del Valle,Cirugía,Tarde,44,27,0.614,0,6
2026-08-13,Hospital del Valle,Cirugía,Noche,44,20,0.455,0,19
2026-08-13,Hospital del Valle,Pediatría,Mañana,26,17,0.654,0,5
2026-08-13,Hospital del Valle,Pediatría,Tarde,26,19,0.731,0,12
2026-08-13,Hospital del Valle,Pediatría,Noche,26,17,0.654,0,25
2026-08-13,Hospital del Valle,Maternidad,Mañana,23,12,0.522,0,21
2026-08-13,Hospital del Valle,Maternidad,Tarde,23,13,0.565,0,9
2026-08-13,Hospital del Valle,Maternidad,Noche,23,13,0.565,0,23
2026-08-13,Hospital Costa Poniente,Urgencias,Mañana,35,26,0.743,0,13
2026-08-13,Hospital Costa Poniente,Urgencias,Tarde,35,29,0.829,0,15
2026-08-13,Hospital Costa Poniente,Urgencias,Noche,35,34,0.971,0,19
2026-08-13,Hospital Costa Poniente,UCI,Mañana,17,13,0.765,0,17
2026-08-13,Hospital Costa Poniente,UCI,Tarde,17,14,0.824,0,22
2026-08-13,Hospital Costa Poniente,UCI,Noche,17,14,0.824,0,25
2026-08-13,Hospital Costa Poniente,Medicina Interna,Mañana,58,42,0.724,0,12
2026-08-13,Hospital Costa Poniente,Medicina Interna,Tarde,58,46,0.793,0,24
2026-08-13,Hospital Costa Poniente,Medicina Interna,Noche,58,46,0.793,0,24
2026-08-13,Hospital Costa Poniente,Cirugía,Mañana,42,31,0.738,0,24
2026-08-13,Hospital Costa Poniente,Cirugía,Tarde,42,32,0.762,0,21
2026-08-13,Hospital Costa Poniente,Cirugía,Noche,42,20,0.476,0,7
2026-08-13,Hospital Costa Poniente,Pediatría,Mañana,26,21,0.808,0,8
2026-08-13,Hospital Costa Poniente,Pediatría,Tarde,26,23,0.885,0,13
2026-08-13,Hospital Costa Poniente,Pediatría,Noche,26,22,0.846,0,8
2026-08-13,Hospital Costa Poniente,Maternidad,Mañana,27,19,0.704,0,5
2026-08-13,Hospital Costa Poniente,Maternidad,Tarde,27,18,0.667,0,13
2026-08-13,Hospital Costa Poniente,Maternidad,Noche,27,20,0.741,0,25
2026-08-14,Hospital Regional Norte,Urgencias,Mañana,36,33,0.917,0,20
2026-08-14,Hospital Regional Norte,Urgencias,Tarde,36,36,1.0,0,16
2026-08-14,Hospital Regional Norte,Urgencias,Noche,36,36,1.0,3,204
2026-08-14,Hospital Regional Norte,UCI,Mañana,14,11,0.786,0,9
2026-08-14,Hospital Regional Norte,UCI,Tarde,14,13,0.929,0,22
2026-08-14,Hospital Regional Norte,UCI,Noche,14,13,0.929,0,15
2026-08-14,Hospital Regional Norte,Medicina Interna,Mañana,59,50,0.847,0,14
2026-08-14,Hospital Regional Norte,Medicina Interna,Tarde,59,53,0.898,0,10
2026-08-14,Hospital Regional Norte,Medicina Interna,Noche,59,47,0.797,0,18
2026-08-14,Hospital Regional Norte,Cirugía,Mañana,47,32,0.681,0,21
2026-08-14,Hospital Regional Norte,Cirugía,Tarde,47,38,0.809,0,8
2026-08-14,Hospital Regional Norte,Cirugía,Noche,47,26,0.553,0,13
2026-08-14,Hospital Regional Norte,Pediatría,Mañana,26,23,0.885,0,17
2026-08-14,Hospital Regional Norte,Pediatría,Tarde,26,23,0.885,0,25
2026-08-14,Hospital Regional Norte,Pediatría,Noche,26,22,0.846,0,16
2026-08-14,Hospital Regional Norte,Maternidad,Mañana,27,19,0.704,0,14
2026-08-14,Hospital Regional Norte,Maternidad,Tarde,27,23,0.852,0,6
2026-08-14,Hospital Regional Norte,Maternidad,Noche,27,19,0.704,0,12
2026-08-14,Hospital Metropolitano Central,Urgencias,Mañana,41,36,0.878,0,22
2026-08-14,Hospital Metropolitano Central,Urgencias,Tarde,41,41,1.0,1,58
2026-08-14,Hospital Metropolitano Central,Urgencias,Noche,41,41,1.0,5,175
2026-08-14,Hospital Metropolitano Central,UCI,Mañana,17,15,0.882,0,26
2026-08-14,Hospital Metropolitano Central,UCI,Tarde,17,16,0.941,0,17
2026-08-14,Hospital Metropolitano Central,UCI,Noche,17,17,1.0,0,27
2026-08-14,Hospital Metropolitano Central,Medicina Interna,Mañana,61,55,0.902,0,13
2026-08-14,Hospital Metropolitano Central,Medicina Interna,Tarde,61,59,0.967,2,178
2026-08-14,Hospital Metropolitano Central,Medicina Interna,Noche,61,61,1.0,0,20
2026-08-14,Hospital Metropolitano Central,Cirugía,Mañana,39,32,0.821,0,6
2026-08-14,Hospital Metropolitano Central,Cirugía,Tarde,39,37,0.949,0,16
2026-08-14,Hospital Metropolitano Central,Cirugía,Noche,39,27,0.692,0,11
2026-08-14,Hospital Metropolitano Central,Pediatría,Mañana,33,31,0.939,0,26
2026-08-14,Hospital Metropolitano Central,Pediatría,Tarde,33,32,0.97,1,82
2026-08-14,Hospital Metropolitano Central,Pediatría,Noche,33,33,1.0,0,13
2026-08-14,Hospital Metropolitano Central,Maternidad,Mañana,22,18,0.818,0,19
2026-08-14,Hospital Metropolitano Central,Maternidad,Tarde,22,19,0.864,0,8
2026-08-14,Hospital Metropolitano Central,Maternidad,Noche,22,18,0.818,0,24
2026-08-14,Hospital del Valle,Urgencias,Mañana,44,27,0.614,0,7
2026-08-14,Hospital del Valle,Urgencias,Tarde,44,33,0.75,0,11
2026-08-14,Hospital del Valle,Urgencias,Noche,44,38,0.864,0,9
2026-08-14,Hospital del Valle,UCI,Mañana,15,9,0.6,0,12
2026-08-14,Hospital del Valle,UCI,Tarde,15,9,0.6,0,18
2026-08-14,Hospital del Valle,UCI,Noche,15,11,0.733,0,7
2026-08-14,Hospital del Valle,Medicina Interna,Mañana,65,46,0.708,0,24
2026-08-14,Hospital del Valle,Medicina Interna,Tarde,65,49,0.754,0,20
2026-08-14,Hospital del Valle,Medicina Interna,Noche,65,47,0.723,0,15
2026-08-14,Hospital del Valle,Cirugía,Mañana,49,25,0.51,0,21
2026-08-14,Hospital del Valle,Cirugía,Tarde,49,34,0.694,0,22
2026-08-14,Hospital del Valle,Cirugía,Noche,49,24,0.49,0,21
2026-08-14,Hospital del Valle,Pediatría,Mañana,32,18,0.562,0,10
2026-08-14,Hospital del Valle,Pediatría,Tarde,32,22,0.688,0,5
2026-08-14,Hospital del Valle,Pediatría,Noche,32,25,0.781,0,5
2026-08-14,Hospital del Valle,Maternidad,Mañana,25,13,0.52,0,18
2026-08-14,Hospital del Valle,Maternidad,Tarde,25,14,0.56,0,9
2026-08-14,Hospital del Valle,Maternidad,Noche,25,16,0.64,0,21
2026-08-14,Hospital Costa Poniente,Urgencias,Mañana,43,31,0.721,0,17
2026-08-14,Hospital Costa Poniente,Urgencias,Tarde,43,35,0.814,0,25
2026-08-14,Hospital Costa Poniente,Urgencias,Noche,43,43,1.0,1,124
2026-08-14,Hospital Costa Poniente,UCI,Mañana,14,11,0.786,0,18
2026-08-14,Hospital Costa Poniente,UCI,Tarde,14,12,0.857,0,16
2026-08-14,Hospital Costa Poniente,UCI,Noche,14,11,0.786,0,24
2026-08-14,Hospital Costa Poniente,Medicina Interna,Mañana,63,43,0.683,0,6
2026-08-14,Hospital Costa Poniente,Medicina Interna,Tarde,63,47,0.746,0,24
2026-08-14,Hospital Costa Poniente,Medicina Interna,Noche,63,45,0.714,0,8
2026-08-14,Hospital Costa Poniente,Cirugía,Mañana,48,32,0.667,0,23
2026-08-14,Hospital Costa Poniente,Cirugía,Tarde,48,33,0.688,0,22
2026-08-14,Hospital Costa Poniente,Cirugía,Noche,48,23,0.479,0,12
2026-08-14,Hospital Costa Poniente,Pediatría,Mañana,28,21,0.75,0,5
2026-08-14,Hospital Costa Poniente,Pediatría,Tarde,28,23,0.821,0,18
2026-08-14,Hospital Costa Poniente,Pediatría,Noche,28,21,0.75,0,10
2026-08-14,Hospital Costa Poniente,Maternidad,Mañana,27,18,0.667,0,21
2026-08-14,Hospital Costa Poniente,Maternidad,Tarde,27,18,0.667,0,12
2026-08-14,Hospital Costa Poniente,Maternidad,Noche,27,18,0.667,0,15
2026-08-15,Hospital Regional Norte,Urgencias,Mañana,37,33,0.892,0,13
2026-08-15,Hospital Regional Norte,Urgencias,Tarde,37,37,1.0,3,132
2026-08-15,Hospital Regional Norte,Urgencias,Noche,37,37,1.0,6,85
2026-08-15,Hospital Regional Norte,UCI,Mañana,16,13,0.812,0,15
2026-08-15,Hospital Regional Norte,UCI,Tarde,16,13,0.812,0,17
2026-08-15,Hospital Regional Norte,UCI,Noche,16,13,0.812,0,6
2026-08-15,Hospital Regional Norte,Medicina Interna,Mañana,59,43,0.729,0,9
2026-08-15,Hospital Regional Norte,Medicina Interna,Tarde,59,51,0.864,0,5
2026-08-15,Hospital Regional Norte,Medicina Interna,Noche,59,53,0.898,0,11
2026-08-15,Hospital Regional Norte,Cirugía,Mañana,48,30,0.625,0,11
2026-08-15,Hospital Regional Norte,Cirugía,Tarde,48,36,0.75,0,17
2026-08-15,Hospital Regional Norte,Cirugía,Noche,48,29,0.604,0,7
2026-08-15,Hospital Regional Norte,Pediatría,Mañana,32,27,0.844,0,17
2026-08-15,Hospital Regional Norte,Pediatría,Tarde,32,26,0.812,0,19
2026-08-15,Hospital Regional Norte,Pediatría,Noche,32,25,0.781,0,11
2026-08-15,Hospital Regional Norte,Maternidad,Mañana,22,14,0.636,0,11
2026-08-15,Hospital Regional Norte,Maternidad,Tarde,22,16,0.727,0,15
2026-08-15,Hospital Regional Norte,Maternidad,Noche,22,15,0.682,0,18
2026-08-15,Hospital Metropolitano Central,Urgencias,Mañana,39,39,1.0,2,185
2026-08-15,Hospital Metropolitano Central,Urgencias,Tarde,39,39,1.0,4,109
2026-08-15,Hospital Metropolitano Central,Urgencias,Noche,39,39,1.0,9,157
2026-08-15,Hospital Metropolitano Central,UCI,Mañana,17,13,0.765,0,12
2026-08-15,Hospital Metropolitano Central,UCI,Tarde,17,15,0.882,0,26
2026-08-15,Hospital Metropolitano Central,UCI,Noche,17,17,1.0,0,20
2026-08-15,Hospital Metropolitano Central,Medicina Interna,Mañana,55,46,0.836,0,22
2026-08-15,Hospital Metropolitano Central,Medicina Interna,Tarde,55,54,0.982,0,23
2026-08-15,Hospital Metropolitano Central,Medicina Interna,Noche,55,45,0.818,0,12
2026-08-15,Hospital Metropolitano Central,Cirugía,Mañana,46,36,0.783,0,8
2026-08-15,Hospital Metropolitano Central,Cirugía,Tarde,46,35,0.761,0,16
2026-08-15,Hospital Metropolitano Central,Cirugía,Noche,46,27,0.587,0,5
2026-08-15,Hospital Metropolitano Central,Pediatría,Mañana,30,24,0.8,0,16
2026-08-15,Hospital Metropolitano Central,Pediatría,Tarde,30,30,1.0,0,12
2026-08-15,Hospital Metropolitano Central,Pediatría,Noche,30,29,0.967,0,15
2026-08-15,Hospital Metropolitano Central,Maternidad,Mañana,27,21,0.778,0,19
2026-08-15,Hospital Metropolitano Central,Maternidad,Tarde,27,24,0.889,0,23
2026-08-15,Hospital Metropolitano Central,Maternidad,Noche,27,22,0.815,0,17
2026-08-15,Hospital del Valle,Urgencias,Mañana,42,33,0.786,0,24
2026-08-15,Hospital del Valle,Urgencias,Tarde,42,38,0.905,0,18
2026-08-15,Hospital del Valle,Urgencias,Noche,42,42,1.0,1,149
2026-08-15,Hospital del Valle,UCI,Mañana,15,9,0.6,0,24
2026-08-15,Hospital del Valle,UCI,Tarde,15,11,0.733,0,19
2026-08-15,Hospital del Valle,UCI,Noche,15,9,0.6,0,21
2026-08-15,Hospital del Valle,Medicina Interna,Mañana,55,34,0.618,0,16
2026-08-15,Hospital del Valle,Medicina Interna,Tarde,55,38,0.691,0,25
2026-08-15,Hospital del Valle,Medicina Interna,Noche,55,40,0.727,0,12
2026-08-15,Hospital del Valle,Cirugía,Mañana,40,22,0.55,0,14
2026-08-15,Hospital del Valle,Cirugía,Tarde,40,21,0.525,0,21
2026-08-15,Hospital del Valle,Cirugía,Noche,40,20,0.5,0,23
2026-08-15,Hospital del Valle,Pediatría,Mañana,30,21,0.7,0,11
2026-08-15,Hospital del Valle,Pediatría,Tarde,30,23,0.767,0,11
2026-08-15,Hospital del Valle,Pediatría,Noche,30,18,0.6,0,12
2026-08-15,Hospital del Valle,Maternidad,Mañana,23,11,0.478,0,18
2026-08-15,Hospital del Valle,Maternidad,Tarde,23,13,0.565,0,22
2026-08-15,Hospital del Valle,Maternidad,Noche,23,15,0.652,0,6
2026-08-15,Hospital Costa Poniente,Urgencias,Mañana,38,34,0.895,0,22
2026-08-15,Hospital Costa Poniente,Urgencias,Tarde,38,36,0.947,0,13
2026-08-15,Hospital Costa Poniente,Urgencias,Noche,38,38,1.0,3,76
2026-08-15,Hospital Costa Poniente,UCI,Mañana,15,11,0.733,0,14
2026-08-15,Hospital Costa Poniente,UCI,Tarde,15,12,0.8,0,12
2026-08-15,Hospital Costa Poniente,UCI,Noche,15,11,0.733,0,12
2026-08-15,Hospital Costa Poniente,Medicina Interna,Mañana,56,41,0.732,0,16
2026-08-15,Hospital Costa Poniente,Medicina Interna,Tarde,56,45,0.804,0,21
2026-08-15,Hospital Costa Poniente,Medicina Interna,Noche,56,38,0.679,0,22
2026-08-15,Hospital Costa Poniente,Cirugía,Mañana,47,32,0.681,0,14
2026-08-15,Hospital Costa Poniente,Cirugía,Tarde,47,35,0.745,0,16
2026-08-15,Hospital Costa Poniente,Cirugía,Noche,47,27,0.574,0,8
2026-08-15,Hospital Costa Poniente,Pediatría,Mañana,33,25,0.758,0,23
2026-08-15,Hospital Costa Poniente,Pediatría,Tarde,33,26,0.788,0,15
2026-08-15,Hospital Costa Poniente,Pediatría,Noche,33,22,0.667,0,9
2026-08-15,Hospital Costa Poniente,Maternidad,Mañana,24,16,0.667,0,22
2026-08-15,Hospital Costa Poniente,Maternidad,Tarde,24,17,0.708,0,18
2026-08-15,Hospital Costa Poniente,Maternidad,Noche,24,16,0.667,0,7
2026-08-16,Hospital Regional Norte,Urgencias,Mañana,42,40,0.952,0,23
2026-08-16,Hospital Regional Norte,Urgencias,Tarde,42,42,1.0,3,109
2026-08-16,Hospital Regional Norte,Urgencias,Noche,42,42,1.0,8,134
2026-08-16,Hospital Regional Norte,UCI,Mañana,17,14,0.824,0,11
2026-08-16,Hospital Regional Norte,UCI,Tarde,17,15,0.882,0,20
2026-08-16,Hospital Regional Norte,UCI,Noche,17,16,0.941,0,18
2026-08-16,Hospital Regional Norte,Medicina Interna,Mañana,64,53,0.828,0,17
2026-08-16,Hospital Regional Norte,Medicina Interna,Tarde,64,56,0.875,0,12
2026-08-16,Hospital Regional Norte,Medicina Interna,Noche,64,54,0.844,0,14
2026-08-16,Hospital Regional Norte,Cirugía,Mañana,48,32,0.667,0,6
2026-08-16,Hospital Regional Norte,Cirugía,Tarde,48,40,0.833,0,10
2026-08-16,Hospital Regional Norte,Cirugía,Noche,48,26,0.542,0,12
2026-08-16,Hospital Regional Norte,Pediatría,Mañana,26,21,0.808,0,21
2026-08-16,Hospital Regional Norte,Pediatría,Tarde,26,23,0.885,0,17
2026-08-16,Hospital Regional Norte,Pediatría,Noche,26,23,0.885,0,17
2026-08-16,Hospital Regional Norte,Maternidad,Mañana,22,13,0.591,0,17
2026-08-16,Hospital Regional Norte,Maternidad,Tarde,22,17,0.773,0,7
2026-08-16,Hospital Regional Norte,Maternidad,Noche,22,14,0.636,0,11
2026-08-16,Hospital Metropolitano Central,Urgencias,Mañana,42,42,1.0,3,60
2026-08-16,Hospital Metropolitano Central,Urgencias,Tarde,42,42,1.0,4,87
2026-08-16,Hospital Metropolitano Central,Urgencias,Noche,42,42,1.0,6,111
2026-08-16,Hospital Metropolitano Central,UCI,Mañana,15,12,0.8,0,10
2026-08-16,Hospital Metropolitano Central,UCI,Tarde,15,15,1.0,0,28
2026-08-16,Hospital Metropolitano Central,UCI,Noche,15,15,1.0,0,30
2026-08-16,Hospital Metropolitano Central,Medicina Interna,Mañana,53,47,0.887,0,12
2026-08-16,Hospital Metropolitano Central,Medicina Interna,Tarde,53,51,0.962,0,25
2026-08-16,Hospital Metropolitano Central,Medicina Interna,Noche,53,47,0.887,0,24
2026-08-16,Hospital Metropolitano Central,Cirugía,Mañana,41,29,0.707,0,19
2026-08-16,Hospital Metropolitano Central,Cirugía,Tarde,41,37,0.902,0,17
2026-08-16,Hospital Metropolitano Central,Cirugía,Noche,41,26,0.634,0,18
2026-08-16,Hospital Metropolitano Central,Pediatría,Mañana,31,27,0.871,0,16
2026-08-16,Hospital Metropolitano Central,Pediatría,Tarde,31,27,0.871,0,7
2026-08-16,Hospital Metropolitano Central,Pediatría,Noche,31,29,0.935,0,30
2026-08-16,Hospital Metropolitano Central,Maternidad,Mañana,26,21,0.808,0,6
2026-08-16,Hospital Metropolitano Central,Maternidad,Tarde,26,23,0.885,0,23
2026-08-16,Hospital Metropolitano Central,Maternidad,Noche,26,21,0.808,0,24
2026-08-16,Hospital del Valle,Urgencias,Mañana,35,28,0.8,0,5
2026-08-16,Hospital del Valle,Urgencias,Tarde,35,29,0.829,0,21
2026-08-16,Hospital del Valle,Urgencias,Noche,35,35,1.0,1,98
2026-08-16,Hospital del Valle,UCI,Mañana,14,8,0.571,0,9
2026-08-16,Hospital del Valle,UCI,Tarde,14,10,0.714,0,15
2026-08-16,Hospital del Valle,UCI,Noche,14,9,0.643,0,10
2026-08-16,Hospital del Valle,Medicina Interna,Mañana,54,37,0.685,0,17
2026-08-16,Hospital del Valle,Medicina Interna,Tarde,54,33,0.611,0,22
2026-08-16,Hospital del Valle,Medicina Interna,Noche,54,39,0.722,0,19
2026-08-16,Hospital del Valle,Cirugía,Mañana,38,23,0.605,0,10
2026-08-16,Hospital del Valle,Cirugía,Tarde,38,24,0.632,0,7
2026-08-16,Hospital del Valle,Cirugía,Noche,38,17,0.447,0,5
2026-08-16,Hospital del Valle,Pediatría,Mañana,28,16,0.571,0,18
2026-08-16,Hospital del Valle,Pediatría,Tarde,28,18,0.643,0,21
2026-08-16,Hospital del Valle,Pediatría,Noche,28,20,0.714,0,15
2026-08-16,Hospital del Valle,Maternidad,Mañana,22,12,0.545,0,23
2026-08-16,Hospital del Valle,Maternidad,Tarde,22,15,0.682,0,17
2026-08-16,Hospital del Valle,Maternidad,Noche,22,11,0.5,0,11
2026-08-16,Hospital Costa Poniente,Urgencias,Mañana,38,35,0.921,0,22
2026-08-16,Hospital Costa Poniente,Urgencias,Tarde,38,35,0.921,0,13
2026-08-16,Hospital Costa Poniente,Urgencias,Noche,38,38,1.0,4,116
2026-08-16,Hospital Costa Poniente,UCI,Mañana,15,9,0.6,0,17
2026-08-16,Hospital Costa Poniente,UCI,Tarde,15,11,0.733,0,6
2026-08-16,Hospital Costa Poniente,UCI,Noche,15,13,0.867,0,18
2026-08-16,Hospital Costa Poniente,Medicina Interna,Mañana,55,35,0.636,0,19
2026-08-16,Hospital Costa Poniente,Medicina Interna,Tarde,55,40,0.727,0,13
2026-08-16,Hospital Costa Poniente,Medicina Interna,Noche,55,43,0.782,0,17
2026-08-16,Hospital Costa Poniente,Cirugía,Mañana,44,25,0.568,0,9
2026-08-16,Hospital Costa Poniente,Cirugía,Tarde,44,33,0.75,0,20
2026-08-16,Hospital Costa Poniente,Cirugía,Noche,44,23,0.523,0,10
2026-08-16,Hospital Costa Poniente,Pediatría,Mañana,32,20,0.625,0,10
2026-08-16,Hospital Costa Poniente,Pediatría,Tarde,32,26,0.812,0,20
2026-08-16,Hospital Costa Poniente,Pediatría,Noche,32,26,0.812,0,23
2026-08-16,Hospital Costa Poniente,Maternidad,Mañana,25,14,0.56,0,25
2026-08-16,Hospital Costa Poniente,Maternidad,Tarde,25,16,0.64,0,21
2026-08-16,Hospital Costa Poniente,Maternidad,Noche,25,18,0.72,0,18
2026-08-17,Hospital Regional Norte,Urgencias,Mañana,36,31,0.861,0,20
2026-08-17,Hospital Regional Norte,Urgencias,Tarde,36,35,0.972,0,24
2026-08-17,Hospital Regional Norte,Urgencias,Noche,36,36,1.0,3,125
2026-08-17,Hospital Regional Norte,UCI,Mañana,15,11,0.733,0,21
2026-08-17,Hospital Regional Norte,UCI,Tarde,15,13,0.867,0,20
2026-08-17,Hospital Regional Norte,UCI,Noche,15,13,0.867,0,28
2026-08-17,Hospital Regional Norte,Medicina Interna,Mañana,62,56,0.903,0,5
2026-08-17,Hospital Regional Norte,Medicina Interna,Tarde,62,57,0.919,0,23
2026-08-17,Hospital Regional Norte,Medicina Interna,Noche,62,54,0.871,0,25
2026-08-17,Hospital Regional Norte,Cirugía,Mañana,43,33,0.767,0,8
2026-08-17,Hospital Regional Norte,Cirugía,Tarde,43,35,0.814,0,6
2026-08-17,Hospital Regional Norte,Cirugía,Noche,43,24,0.558,0,20
2026-08-17,Hospital Regional Norte,Pediatría,Mañana,27,22,0.815,0,9
2026-08-17,Hospital Regional Norte,Pediatría,Tarde,27,26,0.963,0,10
2026-08-17,Hospital Regional Norte,Pediatría,Noche,27,23,0.852,0,9
2026-08-17,Hospital Regional Norte,Maternidad,Mañana,22,17,0.773,0,10
2026-08-17,Hospital Regional Norte,Maternidad,Tarde,22,16,0.727,0,16
2026-08-17,Hospital Regional Norte,Maternidad,Noche,22,16,0.727,0,10
2026-08-17,Hospital Metropolitano Central,Urgencias,Mañana,35,31,0.886,0,16
2026-08-17,Hospital Metropolitano Central,Urgencias,Tarde,35,33,0.943,1,162
2026-08-17,Hospital Metropolitano Central,Urgencias,Noche,35,35,1.0,4,115
2026-08-17,Hospital Metropolitano Central,UCI,Mañana,14,13,0.929,0,12
2026-08-17,Hospital Metropolitano Central,UCI,Tarde,14,14,1.0,0,28
2026-08-17,Hospital Metropolitano Central,UCI,Noche,14,13,0.929,0,29
2026-08-17,Hospital Metropolitano Central,Medicina Interna,Mañana,65,59,0.908,0,22
2026-08-17,Hospital Metropolitano Central,Medicina Interna,Tarde,65,65,1.0,1,162
2026-08-17,Hospital Metropolitano Central,Medicina Interna,Noche,65,62,0.954,0,14
2026-08-17,Hospital Metropolitano Central,Cirugía,Mañana,47,40,0.851,0,10
2026-08-17,Hospital Metropolitano Central,Cirugía,Tarde,47,38,0.809,0,6
2026-08-17,Hospital Metropolitano Central,Cirugía,Noche,47,32,0.681,0,6
2026-08-17,Hospital Metropolitano Central,Pediatría,Mañana,33,31,0.939,0,27
2026-08-17,Hospital Metropolitano Central,Pediatría,Tarde,33,33,1.0,1,116
2026-08-17,Hospital Metropolitano Central,Pediatría,Noche,33,33,1.0,0,19
2026-08-17,Hospital Metropolitano Central,Maternidad,Mañana,27,20,0.741,0,24
2026-08-17,Hospital Metropolitano Central,Maternidad,Tarde,27,23,0.852,0,25
2026-08-17,Hospital Metropolitano Central,Maternidad,Noche,27,20,0.741,0,7
2026-08-17,Hospital del Valle,Urgencias,Mañana,37,24,0.649,0,22
2026-08-17,Hospital del Valle,Urgencias,Tarde,37,27,0.73,0,6
2026-08-17,Hospital del Valle,Urgencias,Noche,37,33,0.892,0,19
2026-08-17,Hospital del Valle,UCI,Mañana,14,10,0.714,0,12
2026-08-17,Hospital del Valle,UCI,Tarde,14,11,0.786,0,17
2026-08-17,Hospital del Valle,UCI,Noche,14,10,0.714,0,20
2026-08-17,Hospital del Valle,Medicina Interna,Mañana,54,37,0.685,0,10
2026-08-17,Hospital del Valle,Medicina Interna,Tarde,54,35,0.648,0,24
2026-08-17,Hospital del Valle,Medicina Interna,Noche,54,36,0.667,0,17
2026-08-17,Hospital del Valle,Cirugía,Mañana,47,31,0.66,0,7
2026-08-17,Hospital del Valle,Cirugía,Tarde,47,32,0.681,0,19
2026-08-17,Hospital del Valle,Cirugía,Noche,47,21,0.447,0,22
2026-08-17,Hospital del Valle,Pediatría,Mañana,29,19,0.655,0,24
2026-08-17,Hospital del Valle,Pediatría,Tarde,29,21,0.724,0,18
2026-08-17,Hospital del Valle,Pediatría,Noche,29,20,0.69,0,9
2026-08-17,Hospital del Valle,Maternidad,Mañana,26,13,0.5,0,21
2026-08-17,Hospital del Valle,Maternidad,Tarde,26,17,0.654,0,20
2026-08-17,Hospital del Valle,Maternidad,Noche,26,17,0.654,0,6
2026-08-17,Hospital Costa Poniente,Urgencias,Mañana,42,32,0.762,0,21
2026-08-17,Hospital Costa Poniente,Urgencias,Tarde,42,32,0.762,0,25
2026-08-17,Hospital Costa Poniente,Urgencias,Noche,42,39,0.929,0,25
2026-08-17,Hospital Costa Poniente,UCI,Mañana,17,12,0.706,0,13
2026-08-17,Hospital Costa Poniente,UCI,Tarde,17,15,0.882,0,21
2026-08-17,Hospital Costa Poniente,UCI,Noche,17,14,0.824,0,17
2026-08-17,Hospital Costa Poniente,Medicina Interna,Mañana,57,43,0.754,0,19
2026-08-17,Hospital Costa Poniente,Medicina Interna,Tarde,57,47,0.825,0,5
2026-08-17,Hospital Costa Poniente,Medicina Interna,Noche,57,46,0.807,0,10
2026-08-17,Hospital Costa Poniente,Cirugía,Mañana,41,27,0.659,0,15
2026-08-17,Hospital Costa Poniente,Cirugía,Tarde,41,32,0.78,0,13
2026-08-17,Hospital Costa Poniente,Cirugía,Noche,41,20,0.488,0,21
2026-08-17,Hospital Costa Poniente,Pediatría,Mañana,28,21,0.75,0,11
2026-08-17,Hospital Costa Poniente,Pediatría,Tarde,28,21,0.75,0,24
2026-08-17,Hospital Costa Poniente,Pediatría,Noche,28,21,0.75,0,25
2026-08-17,Hospital Costa Poniente,Maternidad,Mañana,23,16,0.696,0,22
2026-08-17,Hospital Costa Poniente,Maternidad,Tarde,23,17,0.739,0,13
2026-08-17,Hospital Costa Poniente,Maternidad,Noche,23,17,0.739,0,12
